ISO-10303-21;
HEADER;
/* Generated by software containing ST-Developer
 * from STEP Tools, Inc. (www.steptools.com) 
 */

FILE_DESCRIPTION(
/* description */ (''),
/* implementation_level */ '2;1');

FILE_NAME(
/* name */ 'Buttons.step',
/* time_stamp */ '2026-03-29T19:17:00+02:00',
/* author */ (''),
/* organization */ (''),
/* preprocessor_version */ 'ST-DEVELOPER v20.1',
/* originating_system */ 'Autodesk Translation Framework v14.24.0.0',
/* authorisation */ '');

FILE_SCHEMA (('AUTOMOTIVE_DESIGN { 1 0 10303 214 3 1 1 }'));
ENDSEC;

DATA;
#10=MECHANICAL_DESIGN_GEOMETRIC_PRESENTATION_REPRESENTATION('',(#213,#214,
#215,#216,#217,#218,#219,#220,#221,#222,#223,#224,#225,#226,#227,#228),
#12370);
#11=ITEM_DEFINED_TRANSFORMATION($,$,#6577,#6663);
#12=ITEM_DEFINED_TRANSFORMATION($,$,#6600,#6664);
#13=ITEM_DEFINED_TRANSFORMATION($,$,#6631,#6665);
#14=ITEM_DEFINED_TRANSFORMATION($,$,#6122,#6666);
#15=ITEM_DEFINED_TRANSFORMATION($,$,#6311,#6667);
#16=ITEM_DEFINED_TRANSFORMATION($,$,#6412,#6668);
#17=ITEM_DEFINED_TRANSFORMATION($,$,#6412,#6669);
#18=ITEM_DEFINED_TRANSFORMATION($,$,#6465,#6670);
#19=ITEM_DEFINED_TRANSFORMATION($,$,#6576,#6671);
#20=(
REPRESENTATION_RELATIONSHIP($,$,#12408,#12407)
REPRESENTATION_RELATIONSHIP_WITH_TRANSFORMATION(#11)
SHAPE_REPRESENTATION_RELATIONSHIP()
);
#21=(
REPRESENTATION_RELATIONSHIP($,$,#12409,#12407)
REPRESENTATION_RELATIONSHIP_WITH_TRANSFORMATION(#12)
SHAPE_REPRESENTATION_RELATIONSHIP()
);
#22=(
REPRESENTATION_RELATIONSHIP($,$,#12410,#12407)
REPRESENTATION_RELATIONSHIP_WITH_TRANSFORMATION(#13)
SHAPE_REPRESENTATION_RELATIONSHIP()
);
#23=(
REPRESENTATION_RELATIONSHIP($,$,#12403,#12402)
REPRESENTATION_RELATIONSHIP_WITH_TRANSFORMATION(#14)
SHAPE_REPRESENTATION_RELATIONSHIP()
);
#24=(
REPRESENTATION_RELATIONSHIP($,$,#12404,#12402)
REPRESENTATION_RELATIONSHIP_WITH_TRANSFORMATION(#15)
SHAPE_REPRESENTATION_RELATIONSHIP()
);
#25=(
REPRESENTATION_RELATIONSHIP($,$,#12405,#12402)
REPRESENTATION_RELATIONSHIP_WITH_TRANSFORMATION(#16)
SHAPE_REPRESENTATION_RELATIONSHIP()
);
#26=(
REPRESENTATION_RELATIONSHIP($,$,#12405,#12402)
REPRESENTATION_RELATIONSHIP_WITH_TRANSFORMATION(#17)
SHAPE_REPRESENTATION_RELATIONSHIP()
);
#27=(
REPRESENTATION_RELATIONSHIP($,$,#12406,#12402)
REPRESENTATION_RELATIONSHIP_WITH_TRANSFORMATION(#18)
SHAPE_REPRESENTATION_RELATIONSHIP()
);
#28=(
REPRESENTATION_RELATIONSHIP($,$,#12407,#12402)
REPRESENTATION_RELATIONSHIP_WITH_TRANSFORMATION(#19)
SHAPE_REPRESENTATION_RELATIONSHIP()
);
#29=CONTEXT_DEPENDENT_SHAPE_REPRESENTATION(#20,#12393);
#30=CONTEXT_DEPENDENT_SHAPE_REPRESENTATION(#21,#12394);
#31=CONTEXT_DEPENDENT_SHAPE_REPRESENTATION(#22,#12395);
#32=CONTEXT_DEPENDENT_SHAPE_REPRESENTATION(#23,#12396);
#33=CONTEXT_DEPENDENT_SHAPE_REPRESENTATION(#24,#12397);
#34=CONTEXT_DEPENDENT_SHAPE_REPRESENTATION(#25,#12398);
#35=CONTEXT_DEPENDENT_SHAPE_REPRESENTATION(#26,#12399);
#36=CONTEXT_DEPENDENT_SHAPE_REPRESENTATION(#27,#12400);
#37=CONTEXT_DEPENDENT_SHAPE_REPRESENTATION(#28,#12401);
#38=NEXT_ASSEMBLY_USAGE_OCCURRENCE('Volume Down:1','Volume Down:1',
'Volume Down:1',#12417,#12418,'Volume Down:1');
#39=NEXT_ASSEMBLY_USAGE_OCCURRENCE('Volume Up:1','Volume Up:1',
'Volume Up:1',#12417,#12419,'Volume Up:1');
#40=NEXT_ASSEMBLY_USAGE_OCCURRENCE('Power:1','Power:1','Power:1',#12417,
#12420,'Power:1');
#41=NEXT_ASSEMBLY_USAGE_OCCURRENCE('A, B, Y,  X:1','A, B, Y,  X:1',
'A, B, Y,  X:1',#12412,#12413,'A, B, Y,  X:1');
#42=NEXT_ASSEMBLY_USAGE_OCCURRENCE('D-pad:1','D-pad:1','D-pad:1',#12412,
#12414,'D-pad:1');
#43=NEXT_ASSEMBLY_USAGE_OCCURRENCE('Right Shoulder Buttons:1',
'Right Shoulder Buttons:1','Right Shoulder Buttons:1',#12412,#12415,
'Right Shoulder Buttons:1');
#44=NEXT_ASSEMBLY_USAGE_OCCURRENCE('Right Shoulder Buttons:2',
'Right Shoulder Buttons:2','Right Shoulder Buttons:2',#12412,#12415,
'Right Shoulder Buttons:2');
#45=NEXT_ASSEMBLY_USAGE_OCCURRENCE('Menu:1','Menu:1','Menu:1',#12412,#12416,
'Menu:1');
#46=NEXT_ASSEMBLY_USAGE_OCCURRENCE('Volume Buttons and Power:1',
'Volume Buttons and Power:1','Volume Buttons and Power:1',#12412,#12417,
'Volume Buttons and Power:1');
#47=TOROIDAL_SURFACE('',#6587,2.575,1.);
#48=TOROIDAL_SURFACE('',#6618,2.575,1.);
#49=TOROIDAL_SURFACE('',#6650,2.575,1.);
#50=SHAPE_REPRESENTATION_RELATIONSHIP('SRR','None',#12403,#57);
#51=SHAPE_REPRESENTATION_RELATIONSHIP('SRR','None',#12404,#58);
#52=SHAPE_REPRESENTATION_RELATIONSHIP('SRR','None',#12405,#59);
#53=SHAPE_REPRESENTATION_RELATIONSHIP('SRR','None',#12406,#60);
#54=SHAPE_REPRESENTATION_RELATIONSHIP('SRR','None',#12408,#61);
#55=SHAPE_REPRESENTATION_RELATIONSHIP('SRR','None',#12409,#62);
#56=SHAPE_REPRESENTATION_RELATIONSHIP('SRR','None',#12410,#63);
#57=ADVANCED_BREP_SHAPE_REPRESENTATION('',(#229,#230,#231,#232),#12362);
#58=ADVANCED_BREP_SHAPE_REPRESENTATION('',(#233,#234,#235,#236),#12363);
#59=ADVANCED_BREP_SHAPE_REPRESENTATION('',(#237,#238),#12364);
#60=ADVANCED_BREP_SHAPE_REPRESENTATION('',(#239,#240,#241),#12365);
#61=ADVANCED_BREP_SHAPE_REPRESENTATION('',(#242),#12367);
#62=ADVANCED_BREP_SHAPE_REPRESENTATION('',(#243),#12368);
#63=ADVANCED_BREP_SHAPE_REPRESENTATION('',(#244),#12369);
#64=B_SPLINE_SURFACE_WITH_KNOTS('',3,3,((#8779,#8780,#8781,#8782,#8783,
#8784,#8785,#8786,#8787,#8788),(#8789,#8790,#8791,#8792,#8793,#8794,#8795,
#8796,#8797,#8798),(#8799,#8800,#8801,#8802,#8803,#8804,#8805,#8806,#8807,
#8808),(#8809,#8810,#8811,#8812,#8813,#8814,#8815,#8816,#8817,#8818),(#8819,
#8820,#8821,#8822,#8823,#8824,#8825,#8826,#8827,#8828)),.UNSPECIFIED.,.F.,
 .F.,.F.,(4,1,4),(4,2,2,2,4),(0.,0.571428571428571,1.),(-0.000130782456181105,
0.,0.0113240900357157,0.021324791372535,0.0215941659245417),
 .UNSPECIFIED.);
#65=B_SPLINE_SURFACE_WITH_KNOTS('',3,3,((#8905,#8906,#8907,#8908,#8909,
#8910,#8911,#8912,#8913,#8914),(#8915,#8916,#8917,#8918,#8919,#8920,#8921,
#8922,#8923,#8924),(#8925,#8926,#8927,#8928,#8929,#8930,#8931,#8932,#8933,
#8934),(#8935,#8936,#8937,#8938,#8939,#8940,#8941,#8942,#8943,#8944),(#8945,
#8946,#8947,#8948,#8949,#8950,#8951,#8952,#8953,#8954)),.UNSPECIFIED.,.F.,
 .F.,.F.,(4,1,4),(4,2,2,2,4),(0.,0.571428571428571,1.),(-0.000269378118656725,
0.,0.00969990184413028,0.0197969979336521,0.0199731626203169),
 .UNSPECIFIED.);
#66=B_SPLINE_SURFACE_WITH_KNOTS('',3,3,((#8980,#8981,#8982,#8983,#8984,
#8985,#8986,#8987,#8988,#8989),(#8990,#8991,#8992,#8993,#8994,#8995,#8996,
#8997,#8998,#8999),(#9000,#9001,#9002,#9003,#9004,#9005,#9006,#9007,#9008,
#9009),(#9010,#9011,#9012,#9013,#9014,#9015,#9016,#9017,#9018,#9019),(#9020,
#9021,#9022,#9023,#9024,#9025,#9026,#9027,#9028,#9029)),.UNSPECIFIED.,.F.,
 .F.,.F.,(4,1,4),(4,2,2,2,4),(0.,0.571428571428571,1.),(-0.000239117014299393,
0.,0.0089578110875056,0.0187390756555249,0.0188695058081165),
 .UNSPECIFIED.);
#67=B_SPLINE_SURFACE_WITH_KNOTS('',3,3,((#9076,#9077,#9078,#9079,#9080,
#9081,#9082,#9083),(#9084,#9085,#9086,#9087,#9088,#9089,#9090,#9091),(#9092,
#9093,#9094,#9095,#9096,#9097,#9098,#9099),(#9100,#9101,#9102,#9103,#9104,
#9105,#9106,#9107),(#9108,#9109,#9110,#9111,#9112,#9113,#9114,#9115)),
 .UNSPECIFIED.,.F.,.F.,.F.,(4,1,4),(4,2,2,4),(0.,0.571428571428571,1.),
(-0.000177931826397595,0.,0.0109036754502929,0.0305564706702318),
 .UNSPECIFIED.);
#68=B_SPLINE_SURFACE_WITH_KNOTS('',3,3,((#9139,#9140,#9141,#9142,#9143,
#9144,#9145,#9146,#9147,#9148),(#9149,#9150,#9151,#9152,#9153,#9154,#9155,
#9156,#9157,#9158),(#9159,#9160,#9161,#9162,#9163,#9164,#9165,#9166,#9167,
#9168),(#9169,#9170,#9171,#9172,#9173,#9174,#9175,#9176,#9177,#9178),(#9179,
#9180,#9181,#9182,#9183,#9184,#9185,#9186,#9187,#9188)),.UNSPECIFIED.,.F.,
 .F.,.F.,(4,1,4),(4,2,2,2,4),(0.,0.571428571428571,1.),(-0.000256651218251712,
0.,0.00956247960754289,0.0184590830612568,0.0186981986656311),
 .UNSPECIFIED.);
#69=B_SPLINE_SURFACE_WITH_KNOTS('',3,3,((#9265,#9266,#9267,#9268,#9269,
#9270,#9271,#9272),(#9273,#9274,#9275,#9276,#9277,#9278,#9279,#9280),(#9281,
#9282,#9283,#9284,#9285,#9286,#9287,#9288),(#9289,#9290,#9291,#9292,#9293,
#9294,#9295,#9296),(#9297,#9298,#9299,#9300,#9301,#9302,#9303,#9304)),
 .UNSPECIFIED.,.F.,.F.,.F.,(4,1,4),(4,2,2,4),(0.,0.571428571428571,1.),
(-1.3941798862133E-6,0.0251424555760148,0.0397893773998511,0.0400460457293494),
 .UNSPECIFIED.);
#70=B_SPLINE_SURFACE_WITH_KNOTS('',3,1,((#9322,#9323),(#9324,#9325),(#9326,
#9327),(#9328,#9329),(#9330,#9331)),.UNSPECIFIED.,.F.,.F.,.F.,(4,1,4),(2,
2),(-0.0198776025735409,-0.00932589614208842,0.),(0.,0.41),
 .UNSPECIFIED.);
#71=B_SPLINE_SURFACE_WITH_KNOTS('',3,1,((#9343,#9344),(#9345,#9346),(#9347,
#9348),(#9349,#9350),(#9351,#9352)),.UNSPECIFIED.,.F.,.F.,.F.,(4,1,4),(2,
2),(-0.0175474985598329,-0.00915759569913815,0.),(0.,0.41),
 .UNSPECIFIED.);
#72=B_SPLINE_SURFACE_WITH_KNOTS('',3,1,((#9362,#9363),(#9364,#9365),(#9366,
#9367),(#9368,#9369),(#9370,#9371)),.UNSPECIFIED.,.F.,.F.,.F.,(4,1,4),(2,
2),(-0.0172224498715806,-0.00830206250344102,0.),(0.,0.41),
 .UNSPECIFIED.);
#73=B_SPLINE_SURFACE_WITH_KNOTS('',3,1,((#9381,#9382),(#9383,#9384),(#9385,
#9386),(#9387,#9388),(#9389,#9390)),.UNSPECIFIED.,.F.,.F.,.F.,(4,1,4),(2,
2),(-0.0392766695050303,-0.0144622578229236,0.),(0.,0.41),.UNSPECIFIED.);
#74=B_SPLINE_SURFACE_WITH_KNOTS('',3,3,((#9567,#9568,#9569,#9570,#9571,
#9572,#9573,#9574,#9575,#9576),(#9577,#9578,#9579,#9580,#9581,#9582,#9583,
#9584,#9585,#9586),(#9587,#9588,#9589,#9590,#9591,#9592,#9593,#9594,#9595,
#9596),(#9597,#9598,#9599,#9600,#9601,#9602,#9603,#9604,#9605,#9606),(#9607,
#9608,#9609,#9610,#9611,#9612,#9613,#9614,#9615,#9616)),.UNSPECIFIED.,.F.,
 .F.,.F.,(4,1,4),(4,2,2,2,4),(0.,0.571428571428571,1.),(-0.000314188498516027,
0.,0.00907087151089268,0.0191042774162591,0.0192604681184604),
 .UNSPECIFIED.);
#75=B_SPLINE_SURFACE_WITH_KNOTS('',3,3,((#9660,#9661,#9662,#9663,#9664,
#9665,#9666,#9667),(#9668,#9669,#9670,#9671,#9672,#9673,#9674,#9675),(#9676,
#9677,#9678,#9679,#9680,#9681,#9682,#9683),(#9684,#9685,#9686,#9687,#9688,
#9689,#9690,#9691),(#9692,#9693,#9694,#9695,#9696,#9697,#9698,#9699)),
 .UNSPECIFIED.,.F.,.F.,.F.,(4,1,4),(4,2,2,4),(0.,0.571428571428571,1.),
(-0.000138036695693099,0.,0.0111945245408329,0.0321738339506466),
 .UNSPECIFIED.);
#76=B_SPLINE_SURFACE_WITH_KNOTS('',3,3,((#9743,#9744,#9745,#9746,#9747,
#9748,#9749,#9750,#9751,#9752),(#9753,#9754,#9755,#9756,#9757,#9758,#9759,
#9760,#9761,#9762),(#9763,#9764,#9765,#9766,#9767,#9768,#9769,#9770,#9771,
#9772),(#9773,#9774,#9775,#9776,#9777,#9778,#9779,#9780,#9781,#9782),(#9783,
#9784,#9785,#9786,#9787,#9788,#9789,#9790,#9791,#9792)),.UNSPECIFIED.,.F.,
 .F.,.F.,(4,1,4),(4,2,2,2,4),(0.,0.571428571428571,1.),(-0.000146107183737901,
0.,0.0107713572262696,0.0200292621951546,0.0203434514714241),
 .UNSPECIFIED.);
#77=B_SPLINE_SURFACE_WITH_KNOTS('',3,3,((#9853,#9854,#9855,#9856,#9857,
#9858,#9859,#9860),(#9861,#9862,#9863,#9864,#9865,#9866,#9867,#9868),(#9869,
#9870,#9871,#9872,#9873,#9874,#9875,#9876),(#9877,#9878,#9879,#9880,#9881,
#9882,#9883,#9884),(#9885,#9886,#9887,#9888,#9889,#9890,#9891,#9892)),
 .UNSPECIFIED.,.F.,.F.,.F.,(4,1,4),(4,2,2,4),(0.,0.571428571428571,1.),
(-6.65050974082526E-7,0.0250624772968842,0.0378105537742505,0.037956176848343),
 .UNSPECIFIED.);
#78=B_SPLINE_SURFACE_WITH_KNOTS('',3,3,((#9901,#9902,#9903,#9904,#9905,
#9906,#9907,#9908,#9909,#9910),(#9911,#9912,#9913,#9914,#9915,#9916,#9917,
#9918,#9919,#9920),(#9921,#9922,#9923,#9924,#9925,#9926,#9927,#9928,#9929,
#9930),(#9931,#9932,#9933,#9934,#9935,#9936,#9937,#9938,#9939,#9940),(#9941,
#9942,#9943,#9944,#9945,#9946,#9947,#9948,#9949,#9950)),.UNSPECIFIED.,.F.,
 .F.,.F.,(4,1,4),(4,2,2,2,4),(0.,0.571428571428571,1.),(-0.000291099257461934,
0.,0.00988987310000659,0.021028941084564,0.0211665583682594),
 .UNSPECIFIED.);
#79=B_SPLINE_SURFACE_WITH_KNOTS('',3,3,((#9986,#9987,#9988,#9989,#9990,
#9991,#9992,#9993,#9994,#9995),(#9996,#9997,#9998,#9999,#10000,#10001,#10002,
#10003,#10004,#10005),(#10006,#10007,#10008,#10009,#10010,#10011,#10012,
#10013,#10014,#10015),(#10016,#10017,#10018,#10019,#10020,#10021,#10022,
#10023,#10024,#10025),(#10026,#10027,#10028,#10029,#10030,#10031,#10032,
#10033,#10034,#10035)),.UNSPECIFIED.,.F.,.F.,.F.,(4,1,4),(4,2,2,2,4),(0.,
0.571428571428571,1.),(-0.000157413733915328,0.,0.0105030244618207,0.0201889879979828,
0.0204800757190308),.UNSPECIFIED.);
#80=B_SPLINE_SURFACE_WITH_KNOTS('',3,1,((#10042,#10043),(#10044,#10045),
(#10046,#10047),(#10048,#10049),(#10050,#10051)),.UNSPECIFIED.,.F.,.F.,
 .F.,(4,1,4),(2,2),(-0.018614776422754,-0.00893348914721692,0.),(0.,0.41),
 .UNSPECIFIED.);
#81=B_SPLINE_SURFACE_WITH_KNOTS('',3,1,((#10063,#10064),(#10065,#10066),
(#10067,#10068),(#10069,#10070),(#10071,#10072)),.UNSPECIFIED.,.F.,.F.,
 .F.,(4,1,4),(2,2),(-0.0176719754466552,-0.00927841015502889,0.),(0.,0.41),
 .UNSPECIFIED.);
#82=B_SPLINE_SURFACE_WITH_KNOTS('',3,1,((#10082,#10083),(#10084,#10085),
(#10086,#10087),(#10088,#10089),(#10090,#10091)),.UNSPECIFIED.,.F.,.F.,
 .F.,(4,1,4),(2,2),(-0.018597359697553,-0.00860038829323365,0.),(0.,0.41),
 .UNSPECIFIED.);
#83=B_SPLINE_SURFACE_WITH_KNOTS('',3,1,((#10101,#10102),(#10103,#10104),
(#10105,#10106),(#10107,#10108),(#10109,#10110)),.UNSPECIFIED.,.F.,.F.,
 .F.,(4,1,4),(2,2),(-0.0376719611564302,-0.0127017124928795,0.),(0.,0.41),
 .UNSPECIFIED.);
#84=B_SPLINE_SURFACE_WITH_KNOTS('',3,3,((#10124,#10125,#10126,#10127,#10128,
#10129,#10130,#10131),(#10132,#10133,#10134,#10135,#10136,#10137,#10138,
#10139),(#10140,#10141,#10142,#10143,#10144,#10145,#10146,#10147),(#10148,
#10149,#10150,#10151,#10152,#10153,#10154,#10155),(#10156,#10157,#10158,
#10159,#10160,#10161,#10162,#10163)),.UNSPECIFIED.,.F.,.F.,.F.,(4,1,4),
(4,2,2,4),(0.,0.571428571428571,1.),(-5.4025534011982E-19,0.0171423004076524,
0.0358790121041268,0.0415592811936684),.UNSPECIFIED.);
#85=B_SPLINE_SURFACE_WITH_KNOTS('',3,3,((#10228,#10229,#10230,#10231,#10232,
#10233,#10234,#10235),(#10236,#10237,#10238,#10239,#10240,#10241,#10242,
#10243),(#10244,#10245,#10246,#10247,#10248,#10249,#10250,#10251),(#10252,
#10253,#10254,#10255,#10256,#10257,#10258,#10259),(#10260,#10261,#10262,
#10263,#10264,#10265,#10266,#10267)),.UNSPECIFIED.,.F.,.F.,.F.,(4,1,4),
(4,2,2,4),(0.,0.571428571428571,1.),(-0.00568000712579757,0.,0.0144731753461757,
0.0288030430014861),.UNSPECIFIED.);
#86=B_SPLINE_SURFACE_WITH_KNOTS('',3,3,((#10282,#10283,#10284,#10285,#10286,
#10287),(#10288,#10289,#10290,#10291,#10292,#10293),(#10294,#10295,#10296,
#10297,#10298,#10299),(#10300,#10301,#10302,#10303,#10304,#10305),(#10306,
#10307,#10308,#10309,#10310,#10311)),.UNSPECIFIED.,.F.,.F.,.F.,(4,1,4),
(4,2,4),(0.,0.571428571428571,1.),(-1.08548533960806E-15,0.0147711001013961,
0.0291483397675093),.UNSPECIFIED.);
#87=B_SPLINE_SURFACE_WITH_KNOTS('',3,3,((#10355,#10356,#10357,#10358,#10359,
#10360),(#10361,#10362,#10363,#10364,#10365,#10366),(#10367,#10368,#10369,
#10370,#10371,#10372),(#10373,#10374,#10375,#10376,#10377,#10378),(#10379,
#10380,#10381,#10382,#10383,#10384)),.UNSPECIFIED.,.F.,.F.,.F.,(4,1,4),
(4,2,4),(0.,0.571428571428571,1.),(-5.806659738712E-5,0.0142838318973924,
0.0286157788998991),.UNSPECIFIED.);
#88=B_SPLINE_SURFACE_WITH_KNOTS('',3,3,((#10399,#10400,#10401,#10402,#10403,
#10404),(#10405,#10406,#10407,#10408,#10409,#10410),(#10411,#10412,#10413,
#10414,#10415,#10416),(#10417,#10418,#10419,#10420,#10421,#10422),(#10423,
#10424,#10425,#10426,#10427,#10428)),.UNSPECIFIED.,.F.,.F.,.F.,(4,1,4),
(4,2,4),(0.,0.571428571428571,1.),(-1.01091010562648E-15,0.0140980297566751,
0.0287129341219889),.UNSPECIFIED.);
#89=B_SPLINE_SURFACE_WITH_KNOTS('',3,3,((#10464,#10465,#10466,#10467,#10468,
#10469),(#10470,#10471,#10472,#10473,#10474,#10475),(#10476,#10477,#10478,
#10479,#10480,#10481),(#10482,#10483,#10484,#10485,#10486,#10487),(#10488,
#10489,#10490,#10491,#10492,#10493)),.UNSPECIFIED.,.F.,.F.,.F.,(4,1,4),
(4,2,4),(0.,0.571428571428571,1.),(-5.14813413228485E-5,0.013071606080866,
0.0256812432402605),.UNSPECIFIED.);
#90=B_SPLINE_SURFACE_WITH_KNOTS('',3,3,((#10508,#10509,#10510,#10511,#10512,
#10513),(#10514,#10515,#10516,#10517,#10518,#10519),(#10520,#10521,#10522,
#10523,#10524,#10525),(#10526,#10527,#10528,#10529,#10530,#10531),(#10532,
#10533,#10534,#10535,#10536,#10537)),.UNSPECIFIED.,.F.,.F.,.F.,(4,1,4),
(4,2,4),(0.,0.571428571428571,1.),(-3.46944695195361E-18,0.0160910209996599,
0.0306691536786012),.UNSPECIFIED.);
#91=B_SPLINE_SURFACE_WITH_KNOTS('',3,3,((#10573,#10574,#10575,#10576,#10577,
#10578),(#10579,#10580,#10581,#10582,#10583,#10584),(#10585,#10586,#10587,
#10588,#10589,#10590),(#10591,#10592,#10593,#10594,#10595,#10596),(#10597,
#10598,#10599,#10600,#10601,#10602)),.UNSPECIFIED.,.F.,.F.,.F.,(4,1,4),
(4,2,4),(0.,0.571428571428571,1.),(-4.89813631461133E-5,0.0123168701013143,
0.0241137507340301),.UNSPECIFIED.);
#92=B_SPLINE_SURFACE_WITH_KNOTS('',3,3,((#10642,#10643,#10644,#10645,#10646,
#10647),(#10648,#10649,#10650,#10651,#10652,#10653),(#10654,#10655,#10656,
#10657,#10658,#10659),(#10660,#10661,#10662,#10663,#10664,#10665),(#10666,
#10667,#10668,#10669,#10670,#10671)),.UNSPECIFIED.,.F.,.F.,.F.,(4,1,4),
(4,2,4),(0.,0.571428571428571,1.),(-1.22304032821416E-14,0.0159835658205479,
0.0384331073931177),.UNSPECIFIED.);
#93=B_SPLINE_SURFACE_WITH_KNOTS('',3,3,((#10717,#10718,#10719,#10720,#10721,
#10722),(#10723,#10724,#10725,#10726,#10727,#10728),(#10729,#10730,#10731,
#10732,#10733,#10734),(#10735,#10736,#10737,#10738,#10739,#10740),(#10741,
#10742,#10743,#10744,#10745,#10746)),.UNSPECIFIED.,.F.,.F.,.F.,(4,1,4),
(4,2,4),(0.,0.571428571428571,1.),(-4.97952100457796E-5,0.0117427965556962,
0.0238558487619147),.UNSPECIFIED.);
#94=B_SPLINE_SURFACE_WITH_KNOTS('',3,3,((#10753,#10754,#10755,#10756,#10757,
#10758),(#10759,#10760,#10761,#10762,#10763,#10764),(#10765,#10766,#10767,
#10768,#10769,#10770),(#10771,#10772,#10773,#10774,#10775,#10776),(#10777,
#10778,#10779,#10780,#10781,#10782)),.UNSPECIFIED.,.F.,.F.,.F.,(4,1,4),
(4,2,4),(0.,0.571428571428571,1.),(-4.94912375995642E-7,0.0342651028572812,
0.0530344845388419),.UNSPECIFIED.);
#95=B_SPLINE_SURFACE_WITH_KNOTS('',3,3,((#10789,#10790,#10791,#10792,#10793,
#10794),(#10795,#10796,#10797,#10798,#10799,#10800),(#10801,#10802,#10803,
#10804,#10805,#10806),(#10807,#10808,#10809,#10810,#10811,#10812),(#10813,
#10814,#10815,#10816,#10817,#10818)),.UNSPECIFIED.,.F.,.F.,.F.,(4,1,4),
(4,2,4),(0.,0.571428571428571,1.),(-5.31951538228303E-5,0.0172967144217278,
0.0339456375466651),.UNSPECIFIED.);
#96=B_SPLINE_SURFACE_WITH_KNOTS('',3,1,((#10825,#10826),(#10827,#10828),
(#10829,#10830),(#10831,#10832),(#10833,#10834)),.UNSPECIFIED.,.F.,.F.,
 .F.,(4,1,4),(2,2),(-0.029967743373468,-0.0147819402283387,0.),(0.,0.4),
 .UNSPECIFIED.);
#97=B_SPLINE_SURFACE_WITH_KNOTS('',3,1,((#10846,#10847),(#10848,#10849),
(#10850,#10851),(#10852,#10853),(#10854,#10855)),.UNSPECIFIED.,.F.,.F.,
 .F.,(4,1,4),(2,2),(-0.0296084963484445,-0.0150698958679697,0.),(0.,0.4),
 .UNSPECIFIED.);
#98=B_SPLINE_SURFACE_WITH_KNOTS('',3,1,((#10865,#10866),(#10867,#10868),
(#10869,#10870),(#10871,#10872),(#10873,#10874)),.UNSPECIFIED.,.F.,.F.,
 .F.,(4,1,4),(2,2),(-0.0315577178146779,-0.0150029599136268,0.),(0.,0.4),
 .UNSPECIFIED.);
#99=B_SPLINE_SURFACE_WITH_KNOTS('',3,1,((#10884,#10885),(#10886,#10887),
(#10888,#10889),(#10890,#10891),(#10892,#10893)),.UNSPECIFIED.,.F.,.F.,
 .F.,(4,1,4),(2,2),(-0.0531682150014257,-0.0188171770308046,0.),(0.,0.4),
 .UNSPECIFIED.);
#100=B_SPLINE_SURFACE_WITH_KNOTS('',3,1,((#10915,#10916),(#10917,#10918),
(#10919,#10920),(#10921,#10922),(#10923,#10924)),.UNSPECIFIED.,.F.,.F.,
 .F.,(4,1,4),(2,2),(-0.0387145202274849,-0.0226129901236384,0.),(0.,0.4),
 .UNSPECIFIED.);
#101=B_SPLINE_SURFACE_WITH_KNOTS('',3,1,((#10954,#10955),(#10956,#10957),
(#10958,#10959),(#10960,#10961),(#10962,#10963)),.UNSPECIFIED.,.F.,.F.,
 .F.,(4,1,4),(2,2),(-0.0184837478166362,-0.00942631399815327,0.),(0.,0.41),
 .UNSPECIFIED.);
#102=B_SPLINE_SURFACE_WITH_KNOTS('',3,1,((#10965,#10966),(#10967,#10968),
(#10969,#10970),(#10971,#10972),(#10973,#10974)),.UNSPECIFIED.,.F.,.F.,
 .F.,(4,1,4),(2,2),(-0.0302662276777802,-0.0194649901625613,0.),(0.,0.41),
 .UNSPECIFIED.);
#103=B_SPLINE_SURFACE_WITH_KNOTS('',3,1,((#10998,#10999),(#11000,#11001),
(#11002,#11003),(#11004,#11005),(#11006,#11007)),.UNSPECIFIED.,.F.,.F.,
 .F.,(4,1,4),(2,2),(-0.0197117346788463,-0.0104382399906282,0.),(0.,0.41),
 .UNSPECIFIED.);
#104=B_SPLINE_SURFACE_WITH_KNOTS('',3,1,((#11009,#11010),(#11011,#11012),
(#11013,#11014),(#11015,#11016),(#11017,#11018)),.UNSPECIFIED.,.F.,.F.,
 .F.,(4,1,4),(2,2),(-0.0320175239083544,-0.0208770133200335,0.),(0.,0.41),
 .UNSPECIFIED.);
#105=B_SPLINE_SURFACE_WITH_KNOTS('',3,1,((#11022,#11023),(#11024,#11025),
(#11026,#11027),(#11028,#11029),(#11030,#11031)),.UNSPECIFIED.,.F.,.F.,
 .F.,(4,1,4),(2,2),(-0.029636979166048,-0.0148432986226549,0.),(0.,0.4),
 .UNSPECIFIED.);
#106=B_SPLINE_SURFACE_WITH_KNOTS('',3,1,((#11042,#11043),(#11044,#11045),
(#11046,#11047),(#11048,#11049),(#11050,#11051)),.UNSPECIFIED.,.F.,.F.,
 .F.,(4,1,4),(2,2),(-0.0266348805689138,-0.0130787488412831,0.),(0.,0.4),
 .UNSPECIFIED.);
#107=B_SPLINE_SURFACE_WITH_KNOTS('',3,1,((#11061,#11062),(#11063,#11064),
(#11065,#11066),(#11067,#11068),(#11069,#11070)),.UNSPECIFIED.,.F.,.F.,
 .F.,(4,1,4),(2,2),(-0.0249111875924543,-0.0121876616562281,0.),(0.,0.4),
 .UNSPECIFIED.);
#108=B_SPLINE_SURFACE_WITH_KNOTS('',3,1,((#11080,#11081),(#11082,#11083),
(#11084,#11085),(#11086,#11087),(#11088,#11089)),.UNSPECIFIED.,.F.,.F.,
 .F.,(4,1,4),(2,2),(-0.0246353198844465,-0.0125083890647297,0.),(0.,0.4),
 .UNSPECIFIED.);
#109=B_SPLINE_SURFACE_WITH_KNOTS('',3,1,((#11097,#11098),(#11099,#11100),
(#11101,#11102),(#11103,#11104),(#11105,#11106)),.UNSPECIFIED.,.F.,.F.,
 .F.,(4,1,4),(2,2),(-0.0298229674282908,-0.0148376106136155,0.),(0.,0.4),
 .UNSPECIFIED.);
#110=B_SPLINE_SURFACE_WITH_KNOTS('',3,1,((#11116,#11117),(#11118,#11119),
(#11120,#11121),(#11122,#11123),(#11124,#11125)),.UNSPECIFIED.,.F.,.F.,
 .F.,(4,1,4),(2,2),(-0.0369799964829856,-0.0193073772846978,0.),(0.,0.4),
 .UNSPECIFIED.);
#111=B_SPLINE_SURFACE_WITH_KNOTS('',3,1,((#11135,#11136),(#11137,#11138),
(#11139,#11140),(#11141,#11142),(#11143,#11144)),.UNSPECIFIED.,.F.,.F.,
 .F.,(4,1,4),(2,2),(-0.0350898136471601,-0.0172119821048635,0.),(0.,0.4),
 .UNSPECIFIED.);
#112=B_SPLINE_CURVE_WITH_KNOTS('',3,(#8687,#8688,#8689,#8690),
 .UNSPECIFIED.,.F.,.F.,(4,4),(0.963147475977923,0.963586824580931),
 .UNSPECIFIED.);
#113=B_SPLINE_CURVE_WITH_KNOTS('',3,(#8709,#8710,#8711,#8712),
 .UNSPECIFIED.,.F.,.F.,(4,4),(0.74222732656083,0.742590614829626),
 .UNSPECIFIED.);
#114=B_SPLINE_CURVE_WITH_KNOTS('',3,(#8831,#8832,#8833,#8834,#8835,#8836,
#8837,#8838,#8839,#8840),.UNSPECIFIED.,.F.,.F.,(4,2,2,2,4),(-0.0215941659245417,
-0.021324791372535,-0.0113240900357157,0.,0.000130782456181105),
 .UNSPECIFIED.);
#115=B_SPLINE_CURVE_WITH_KNOTS('',3,(#8842,#8843,#8844,#8845,#8846,#8847,
#8848,#8849,#8850,#8851,#8852,#8853,#8854,#8855,#8856,#8857,#8858,#8859,
#8860,#8861,#8862,#8863,#8864,#8865,#8866,#8867,#8868,#8869),
 .UNSPECIFIED.,.F.,.F.,(4,3,3,3,3,3,3,3,3,4),(-0.00394196826775959,-0.00392371704994702,
-0.00308242214849575,-0.00292888403491816,-0.00225150837366098,-0.00195143706794731,
-0.00110488439150745,-0.00097536903673647,-0.0001367154797037,0.),
 .UNSPECIFIED.);
#116=B_SPLINE_CURVE_WITH_KNOTS('',3,(#8871,#8872,#8873,#8874,#8875,#8876),
 .UNSPECIFIED.,.F.,.F.,(4,2,4),(1.50148175346385E-8,0.0113240900357157,
0.0213247663881163),.UNSPECIFIED.);
#117=B_SPLINE_CURVE_WITH_KNOTS('',3,(#8877,#8878,#8879,#8880,#8881,#8882,
#8883,#8884,#8885,#8886,#8887,#8888,#8889,#8890,#8891,#8892,#8893,#8894,
#8895,#8896,#8897,#8898,#8899,#8900,#8901,#8902,#8903,#8904),
 .UNSPECIFIED.,.F.,.F.,(4,3,3,3,3,3,3,3,3,4),(-1.83329001029816E-5,0.,0.00084435324718098,
0.00100650395524478,0.0016786412605173,0.00198687713708018,0.00283456454807542,
0.0029614052343007,0.00379949784038239,0.00393298530258188),
 .UNSPECIFIED.);
#118=B_SPLINE_CURVE_WITH_KNOTS('',3,(#8956,#8957,#8958,#8959,#8960,#8961),
 .UNSPECIFIED.,.F.,.F.,(4,2,4),(2.29111578299438E-8,0.00969990184413028,
0.0197969820425828),.UNSPECIFIED.);
#119=B_SPLINE_CURVE_WITH_KNOTS('',3,(#8963,#8964,#8965,#8966,#8967,#8968,
#8969),.UNSPECIFIED.,.F.,.F.,(4,3,4),(0.,0.571429259024139,1.000000015517),
 .UNSPECIFIED.);
#120=B_SPLINE_CURVE_WITH_KNOTS('',3,(#8970,#8971,#8972,#8973,#8974,#8975,
#8976,#8977,#8978,#8979),.UNSPECIFIED.,.F.,.F.,(4,2,2,2,4),(-0.0199731626203169,
-0.0197969979336521,-0.00969990184413028,0.,0.000269378118656725),
 .UNSPECIFIED.);
#121=B_SPLINE_CURVE_WITH_KNOTS('',3,(#9031,#9032,#9033,#9034,#9035,#9036,
#9037,#9038,#9039,#9040),.UNSPECIFIED.,.F.,.F.,(4,2,2,2,4),(-0.0188691526924591,
-0.0187390756555249,-0.0089578110875056,0.,0.000239117014299393),
 .UNSPECIFIED.);
#122=B_SPLINE_CURVE_WITH_KNOTS('',3,(#9042,#9043,#9044,#9045,#9046,#9047,
#9048,#9049,#9050,#9051,#9052,#9053,#9054,#9055,#9056,#9057,#9058,#9059,
#9060,#9061,#9062,#9063,#9064,#9065,#9066,#9067,#9068,#9069),
 .UNSPECIFIED.,.F.,.F.,(4,3,3,3,3,3,3,3,3,4),(-1.83106109317013E-5,0.,0.000844018117881769,
0.00100328786545825,0.00167688840669826,0.0019828722884812,0.00283017809855623,
0.00295784305288013,0.00379618913195679,0.0039304835701358),
 .UNSPECIFIED.);
#123=B_SPLINE_CURVE_WITH_KNOTS('',3,(#9070,#9071,#9072,#9073,#9074,#9075),
 .UNSPECIFIED.,.F.,.F.,(4,2,4),(1.6369936602193E-8,0.0089578110875056,0.0187390653472949),
 .UNSPECIFIED.);
#124=B_SPLINE_CURVE_WITH_KNOTS('',3,(#9117,#9118,#9119,#9120,#9121,#9122),
 .UNSPECIFIED.,.F.,.F.,(4,2,4),(0.,0.0109036754502929,0.0305564706702318),
 .UNSPECIFIED.);
#125=B_SPLINE_CURVE_WITH_KNOTS('',3,(#9124,#9125,#9126,#9127,#9128,#9129,
#9130),.UNSPECIFIED.,.F.,.F.,(4,3,4),(0.,0.571428571451482,1.00000000004009),
 .UNSPECIFIED.);
#126=B_SPLINE_CURVE_WITH_KNOTS('',3,(#9131,#9132,#9133,#9134,#9135,#9136,
#9137,#9138),.UNSPECIFIED.,.F.,.F.,(4,2,2,4),(-0.0305475159538821,-0.0109036754502929,
0.,0.000177931826397595),.UNSPECIFIED.);
#127=B_SPLINE_CURVE_WITH_KNOTS('',3,(#9190,#9191,#9192,#9193,#9194,#9195,
#9196,#9197,#9198,#9199),.UNSPECIFIED.,.F.,.F.,(4,2,2,2,4),(-0.0186981986656311,
-0.0184590830612568,-0.00956247960754289,0.,0.000256651218251712),
 .UNSPECIFIED.);
#128=B_SPLINE_CURVE_WITH_KNOTS('',3,(#9201,#9202,#9203,#9204,#9205,#9206,
#9207,#9208,#9209,#9210,#9211,#9212,#9213,#9214,#9215,#9216,#9217,#9218,
#9219,#9220,#9221,#9222,#9223,#9224,#9225,#9226,#9227,#9228),
 .UNSPECIFIED.,.F.,.F.,(4,3,3,3,3,3,3,3,3,4),(-0.00394935217725906,-0.00393103299013193,
-0.00308677216351623,-0.00292614932577362,-0.00225352292603236,-0.00194633405125992,
-0.00109903029730464,-0.000971827439281892,-0.000133784443551241,0.),
 .UNSPECIFIED.);
#129=B_SPLINE_CURVE_WITH_KNOTS('',3,(#9229,#9230,#9231,#9232,#9233,#9234),
 .UNSPECIFIED.,.F.,.F.,(4,2,4),(2.15937262394628E-8,0.00956247960754289,
0.0184590654482061),.UNSPECIFIED.);
#130=B_SPLINE_CURVE_WITH_KNOTS('',3,(#9238,#9239,#9240,#9241,#9242,#9243,
#9244,#9245,#9246,#9247,#9248,#9249,#9250,#9251,#9252,#9253),
 .UNSPECIFIED.,.F.,.F.,(4,3,3,3,3,4),(0.,0.334766744775717,0.670011224550918,
1.00487988884809,1.33999483907781,1.5708038639283),.UNSPECIFIED.);
#131=B_SPLINE_CURVE_WITH_KNOTS('',3,(#9305,#9306,#9307,#9308,#9309,#9310,
#9311,#9312),.UNSPECIFIED.,.F.,.F.,(4,2,2,4),(-0.0400460457293494,-0.0397893773998511,
-0.0251424555760148,-1.21657590325328E-5),.UNSPECIFIED.);
#132=B_SPLINE_CURVE_WITH_KNOTS('',3,(#9313,#9314,#9315,#9316,#9317,#9318),
 .UNSPECIFIED.,.F.,.F.,(4,2,4),(2.18588610973862E-14,0.0251424555760148,
0.0397893752225645),.UNSPECIFIED.);
#133=B_SPLINE_CURVE_WITH_KNOTS('',3,(#9335,#9336,#9337,#9338,#9339,#9340,
#9341),.UNSPECIFIED.,.F.,.F.,(4,3,4),(-0.0220388499758165,-0.0103398800335769,
0.),.UNSPECIFIED.);
#134=B_SPLINE_CURVE_WITH_KNOTS('',3,(#9355,#9356,#9357,#9358,#9359,#9360,
#9361),.UNSPECIFIED.,.F.,.F.,(4,3,4),(-0.0178509735127615,-0.00931597160179226,
0.),.UNSPECIFIED.);
#135=B_SPLINE_CURVE_WITH_KNOTS('',3,(#9374,#9375,#9376,#9377,#9378,#9379,
#9380),.UNSPECIFIED.,.F.,.F.,(4,3,4),(-0.018512589813891,-0.00892397300508928,
0.),.UNSPECIFIED.);
#136=B_SPLINE_CURVE_WITH_KNOTS('',3,(#9393,#9394,#9395,#9396,#9397,#9398,
#9399),.UNSPECIFIED.,.F.,.F.,(4,3,4),(-0.0425979211610223,-0.0156851924135873,
0.),.UNSPECIFIED.);
#137=B_SPLINE_CURVE_WITH_KNOTS('',3,(#9407,#9408,#9409,#9410,#9411,#9412),
 .UNSPECIFIED.,.F.,.F.,(4,2,4),(-0.0384312723560221,-0.0159835658205479,
-0.000123476410338349),.UNSPECIFIED.);
#138=B_SPLINE_CURVE_WITH_KNOTS('',3,(#9420,#9421,#9422,#9423,#9424,#9425),
 .UNSPECIFIED.,.F.,.F.,(4,2,4),(-0.0529179311026859,-0.0342651028572812,
-4.31821750322003E-6),.UNSPECIFIED.);
#139=B_SPLINE_CURVE_WITH_KNOTS('',3,(#9427,#9428,#9429,#9430,#9431,#9432),
 .UNSPECIFIED.,.F.,.F.,(4,2,4),(-0.0304789641473535,-0.0160910209996599,
-0.000117056167231833),.UNSPECIFIED.);
#140=B_SPLINE_CURVE_WITH_KNOTS('',3,(#9434,#9435,#9436,#9437,#9438,#9439),
 .UNSPECIFIED.,.F.,.F.,(4,2,4),(-0.0285828433417092,-0.0140980297566751,
-0.00019018568783733),.UNSPECIFIED.);
#141=B_SPLINE_CURVE_WITH_KNOTS('',3,(#9441,#9442,#9443,#9444,#9445,#9446),
 .UNSPECIFIED.,.F.,.F.,(4,2,4),(-0.0289874249032786,-0.0147711001013961,
-0.000130798747235928),.UNSPECIFIED.);
#142=B_SPLINE_CURVE_WITH_KNOTS('',3,(#9448,#9449,#9450,#9451,#9452,#9453),
 .UNSPECIFIED.,.F.,.F.,(4,2,4),(-0.0337095257699005,-0.0172967144217278,
-0.000162231695568906),.UNSPECIFIED.);
#143=B_SPLINE_CURVE_WITH_KNOTS('',3,(#9455,#9456,#9457,#9458,#9459,#9460,
#9461,#9462),.UNSPECIFIED.,.F.,.F.,(4,2,2,4),(-0.0415592811936684,-0.0358790121041268,
-0.0171423004076524,-0.000236119895358175),.UNSPECIFIED.);
#144=B_SPLINE_CURVE_WITH_KNOTS('',3,(#9464,#9465,#9466,#9467,#9468,#9469,
#9470,#9471),.UNSPECIFIED.,.F.,.F.,(4,2,2,4),(-0.028627111089428,-0.0144731753461757,
0.,0.00568000712579757),.UNSPECIFIED.);
#145=B_SPLINE_CURVE_WITH_KNOTS('',3,(#9473,#9474,#9475,#9476,#9477,#9478),
 .UNSPECIFIED.,.F.,.F.,(4,2,4),(-0.0284601387245403,-0.0142838318973924,
-0.000177669572604646),.UNSPECIFIED.);
#146=B_SPLINE_CURVE_WITH_KNOTS('',3,(#9480,#9481,#9482,#9483,#9484,#9485),
 .UNSPECIFIED.,.F.,.F.,(4,2,4),(-0.0255332711585635,-0.013071606080866,
-0.000156841517972456),.UNSPECIFIED.);
#147=B_SPLINE_CURVE_WITH_KNOTS('',3,(#9487,#9488,#9489,#9490,#9491,#9492),
 .UNSPECIFIED.,.F.,.F.,(4,2,4),(-0.0239632801346108,-0.0123168701013143,
-0.000149008234589242),.UNSPECIFIED.);
#148=B_SPLINE_CURVE_WITH_KNOTS('',3,(#9493,#9494,#9495,#9496,#9497,#9498),
 .UNSPECIFIED.,.F.,.F.,(4,2,4),(-0.0237329728371453,-0.0117427965556962,
-0.000151558655742047),.UNSPECIFIED.);
#149=B_SPLINE_CURVE_WITH_KNOTS('',3,(#9503,#9504,#9505,#9506,#9507,#9508,
#9509,#9510),.UNSPECIFIED.,.F.,.F.,(4,2,2,4),(-0.0379556860721756,-0.0378105537742505,
-0.0250624772968842,-5.80278198142632E-6),.UNSPECIFIED.);
#150=B_SPLINE_CURVE_WITH_KNOTS('',3,(#9512,#9513,#9514,#9515,#9516,#9517,
#9518,#9519,#9520,#9521),.UNSPECIFIED.,.F.,.F.,(4,2,2,2,4),(-0.0203434514714241,
-0.0200292621951546,-0.0107713572262696,0.,0.000146107183737901),
 .UNSPECIFIED.);
#151=B_SPLINE_CURVE_WITH_KNOTS('',3,(#9523,#9524,#9525,#9526,#9527,#9528,
#9529,#9530,#9531,#9532),.UNSPECIFIED.,.F.,.F.,(4,2,2,2,4),(-0.0192604681184604,
-0.0191042774162591,-0.00907087151089268,0.,0.000314188498516027),
 .UNSPECIFIED.);
#152=B_SPLINE_CURVE_WITH_KNOTS('',3,(#9534,#9535,#9536,#9537,#9538,#9539,
#9540,#9541,#9542,#9543),.UNSPECIFIED.,.F.,.F.,(4,2,2,2,4),(-0.0204800757190308,
-0.0201889879979828,-0.0105030244618207,0.,0.000157413733915328),
 .UNSPECIFIED.);
#153=B_SPLINE_CURVE_WITH_KNOTS('',3,(#9545,#9546,#9547,#9548,#9549,#9550,
#9551,#9552,#9553,#9554),.UNSPECIFIED.,.F.,.F.,(4,2,2,2,4),(-0.021166143855044,
-0.021028941084564,-0.00988987310000659,0.,0.000291099257461934),
 .UNSPECIFIED.);
#154=B_SPLINE_CURVE_WITH_KNOTS('',3,(#9556,#9557,#9558,#9559,#9560,#9561,
#9562,#9563),.UNSPECIFIED.,.F.,.F.,(4,2,2,4),(-0.0321681902413229,-0.0111945245408329,
0.,0.000138036695693099),.UNSPECIFIED.);
#155=B_SPLINE_CURVE_WITH_KNOTS('',3,(#9618,#9619,#9620,#9621,#9622,#9623,
#9624),.UNSPECIFIED.,.F.,.F.,(4,3,4),(0.,0.571429320420127,1.00000001219777),
 .UNSPECIFIED.);
#156=B_SPLINE_CURVE_WITH_KNOTS('',3,(#9626,#9627,#9628,#9629,#9630,#9631,
#9632,#9633,#9634,#9635,#9636,#9637,#9638,#9639,#9640,#9641,#9642,#9643,
#9644,#9645,#9646,#9647,#9648,#9649,#9650,#9651,#9652,#9653),
 .UNSPECIFIED.,.F.,.F.,(4,3,3,3,3,3,3,3,3,4),(-0.00395430347974801,-0.00393593876709385,
-0.00309036824511344,-0.00292430351632472,-0.00225487476341532,-0.00194292267087788,
-0.001095070780231,-0.000969467369369322,-0.000131939464080803,0.),
 .UNSPECIFIED.);
#157=B_SPLINE_CURVE_WITH_KNOTS('',3,(#9654,#9655,#9656,#9657,#9658,#9659),
 .UNSPECIFIED.,.F.,.F.,(4,2,4),(2.89934236746294E-8,0.00907087151089268,
0.019104260665729),.UNSPECIFIED.);
#158=B_SPLINE_CURVE_WITH_KNOTS('',3,(#9702,#9703,#9704,#9705,#9706,#9707),
 .UNSPECIFIED.,.F.,.F.,(4,2,4),(0.,0.0111945245408329,0.0321738339506466),
 .UNSPECIFIED.);
#159=B_SPLINE_CURVE_WITH_KNOTS('',3,(#9708,#9709,#9710,#9711,#9712,#9713,
#9714),.UNSPECIFIED.,.F.,.F.,(4,3,4),(0.,0.571428571437672,1.00000000001593),
 .UNSPECIFIED.);
#160=B_SPLINE_CURVE_WITH_KNOTS('',3,(#9715,#9716,#9717,#9718,#9719,#9720,
#9721,#9722,#9723,#9724,#9725,#9726,#9727,#9728,#9729,#9730,#9731,#9732,
#9733,#9734,#9735,#9736,#9737,#9738,#9739,#9740,#9741,#9742),
 .UNSPECIFIED.,.F.,.F.,(4,3,3,3,3,3,3,3,3,4),(-1.82550652148499E-5,0.,0.000842586635539957,
0.000995292744839747,0.00167252430850107,0.00197289611078112,0.00281925466791209,
0.00294896462310339,0.00378790245726153,0.00392425522926346),
 .UNSPECIFIED.);
#161=B_SPLINE_CURVE_WITH_KNOTS('',3,(#9794,#9795,#9796,#9797,#9798,#9799,
#9800,#9801,#9802,#9803,#9804,#9805,#9806,#9807,#9808,#9809,#9810,#9811,
#9812,#9813,#9814,#9815,#9816,#9817,#9818,#9819,#9820,#9821),
 .UNSPECIFIED.,.F.,.F.,(4,3,3,3,3,3,3,3,3,4),(-0.00394260285319963,-0.00392434579056536,
-0.00308279765057495,-0.00292864983203873,-0.00225168143966057,-0.00195099775714959,
-0.00110438080031546,-0.00097506362126699,-0.000136471241319492,0.),
 .UNSPECIFIED.);
#162=B_SPLINE_CURVE_WITH_KNOTS('',3,(#9822,#9823,#9824,#9825,#9826,#9827),
 .UNSPECIFIED.,.F.,.F.,(4,2,4),(1.65590777923639E-8,0.0107713572262696,
0.0200292344289699),.UNSPECIFIED.);
#163=B_SPLINE_CURVE_WITH_KNOTS('',3,(#9830,#9831,#9832,#9833,#9834,#9835,
#9836,#9837,#9838,#9839,#9840,#9841,#9842,#9843,#9844,#9845),
 .UNSPECIFIED.,.F.,.F.,(4,3,3,3,3,4),(0.,0.33476550394749,0.670008741123721,
1.0048761642149,1.33998987232576,1.57079804167206),.UNSPECIFIED.);
#164=B_SPLINE_CURVE_WITH_KNOTS('',3,(#9893,#9894,#9895,#9896,#9897,#9898),
 .UNSPECIFIED.,.F.,.F.,(4,2,4),(-1.05879118406788E-22,0.0250624772968842,
0.0378105537742505),.UNSPECIFIED.);
#165=B_SPLINE_CURVE_WITH_KNOTS('',3,(#9952,#9953,#9954,#9955,#9956,#9957),
 .UNSPECIFIED.,.F.,.F.,(4,2,4),(2.3300105692566E-8,0.00988987310000659,
0.0210289275832974),.UNSPECIFIED.);
#166=B_SPLINE_CURVE_WITH_KNOTS('',3,(#9958,#9959,#9960,#9961,#9962,#9963,
#9964,#9965,#9966,#9967,#9968,#9969,#9970,#9971,#9972,#9973,#9974,#9975,
#9976,#9977,#9978,#9979,#9980,#9981,#9982,#9983,#9984,#9985),
 .UNSPECIFIED.,.F.,.F.,(4,3,3,3,3,3,3,3,3,4),(-1.83505269395129E-5,0.,0.000845354405527646,
0.00100904726178163,0.00168002653814798,0.00199004116241317,0.0028378948226824,
0.00296421885044893,0.00380224344122869,0.0039349624701119),
 .UNSPECIFIED.);
#167=B_SPLINE_CURVE_WITH_KNOTS('',3,(#10036,#10037,#10038,#10039,#10040,
#10041),.UNSPECIFIED.,.F.,.F.,(4,2,4),(1.95159287519772E-8,0.0105030244618207,
0.0201889560667293),.UNSPECIFIED.);
#168=B_SPLINE_CURVE_WITH_KNOTS('',3,(#10055,#10056,#10057,#10058,#10059,
#10060,#10061),.UNSPECIFIED.,.F.,.F.,(4,3,4),(-0.0202863085167114,-0.00973568056125616,
0.),.UNSPECIFIED.);
#169=B_SPLINE_CURVE_WITH_KNOTS('',3,(#10075,#10076,#10077,#10078,#10079,
#10080,#10081),.UNSPECIFIED.,.F.,.F.,(4,3,4),(-0.0181076482389537,-0.00950715373112396,
0.),.UNSPECIFIED.);
#170=B_SPLINE_CURVE_WITH_KNOTS('',3,(#10094,#10095,#10096,#10097,#10098,
#10099,#10100),.UNSPECIFIED.,.F.,.F.,(4,3,4),(-0.0208151854209061,-0.00962602648584595,
3.46944695195361E-18),.UNSPECIFIED.);
#171=B_SPLINE_CURVE_WITH_KNOTS('',3,(#10113,#10114,#10115,#10116,#10117,
#10118,#10119),.UNSPECIFIED.,.F.,.F.,(4,3,4),(-0.0391003255967165,-0.0131833087225059,
0.),.UNSPECIFIED.);
#172=B_SPLINE_CURVE_WITH_KNOTS('',3,(#10165,#10166,#10167,#10168,#10169,
#10170,#10171,#10172,#10173,#10174,#10175,#10176,#10177,#10178,#10179,#10180,
#10181,#10182,#10183,#10184,#10185,#10186,#10187,#10188,#10189,#10190,#10191,
#10192),.UNSPECIFIED.,.F.,.F.,(4,3,3,3,3,3,3,3,3,4),(-0.00394782888396211,
-0.00392952367503608,-0.00308472117947266,-0.00292671617544484,-0.00225310647992521,
-0.00194738734259691,-0.0011001819102399,-0.000972557373379999,-0.000134202454063221,
0.),.UNSPECIFIED.);
#173=B_SPLINE_CURVE_WITH_KNOTS('',3,(#10194,#10195,#10196,#10197,#10198,
#10199),.UNSPECIFIED.,.F.,.F.,(4,2,4),(-5.4025534011982E-19,0.0171423004076524,
0.0358780937930156),.UNSPECIFIED.);
#174=B_SPLINE_CURVE_WITH_KNOTS('',3,(#10200,#10201,#10202,#10203,#10204,
#10205,#10206,#10207,#10208,#10209,#10210,#10211,#10212,#10213,#10214,#10215,
#10216,#10217,#10218,#10219,#10220,#10221,#10222,#10223,#10224,#10225,#10226,
#10227),.UNSPECIFIED.,.F.,.F.,(4,3,3,3,3,3,3,3,3,4),(-4.51509087678747E-5,
0.,0.00200660484275196,0.00368875899334489,0.00416730402880542,0.00616968867869735,
0.00733725281789189,0.00749997109320751,0.00829280066002844,0.00892642670785902),
 .UNSPECIFIED.);
#175=B_SPLINE_CURVE_WITH_KNOTS('',3,(#10269,#10270,#10271,#10272,#10273,
#10274),.UNSPECIFIED.,.F.,.F.,(4,2,4),(6.92692407615011E-7,0.0144731753461757,
0.0288030430014861),.UNSPECIFIED.);
#176=B_SPLINE_CURVE_WITH_KNOTS('',3,(#10275,#10276,#10277,#10278,#10279,
#10280,#10281),.UNSPECIFIED.,.F.,.F.,(4,3,4),(0.,0.571445440799032,1.00000001547818),
 .UNSPECIFIED.);
#177=B_SPLINE_CURVE_WITH_KNOTS('',3,(#10313,#10314,#10315,#10316,#10317,
#10318,#10319),.UNSPECIFIED.,.F.,.F.,(4,3,4),(0.,0.571437238961317,1.00000001294836),
 .UNSPECIFIED.);
#178=B_SPLINE_CURVE_WITH_KNOTS('',3,(#10321,#10322,#10323,#10324,#10325,
#10326,#10327,#10328,#10329,#10330,#10331,#10332,#10333,#10334,#10335,#10336,
#10337,#10338,#10339,#10340,#10341,#10342,#10343,#10344,#10345,#10346,#10347,
#10348),.UNSPECIFIED.,.F.,.F.,(4,3,3,3,3,3,3,3,3,4),(-0.00394196944938036,
-0.00392371821827545,-0.00308126854867752,-0.00292888365526201,-0.00225150857005375,
-0.00195143656658994,-0.00110508482652193,-0.000975368721466046,-0.000136490124953691,
0.),.UNSPECIFIED.);
#179=B_SPLINE_CURVE_WITH_KNOTS('',3,(#10349,#10350,#10351,#10352,#10353,
#10354),.UNSPECIFIED.,.F.,.F.,(4,2,4),(-1.08548533960806E-15,0.0147711001013961,
0.0291483397675093),.UNSPECIFIED.);
#180=B_SPLINE_CURVE_WITH_KNOTS('',3,(#10386,#10387,#10388,#10389,#10390,
#10391),.UNSPECIFIED.,.F.,.F.,(4,2,4),(-9.87933727268877E-9,0.0142838318973924,
0.0286157788998991),.UNSPECIFIED.);
#181=B_SPLINE_CURVE_WITH_KNOTS('',3,(#10392,#10393,#10394,#10395,#10396,
#10397,#10398),.UNSPECIFIED.,.F.,.F.,(4,3,4),(0.,0.571443459629342,1.00000001211341),
 .UNSPECIFIED.);
#182=B_SPLINE_CURVE_WITH_KNOTS('',3,(#10430,#10431,#10432,#10433,#10434,
#10435,#10436,#10437,#10438,#10439,#10440,#10441,#10442,#10443,#10444,#10445,
#10446,#10447,#10448,#10449,#10450,#10451,#10452,#10453,#10454,#10455,#10456,
#10457),.UNSPECIFIED.,.F.,.F.,(4,3,3,3,3,3,3,3,3,4),(-1.82801402754845E-5,
0.,0.000843714692175833,0.000998899142307462,0.00167449451033934,0.00197739883971804,
0.00282426230613156,0.00295297288537874,0.00379170276665766,0.00392706653187126),
 .UNSPECIFIED.);
#183=B_SPLINE_CURVE_WITH_KNOTS('',3,(#10458,#10459,#10460,#10461,#10462,
#10463),.UNSPECIFIED.,.F.,.F.,(4,2,4),(-1.01091010562648E-15,0.0140980297566751,
0.0287129341219889),.UNSPECIFIED.);
#184=B_SPLINE_CURVE_WITH_KNOTS('',3,(#10495,#10496,#10497,#10498,#10499,
#10500),.UNSPECIFIED.,.F.,.F.,(4,2,4),(-8.51162259264343E-9,0.013071606080866,
0.0256812432402605),.UNSPECIFIED.);
#185=B_SPLINE_CURVE_WITH_KNOTS('',3,(#10501,#10502,#10503,#10504,#10505,
#10506,#10507),.UNSPECIFIED.,.F.,.F.,(4,3,4),(0.,0.571441853309055,1.00000001094975),
 .UNSPECIFIED.);
#186=B_SPLINE_CURVE_WITH_KNOTS('',3,(#10539,#10540,#10541,#10542,#10543,
#10544,#10545,#10546,#10547,#10548,#10549,#10550,#10551,#10552,#10553,#10554,
#10555,#10556,#10557,#10558,#10559,#10560,#10561,#10562,#10563,#10564,#10565,
#10566),.UNSPECIFIED.,.F.,.F.,(4,3,3,3,3,3,3,3,3,4),(-1.82473622546107E-5,
0.,0.000842286009409781,0.000994185258696518,0.0016719191589022,0.0019715119068052,
0.00281784457944699,0.00294773221876552,0.00378668721752417,0.00392339155047798),
 .UNSPECIFIED.);
#187=B_SPLINE_CURVE_WITH_KNOTS('',3,(#10567,#10568,#10569,#10570,#10571,
#10572),.UNSPECIFIED.,.F.,.F.,(4,2,4),(-3.46944695195361E-18,0.0160910209996599,
0.0306691536786012),.UNSPECIFIED.);
#188=B_SPLINE_CURVE_WITH_KNOTS('',3,(#10604,#10605,#10606,#10607,#10608,
#10609),.UNSPECIFIED.,.F.,.F.,(4,2,4),(-7.03413630745507E-9,0.0123168701013143,
0.0241137507340301),.UNSPECIFIED.);
#189=B_SPLINE_CURVE_WITH_KNOTS('',3,(#10610,#10611,#10612,#10613,#10614,
#10615,#10616),.UNSPECIFIED.,.F.,.F.,(4,3,4),(0.,0.571437750483679,1.00000001132211),
 .UNSPECIFIED.);
#190=B_SPLINE_CURVE_WITH_KNOTS('',3,(#10619,#10620,#10621,#10622,#10623,
#10624,#10625,#10626,#10627,#10628,#10629,#10630,#10631,#10632,#10633,#10634),
 .UNSPECIFIED.,.F.,.F.,(4,3,3,3,3,4),(0.,0.334765340868502,0.670008414733018,
1.00487567469556,1.3399892195578,1.5707972764673),.UNSPECIFIED.);
#191=B_SPLINE_CURVE_WITH_KNOTS('',3,(#10674,#10675,#10676,#10677,#10678,
#10679),.UNSPECIFIED.,.F.,.F.,(4,2,4),(-1.22304032821416E-14,0.0159835658205479,
0.0384331073931177),.UNSPECIFIED.);
#192=B_SPLINE_CURVE_WITH_KNOTS('',3,(#10680,#10681,#10682,#10683,#10684,
#10685,#10686),.UNSPECIFIED.,.F.,.F.,(4,3,4),(0.,0.571428571429533,1.00000000000168),
 .UNSPECIFIED.);
#193=B_SPLINE_CURVE_WITH_KNOTS('',3,(#10687,#10688,#10689,#10690,#10691,
#10692,#10693,#10694,#10695,#10696,#10697,#10698,#10699,#10700,#10701,#10702,
#10703,#10704,#10705,#10706,#10707,#10708,#10709,#10710,#10711,#10712,#10713,
#10714),.UNSPECIFIED.,.F.,.F.,(4,3,3,3,3,3,3,3,3,4),(-0.003941690066012,
-0.00392344140445315,-0.00308111839567322,-0.00292898677442656,-0.0022514324236188,
-0.00195162995292533,-0.00110539190068299,-0.000975503166367338,-0.000136572875628343,
0.),.UNSPECIFIED.);
#194=B_SPLINE_CURVE_WITH_KNOTS('',3,(#10747,#10748,#10749,#10750,#10751,
#10752),.UNSPECIFIED.,.F.,.F.,(4,2,4),(-7.39795456197596E-9,0.0117427965556962,
0.0238558487619147),.UNSPECIFIED.);
#195=B_SPLINE_CURVE_WITH_KNOTS('',3,(#10783,#10784,#10785,#10786,#10787,
#10788),.UNSPECIFIED.,.F.,.F.,(4,2,4),(1.05879118406788E-22,0.0342651028572812,
0.0530344845388419),.UNSPECIFIED.);
#196=B_SPLINE_CURVE_WITH_KNOTS('',3,(#10819,#10820,#10821,#10822,#10823,
#10824),.UNSPECIFIED.,.F.,.F.,(4,2,4),(-7.19297527817732E-9,0.0172967144217278,
0.0339456375466651),.UNSPECIFIED.);
#197=B_SPLINE_CURVE_WITH_KNOTS('',3,(#10838,#10839,#10840,#10841,#10842,
#10843,#10844),.UNSPECIFIED.,.F.,.F.,(4,3,4),(-0.0309686095777575,-0.0152756291999771,
-3.46944695195361E-18),.UNSPECIFIED.);
#198=B_SPLINE_CURVE_WITH_KNOTS('',3,(#10858,#10859,#10860,#10861,#10862,
#10863,#10864),.UNSPECIFIED.,.F.,.F.,(4,3,4),(-0.0299208179017878,-0.015228858796408,
0.),.UNSPECIFIED.);
#199=B_SPLINE_CURVE_WITH_KNOTS('',3,(#10877,#10878,#10879,#10880,#10881,
#10882,#10883),.UNSPECIFIED.,.F.,.F.,(4,3,4),(-0.0342335585414598,-0.016275090281067,
-6.93889390390723E-18),.UNSPECIFIED.);
#200=B_SPLINE_CURVE_WITH_KNOTS('',3,(#10896,#10897,#10898,#10899,#10900,
#10901,#10902),.UNSPECIFIED.,.F.,.F.,(4,3,4),(-0.0565439131422322,-0.0200118966488397,
0.),.UNSPECIFIED.);
#201=B_SPLINE_CURVE_WITH_KNOTS('',3,(#10927,#10928,#10929,#10930,#10931,
#10932,#10933),.UNSPECIFIED.,.F.,.F.,(4,3,4),(-0.0395780189607448,-0.0231173561395995,
0.),.UNSPECIFIED.);
#202=B_SPLINE_CURVE_WITH_KNOTS('',3,(#10940,#10941,#10942,#10943,#10944,
#10945,#10946),.UNSPECIFIED.,.F.,.F.,(4,3,4),(-0.0318823232511563,-0.0205043428289202,
0.),.UNSPECIFIED.);
#203=B_SPLINE_CURVE_WITH_KNOTS('',3,(#10947,#10948,#10949,#10950,#10951,
#10952,#10953),.UNSPECIFIED.,.F.,.F.,(4,3,4),(-0.018826737746304,-0.00960123148822761,
0.),.UNSPECIFIED.);
#204=B_SPLINE_CURVE_WITH_KNOTS('',3,(#10984,#10985,#10986,#10987,#10988,
#10989,#10990),.UNSPECIFIED.,.F.,.F.,(4,3,4),(-0.0338710556718258,-0.0220856079454599,
0.),.UNSPECIFIED.);
#205=B_SPLINE_CURVE_WITH_KNOTS('',3,(#10991,#10992,#10993,#10994,#10995,
#10996,#10997),.UNSPECIFIED.,.F.,.F.,(4,3,4),(-0.0201489218792458,-0.0106697500526775,
0.),.UNSPECIFIED.);
#206=B_SPLINE_CURVE_WITH_KNOTS('',3,(#11035,#11036,#11037,#11038,#11039,
#11040),.UNSPECIFIED.,.F.,.F.,(4,2,4),(-0.0300287829581697,-0.0150143495353926,
0.),.UNSPECIFIED.);
#207=B_SPLINE_CURVE_WITH_KNOTS('',3,(#11053,#11054,#11055,#11056,#11057,
#11058,#11059),.UNSPECIFIED.,.F.,.F.,(4,3,4),(-0.0278035585957343,-0.013652614616636,
0.),.UNSPECIFIED.);
#208=B_SPLINE_CURVE_WITH_KNOTS('',3,(#11072,#11073,#11074,#11075,#11076,
#11077,#11078),.UNSPECIFIED.,.F.,.F.,(4,3,4),(-0.0260567374438442,-0.0127481156268494,
-3.46944695195361E-18),.UNSPECIFIED.);
#209=B_SPLINE_CURVE_WITH_KNOTS('',3,(#11090,#11091,#11092,#11093,#11094,
#11095,#11096),.UNSPECIFIED.,.F.,.F.,(4,3,4),(-0.0248251022340711,-0.0126047495535668,
0.),.UNSPECIFIED.);
#210=B_SPLINE_CURVE_WITH_KNOTS('',3,(#11109,#11110,#11111,#11112,#11113,
#11114,#11115),.UNSPECIFIED.,.F.,.F.,(4,3,4),(-0.0305046729374096,-0.0151767747468219,
0.),.UNSPECIFIED.);
#211=B_SPLINE_CURVE_WITH_KNOTS('',3,(#11128,#11129,#11130,#11131,#11132,
#11133,#11134),.UNSPECIFIED.,.F.,.F.,(4,3,4),(-0.0376732844550992,-0.0196693452056709,
0.),.UNSPECIFIED.);
#212=B_SPLINE_CURVE_WITH_KNOTS('',3,(#11145,#11146,#11147,#11148,#11149,
#11150,#11151),.UNSPECIFIED.,.F.,.F.,(4,3,4),(-0.0369015401527634,-0.0181006560803628,
0.),.UNSPECIFIED.);
#213=STYLED_ITEM('',(#12452),#229);
#214=STYLED_ITEM('',(#12453),#230);
#215=STYLED_ITEM('',(#12454),#231);
#216=STYLED_ITEM('',(#12455),#232);
#217=STYLED_ITEM('',(#12451),#233);
#218=STYLED_ITEM('',(#12451),#234);
#219=STYLED_ITEM('',(#12451),#235);
#220=STYLED_ITEM('',(#12451),#236);
#221=STYLED_ITEM('',(#12451),#237);
#222=STYLED_ITEM('',(#12451),#238);
#223=STYLED_ITEM('',(#12451),#239);
#224=STYLED_ITEM('',(#12451),#240);
#225=STYLED_ITEM('',(#12451),#241);
#226=STYLED_ITEM('',(#12451),#242);
#227=STYLED_ITEM('',(#12451),#243);
#228=STYLED_ITEM('',(#12451),#244);
#229=MANIFOLD_SOLID_BREP('x',#6027);
#230=MANIFOLD_SOLID_BREP('x (1)',#6028);
#231=MANIFOLD_SOLID_BREP('x (1) (1)',#6029);
#232=MANIFOLD_SOLID_BREP('x (1) (1) (1)',#6030);
#233=MANIFOLD_SOLID_BREP('Body2',#6031);
#234=MANIFOLD_SOLID_BREP('Body3',#6032);
#235=MANIFOLD_SOLID_BREP('Body4',#6033);
#236=MANIFOLD_SOLID_BREP('Body5',#6034);
#237=MANIFOLD_SOLID_BREP('Body1',#6035);
#238=MANIFOLD_SOLID_BREP('Body2',#6036);
#239=MANIFOLD_SOLID_BREP('Body3',#6037);
#240=MANIFOLD_SOLID_BREP('Body4',#6038);
#241=MANIFOLD_SOLID_BREP('Body2',#6039);
#242=MANIFOLD_SOLID_BREP('Body1',#6040);
#243=MANIFOLD_SOLID_BREP('Body1',#6041);
#244=MANIFOLD_SOLID_BREP('Body1',#6042);
#245=(
BOUNDED_SURFACE()
B_SPLINE_SURFACE(2,2,((#8418,#8419,#8420,#8421,#8422,#8423,#8424,#8425,
#8426),(#8427,#8428,#8429,#8430,#8431,#8432,#8433,#8434,#8435),(#8436,#8437,
#8438,#8439,#8440,#8441,#8442,#8443,#8444)),.UNSPECIFIED.,.F.,.T.,.F.)
B_SPLINE_SURFACE_WITH_KNOTS((3,3),(3,2,2,2,3),(-4.23026660424768E-30,1.5707963267949),
(-3.14159265358979,-1.5707963267949,0.,1.5707963267949,3.14159265358979),
 .UNSPECIFIED.)
GEOMETRIC_REPRESENTATION_ITEM()
RATIONAL_B_SPLINE_SURFACE(((1.,0.707106781186548,1.,0.707106781186548,1.,
0.707106781186548,1.,0.707106781186548,1.),(0.707106781186551,0.500000000000003,
0.707106781186551,0.500000000000003,0.707106781186551,0.500000000000003,
0.707106781186551,0.500000000000003,0.707106781186551),(1.,0.707106781186548,
1.,0.707106781186548,1.,0.707106781186548,1.,0.707106781186548,1.)))
REPRESENTATION_ITEM('')
SURFACE()
);
#246=(
BOUNDED_SURFACE()
B_SPLINE_SURFACE(2,2,((#8564,#8565,#8566,#8567,#8568,#8569,#8570,#8571,
#8572),(#8573,#8574,#8575,#8576,#8577,#8578,#8579,#8580,#8581),(#8582,#8583,
#8584,#8585,#8586,#8587,#8588,#8589,#8590)),.UNSPECIFIED.,.F.,.T.,.F.)
B_SPLINE_SURFACE_WITH_KNOTS((3,3),(3,2,2,2,3),(-9.16557764253669E-30,1.5707963267949),
(-3.14159265358979,-1.5707963267949,0.,1.5707963267949,3.14159265358979),
 .UNSPECIFIED.)
GEOMETRIC_REPRESENTATION_ITEM()
RATIONAL_B_SPLINE_SURFACE(((1.,0.707106781186548,1.,0.707106781186548,1.,
0.707106781186548,1.,0.707106781186548,1.),(0.707106781186546,0.499999999999999,
0.707106781186546,0.499999999999999,0.707106781186546,0.499999999999999,
0.707106781186546,0.499999999999999,0.707106781186546),(1.,0.707106781186548,
1.,0.707106781186548,1.,0.707106781186548,1.,0.707106781186548,1.)))
REPRESENTATION_ITEM('')
SURFACE()
);
#247=(
BOUNDED_SURFACE()
B_SPLINE_SURFACE(2,2,((#8726,#8727,#8728,#8729,#8730,#8731,#8732,#8733,
#8734),(#8735,#8736,#8737,#8738,#8739,#8740,#8741,#8742,#8743),(#8744,#8745,
#8746,#8747,#8748,#8749,#8750,#8751,#8752)),.UNSPECIFIED.,.F.,.T.,.F.)
B_SPLINE_SURFACE_WITH_KNOTS((3,3),(3,2,2,2,3),(-1.12807109446605E-29,1.57079632679491),
(-3.14159265358979,-1.5707963267949,0.,1.5707963267949,3.14159265358979),
 .UNSPECIFIED.)
GEOMETRIC_REPRESENTATION_ITEM()
RATIONAL_B_SPLINE_SURFACE(((1.,0.707106781186548,1.,0.707106781186548,1.,
0.707106781186548,1.,0.707106781186548,1.),(0.707106781186562,0.500000000000011,
0.707106781186562,0.500000000000011,0.707106781186562,0.500000000000011,
0.707106781186562,0.500000000000011,0.707106781186562),(1.,0.707106781186548,
1.,0.707106781186548,1.,0.707106781186548,1.,0.707106781186548,1.)))
REPRESENTATION_ITEM('')
SURFACE()
);
#248=(
BOUNDED_SURFACE()
B_SPLINE_SURFACE(2,2,((#11166,#11167,#11168,#11169,#11170,#11171,#11172,
#11173,#11174),(#11175,#11176,#11177,#11178,#11179,#11180,#11181,#11182,
#11183),(#11184,#11185,#11186,#11187,#11188,#11189,#11190,#11191,#11192)),
 .UNSPECIFIED.,.F.,.T.,.F.)
B_SPLINE_SURFACE_WITH_KNOTS((3,3),(3,2,2,2,3),(-9.16557764253669E-30,1.5707963267949),
(-3.14159265358979,-1.5707963267949,0.,1.5707963267949,3.14159265358979),
 .UNSPECIFIED.)
GEOMETRIC_REPRESENTATION_ITEM()
RATIONAL_B_SPLINE_SURFACE(((1.,0.707106781186548,1.,0.707106781186548,1.,
0.707106781186548,1.,0.707106781186548,1.),(0.707106781186546,0.499999999999999,
0.707106781186546,0.499999999999999,0.707106781186546,0.499999999999999,
0.707106781186546,0.499999999999999,0.707106781186546),(1.,0.707106781186548,
1.,0.707106781186548,1.,0.707106781186548,1.,0.707106781186548,1.)))
REPRESENTATION_ITEM('')
SURFACE()
);
#249=(
BOUNDED_SURFACE()
B_SPLINE_SURFACE(2,2,((#11241,#11242,#11243,#11244,#11245,#11246,#11247,
#11248,#11249),(#11250,#11251,#11252,#11253,#11254,#11255,#11256,#11257,
#11258),(#11259,#11260,#11261,#11262,#11263,#11264,#11265,#11266,#11267)),
 .UNSPECIFIED.,.F.,.T.,.F.)
B_SPLINE_SURFACE_WITH_KNOTS((3,3),(3,2,2,2,3),(0.,1.5707963267949),(-3.14159265358979,
-1.5707963267949,0.,1.5707963267949,3.14159265358979),.UNSPECIFIED.)
GEOMETRIC_REPRESENTATION_ITEM()
RATIONAL_B_SPLINE_SURFACE(((1.,0.707106781186548,1.,0.707106781186548,1.,
0.707106781186548,1.,0.707106781186548,1.),(0.70710678118655,0.500000000000002,
0.70710678118655,0.500000000000002,0.70710678118655,0.500000000000002,0.70710678118655,
0.500000000000002,0.70710678118655),(1.,0.707106781186548,1.,0.707106781186548,
1.,0.707106781186548,1.,0.707106781186548,1.)))
REPRESENTATION_ITEM('')
SURFACE()
);
#250=(
BOUNDED_SURFACE()
B_SPLINE_SURFACE(2,2,((#11324,#11325,#11326,#11327,#11328,#11329,#11330,
#11331,#11332),(#11333,#11334,#11335,#11336,#11337,#11338,#11339,#11340,
#11341),(#11342,#11343,#11344,#11345,#11346,#11347,#11348,#11349,#11350)),
 .UNSPECIFIED.,.F.,.T.,.F.)
B_SPLINE_SURFACE_WITH_KNOTS((3,3),(3,2,2,2,3),(0.,1.5707963267949),(-3.14159265358979,
-1.5707963267949,0.,1.5707963267949,3.14159265358979),.UNSPECIFIED.)
GEOMETRIC_REPRESENTATION_ITEM()
RATIONAL_B_SPLINE_SURFACE(((1.,0.707106781186548,1.,0.707106781186548,1.,
0.707106781186548,1.,0.707106781186548,1.),(0.70710678118655,0.500000000000002,
0.70710678118655,0.500000000000002,0.70710678118655,0.500000000000002,0.70710678118655,
0.500000000000002,0.70710678118655),(1.,0.707106781186548,1.,0.707106781186548,
1.,0.707106781186548,1.,0.707106781186548,1.)))
REPRESENTATION_ITEM('')
SURFACE()
);
#251=(
BOUNDED_SURFACE()
B_SPLINE_SURFACE(2,2,((#11407,#11408,#11409,#11410,#11411,#11412,#11413,
#11414,#11415),(#11416,#11417,#11418,#11419,#11420,#11421,#11422,#11423,
#11424),(#11425,#11426,#11427,#11428,#11429,#11430,#11431,#11432,#11433)),
 .UNSPECIFIED.,.F.,.T.,.F.)
B_SPLINE_SURFACE_WITH_KNOTS((3,3),(3,2,2,2,3),(0.,1.5707963267949),(-3.14159265358979,
-1.5707963267949,0.,1.5707963267949,3.14159265358979),.UNSPECIFIED.)
GEOMETRIC_REPRESENTATION_ITEM()
RATIONAL_B_SPLINE_SURFACE(((1.,0.707106781186548,1.,0.707106781186548,1.,
0.707106781186548,1.,0.707106781186548,1.),(0.70710678118655,0.500000000000002,
0.70710678118655,0.500000000000002,0.70710678118655,0.500000000000002,0.70710678118655,
0.500000000000002,0.70710678118655),(1.,0.707106781186548,1.,0.707106781186548,
1.,0.707106781186548,1.,0.707106781186548,1.)))
REPRESENTATION_ITEM('')
SURFACE()
);
#252=(
BOUNDED_SURFACE()
B_SPLINE_SURFACE(2,2,((#11490,#11491,#11492,#11493,#11494,#11495,#11496,
#11497,#11498),(#11499,#11500,#11501,#11502,#11503,#11504,#11505,#11506,
#11507),(#11508,#11509,#11510,#11511,#11512,#11513,#11514,#11515,#11516)),
 .UNSPECIFIED.,.F.,.T.,.F.)
B_SPLINE_SURFACE_WITH_KNOTS((3,3),(3,2,2,2,3),(0.,1.5707963267949),(-3.14159265358979,
-1.5707963267949,0.,1.5707963267949,3.14159265358979),.UNSPECIFIED.)
GEOMETRIC_REPRESENTATION_ITEM()
RATIONAL_B_SPLINE_SURFACE(((1.,0.707106781186548,1.,0.707106781186548,1.,
0.707106781186548,1.,0.707106781186548,1.),(0.707106781186552,0.500000000000003,
0.707106781186552,0.500000000000003,0.707106781186552,0.500000000000003,
0.707106781186552,0.500000000000003,0.707106781186552),(1.,0.707106781186548,
1.,0.707106781186548,1.,0.707106781186548,1.,0.707106781186548,1.)))
REPRESENTATION_ITEM('')
SURFACE()
);
#253=(
BOUNDED_SURFACE()
B_SPLINE_SURFACE(2,2,((#11799,#11800,#11801,#11802,#11803,#11804,#11805,
#11806,#11807),(#11808,#11809,#11810,#11811,#11812,#11813,#11814,#11815,
#11816),(#11817,#11818,#11819,#11820,#11821,#11822,#11823,#11824,#11825)),
 .UNSPECIFIED.,.F.,.T.,.F.)
B_SPLINE_SURFACE_WITH_KNOTS((3,3),(3,2,2,2,3),(0.,1.5707963267949),(-3.14159265358979,
-1.5707963267949,0.,1.5707963267949,3.14159265358979),.UNSPECIFIED.)
GEOMETRIC_REPRESENTATION_ITEM()
RATIONAL_B_SPLINE_SURFACE(((1.,0.707106781186548,1.,0.707106781186548,1.,
0.707106781186548,1.,0.707106781186548,1.),(0.70710678118655,0.500000000000002,
0.70710678118655,0.500000000000002,0.70710678118655,0.500000000000002,0.70710678118655,
0.500000000000002,0.70710678118655),(1.,0.707106781186548,1.,0.707106781186548,
1.,0.707106781186548,1.,0.707106781186548,1.)))
REPRESENTATION_ITEM('')
SURFACE()
);
#254=(
BOUNDED_SURFACE()
B_SPLINE_SURFACE(2,2,((#11974,#11975,#11976,#11977,#11978,#11979,#11980,
#11981,#11982),(#11983,#11984,#11985,#11986,#11987,#11988,#11989,#11990,
#11991),(#11992,#11993,#11994,#11995,#11996,#11997,#11998,#11999,#12000)),
 .UNSPECIFIED.,.F.,.T.,.F.)
B_SPLINE_SURFACE_WITH_KNOTS((3,3),(3,2,2,2,3),(0.,1.5707963267949),(-3.14159265358979,
-1.5707963267949,0.,1.5707963267949,3.14159265358979),.UNSPECIFIED.)
GEOMETRIC_REPRESENTATION_ITEM()
RATIONAL_B_SPLINE_SURFACE(((1.,0.707106781186548,1.,0.707106781186548,1.,
0.707106781186548,1.,0.707106781186548,1.),(0.70710678118655,0.500000000000002,
0.70710678118655,0.500000000000002,0.70710678118655,0.500000000000002,0.70710678118655,
0.500000000000002,0.70710678118655),(1.,0.707106781186548,1.,0.707106781186548,
1.,0.707106781186548,1.,0.707106781186548,1.)))
REPRESENTATION_ITEM('')
SURFACE()
);
#255=(
BOUNDED_SURFACE()
B_SPLINE_SURFACE(2,2,((#12057,#12058,#12059,#12060,#12061,#12062,#12063,
#12064,#12065),(#12066,#12067,#12068,#12069,#12070,#12071,#12072,#12073,
#12074),(#12075,#12076,#12077,#12078,#12079,#12080,#12081,#12082,#12083)),
 .UNSPECIFIED.,.F.,.T.,.F.)
B_SPLINE_SURFACE_WITH_KNOTS((3,3),(3,2,2,2,3),(0.,1.5707963267949),(-3.14159265358979,
-1.5707963267949,0.,1.5707963267949,3.14159265358979),.UNSPECIFIED.)
GEOMETRIC_REPRESENTATION_ITEM()
RATIONAL_B_SPLINE_SURFACE(((1.,0.707106781186548,1.,0.707106781186548,1.,
0.707106781186548,1.,0.707106781186548,1.),(0.70710678118655,0.500000000000002,
0.70710678118655,0.500000000000002,0.70710678118655,0.500000000000002,0.70710678118655,
0.500000000000002,0.70710678118655),(1.,0.707106781186548,1.,0.707106781186548,
1.,0.707106781186548,1.,0.707106781186548,1.)))
REPRESENTATION_ITEM('')
SURFACE()
);
#256=FACE_BOUND('',#1054,.T.);
#257=FACE_BOUND('',#1058,.T.);
#258=FACE_BOUND('',#1062,.T.);
#259=FACE_BOUND('',#1083,.T.);
#260=FACE_BOUND('',#1086,.T.);
#261=FACE_BOUND('',#1092,.T.);
#262=FACE_BOUND('',#1099,.T.);
#263=FACE_BOUND('',#1122,.T.);
#264=FACE_BOUND('',#1127,.T.);
#265=FACE_BOUND('',#1143,.T.);
#266=FACE_BOUND('',#1144,.T.);
#267=FACE_BOUND('',#1200,.T.);
#268=FACE_BOUND('',#1203,.T.);
#269=FACE_BOUND('',#1209,.T.);
#270=FACE_BOUND('',#1221,.T.);
#271=FACE_BOUND('',#1225,.T.);
#272=FACE_BOUND('',#1227,.T.);
#273=FACE_BOUND('',#1239,.T.);
#274=FACE_BOUND('',#1243,.T.);
#275=FACE_BOUND('',#1245,.T.);
#276=FACE_BOUND('',#1257,.T.);
#277=FACE_BOUND('',#1261,.T.);
#278=FACE_BOUND('',#1263,.T.);
#279=FACE_BOUND('',#1275,.T.);
#280=FACE_BOUND('',#1279,.T.);
#281=FACE_BOUND('',#1281,.T.);
#282=FACE_BOUND('',#1335,.T.);
#283=FACE_BOUND('',#1339,.T.);
#284=FACE_BOUND('',#1341,.T.);
#285=FACE_BOUND('',#1373,.T.);
#286=FACE_BOUND('',#1374,.T.);
#287=FACE_BOUND('',#1375,.T.);
#288=FACE_BOUND('',#1379,.T.);
#289=FACE_BOUND('',#1381,.T.);
#290=FACE_BOUND('',#1393,.T.);
#291=FACE_BOUND('',#1397,.T.);
#292=FACE_BOUND('',#1399,.T.);
#293=FACE_BOUND('',#1410,.T.);
#294=FACE_BOUND('',#1413,.T.);
#295=FACE_BOUND('',#1415,.T.);
#296=FACE_BOUND('',#1434,.T.);
#297=FACE_BOUND('',#1437,.T.);
#298=FACE_BOUND('',#1439,.T.);
#299=FACE_BOUND('',#1455,.T.);
#300=FACE_BOUND('',#1456,.T.);
#301=FACE_BOUND('',#1459,.T.);
#302=FACE_BOUND('',#1461,.T.);
#303=CIRCLE('',#6161,4.99999999999998);
#304=CIRCLE('',#6162,4.99999999999998);
#305=CIRCLE('',#6164,3.575);
#306=CIRCLE('',#6165,1.575);
#307=CIRCLE('',#6166,2.);
#308=CIRCLE('',#6167,3.575);
#309=CIRCLE('',#6171,1.75000000000001);
#310=CIRCLE('',#6172,1.75000000000001);
#311=CIRCLE('',#6204,1.575);
#312=CIRCLE('',#6206,4.99999999999998);
#313=CIRCLE('',#6207,4.99999999999998);
#314=CIRCLE('',#6209,3.575);
#315=CIRCLE('',#6210,2.);
#316=CIRCLE('',#6211,3.575);
#317=CIRCLE('',#6214,1.75000000000001);
#318=CIRCLE('',#6215,1.75000000000001);
#319=CIRCLE('',#6253,1.575);
#320=CIRCLE('',#6254,2.);
#321=CIRCLE('',#6255,3.575);
#322=CIRCLE('',#6256,1.575);
#323=CIRCLE('',#6259,4.99999999999998);
#324=CIRCLE('',#6260,4.99999999999998);
#325=CIRCLE('',#6262,3.575);
#326=CIRCLE('',#6265,1.75000000000001);
#327=CIRCLE('',#6266,1.75000000000001);
#328=CIRCLE('',#6297,1.575);
#329=CIRCLE('',#6299,4.99999999999998);
#330=CIRCLE('',#6300,4.99999999999998);
#331=CIRCLE('',#6302,3.575);
#332=CIRCLE('',#6303,2.);
#333=CIRCLE('',#6304,3.575);
#334=CIRCLE('',#6307,1.75000000000001);
#335=CIRCLE('',#6308,1.75000000000001);
#336=CIRCLE('',#6313,1.75000000000001);
#337=CIRCLE('',#6324,1.57500000000002);
#338=CIRCLE('',#6325,2.);
#339=CIRCLE('',#6326,3.57500000000002);
#340=CIRCLE('',#6328,3.57500000000002);
#341=CIRCLE('',#6331,1.75000000000001);
#342=CIRCLE('',#6333,5.);
#343=CIRCLE('',#6334,5.);
#344=CIRCLE('',#6338,1.75000000000001);
#345=CIRCLE('',#6349,1.57500000000002);
#346=CIRCLE('',#6350,2.);
#347=CIRCLE('',#6351,3.57500000000002);
#348=CIRCLE('',#6353,3.57500000000002);
#349=CIRCLE('',#6356,1.75000000000001);
#350=CIRCLE('',#6358,5.);
#351=CIRCLE('',#6359,5.);
#352=CIRCLE('',#6363,1.75000000000001);
#353=CIRCLE('',#6374,1.57500000000002);
#354=CIRCLE('',#6375,2.);
#355=CIRCLE('',#6376,3.57500000000002);
#356=CIRCLE('',#6378,3.57500000000002);
#357=CIRCLE('',#6381,1.75000000000001);
#358=CIRCLE('',#6383,5.);
#359=CIRCLE('',#6384,5.);
#360=CIRCLE('',#6388,1.75000000000001);
#361=CIRCLE('',#6399,1.57500000000002);
#362=CIRCLE('',#6400,2.);
#363=CIRCLE('',#6401,3.57500000000002);
#364=CIRCLE('',#6403,3.57500000000002);
#365=CIRCLE('',#6406,1.75000000000001);
#366=CIRCLE('',#6408,5.);
#367=CIRCLE('',#6409,5.);
#368=CIRCLE('',#6419,9.00000000000034);
#369=CIRCLE('',#6420,13.0000000000004);
#370=CIRCLE('',#6421,10.0000000000003);
#371=CIRCLE('',#6425,13.0000000000004);
#372=CIRCLE('',#6428,9.00000000000034);
#373=CIRCLE('',#6434,10.0000000000003);
#374=CIRCLE('',#6437,13.0000000000004);
#375=CIRCLE('',#6438,10.0000000000003);
#376=CIRCLE('',#6439,9.00000000000034);
#377=CIRCLE('',#6448,10.0000000000004);
#378=CIRCLE('',#6449,10.0000000000004);
#379=CIRCLE('',#6452,13.0000000000004);
#380=CIRCLE('',#6453,10.0000000000003);
#381=CIRCLE('',#6458,9.00000000000034);
#382=CIRCLE('',#6483,1.75000000000001);
#383=CIRCLE('',#6484,1.57500000000002);
#384=CIRCLE('',#6485,2.);
#385=CIRCLE('',#6486,3.57500000000002);
#386=CIRCLE('',#6488,3.57500000000002);
#387=CIRCLE('',#6491,1.75000000000001);
#388=CIRCLE('',#6493,5.);
#389=CIRCLE('',#6494,5.);
#390=CIRCLE('',#6537,1.75000000000001);
#391=CIRCLE('',#6538,1.57500000000002);
#392=CIRCLE('',#6539,2.);
#393=CIRCLE('',#6540,3.57500000000002);
#394=CIRCLE('',#6542,3.57500000000002);
#395=CIRCLE('',#6545,1.75000000000001);
#396=CIRCLE('',#6547,5.);
#397=CIRCLE('',#6548,5.);
#398=CIRCLE('',#6562,1.75000000000001);
#399=CIRCLE('',#6563,1.57500000000002);
#400=CIRCLE('',#6564,2.);
#401=CIRCLE('',#6565,3.57500000000002);
#402=CIRCLE('',#6567,3.57500000000002);
#403=CIRCLE('',#6570,1.75000000000001);
#404=CIRCLE('',#6572,5.);
#405=CIRCLE('',#6573,5.);
#406=CIRCLE('',#6584,1.7);
#407=CIRCLE('',#6585,1.7);
#408=CIRCLE('',#6588,2.575);
#409=CIRCLE('',#6589,1.);
#410=CIRCLE('',#6590,3.575);
#411=CIRCLE('',#6591,3.575);
#412=CIRCLE('',#6593,3.575);
#413=CIRCLE('',#6596,5.);
#414=CIRCLE('',#6597,5.);
#415=CIRCLE('',#6615,1.7);
#416=CIRCLE('',#6616,1.7);
#417=CIRCLE('',#6619,2.575);
#418=CIRCLE('',#6620,1.);
#419=CIRCLE('',#6621,3.575);
#420=CIRCLE('',#6622,3.575);
#421=CIRCLE('',#6624,3.575);
#422=CIRCLE('',#6627,5.);
#423=CIRCLE('',#6628,5.);
#424=CIRCLE('',#6639,1.25);
#425=CIRCLE('',#6640,1.25);
#426=CIRCLE('',#6643,1.75);
#427=CIRCLE('',#6644,1.75);
#428=CIRCLE('',#6647,1.7);
#429=CIRCLE('',#6648,1.7);
#430=CIRCLE('',#6651,2.575);
#431=CIRCLE('',#6652,1.);
#432=CIRCLE('',#6653,3.575);
#433=CIRCLE('',#6654,3.575);
#434=CIRCLE('',#6656,3.575);
#435=CIRCLE('',#6659,5.);
#436=CIRCLE('',#6660,5.);
#437=PLANE('',#6147);
#438=PLANE('',#6148);
#439=PLANE('',#6149);
#440=PLANE('',#6150);
#441=PLANE('',#6151);
#442=PLANE('',#6152);
#443=PLANE('',#6153);
#444=PLANE('',#6154);
#445=PLANE('',#6155);
#446=PLANE('',#6156);
#447=PLANE('',#6157);
#448=PLANE('',#6158);
#449=PLANE('',#6159);
#450=PLANE('',#6163);
#451=PLANE('',#6169);
#452=PLANE('',#6173);
#453=PLANE('',#6174);
#454=PLANE('',#6193);
#455=PLANE('',#6194);
#456=PLANE('',#6195);
#457=PLANE('',#6196);
#458=PLANE('',#6197);
#459=PLANE('',#6198);
#460=PLANE('',#6199);
#461=PLANE('',#6200);
#462=PLANE('',#6201);
#463=PLANE('',#6202);
#464=PLANE('',#6203);
#465=PLANE('',#6208);
#466=PLANE('',#6216);
#467=PLANE('',#6217);
#468=PLANE('',#6224);
#469=PLANE('',#6225);
#470=PLANE('',#6226);
#471=PLANE('',#6243);
#472=PLANE('',#6244);
#473=PLANE('',#6245);
#474=PLANE('',#6246);
#475=PLANE('',#6247);
#476=PLANE('',#6248);
#477=PLANE('',#6249);
#478=PLANE('',#6250);
#479=PLANE('',#6251);
#480=PLANE('',#6252);
#481=PLANE('',#6257);
#482=PLANE('',#6261);
#483=PLANE('',#6267);
#484=PLANE('',#6268);
#485=PLANE('',#6274);
#486=PLANE('',#6275);
#487=PLANE('',#6281);
#488=PLANE('',#6287);
#489=PLANE('',#6288);
#490=PLANE('',#6289);
#491=PLANE('',#6290);
#492=PLANE('',#6291);
#493=PLANE('',#6292);
#494=PLANE('',#6293);
#495=PLANE('',#6294);
#496=PLANE('',#6295);
#497=PLANE('',#6296);
#498=PLANE('',#6301);
#499=PLANE('',#6309);
#500=PLANE('',#6310);
#501=PLANE('',#6312);
#502=PLANE('',#6320);
#503=PLANE('',#6321);
#504=PLANE('',#6322);
#505=PLANE('',#6323);
#506=PLANE('',#6329);
#507=PLANE('',#6335);
#508=PLANE('',#6336);
#509=PLANE('',#6337);
#510=PLANE('',#6345);
#511=PLANE('',#6346);
#512=PLANE('',#6347);
#513=PLANE('',#6348);
#514=PLANE('',#6354);
#515=PLANE('',#6360);
#516=PLANE('',#6361);
#517=PLANE('',#6362);
#518=PLANE('',#6370);
#519=PLANE('',#6371);
#520=PLANE('',#6372);
#521=PLANE('',#6373);
#522=PLANE('',#6379);
#523=PLANE('',#6385);
#524=PLANE('',#6386);
#525=PLANE('',#6387);
#526=PLANE('',#6395);
#527=PLANE('',#6396);
#528=PLANE('',#6397);
#529=PLANE('',#6398);
#530=PLANE('',#6404);
#531=PLANE('',#6410);
#532=PLANE('',#6411);
#533=PLANE('',#6413);
#534=PLANE('',#6414);
#535=PLANE('',#6415);
#536=PLANE('',#6416);
#537=PLANE('',#6417);
#538=PLANE('',#6418);
#539=PLANE('',#6422);
#540=PLANE('',#6423);
#541=PLANE('',#6426);
#542=PLANE('',#6429);
#543=PLANE('',#6430);
#544=PLANE('',#6431);
#545=PLANE('',#6432);
#546=PLANE('',#6435);
#547=PLANE('',#6436);
#548=PLANE('',#6440);
#549=PLANE('',#6441);
#550=PLANE('',#6442);
#551=PLANE('',#6443);
#552=PLANE('',#6444);
#553=PLANE('',#6445);
#554=PLANE('',#6446);
#555=PLANE('',#6450);
#556=PLANE('',#6451);
#557=PLANE('',#6455);
#558=PLANE('',#6456);
#559=PLANE('',#6459);
#560=PLANE('',#6460);
#561=PLANE('',#6461);
#562=PLANE('',#6462);
#563=PLANE('',#6464);
#564=PLANE('',#6476);
#565=PLANE('',#6477);
#566=PLANE('',#6478);
#567=PLANE('',#6479);
#568=PLANE('',#6480);
#569=PLANE('',#6481);
#570=PLANE('',#6482);
#571=PLANE('',#6489);
#572=PLANE('',#6495);
#573=PLANE('',#6496);
#574=PLANE('',#6505);
#575=PLANE('',#6506);
#576=PLANE('',#6507);
#577=PLANE('',#6516);
#578=PLANE('',#6517);
#579=PLANE('',#6518);
#580=PLANE('',#6527);
#581=PLANE('',#6528);
#582=PLANE('',#6529);
#583=PLANE('',#6530);
#584=PLANE('',#6531);
#585=PLANE('',#6532);
#586=PLANE('',#6533);
#587=PLANE('',#6534);
#588=PLANE('',#6535);
#589=PLANE('',#6536);
#590=PLANE('',#6543);
#591=PLANE('',#6549);
#592=PLANE('',#6550);
#593=PLANE('',#6557);
#594=PLANE('',#6558);
#595=PLANE('',#6559);
#596=PLANE('',#6560);
#597=PLANE('',#6561);
#598=PLANE('',#6568);
#599=PLANE('',#6574);
#600=PLANE('',#6575);
#601=PLANE('',#6578);
#602=PLANE('',#6579);
#603=PLANE('',#6580);
#604=PLANE('',#6581);
#605=PLANE('',#6582);
#606=PLANE('',#6586);
#607=PLANE('',#6594);
#608=PLANE('',#6598);
#609=PLANE('',#6599);
#610=PLANE('',#6601);
#611=PLANE('',#6602);
#612=PLANE('',#6603);
#613=PLANE('',#6604);
#614=PLANE('',#6605);
#615=PLANE('',#6606);
#616=PLANE('',#6607);
#617=PLANE('',#6608);
#618=PLANE('',#6609);
#619=PLANE('',#6610);
#620=PLANE('',#6611);
#621=PLANE('',#6612);
#622=PLANE('',#6613);
#623=PLANE('',#6617);
#624=PLANE('',#6625);
#625=PLANE('',#6629);
#626=PLANE('',#6630);
#627=PLANE('',#6632);
#628=PLANE('',#6633);
#629=PLANE('',#6634);
#630=PLANE('',#6635);
#631=PLANE('',#6636);
#632=PLANE('',#6637);
#633=PLANE('',#6641);
#634=PLANE('',#6645);
#635=PLANE('',#6649);
#636=PLANE('',#6657);
#637=PLANE('',#6661);
#638=PLANE('',#6662);
#639=FACE_OUTER_BOUND('',#1027,.T.);
#640=FACE_OUTER_BOUND('',#1028,.T.);
#641=FACE_OUTER_BOUND('',#1029,.T.);
#642=FACE_OUTER_BOUND('',#1030,.T.);
#643=FACE_OUTER_BOUND('',#1031,.T.);
#644=FACE_OUTER_BOUND('',#1032,.T.);
#645=FACE_OUTER_BOUND('',#1033,.T.);
#646=FACE_OUTER_BOUND('',#1034,.T.);
#647=FACE_OUTER_BOUND('',#1035,.T.);
#648=FACE_OUTER_BOUND('',#1036,.T.);
#649=FACE_OUTER_BOUND('',#1037,.T.);
#650=FACE_OUTER_BOUND('',#1038,.T.);
#651=FACE_OUTER_BOUND('',#1039,.T.);
#652=FACE_OUTER_BOUND('',#1040,.T.);
#653=FACE_OUTER_BOUND('',#1041,.T.);
#654=FACE_OUTER_BOUND('',#1042,.T.);
#655=FACE_OUTER_BOUND('',#1043,.T.);
#656=FACE_OUTER_BOUND('',#1044,.T.);
#657=FACE_OUTER_BOUND('',#1045,.T.);
#658=FACE_OUTER_BOUND('',#1046,.T.);
#659=FACE_OUTER_BOUND('',#1047,.T.);
#660=FACE_OUTER_BOUND('',#1048,.T.);
#661=FACE_OUTER_BOUND('',#1049,.T.);
#662=FACE_OUTER_BOUND('',#1050,.T.);
#663=FACE_OUTER_BOUND('',#1051,.T.);
#664=FACE_OUTER_BOUND('',#1052,.T.);
#665=FACE_OUTER_BOUND('',#1053,.T.);
#666=FACE_OUTER_BOUND('',#1055,.T.);
#667=FACE_OUTER_BOUND('',#1056,.T.);
#668=FACE_OUTER_BOUND('',#1057,.T.);
#669=FACE_OUTER_BOUND('',#1059,.T.);
#670=FACE_OUTER_BOUND('',#1060,.T.);
#671=FACE_OUTER_BOUND('',#1061,.T.);
#672=FACE_OUTER_BOUND('',#1063,.T.);
#673=FACE_OUTER_BOUND('',#1064,.T.);
#674=FACE_OUTER_BOUND('',#1065,.T.);
#675=FACE_OUTER_BOUND('',#1066,.T.);
#676=FACE_OUTER_BOUND('',#1067,.T.);
#677=FACE_OUTER_BOUND('',#1068,.T.);
#678=FACE_OUTER_BOUND('',#1069,.T.);
#679=FACE_OUTER_BOUND('',#1070,.T.);
#680=FACE_OUTER_BOUND('',#1071,.T.);
#681=FACE_OUTER_BOUND('',#1072,.T.);
#682=FACE_OUTER_BOUND('',#1073,.T.);
#683=FACE_OUTER_BOUND('',#1074,.T.);
#684=FACE_OUTER_BOUND('',#1075,.T.);
#685=FACE_OUTER_BOUND('',#1076,.T.);
#686=FACE_OUTER_BOUND('',#1077,.T.);
#687=FACE_OUTER_BOUND('',#1078,.T.);
#688=FACE_OUTER_BOUND('',#1079,.T.);
#689=FACE_OUTER_BOUND('',#1080,.T.);
#690=FACE_OUTER_BOUND('',#1081,.T.);
#691=FACE_OUTER_BOUND('',#1082,.T.);
#692=FACE_OUTER_BOUND('',#1084,.T.);
#693=FACE_OUTER_BOUND('',#1085,.T.);
#694=FACE_OUTER_BOUND('',#1087,.T.);
#695=FACE_OUTER_BOUND('',#1088,.T.);
#696=FACE_OUTER_BOUND('',#1089,.T.);
#697=FACE_OUTER_BOUND('',#1090,.T.);
#698=FACE_OUTER_BOUND('',#1091,.T.);
#699=FACE_OUTER_BOUND('',#1093,.T.);
#700=FACE_OUTER_BOUND('',#1094,.T.);
#701=FACE_OUTER_BOUND('',#1095,.T.);
#702=FACE_OUTER_BOUND('',#1096,.T.);
#703=FACE_OUTER_BOUND('',#1097,.T.);
#704=FACE_OUTER_BOUND('',#1098,.T.);
#705=FACE_OUTER_BOUND('',#1100,.T.);
#706=FACE_OUTER_BOUND('',#1101,.T.);
#707=FACE_OUTER_BOUND('',#1102,.T.);
#708=FACE_OUTER_BOUND('',#1103,.T.);
#709=FACE_OUTER_BOUND('',#1104,.T.);
#710=FACE_OUTER_BOUND('',#1105,.T.);
#711=FACE_OUTER_BOUND('',#1106,.T.);
#712=FACE_OUTER_BOUND('',#1107,.T.);
#713=FACE_OUTER_BOUND('',#1108,.T.);
#714=FACE_OUTER_BOUND('',#1109,.T.);
#715=FACE_OUTER_BOUND('',#1110,.T.);
#716=FACE_OUTER_BOUND('',#1111,.T.);
#717=FACE_OUTER_BOUND('',#1112,.T.);
#718=FACE_OUTER_BOUND('',#1113,.T.);
#719=FACE_OUTER_BOUND('',#1114,.T.);
#720=FACE_OUTER_BOUND('',#1115,.T.);
#721=FACE_OUTER_BOUND('',#1116,.T.);
#722=FACE_OUTER_BOUND('',#1117,.T.);
#723=FACE_OUTER_BOUND('',#1118,.T.);
#724=FACE_OUTER_BOUND('',#1119,.T.);
#725=FACE_OUTER_BOUND('',#1120,.T.);
#726=FACE_OUTER_BOUND('',#1121,.T.);
#727=FACE_OUTER_BOUND('',#1123,.T.);
#728=FACE_OUTER_BOUND('',#1124,.T.);
#729=FACE_OUTER_BOUND('',#1125,.T.);
#730=FACE_OUTER_BOUND('',#1126,.T.);
#731=FACE_OUTER_BOUND('',#1128,.T.);
#732=FACE_OUTER_BOUND('',#1129,.T.);
#733=FACE_OUTER_BOUND('',#1130,.T.);
#734=FACE_OUTER_BOUND('',#1131,.T.);
#735=FACE_OUTER_BOUND('',#1132,.T.);
#736=FACE_OUTER_BOUND('',#1133,.T.);
#737=FACE_OUTER_BOUND('',#1134,.T.);
#738=FACE_OUTER_BOUND('',#1135,.T.);
#739=FACE_OUTER_BOUND('',#1136,.T.);
#740=FACE_OUTER_BOUND('',#1137,.T.);
#741=FACE_OUTER_BOUND('',#1138,.T.);
#742=FACE_OUTER_BOUND('',#1139,.T.);
#743=FACE_OUTER_BOUND('',#1140,.T.);
#744=FACE_OUTER_BOUND('',#1141,.T.);
#745=FACE_OUTER_BOUND('',#1142,.T.);
#746=FACE_OUTER_BOUND('',#1145,.T.);
#747=FACE_OUTER_BOUND('',#1146,.T.);
#748=FACE_OUTER_BOUND('',#1147,.T.);
#749=FACE_OUTER_BOUND('',#1148,.T.);
#750=FACE_OUTER_BOUND('',#1149,.T.);
#751=FACE_OUTER_BOUND('',#1150,.T.);
#752=FACE_OUTER_BOUND('',#1151,.T.);
#753=FACE_OUTER_BOUND('',#1152,.T.);
#754=FACE_OUTER_BOUND('',#1153,.T.);
#755=FACE_OUTER_BOUND('',#1154,.T.);
#756=FACE_OUTER_BOUND('',#1155,.T.);
#757=FACE_OUTER_BOUND('',#1156,.T.);
#758=FACE_OUTER_BOUND('',#1157,.T.);
#759=FACE_OUTER_BOUND('',#1158,.T.);
#760=FACE_OUTER_BOUND('',#1159,.T.);
#761=FACE_OUTER_BOUND('',#1160,.T.);
#762=FACE_OUTER_BOUND('',#1161,.T.);
#763=FACE_OUTER_BOUND('',#1162,.T.);
#764=FACE_OUTER_BOUND('',#1163,.T.);
#765=FACE_OUTER_BOUND('',#1164,.T.);
#766=FACE_OUTER_BOUND('',#1165,.T.);
#767=FACE_OUTER_BOUND('',#1166,.T.);
#768=FACE_OUTER_BOUND('',#1167,.T.);
#769=FACE_OUTER_BOUND('',#1168,.T.);
#770=FACE_OUTER_BOUND('',#1169,.T.);
#771=FACE_OUTER_BOUND('',#1170,.T.);
#772=FACE_OUTER_BOUND('',#1171,.T.);
#773=FACE_OUTER_BOUND('',#1172,.T.);
#774=FACE_OUTER_BOUND('',#1173,.T.);
#775=FACE_OUTER_BOUND('',#1174,.T.);
#776=FACE_OUTER_BOUND('',#1175,.T.);
#777=FACE_OUTER_BOUND('',#1176,.T.);
#778=FACE_OUTER_BOUND('',#1177,.T.);
#779=FACE_OUTER_BOUND('',#1178,.T.);
#780=FACE_OUTER_BOUND('',#1179,.T.);
#781=FACE_OUTER_BOUND('',#1180,.T.);
#782=FACE_OUTER_BOUND('',#1181,.T.);
#783=FACE_OUTER_BOUND('',#1182,.T.);
#784=FACE_OUTER_BOUND('',#1183,.T.);
#785=FACE_OUTER_BOUND('',#1184,.T.);
#786=FACE_OUTER_BOUND('',#1185,.T.);
#787=FACE_OUTER_BOUND('',#1186,.T.);
#788=FACE_OUTER_BOUND('',#1187,.T.);
#789=FACE_OUTER_BOUND('',#1188,.T.);
#790=FACE_OUTER_BOUND('',#1189,.T.);
#791=FACE_OUTER_BOUND('',#1190,.T.);
#792=FACE_OUTER_BOUND('',#1191,.T.);
#793=FACE_OUTER_BOUND('',#1192,.T.);
#794=FACE_OUTER_BOUND('',#1193,.T.);
#795=FACE_OUTER_BOUND('',#1194,.T.);
#796=FACE_OUTER_BOUND('',#1195,.T.);
#797=FACE_OUTER_BOUND('',#1196,.T.);
#798=FACE_OUTER_BOUND('',#1197,.T.);
#799=FACE_OUTER_BOUND('',#1198,.T.);
#800=FACE_OUTER_BOUND('',#1199,.T.);
#801=FACE_OUTER_BOUND('',#1201,.T.);
#802=FACE_OUTER_BOUND('',#1202,.T.);
#803=FACE_OUTER_BOUND('',#1204,.T.);
#804=FACE_OUTER_BOUND('',#1205,.T.);
#805=FACE_OUTER_BOUND('',#1206,.T.);
#806=FACE_OUTER_BOUND('',#1207,.T.);
#807=FACE_OUTER_BOUND('',#1208,.T.);
#808=FACE_OUTER_BOUND('',#1210,.T.);
#809=FACE_OUTER_BOUND('',#1211,.T.);
#810=FACE_OUTER_BOUND('',#1212,.T.);
#811=FACE_OUTER_BOUND('',#1213,.T.);
#812=FACE_OUTER_BOUND('',#1214,.T.);
#813=FACE_OUTER_BOUND('',#1215,.T.);
#814=FACE_OUTER_BOUND('',#1216,.T.);
#815=FACE_OUTER_BOUND('',#1217,.T.);
#816=FACE_OUTER_BOUND('',#1218,.T.);
#817=FACE_OUTER_BOUND('',#1219,.T.);
#818=FACE_OUTER_BOUND('',#1220,.T.);
#819=FACE_OUTER_BOUND('',#1222,.T.);
#820=FACE_OUTER_BOUND('',#1223,.T.);
#821=FACE_OUTER_BOUND('',#1224,.T.);
#822=FACE_OUTER_BOUND('',#1226,.T.);
#823=FACE_OUTER_BOUND('',#1228,.T.);
#824=FACE_OUTER_BOUND('',#1229,.T.);
#825=FACE_OUTER_BOUND('',#1230,.T.);
#826=FACE_OUTER_BOUND('',#1231,.T.);
#827=FACE_OUTER_BOUND('',#1232,.T.);
#828=FACE_OUTER_BOUND('',#1233,.T.);
#829=FACE_OUTER_BOUND('',#1234,.T.);
#830=FACE_OUTER_BOUND('',#1235,.T.);
#831=FACE_OUTER_BOUND('',#1236,.T.);
#832=FACE_OUTER_BOUND('',#1237,.T.);
#833=FACE_OUTER_BOUND('',#1238,.T.);
#834=FACE_OUTER_BOUND('',#1240,.T.);
#835=FACE_OUTER_BOUND('',#1241,.T.);
#836=FACE_OUTER_BOUND('',#1242,.T.);
#837=FACE_OUTER_BOUND('',#1244,.T.);
#838=FACE_OUTER_BOUND('',#1246,.T.);
#839=FACE_OUTER_BOUND('',#1247,.T.);
#840=FACE_OUTER_BOUND('',#1248,.T.);
#841=FACE_OUTER_BOUND('',#1249,.T.);
#842=FACE_OUTER_BOUND('',#1250,.T.);
#843=FACE_OUTER_BOUND('',#1251,.T.);
#844=FACE_OUTER_BOUND('',#1252,.T.);
#845=FACE_OUTER_BOUND('',#1253,.T.);
#846=FACE_OUTER_BOUND('',#1254,.T.);
#847=FACE_OUTER_BOUND('',#1255,.T.);
#848=FACE_OUTER_BOUND('',#1256,.T.);
#849=FACE_OUTER_BOUND('',#1258,.T.);
#850=FACE_OUTER_BOUND('',#1259,.T.);
#851=FACE_OUTER_BOUND('',#1260,.T.);
#852=FACE_OUTER_BOUND('',#1262,.T.);
#853=FACE_OUTER_BOUND('',#1264,.T.);
#854=FACE_OUTER_BOUND('',#1265,.T.);
#855=FACE_OUTER_BOUND('',#1266,.T.);
#856=FACE_OUTER_BOUND('',#1267,.T.);
#857=FACE_OUTER_BOUND('',#1268,.T.);
#858=FACE_OUTER_BOUND('',#1269,.T.);
#859=FACE_OUTER_BOUND('',#1270,.T.);
#860=FACE_OUTER_BOUND('',#1271,.T.);
#861=FACE_OUTER_BOUND('',#1272,.T.);
#862=FACE_OUTER_BOUND('',#1273,.T.);
#863=FACE_OUTER_BOUND('',#1274,.T.);
#864=FACE_OUTER_BOUND('',#1276,.T.);
#865=FACE_OUTER_BOUND('',#1277,.T.);
#866=FACE_OUTER_BOUND('',#1278,.T.);
#867=FACE_OUTER_BOUND('',#1280,.T.);
#868=FACE_OUTER_BOUND('',#1282,.T.);
#869=FACE_OUTER_BOUND('',#1283,.T.);
#870=FACE_OUTER_BOUND('',#1284,.T.);
#871=FACE_OUTER_BOUND('',#1285,.T.);
#872=FACE_OUTER_BOUND('',#1286,.T.);
#873=FACE_OUTER_BOUND('',#1287,.T.);
#874=FACE_OUTER_BOUND('',#1288,.T.);
#875=FACE_OUTER_BOUND('',#1289,.T.);
#876=FACE_OUTER_BOUND('',#1290,.T.);
#877=FACE_OUTER_BOUND('',#1291,.T.);
#878=FACE_OUTER_BOUND('',#1292,.T.);
#879=FACE_OUTER_BOUND('',#1293,.T.);
#880=FACE_OUTER_BOUND('',#1294,.T.);
#881=FACE_OUTER_BOUND('',#1295,.T.);
#882=FACE_OUTER_BOUND('',#1296,.T.);
#883=FACE_OUTER_BOUND('',#1297,.T.);
#884=FACE_OUTER_BOUND('',#1298,.T.);
#885=FACE_OUTER_BOUND('',#1299,.T.);
#886=FACE_OUTER_BOUND('',#1300,.T.);
#887=FACE_OUTER_BOUND('',#1301,.T.);
#888=FACE_OUTER_BOUND('',#1302,.T.);
#889=FACE_OUTER_BOUND('',#1303,.T.);
#890=FACE_OUTER_BOUND('',#1304,.T.);
#891=FACE_OUTER_BOUND('',#1305,.T.);
#892=FACE_OUTER_BOUND('',#1306,.T.);
#893=FACE_OUTER_BOUND('',#1307,.T.);
#894=FACE_OUTER_BOUND('',#1308,.T.);
#895=FACE_OUTER_BOUND('',#1309,.T.);
#896=FACE_OUTER_BOUND('',#1310,.T.);
#897=FACE_OUTER_BOUND('',#1311,.T.);
#898=FACE_OUTER_BOUND('',#1312,.T.);
#899=FACE_OUTER_BOUND('',#1313,.T.);
#900=FACE_OUTER_BOUND('',#1314,.T.);
#901=FACE_OUTER_BOUND('',#1315,.T.);
#902=FACE_OUTER_BOUND('',#1316,.T.);
#903=FACE_OUTER_BOUND('',#1317,.T.);
#904=FACE_OUTER_BOUND('',#1318,.T.);
#905=FACE_OUTER_BOUND('',#1319,.T.);
#906=FACE_OUTER_BOUND('',#1320,.T.);
#907=FACE_OUTER_BOUND('',#1321,.T.);
#908=FACE_OUTER_BOUND('',#1322,.T.);
#909=FACE_OUTER_BOUND('',#1323,.T.);
#910=FACE_OUTER_BOUND('',#1324,.T.);
#911=FACE_OUTER_BOUND('',#1325,.T.);
#912=FACE_OUTER_BOUND('',#1326,.T.);
#913=FACE_OUTER_BOUND('',#1327,.T.);
#914=FACE_OUTER_BOUND('',#1328,.T.);
#915=FACE_OUTER_BOUND('',#1329,.T.);
#916=FACE_OUTER_BOUND('',#1330,.T.);
#917=FACE_OUTER_BOUND('',#1331,.T.);
#918=FACE_OUTER_BOUND('',#1332,.T.);
#919=FACE_OUTER_BOUND('',#1333,.T.);
#920=FACE_OUTER_BOUND('',#1334,.T.);
#921=FACE_OUTER_BOUND('',#1336,.T.);
#922=FACE_OUTER_BOUND('',#1337,.T.);
#923=FACE_OUTER_BOUND('',#1338,.T.);
#924=FACE_OUTER_BOUND('',#1340,.T.);
#925=FACE_OUTER_BOUND('',#1342,.T.);
#926=FACE_OUTER_BOUND('',#1343,.T.);
#927=FACE_OUTER_BOUND('',#1344,.T.);
#928=FACE_OUTER_BOUND('',#1345,.T.);
#929=FACE_OUTER_BOUND('',#1346,.T.);
#930=FACE_OUTER_BOUND('',#1347,.T.);
#931=FACE_OUTER_BOUND('',#1348,.T.);
#932=FACE_OUTER_BOUND('',#1349,.T.);
#933=FACE_OUTER_BOUND('',#1350,.T.);
#934=FACE_OUTER_BOUND('',#1351,.T.);
#935=FACE_OUTER_BOUND('',#1352,.T.);
#936=FACE_OUTER_BOUND('',#1353,.T.);
#937=FACE_OUTER_BOUND('',#1354,.T.);
#938=FACE_OUTER_BOUND('',#1355,.T.);
#939=FACE_OUTER_BOUND('',#1356,.T.);
#940=FACE_OUTER_BOUND('',#1357,.T.);
#941=FACE_OUTER_BOUND('',#1358,.T.);
#942=FACE_OUTER_BOUND('',#1359,.T.);
#943=FACE_OUTER_BOUND('',#1360,.T.);
#944=FACE_OUTER_BOUND('',#1361,.T.);
#945=FACE_OUTER_BOUND('',#1362,.T.);
#946=FACE_OUTER_BOUND('',#1363,.T.);
#947=FACE_OUTER_BOUND('',#1364,.T.);
#948=FACE_OUTER_BOUND('',#1365,.T.);
#949=FACE_OUTER_BOUND('',#1366,.T.);
#950=FACE_OUTER_BOUND('',#1367,.T.);
#951=FACE_OUTER_BOUND('',#1368,.T.);
#952=FACE_OUTER_BOUND('',#1369,.T.);
#953=FACE_OUTER_BOUND('',#1370,.T.);
#954=FACE_OUTER_BOUND('',#1371,.T.);
#955=FACE_OUTER_BOUND('',#1372,.T.);
#956=FACE_OUTER_BOUND('',#1376,.T.);
#957=FACE_OUTER_BOUND('',#1377,.T.);
#958=FACE_OUTER_BOUND('',#1378,.T.);
#959=FACE_OUTER_BOUND('',#1380,.T.);
#960=FACE_OUTER_BOUND('',#1382,.T.);
#961=FACE_OUTER_BOUND('',#1383,.T.);
#962=FACE_OUTER_BOUND('',#1384,.T.);
#963=FACE_OUTER_BOUND('',#1385,.T.);
#964=FACE_OUTER_BOUND('',#1386,.T.);
#965=FACE_OUTER_BOUND('',#1387,.T.);
#966=FACE_OUTER_BOUND('',#1388,.T.);
#967=FACE_OUTER_BOUND('',#1389,.T.);
#968=FACE_OUTER_BOUND('',#1390,.T.);
#969=FACE_OUTER_BOUND('',#1391,.T.);
#970=FACE_OUTER_BOUND('',#1392,.T.);
#971=FACE_OUTER_BOUND('',#1394,.T.);
#972=FACE_OUTER_BOUND('',#1395,.T.);
#973=FACE_OUTER_BOUND('',#1396,.T.);
#974=FACE_OUTER_BOUND('',#1398,.T.);
#975=FACE_OUTER_BOUND('',#1400,.T.);
#976=FACE_OUTER_BOUND('',#1401,.T.);
#977=FACE_OUTER_BOUND('',#1402,.T.);
#978=FACE_OUTER_BOUND('',#1403,.T.);
#979=FACE_OUTER_BOUND('',#1404,.T.);
#980=FACE_OUTER_BOUND('',#1405,.T.);
#981=FACE_OUTER_BOUND('',#1406,.T.);
#982=FACE_OUTER_BOUND('',#1407,.T.);
#983=FACE_OUTER_BOUND('',#1408,.T.);
#984=FACE_OUTER_BOUND('',#1409,.T.);
#985=FACE_OUTER_BOUND('',#1411,.T.);
#986=FACE_OUTER_BOUND('',#1412,.T.);
#987=FACE_OUTER_BOUND('',#1414,.T.);
#988=FACE_OUTER_BOUND('',#1416,.T.);
#989=FACE_OUTER_BOUND('',#1417,.T.);
#990=FACE_OUTER_BOUND('',#1418,.T.);
#991=FACE_OUTER_BOUND('',#1419,.T.);
#992=FACE_OUTER_BOUND('',#1420,.T.);
#993=FACE_OUTER_BOUND('',#1421,.T.);
#994=FACE_OUTER_BOUND('',#1422,.T.);
#995=FACE_OUTER_BOUND('',#1423,.T.);
#996=FACE_OUTER_BOUND('',#1424,.T.);
#997=FACE_OUTER_BOUND('',#1425,.T.);
#998=FACE_OUTER_BOUND('',#1426,.T.);
#999=FACE_OUTER_BOUND('',#1427,.T.);
#1000=FACE_OUTER_BOUND('',#1428,.T.);
#1001=FACE_OUTER_BOUND('',#1429,.T.);
#1002=FACE_OUTER_BOUND('',#1430,.T.);
#1003=FACE_OUTER_BOUND('',#1431,.T.);
#1004=FACE_OUTER_BOUND('',#1432,.T.);
#1005=FACE_OUTER_BOUND('',#1433,.T.);
#1006=FACE_OUTER_BOUND('',#1435,.T.);
#1007=FACE_OUTER_BOUND('',#1436,.T.);
#1008=FACE_OUTER_BOUND('',#1438,.T.);
#1009=FACE_OUTER_BOUND('',#1440,.T.);
#1010=FACE_OUTER_BOUND('',#1441,.T.);
#1011=FACE_OUTER_BOUND('',#1442,.T.);
#1012=FACE_OUTER_BOUND('',#1443,.T.);
#1013=FACE_OUTER_BOUND('',#1444,.T.);
#1014=FACE_OUTER_BOUND('',#1445,.T.);
#1015=FACE_OUTER_BOUND('',#1446,.T.);
#1016=FACE_OUTER_BOUND('',#1447,.T.);
#1017=FACE_OUTER_BOUND('',#1448,.T.);
#1018=FACE_OUTER_BOUND('',#1449,.T.);
#1019=FACE_OUTER_BOUND('',#1450,.T.);
#1020=FACE_OUTER_BOUND('',#1451,.T.);
#1021=FACE_OUTER_BOUND('',#1452,.T.);
#1022=FACE_OUTER_BOUND('',#1453,.T.);
#1023=FACE_OUTER_BOUND('',#1454,.T.);
#1024=FACE_OUTER_BOUND('',#1457,.T.);
#1025=FACE_OUTER_BOUND('',#1458,.T.);
#1026=FACE_OUTER_BOUND('',#1460,.T.);
#1027=EDGE_LOOP('',(#3881,#3882,#3883,#3884));
#1028=EDGE_LOOP('',(#3885,#3886,#3887,#3888));
#1029=EDGE_LOOP('',(#3889,#3890,#3891,#3892));
#1030=EDGE_LOOP('',(#3893,#3894,#3895,#3896));
#1031=EDGE_LOOP('',(#3897,#3898,#3899,#3900));
#1032=EDGE_LOOP('',(#3901,#3902,#3903,#3904));
#1033=EDGE_LOOP('',(#3905,#3906,#3907,#3908));
#1034=EDGE_LOOP('',(#3909,#3910,#3911,#3912));
#1035=EDGE_LOOP('',(#3913,#3914,#3915,#3916));
#1036=EDGE_LOOP('',(#3917,#3918,#3919,#3920));
#1037=EDGE_LOOP('',(#3921,#3922,#3923,#3924));
#1038=EDGE_LOOP('',(#3925,#3926,#3927,#3928));
#1039=EDGE_LOOP('',(#3929,#3930,#3931,#3932));
#1040=EDGE_LOOP('',(#3933,#3934,#3935,#3936));
#1041=EDGE_LOOP('',(#3937,#3938,#3939,#3940));
#1042=EDGE_LOOP('',(#3941,#3942,#3943,#3944));
#1043=EDGE_LOOP('',(#3945,#3946,#3947,#3948));
#1044=EDGE_LOOP('',(#3949,#3950,#3951,#3952));
#1045=EDGE_LOOP('',(#3953,#3954,#3955,#3956,#3957,#3958,#3959,#3960,#3961,
#3962,#3963,#3964));
#1046=EDGE_LOOP('',(#3965,#3966,#3967,#3968));
#1047=EDGE_LOOP('',(#3969,#3970,#3971,#3972));
#1048=EDGE_LOOP('',(#3973,#3974,#3975,#3976));
#1049=EDGE_LOOP('',(#3977,#3978,#3979,#3980));
#1050=EDGE_LOOP('',(#3981,#3982,#3983,#3984));
#1051=EDGE_LOOP('',(#3985,#3986,#3987,#3988));
#1052=EDGE_LOOP('',(#3989,#3990,#3991,#3992));
#1053=EDGE_LOOP('',(#3993));
#1054=EDGE_LOOP('',(#3994));
#1055=EDGE_LOOP('',(#3995,#3996,#3997,#3998));
#1056=EDGE_LOOP('',(#3999,#4000,#4001,#4002));
#1057=EDGE_LOOP('',(#4003));
#1058=EDGE_LOOP('',(#4004,#4005,#4006,#4007,#4008,#4009,#4010,#4011,#4012,
#4013,#4014,#4015));
#1059=EDGE_LOOP('',(#4016,#4017,#4018,#4019));
#1060=EDGE_LOOP('',(#4020));
#1061=EDGE_LOOP('',(#4021));
#1062=EDGE_LOOP('',(#4022));
#1063=EDGE_LOOP('',(#4023,#4024,#4025,#4026));
#1064=EDGE_LOOP('',(#4027,#4028,#4029,#4030));
#1065=EDGE_LOOP('',(#4031,#4032,#4033,#4034));
#1066=EDGE_LOOP('',(#4035,#4036,#4037,#4038));
#1067=EDGE_LOOP('',(#4039,#4040,#4041,#4042));
#1068=EDGE_LOOP('',(#4043,#4044,#4045,#4046));
#1069=EDGE_LOOP('',(#4047,#4048,#4049,#4050));
#1070=EDGE_LOOP('',(#4051,#4052,#4053,#4054));
#1071=EDGE_LOOP('',(#4055,#4056,#4057,#4058));
#1072=EDGE_LOOP('',(#4059,#4060,#4061,#4062));
#1073=EDGE_LOOP('',(#4063,#4064,#4065,#4066));
#1074=EDGE_LOOP('',(#4067,#4068,#4069,#4070));
#1075=EDGE_LOOP('',(#4071,#4072,#4073,#4074));
#1076=EDGE_LOOP('',(#4075,#4076,#4077,#4078));
#1077=EDGE_LOOP('',(#4079,#4080,#4081,#4082,#4083,#4084,#4085,#4086,#4087));
#1078=EDGE_LOOP('',(#4088,#4089,#4090,#4091));
#1079=EDGE_LOOP('',(#4092,#4093,#4094,#4095));
#1080=EDGE_LOOP('',(#4096,#4097,#4098,#4099));
#1081=EDGE_LOOP('',(#4100,#4101,#4102,#4103));
#1082=EDGE_LOOP('',(#4104));
#1083=EDGE_LOOP('',(#4105,#4106,#4107,#4108,#4109,#4110,#4111,#4112,#4113));
#1084=EDGE_LOOP('',(#4114,#4115,#4116,#4117));
#1085=EDGE_LOOP('',(#4118));
#1086=EDGE_LOOP('',(#4119));
#1087=EDGE_LOOP('',(#4120,#4121,#4122,#4123));
#1088=EDGE_LOOP('',(#4124,#4125,#4126,#4127));
#1089=EDGE_LOOP('',(#4128,#4129,#4130,#4131));
#1090=EDGE_LOOP('',(#4132));
#1091=EDGE_LOOP('',(#4133));
#1092=EDGE_LOOP('',(#4134));
#1093=EDGE_LOOP('',(#4135,#4136,#4137,#4138));
#1094=EDGE_LOOP('',(#4139,#4140,#4141,#4142));
#1095=EDGE_LOOP('',(#4143,#4144,#4145,#4146));
#1096=EDGE_LOOP('',(#4147,#4148,#4149,#4150));
#1097=EDGE_LOOP('',(#4151,#4152,#4153,#4154));
#1098=EDGE_LOOP('',(#4155,#4156,#4157,#4158,#4159,#4160,#4161,#4162));
#1099=EDGE_LOOP('',(#4163,#4164,#4165));
#1100=EDGE_LOOP('',(#4166,#4167,#4168,#4169));
#1101=EDGE_LOOP('',(#4170,#4171,#4172,#4173));
#1102=EDGE_LOOP('',(#4174,#4175,#4176,#4177));
#1103=EDGE_LOOP('',(#4178,#4179,#4180,#4181));
#1104=EDGE_LOOP('',(#4182,#4183,#4184,#4185));
#1105=EDGE_LOOP('',(#4186,#4187,#4188,#4189));
#1106=EDGE_LOOP('',(#4190,#4191,#4192,#4193));
#1107=EDGE_LOOP('',(#4194,#4195,#4196,#4197));
#1108=EDGE_LOOP('',(#4198,#4199,#4200,#4201,#4202));
#1109=EDGE_LOOP('',(#4203,#4204,#4205,#4206));
#1110=EDGE_LOOP('',(#4207,#4208,#4209,#4210));
#1111=EDGE_LOOP('',(#4211,#4212,#4213,#4214));
#1112=EDGE_LOOP('',(#4215,#4216,#4217));
#1113=EDGE_LOOP('',(#4218,#4219,#4220,#4221));
#1114=EDGE_LOOP('',(#4222,#4223,#4224,#4225,#4226));
#1115=EDGE_LOOP('',(#4227,#4228,#4229,#4230));
#1116=EDGE_LOOP('',(#4231,#4232,#4233,#4234));
#1117=EDGE_LOOP('',(#4235,#4236,#4237,#4238));
#1118=EDGE_LOOP('',(#4239,#4240,#4241,#4242,#4243,#4244,#4245));
#1119=EDGE_LOOP('',(#4246,#4247,#4248,#4249,#4250,#4251,#4252,#4253,#4254,
#4255));
#1120=EDGE_LOOP('',(#4256,#4257,#4258,#4259));
#1121=EDGE_LOOP('',(#4260));
#1122=EDGE_LOOP('',(#4261));
#1123=EDGE_LOOP('',(#4262,#4263,#4264,#4265));
#1124=EDGE_LOOP('',(#4266,#4267,#4268,#4269));
#1125=EDGE_LOOP('',(#4270));
#1126=EDGE_LOOP('',(#4271));
#1127=EDGE_LOOP('',(#4272));
#1128=EDGE_LOOP('',(#4273,#4274,#4275,#4276));
#1129=EDGE_LOOP('',(#4277,#4278,#4279,#4280));
#1130=EDGE_LOOP('',(#4281,#4282,#4283,#4284));
#1131=EDGE_LOOP('',(#4285,#4286,#4287,#4288));
#1132=EDGE_LOOP('',(#4289,#4290,#4291,#4292));
#1133=EDGE_LOOP('',(#4293,#4294,#4295,#4296));
#1134=EDGE_LOOP('',(#4297,#4298,#4299,#4300));
#1135=EDGE_LOOP('',(#4301,#4302,#4303,#4304));
#1136=EDGE_LOOP('',(#4305,#4306,#4307,#4308));
#1137=EDGE_LOOP('',(#4309,#4310,#4311,#4312));
#1138=EDGE_LOOP('',(#4313,#4314,#4315,#4316));
#1139=EDGE_LOOP('',(#4317,#4318,#4319,#4320));
#1140=EDGE_LOOP('',(#4321,#4322,#4323,#4324));
#1141=EDGE_LOOP('',(#4325,#4326,#4327,#4328));
#1142=EDGE_LOOP('',(#4329,#4330,#4331,#4332,#4333,#4334,#4335,#4336,#4337,
#4338,#4339,#4340,#4341,#4342,#4343));
#1143=EDGE_LOOP('',(#4344,#4345,#4346,#4347,#4348,#4349,#4350,#4351,#4352));
#1144=EDGE_LOOP('',(#4353,#4354,#4355,#4356,#4357,#4358,#4359,#4360,#4361));
#1145=EDGE_LOOP('',(#4362,#4363,#4364,#4365));
#1146=EDGE_LOOP('',(#4366,#4367,#4368,#4369));
#1147=EDGE_LOOP('',(#4370,#4371,#4372,#4373));
#1148=EDGE_LOOP('',(#4374,#4375,#4376,#4377));
#1149=EDGE_LOOP('',(#4378,#4379,#4380,#4381));
#1150=EDGE_LOOP('',(#4382,#4383,#4384,#4385));
#1151=EDGE_LOOP('',(#4386,#4387,#4388,#4389));
#1152=EDGE_LOOP('',(#4390,#4391,#4392,#4393));
#1153=EDGE_LOOP('',(#4394,#4395,#4396,#4397));
#1154=EDGE_LOOP('',(#4398,#4399,#4400,#4401));
#1155=EDGE_LOOP('',(#4402,#4403,#4404,#4405));
#1156=EDGE_LOOP('',(#4406,#4407,#4408,#4409));
#1157=EDGE_LOOP('',(#4410,#4411,#4412,#4413));
#1158=EDGE_LOOP('',(#4414,#4415,#4416,#4417));
#1159=EDGE_LOOP('',(#4418,#4419,#4420,#4421));
#1160=EDGE_LOOP('',(#4422,#4423,#4424,#4425));
#1161=EDGE_LOOP('',(#4426,#4427,#4428,#4429));
#1162=EDGE_LOOP('',(#4430,#4431,#4432,#4433));
#1163=EDGE_LOOP('',(#4434,#4435,#4436,#4437));
#1164=EDGE_LOOP('',(#4438,#4439,#4440,#4441));
#1165=EDGE_LOOP('',(#4442,#4443,#4444,#4445));
#1166=EDGE_LOOP('',(#4446,#4447,#4448,#4449));
#1167=EDGE_LOOP('',(#4450,#4451,#4452,#4453));
#1168=EDGE_LOOP('',(#4454,#4455,#4456,#4457));
#1169=EDGE_LOOP('',(#4458,#4459,#4460,#4461));
#1170=EDGE_LOOP('',(#4462,#4463,#4464,#4465));
#1171=EDGE_LOOP('',(#4466,#4467,#4468,#4469));
#1172=EDGE_LOOP('',(#4470,#4471,#4472,#4473));
#1173=EDGE_LOOP('',(#4474,#4475,#4476,#4477));
#1174=EDGE_LOOP('',(#4478,#4479,#4480,#4481));
#1175=EDGE_LOOP('',(#4482,#4483,#4484,#4485));
#1176=EDGE_LOOP('',(#4486,#4487,#4488,#4489));
#1177=EDGE_LOOP('',(#4490,#4491,#4492,#4493));
#1178=EDGE_LOOP('',(#4494,#4495,#4496,#4497));
#1179=EDGE_LOOP('',(#4498,#4499,#4500,#4501));
#1180=EDGE_LOOP('',(#4502,#4503,#4504,#4505));
#1181=EDGE_LOOP('',(#4506,#4507,#4508,#4509));
#1182=EDGE_LOOP('',(#4510,#4511,#4512,#4513,#4514,#4515,#4516,#4517,#4518));
#1183=EDGE_LOOP('',(#4519,#4520,#4521,#4522));
#1184=EDGE_LOOP('',(#4523,#4524,#4525,#4526));
#1185=EDGE_LOOP('',(#4527,#4528,#4529,#4530));
#1186=EDGE_LOOP('',(#4531,#4532,#4533,#4534,#4535,#4536,#4537,#4538,#4539));
#1187=EDGE_LOOP('',(#4540,#4541,#4542,#4543));
#1188=EDGE_LOOP('',(#4544,#4545,#4546,#4547));
#1189=EDGE_LOOP('',(#4548,#4549,#4550,#4551));
#1190=EDGE_LOOP('',(#4552,#4553,#4554,#4555));
#1191=EDGE_LOOP('',(#4556,#4557,#4558,#4559));
#1192=EDGE_LOOP('',(#4560,#4561,#4562,#4563));
#1193=EDGE_LOOP('',(#4564,#4565,#4566,#4567));
#1194=EDGE_LOOP('',(#4568,#4569,#4570,#4571));
#1195=EDGE_LOOP('',(#4572,#4573,#4574,#4575));
#1196=EDGE_LOOP('',(#4576,#4577,#4578,#4579));
#1197=EDGE_LOOP('',(#4580,#4581,#4582,#4583));
#1198=EDGE_LOOP('',(#4584,#4585,#4586,#4587));
#1199=EDGE_LOOP('',(#4588));
#1200=EDGE_LOOP('',(#4589,#4590,#4591,#4592,#4593,#4594,#4595,#4596,#4597,
#4598,#4599,#4600,#4601,#4602,#4603));
#1201=EDGE_LOOP('',(#4604,#4605,#4606,#4607));
#1202=EDGE_LOOP('',(#4608));
#1203=EDGE_LOOP('',(#4609));
#1204=EDGE_LOOP('',(#4610,#4611,#4612,#4613));
#1205=EDGE_LOOP('',(#4614,#4615,#4616,#4617));
#1206=EDGE_LOOP('',(#4618,#4619,#4620,#4621));
#1207=EDGE_LOOP('',(#4622));
#1208=EDGE_LOOP('',(#4623));
#1209=EDGE_LOOP('',(#4624));
#1210=EDGE_LOOP('',(#4625));
#1211=EDGE_LOOP('',(#4626,#4627,#4628,#4629));
#1212=EDGE_LOOP('',(#4630,#4631,#4632,#4633));
#1213=EDGE_LOOP('',(#4634,#4635,#4636,#4637));
#1214=EDGE_LOOP('',(#4638,#4639,#4640,#4641));
#1215=EDGE_LOOP('',(#4642,#4643,#4644,#4645));
#1216=EDGE_LOOP('',(#4646,#4647,#4648));
#1217=EDGE_LOOP('',(#4649,#4650,#4651,#4652));
#1218=EDGE_LOOP('',(#4653,#4654,#4655,#4656));
#1219=EDGE_LOOP('',(#4657,#4658,#4659,#4660));
#1220=EDGE_LOOP('',(#4661));
#1221=EDGE_LOOP('',(#4662,#4663,#4664));
#1222=EDGE_LOOP('',(#4665,#4666,#4667,#4668));
#1223=EDGE_LOOP('',(#4669,#4670,#4671,#4672));
#1224=EDGE_LOOP('',(#4673));
#1225=EDGE_LOOP('',(#4674));
#1226=EDGE_LOOP('',(#4675));
#1227=EDGE_LOOP('',(#4676));
#1228=EDGE_LOOP('',(#4677));
#1229=EDGE_LOOP('',(#4678,#4679,#4680,#4681));
#1230=EDGE_LOOP('',(#4682,#4683,#4684,#4685));
#1231=EDGE_LOOP('',(#4686,#4687,#4688,#4689));
#1232=EDGE_LOOP('',(#4690,#4691,#4692,#4693));
#1233=EDGE_LOOP('',(#4694,#4695,#4696,#4697));
#1234=EDGE_LOOP('',(#4698,#4699,#4700));
#1235=EDGE_LOOP('',(#4701,#4702,#4703,#4704));
#1236=EDGE_LOOP('',(#4705,#4706,#4707,#4708));
#1237=EDGE_LOOP('',(#4709,#4710,#4711,#4712));
#1238=EDGE_LOOP('',(#4713));
#1239=EDGE_LOOP('',(#4714,#4715,#4716));
#1240=EDGE_LOOP('',(#4717,#4718,#4719,#4720));
#1241=EDGE_LOOP('',(#4721,#4722,#4723,#4724));
#1242=EDGE_LOOP('',(#4725));
#1243=EDGE_LOOP('',(#4726));
#1244=EDGE_LOOP('',(#4727));
#1245=EDGE_LOOP('',(#4728));
#1246=EDGE_LOOP('',(#4729));
#1247=EDGE_LOOP('',(#4730,#4731,#4732,#4733));
#1248=EDGE_LOOP('',(#4734,#4735,#4736,#4737));
#1249=EDGE_LOOP('',(#4738,#4739,#4740,#4741));
#1250=EDGE_LOOP('',(#4742,#4743,#4744,#4745));
#1251=EDGE_LOOP('',(#4746,#4747,#4748,#4749));
#1252=EDGE_LOOP('',(#4750,#4751,#4752));
#1253=EDGE_LOOP('',(#4753,#4754,#4755,#4756));
#1254=EDGE_LOOP('',(#4757,#4758,#4759,#4760));
#1255=EDGE_LOOP('',(#4761,#4762,#4763,#4764));
#1256=EDGE_LOOP('',(#4765));
#1257=EDGE_LOOP('',(#4766,#4767,#4768));
#1258=EDGE_LOOP('',(#4769,#4770,#4771,#4772));
#1259=EDGE_LOOP('',(#4773,#4774,#4775,#4776));
#1260=EDGE_LOOP('',(#4777));
#1261=EDGE_LOOP('',(#4778));
#1262=EDGE_LOOP('',(#4779));
#1263=EDGE_LOOP('',(#4780));
#1264=EDGE_LOOP('',(#4781));
#1265=EDGE_LOOP('',(#4782,#4783,#4784,#4785));
#1266=EDGE_LOOP('',(#4786,#4787,#4788,#4789));
#1267=EDGE_LOOP('',(#4790,#4791,#4792,#4793));
#1268=EDGE_LOOP('',(#4794,#4795,#4796,#4797));
#1269=EDGE_LOOP('',(#4798,#4799,#4800,#4801));
#1270=EDGE_LOOP('',(#4802,#4803,#4804));
#1271=EDGE_LOOP('',(#4805,#4806,#4807,#4808));
#1272=EDGE_LOOP('',(#4809,#4810,#4811,#4812));
#1273=EDGE_LOOP('',(#4813,#4814,#4815,#4816));
#1274=EDGE_LOOP('',(#4817));
#1275=EDGE_LOOP('',(#4818,#4819,#4820));
#1276=EDGE_LOOP('',(#4821,#4822,#4823,#4824));
#1277=EDGE_LOOP('',(#4825,#4826,#4827,#4828));
#1278=EDGE_LOOP('',(#4829));
#1279=EDGE_LOOP('',(#4830));
#1280=EDGE_LOOP('',(#4831));
#1281=EDGE_LOOP('',(#4832));
#1282=EDGE_LOOP('',(#4833,#4834,#4835,#4836));
#1283=EDGE_LOOP('',(#4837,#4838,#4839,#4840));
#1284=EDGE_LOOP('',(#4841,#4842,#4843,#4844));
#1285=EDGE_LOOP('',(#4845,#4846,#4847,#4848));
#1286=EDGE_LOOP('',(#4849,#4850,#4851,#4852));
#1287=EDGE_LOOP('',(#4853,#4854,#4855,#4856,#4857,#4858,#4859,#4860,#4861,
#4862,#4863,#4864,#4865,#4866,#4867));
#1288=EDGE_LOOP('',(#4868,#4869,#4870,#4871));
#1289=EDGE_LOOP('',(#4872,#4873,#4874,#4875));
#1290=EDGE_LOOP('',(#4876,#4877,#4878,#4879));
#1291=EDGE_LOOP('',(#4880,#4881,#4882,#4883));
#1292=EDGE_LOOP('',(#4884,#4885,#4886,#4887));
#1293=EDGE_LOOP('',(#4888,#4889,#4890,#4891));
#1294=EDGE_LOOP('',(#4892,#4893,#4894,#4895));
#1295=EDGE_LOOP('',(#4896,#4897,#4898,#4899));
#1296=EDGE_LOOP('',(#4900,#4901,#4902,#4903));
#1297=EDGE_LOOP('',(#4904,#4905,#4906,#4907));
#1298=EDGE_LOOP('',(#4908,#4909,#4910,#4911,#4912,#4913,#4914,#4915,#4916,
#4917,#4918,#4919,#4920,#4921,#4922));
#1299=EDGE_LOOP('',(#4923,#4924,#4925,#4926,#4927,#4928,#4929,#4930,#4931,
#4932,#4933,#4934,#4935,#4936,#4937));
#1300=EDGE_LOOP('',(#4938,#4939,#4940,#4941));
#1301=EDGE_LOOP('',(#4942,#4943,#4944,#4945,#4946));
#1302=EDGE_LOOP('',(#4947,#4948,#4949,#4950));
#1303=EDGE_LOOP('',(#4951,#4952,#4953,#4954));
#1304=EDGE_LOOP('',(#4955,#4956,#4957,#4958));
#1305=EDGE_LOOP('',(#4959,#4960,#4961,#4962,#4963,#4964));
#1306=EDGE_LOOP('',(#4965,#4966,#4967,#4968));
#1307=EDGE_LOOP('',(#4969,#4970,#4971,#4972));
#1308=EDGE_LOOP('',(#4973,#4974,#4975,#4976));
#1309=EDGE_LOOP('',(#4977,#4978,#4979,#4980,#4981,#4982,#4983,#4984));
#1310=EDGE_LOOP('',(#4985,#4986,#4987,#4988));
#1311=EDGE_LOOP('',(#4989,#4990,#4991,#4992,#4993,#4994));
#1312=EDGE_LOOP('',(#4995,#4996,#4997,#4998,#4999,#5000));
#1313=EDGE_LOOP('',(#5001,#5002,#5003,#5004));
#1314=EDGE_LOOP('',(#5005,#5006,#5007,#5008));
#1315=EDGE_LOOP('',(#5009,#5010,#5011,#5012));
#1316=EDGE_LOOP('',(#5013,#5014,#5015,#5016));
#1317=EDGE_LOOP('',(#5017,#5018,#5019,#5020,#5021));
#1318=EDGE_LOOP('',(#5022,#5023,#5024,#5025));
#1319=EDGE_LOOP('',(#5026,#5027,#5028,#5029,#5030,#5031,#5032));
#1320=EDGE_LOOP('',(#5033,#5034,#5035,#5036));
#1321=EDGE_LOOP('',(#5037,#5038,#5039,#5040));
#1322=EDGE_LOOP('',(#5041,#5042,#5043,#5044));
#1323=EDGE_LOOP('',(#5045,#5046,#5047,#5048));
#1324=EDGE_LOOP('',(#5049,#5050,#5051,#5052));
#1325=EDGE_LOOP('',(#5053,#5054,#5055,#5056));
#1326=EDGE_LOOP('',(#5057,#5058,#5059,#5060));
#1327=EDGE_LOOP('',(#5061,#5062,#5063,#5064));
#1328=EDGE_LOOP('',(#5065,#5066,#5067,#5068,#5069));
#1329=EDGE_LOOP('',(#5070,#5071,#5072,#5073));
#1330=EDGE_LOOP('',(#5074,#5075,#5076,#5077));
#1331=EDGE_LOOP('',(#5078));
#1332=EDGE_LOOP('',(#5079,#5080,#5081,#5082));
#1333=EDGE_LOOP('',(#5083,#5084,#5085,#5086));
#1334=EDGE_LOOP('',(#5087));
#1335=EDGE_LOOP('',(#5088,#5089,#5090,#5091,#5092));
#1336=EDGE_LOOP('',(#5093,#5094,#5095,#5096));
#1337=EDGE_LOOP('',(#5097,#5098,#5099,#5100));
#1338=EDGE_LOOP('',(#5101));
#1339=EDGE_LOOP('',(#5102));
#1340=EDGE_LOOP('',(#5103));
#1341=EDGE_LOOP('',(#5104));
#1342=EDGE_LOOP('',(#5105,#5106,#5107,#5108));
#1343=EDGE_LOOP('',(#5109,#5110,#5111,#5112));
#1344=EDGE_LOOP('',(#5113,#5114,#5115,#5116));
#1345=EDGE_LOOP('',(#5117,#5118,#5119,#5120));
#1346=EDGE_LOOP('',(#5121,#5122,#5123,#5124));
#1347=EDGE_LOOP('',(#5125,#5126,#5127,#5128));
#1348=EDGE_LOOP('',(#5129,#5130,#5131,#5132));
#1349=EDGE_LOOP('',(#5133,#5134,#5135,#5136));
#1350=EDGE_LOOP('',(#5137,#5138,#5139,#5140));
#1351=EDGE_LOOP('',(#5141,#5142,#5143,#5144));
#1352=EDGE_LOOP('',(#5145,#5146,#5147,#5148));
#1353=EDGE_LOOP('',(#5149,#5150,#5151,#5152));
#1354=EDGE_LOOP('',(#5153,#5154,#5155,#5156));
#1355=EDGE_LOOP('',(#5157,#5158,#5159,#5160));
#1356=EDGE_LOOP('',(#5161,#5162,#5163,#5164));
#1357=EDGE_LOOP('',(#5165,#5166,#5167,#5168));
#1358=EDGE_LOOP('',(#5169,#5170,#5171,#5172));
#1359=EDGE_LOOP('',(#5173,#5174,#5175,#5176));
#1360=EDGE_LOOP('',(#5177,#5178,#5179,#5180));
#1361=EDGE_LOOP('',(#5181,#5182,#5183,#5184));
#1362=EDGE_LOOP('',(#5185,#5186,#5187,#5188));
#1363=EDGE_LOOP('',(#5189,#5190,#5191,#5192));
#1364=EDGE_LOOP('',(#5193,#5194,#5195,#5196));
#1365=EDGE_LOOP('',(#5197,#5198,#5199,#5200));
#1366=EDGE_LOOP('',(#5201,#5202,#5203,#5204));
#1367=EDGE_LOOP('',(#5205,#5206,#5207,#5208));
#1368=EDGE_LOOP('',(#5209,#5210,#5211,#5212));
#1369=EDGE_LOOP('',(#5213));
#1370=EDGE_LOOP('',(#5214,#5215,#5216,#5217));
#1371=EDGE_LOOP('',(#5218,#5219,#5220,#5221));
#1372=EDGE_LOOP('',(#5222));
#1373=EDGE_LOOP('',(#5223,#5224,#5225,#5226));
#1374=EDGE_LOOP('',(#5227,#5228,#5229,#5230));
#1375=EDGE_LOOP('',(#5231,#5232,#5233,#5234));
#1376=EDGE_LOOP('',(#5235,#5236,#5237,#5238));
#1377=EDGE_LOOP('',(#5239,#5240,#5241,#5242));
#1378=EDGE_LOOP('',(#5243));
#1379=EDGE_LOOP('',(#5244));
#1380=EDGE_LOOP('',(#5245));
#1381=EDGE_LOOP('',(#5246));
#1382=EDGE_LOOP('',(#5247,#5248,#5249,#5250));
#1383=EDGE_LOOP('',(#5251,#5252,#5253,#5254));
#1384=EDGE_LOOP('',(#5255,#5256,#5257,#5258));
#1385=EDGE_LOOP('',(#5259,#5260,#5261,#5262));
#1386=EDGE_LOOP('',(#5263,#5264,#5265,#5266));
#1387=EDGE_LOOP('',(#5267,#5268,#5269));
#1388=EDGE_LOOP('',(#5270,#5271,#5272,#5273));
#1389=EDGE_LOOP('',(#5274));
#1390=EDGE_LOOP('',(#5275,#5276,#5277,#5278));
#1391=EDGE_LOOP('',(#5279,#5280,#5281,#5282));
#1392=EDGE_LOOP('',(#5283));
#1393=EDGE_LOOP('',(#5284,#5285,#5286));
#1394=EDGE_LOOP('',(#5287,#5288,#5289,#5290));
#1395=EDGE_LOOP('',(#5291,#5292,#5293,#5294));
#1396=EDGE_LOOP('',(#5295));
#1397=EDGE_LOOP('',(#5296));
#1398=EDGE_LOOP('',(#5297));
#1399=EDGE_LOOP('',(#5298));
#1400=EDGE_LOOP('',(#5299,#5300,#5301,#5302));
#1401=EDGE_LOOP('',(#5303,#5304,#5305,#5306));
#1402=EDGE_LOOP('',(#5307,#5308,#5309,#5310));
#1403=EDGE_LOOP('',(#5311,#5312,#5313,#5314));
#1404=EDGE_LOOP('',(#5315,#5316,#5317,#5318));
#1405=EDGE_LOOP('',(#5319,#5320,#5321,#5322));
#1406=EDGE_LOOP('',(#5323));
#1407=EDGE_LOOP('',(#5324,#5325,#5326,#5327,#5328));
#1408=EDGE_LOOP('',(#5329,#5330,#5331,#5332,#5333));
#1409=EDGE_LOOP('',(#5334));
#1410=EDGE_LOOP('',(#5335,#5336,#5337,#5338));
#1411=EDGE_LOOP('',(#5339,#5340,#5341,#5342));
#1412=EDGE_LOOP('',(#5343));
#1413=EDGE_LOOP('',(#5344));
#1414=EDGE_LOOP('',(#5345));
#1415=EDGE_LOOP('',(#5346));
#1416=EDGE_LOOP('',(#5347,#5348,#5349,#5350));
#1417=EDGE_LOOP('',(#5351,#5352,#5353,#5354));
#1418=EDGE_LOOP('',(#5355,#5356,#5357,#5358));
#1419=EDGE_LOOP('',(#5359,#5360,#5361,#5362));
#1420=EDGE_LOOP('',(#5363,#5364,#5365,#5366));
#1421=EDGE_LOOP('',(#5367,#5368,#5369,#5370));
#1422=EDGE_LOOP('',(#5371,#5372,#5373,#5374));
#1423=EDGE_LOOP('',(#5375,#5376,#5377,#5378));
#1424=EDGE_LOOP('',(#5379,#5380,#5381,#5382));
#1425=EDGE_LOOP('',(#5383,#5384,#5385,#5386));
#1426=EDGE_LOOP('',(#5387,#5388,#5389,#5390));
#1427=EDGE_LOOP('',(#5391,#5392,#5393,#5394));
#1428=EDGE_LOOP('',(#5395,#5396,#5397,#5398,#5399,#5400,#5401,#5402,#5403,
#5404,#5405,#5406));
#1429=EDGE_LOOP('',(#5407,#5408,#5409,#5410));
#1430=EDGE_LOOP('',(#5411));
#1431=EDGE_LOOP('',(#5412,#5413,#5414,#5415,#5416));
#1432=EDGE_LOOP('',(#5417,#5418,#5419,#5420,#5421));
#1433=EDGE_LOOP('',(#5422));
#1434=EDGE_LOOP('',(#5423,#5424,#5425,#5426,#5427,#5428,#5429,#5430,#5431,
#5432,#5433,#5434));
#1435=EDGE_LOOP('',(#5435,#5436,#5437,#5438));
#1436=EDGE_LOOP('',(#5439));
#1437=EDGE_LOOP('',(#5440));
#1438=EDGE_LOOP('',(#5441));
#1439=EDGE_LOOP('',(#5442));
#1440=EDGE_LOOP('',(#5443,#5444,#5445,#5446));
#1441=EDGE_LOOP('',(#5447,#5448,#5449,#5450));
#1442=EDGE_LOOP('',(#5451,#5452,#5453,#5454));
#1443=EDGE_LOOP('',(#5455,#5456,#5457,#5458));
#1444=EDGE_LOOP('',(#5459,#5460,#5461,#5462));
#1445=EDGE_LOOP('',(#5463,#5464,#5465,#5466));
#1446=EDGE_LOOP('',(#5467,#5468,#5469,#5470));
#1447=EDGE_LOOP('',(#5471,#5472,#5473,#5474));
#1448=EDGE_LOOP('',(#5475,#5476,#5477,#5478));
#1449=EDGE_LOOP('',(#5479,#5480,#5481,#5482));
#1450=EDGE_LOOP('',(#5483,#5484,#5485,#5486));
#1451=EDGE_LOOP('',(#5487));
#1452=EDGE_LOOP('',(#5488,#5489,#5490,#5491,#5492));
#1453=EDGE_LOOP('',(#5493,#5494,#5495,#5496,#5497));
#1454=EDGE_LOOP('',(#5498));
#1455=EDGE_LOOP('',(#5499,#5500,#5501,#5502));
#1456=EDGE_LOOP('',(#5503,#5504,#5505,#5506));
#1457=EDGE_LOOP('',(#5507,#5508,#5509,#5510));
#1458=EDGE_LOOP('',(#5511));
#1459=EDGE_LOOP('',(#5512));
#1460=EDGE_LOOP('',(#5513));
#1461=EDGE_LOOP('',(#5514));
#1462=ELLIPSE('',#6124,0.052090238521241,0.025);
#1463=ELLIPSE('',#6125,0.0286612278343137,0.025);
#1464=ELLIPSE('',#6127,0.0298497143615228,0.025);
#1465=ELLIPSE('',#6129,0.0529063505038239,0.025);
#1466=ELLIPSE('',#6131,0.0284932314503725,0.025);
#1467=ELLIPSE('',#6133,0.0462745337796156,0.025);
#1468=ELLIPSE('',#6135,0.0284823646697028,0.025);
#1469=ELLIPSE('',#6137,0.052580219183913,0.025);
#1470=ELLIPSE('',#6139,0.0298344407588853,0.025);
#1471=ELLIPSE('',#6141,0.0523337182819348,0.025);
#1472=ELLIPSE('',#6143,0.0285876442766019,0.025);
#1473=ELLIPSE('',#6145,0.0475649432848494,0.025);
#1474=ELLIPSE('',#6176,0.0288338872776691,0.025);
#1475=ELLIPSE('',#6177,0.0492739814209185,0.025);
#1476=ELLIPSE('',#6179,0.0518518039761542,0.025);
#1477=ELLIPSE('',#6181,0.0260303420462468,0.025);
#1478=ELLIPSE('',#6183,0.035355339059318,0.025);
#1479=ELLIPSE('',#6185,0.0353553390593368,0.025);
#1480=ELLIPSE('',#6187,0.0260280157340204,0.025);
#1481=ELLIPSE('',#6189,0.0518227737479431,0.025);
#1482=ELLIPSE('',#6191,0.0287601177656798,0.025);
#1483=ELLIPSE('',#6219,0.043586180408881,0.025);
#1484=ELLIPSE('',#6220,0.0724507546344319,0.025);
#1485=ELLIPSE('',#6222,0.0437889436138535,0.025);
#1486=ELLIPSE('',#6228,0.0305250947916778,0.025);
#1487=ELLIPSE('',#6229,0.0305250947917048,0.025);
#1488=ELLIPSE('',#6231,0.0442959289654776,0.025);
#1489=ELLIPSE('',#6233,0.0302842704738799,0.025);
#1490=ELLIPSE('',#6235,0.0301871805377031,0.025);
#1491=ELLIPSE('',#6237,0.0446044075663211,0.025);
#1492=ELLIPSE('',#6239,0.0303304350805506,0.025);
#1493=ELLIPSE('',#6241,0.0303304350805312,0.025);
#1494=ELLIPSE('',#6270,0.0353553390593368,0.025);
#1495=ELLIPSE('',#6272,0.035355339059318,0.025);
#1496=ELLIPSE('',#6277,0.0353553390593368,0.025);
#1497=ELLIPSE('',#6279,0.035355339059318,0.025);
#1498=ELLIPSE('',#6283,0.0353553390593368,0.025);
#1499=ELLIPSE('',#6285,0.035355339059318,0.025);
#1500=ELLIPSE('',#6315,0.0500000000000076,0.025);
#1501=ELLIPSE('',#6316,0.0499999999999779,0.025);
#1502=ELLIPSE('',#6318,0.0500000000000111,0.025);
#1503=ELLIPSE('',#6340,0.050000000000037,0.025);
#1504=ELLIPSE('',#6341,0.050000000000002,0.025);
#1505=ELLIPSE('',#6343,0.0500000000000014,0.025);
#1506=ELLIPSE('',#6365,0.0500000000000276,0.025);
#1507=ELLIPSE('',#6366,0.0500000000000042,0.025);
#1508=ELLIPSE('',#6368,0.0499999999999851,0.025);
#1509=ELLIPSE('',#6390,0.0499999999999914,0.025);
#1510=ELLIPSE('',#6391,0.0500000000000222,0.025);
#1511=ELLIPSE('',#6393,0.049999999999989,0.025);
#1512=ELLIPSE('',#6467,0.0707106781186653,0.05);
#1513=ELLIPSE('',#6468,0.0541196100146196,0.05);
#1514=ELLIPSE('',#6470,0.0541196100146199,0.05);
#1515=ELLIPSE('',#6472,0.0707106781186477,0.05);
#1516=ELLIPSE('',#6474,0.0707106781186611,0.05);
#1517=ELLIPSE('',#6498,0.0707106781186477,0.05);
#1518=ELLIPSE('',#6499,0.0707106781186618,0.05);
#1519=ELLIPSE('',#6501,0.070710678118661,0.05);
#1520=ELLIPSE('',#6503,0.0707106781186485,0.05);
#1521=ELLIPSE('',#6509,0.0707106781186485,0.05);
#1522=ELLIPSE('',#6510,0.0707106781186611,0.05);
#1523=ELLIPSE('',#6512,0.0707106781186618,0.05);
#1524=ELLIPSE('',#6514,0.070710678118648,0.05);
#1525=ELLIPSE('',#6520,0.070710678118661,0.05);
#1526=ELLIPSE('',#6521,0.0707106781186474,0.05);
#1527=ELLIPSE('',#6523,0.0707106781186485,0.05);
#1528=ELLIPSE('',#6525,0.0707106781186618,0.05);
#1529=ELLIPSE('',#6552,0.0999999999999828,0.05);
#1530=ELLIPSE('',#6553,0.0999999999999877,0.05);
#1531=ELLIPSE('',#6555,0.100000000000001,0.05);
#1532=LINE('',#8291,#2044);
#1533=LINE('',#8295,#2045);
#1534=LINE('',#8299,#2046);
#1535=LINE('',#8302,#2047);
#1536=LINE('',#8305,#2048);
#1537=LINE('',#8308,#2049);
#1538=LINE('',#8311,#2050);
#1539=LINE('',#8314,#2051);
#1540=LINE('',#8317,#2052);
#1541=LINE('',#8320,#2053);
#1542=LINE('',#8323,#2054);
#1543=LINE('',#8326,#2055);
#1544=LINE('',#8329,#2056);
#1545=LINE('',#8332,#2057);
#1546=LINE('',#8335,#2058);
#1547=LINE('',#8337,#2059);
#1548=LINE('',#8341,#2060);
#1549=LINE('',#8343,#2061);
#1550=LINE('',#8347,#2062);
#1551=LINE('',#8349,#2063);
#1552=LINE('',#8353,#2064);
#1553=LINE('',#8355,#2065);
#1554=LINE('',#8358,#2066);
#1555=LINE('',#8359,#2067);
#1556=LINE('',#8362,#2068);
#1557=LINE('',#8364,#2069);
#1558=LINE('',#8365,#2070);
#1559=LINE('',#8368,#2071);
#1560=LINE('',#8369,#2072);
#1561=LINE('',#8372,#2073);
#1562=LINE('',#8373,#2074);
#1563=LINE('',#8376,#2075);
#1564=LINE('',#8377,#2076);
#1565=LINE('',#8380,#2077);
#1566=LINE('',#8381,#2078);
#1567=LINE('',#8384,#2079);
#1568=LINE('',#8385,#2080);
#1569=LINE('',#8389,#2081);
#1570=LINE('',#8390,#2082);
#1571=LINE('',#8393,#2083);
#1572=LINE('',#8394,#2084);
#1573=LINE('',#8397,#2085);
#1574=LINE('',#8398,#2086);
#1575=LINE('',#8401,#2087);
#1576=LINE('',#8402,#2088);
#1577=LINE('',#8405,#2089);
#1578=LINE('',#8406,#2090);
#1579=LINE('',#8408,#2091);
#1580=LINE('',#8413,#2092);
#1581=LINE('',#8451,#2093);
#1582=LINE('',#8457,#2094);
#1583=LINE('',#8464,#2095);
#1584=LINE('',#8468,#2096);
#1585=LINE('',#8472,#2097);
#1586=LINE('',#8475,#2098);
#1587=LINE('',#8478,#2099);
#1588=LINE('',#8481,#2100);
#1589=LINE('',#8484,#2101);
#1590=LINE('',#8487,#2102);
#1591=LINE('',#8490,#2103);
#1592=LINE('',#8493,#2104);
#1593=LINE('',#8496,#2105);
#1594=LINE('',#8498,#2106);
#1595=LINE('',#8502,#2107);
#1596=LINE('',#8504,#2108);
#1597=LINE('',#8508,#2109);
#1598=LINE('',#8510,#2110);
#1599=LINE('',#8513,#2111);
#1600=LINE('',#8514,#2112);
#1601=LINE('',#8517,#2113);
#1602=LINE('',#8519,#2114);
#1603=LINE('',#8520,#2115);
#1604=LINE('',#8523,#2116);
#1605=LINE('',#8524,#2117);
#1606=LINE('',#8527,#2118);
#1607=LINE('',#8528,#2119);
#1608=LINE('',#8531,#2120);
#1609=LINE('',#8532,#2121);
#1610=LINE('',#8535,#2122);
#1611=LINE('',#8536,#2123);
#1612=LINE('',#8540,#2124);
#1613=LINE('',#8541,#2125);
#1614=LINE('',#8544,#2126);
#1615=LINE('',#8545,#2127);
#1616=LINE('',#8548,#2128);
#1617=LINE('',#8549,#2129);
#1618=LINE('',#8551,#2130);
#1619=LINE('',#8559,#2131);
#1620=LINE('',#8595,#2132);
#1621=LINE('',#8600,#2133);
#1622=LINE('',#8607,#2134);
#1623=LINE('',#8611,#2135);
#1624=LINE('',#8615,#2136);
#1625=LINE('',#8618,#2137);
#1626=LINE('',#8620,#2138);
#1627=LINE('',#8621,#2139);
#1628=LINE('',#8624,#2140);
#1629=LINE('',#8626,#2141);
#1630=LINE('',#8627,#2142);
#1631=LINE('',#8630,#2143);
#1632=LINE('',#8631,#2144);
#1633=LINE('',#8635,#2145);
#1634=LINE('',#8637,#2146);
#1635=LINE('',#8639,#2147);
#1636=LINE('',#8641,#2148);
#1637=LINE('',#8643,#2149);
#1638=LINE('',#8645,#2150);
#1639=LINE('',#8647,#2151);
#1640=LINE('',#8648,#2152);
#1641=LINE('',#8653,#2153);
#1642=LINE('',#8658,#2154);
#1643=LINE('',#8662,#2155);
#1644=LINE('',#8666,#2156);
#1645=LINE('',#8670,#2157);
#1646=LINE('',#8673,#2158);
#1647=LINE('',#8677,#2159);
#1648=LINE('',#8680,#2160);
#1649=LINE('',#8683,#2161);
#1650=LINE('',#8685,#2162);
#1651=LINE('',#8691,#2163);
#1652=LINE('',#8694,#2164);
#1653=LINE('',#8695,#2165);
#1654=LINE('',#8698,#2166);
#1655=LINE('',#8699,#2167);
#1656=LINE('',#8702,#2168);
#1657=LINE('',#8703,#2169);
#1658=LINE('',#8705,#2170);
#1659=LINE('',#8714,#2171);
#1660=LINE('',#8715,#2172);
#1661=LINE('',#8718,#2173);
#1662=LINE('',#8719,#2174);
#1663=LINE('',#8722,#2175);
#1664=LINE('',#8723,#2176);
#1665=LINE('',#8725,#2177);
#1666=LINE('',#8764,#2178);
#1667=LINE('',#8770,#2179);
#1668=LINE('',#8775,#2180);
#1669=LINE('',#9255,#2181);
#1670=LINE('',#9258,#2182);
#1671=LINE('',#9261,#2183);
#1672=LINE('',#9263,#2184);
#1673=LINE('',#9320,#2185);
#1674=LINE('',#9321,#2186);
#1675=LINE('',#9333,#2187);
#1676=LINE('',#9342,#2188);
#1677=LINE('',#9354,#2189);
#1678=LINE('',#9373,#2190);
#1679=LINE('',#9392,#2191);
#1680=LINE('',#9402,#2192);
#1681=LINE('',#9403,#2193);
#1682=LINE('',#9414,#2194);
#1683=LINE('',#9416,#2195);
#1684=LINE('',#9418,#2196);
#1685=LINE('',#9501,#2197);
#1686=LINE('',#9565,#2198);
#1687=LINE('',#9566,#2199);
#1688=LINE('',#9848,#2200);
#1689=LINE('',#9851,#2201);
#1690=LINE('',#9900,#2202);
#1691=LINE('',#10053,#2203);
#1692=LINE('',#10062,#2204);
#1693=LINE('',#10074,#2205);
#1694=LINE('',#10093,#2206);
#1695=LINE('',#10112,#2207);
#1696=LINE('',#10122,#2208);
#1697=LINE('',#10123,#2209);
#1698=LINE('',#10637,#2210);
#1699=LINE('',#10641,#2211);
#1700=LINE('',#10716,#2212);
#1701=LINE('',#10836,#2213);
#1702=LINE('',#10845,#2214);
#1703=LINE('',#10857,#2215);
#1704=LINE('',#10876,#2216);
#1705=LINE('',#10895,#2217);
#1706=LINE('',#10905,#2218);
#1707=LINE('',#10906,#2219);
#1708=LINE('',#10909,#2220);
#1709=LINE('',#10910,#2221);
#1710=LINE('',#10913,#2222);
#1711=LINE('',#10914,#2223);
#1712=LINE('',#10926,#2224);
#1713=LINE('',#10936,#2225);
#1714=LINE('',#10938,#2226);
#1715=LINE('',#10964,#2227);
#1716=LINE('',#10975,#2228);
#1717=LINE('',#10977,#2229);
#1718=LINE('',#10980,#2230);
#1719=LINE('',#10982,#2231);
#1720=LINE('',#11008,#2232);
#1721=LINE('',#11019,#2233);
#1722=LINE('',#11021,#2234);
#1723=LINE('',#11033,#2235);
#1724=LINE('',#11041,#2236);
#1725=LINE('',#11060,#2237);
#1726=LINE('',#11079,#2238);
#1727=LINE('',#11108,#2239);
#1728=LINE('',#11127,#2240);
#1729=LINE('',#11161,#2241);
#1730=LINE('',#11197,#2242);
#1731=LINE('',#11202,#2243);
#1732=LINE('',#11213,#2244);
#1733=LINE('',#11217,#2245);
#1734=LINE('',#11221,#2246);
#1735=LINE('',#11224,#2247);
#1736=LINE('',#11226,#2248);
#1737=LINE('',#11227,#2249);
#1738=LINE('',#11230,#2250);
#1739=LINE('',#11232,#2251);
#1740=LINE('',#11233,#2252);
#1741=LINE('',#11236,#2253);
#1742=LINE('',#11237,#2254);
#1743=LINE('',#11240,#2255);
#1744=LINE('',#11275,#2256);
#1745=LINE('',#11281,#2257);
#1746=LINE('',#11286,#2258);
#1747=LINE('',#11296,#2259);
#1748=LINE('',#11300,#2260);
#1749=LINE('',#11304,#2261);
#1750=LINE('',#11307,#2262);
#1751=LINE('',#11309,#2263);
#1752=LINE('',#11310,#2264);
#1753=LINE('',#11313,#2265);
#1754=LINE('',#11315,#2266);
#1755=LINE('',#11316,#2267);
#1756=LINE('',#11319,#2268);
#1757=LINE('',#11320,#2269);
#1758=LINE('',#11323,#2270);
#1759=LINE('',#11358,#2271);
#1760=LINE('',#11364,#2272);
#1761=LINE('',#11369,#2273);
#1762=LINE('',#11379,#2274);
#1763=LINE('',#11383,#2275);
#1764=LINE('',#11387,#2276);
#1765=LINE('',#11390,#2277);
#1766=LINE('',#11392,#2278);
#1767=LINE('',#11393,#2279);
#1768=LINE('',#11396,#2280);
#1769=LINE('',#11398,#2281);
#1770=LINE('',#11399,#2282);
#1771=LINE('',#11402,#2283);
#1772=LINE('',#11403,#2284);
#1773=LINE('',#11406,#2285);
#1774=LINE('',#11441,#2286);
#1775=LINE('',#11447,#2287);
#1776=LINE('',#11452,#2288);
#1777=LINE('',#11462,#2289);
#1778=LINE('',#11466,#2290);
#1779=LINE('',#11470,#2291);
#1780=LINE('',#11473,#2292);
#1781=LINE('',#11475,#2293);
#1782=LINE('',#11476,#2294);
#1783=LINE('',#11479,#2295);
#1784=LINE('',#11481,#2296);
#1785=LINE('',#11482,#2297);
#1786=LINE('',#11485,#2298);
#1787=LINE('',#11486,#2299);
#1788=LINE('',#11489,#2300);
#1789=LINE('',#11524,#2301);
#1790=LINE('',#11530,#2302);
#1791=LINE('',#11535,#2303);
#1792=LINE('',#11543,#2304);
#1793=LINE('',#11545,#2305);
#1794=LINE('',#11547,#2306);
#1795=LINE('',#11548,#2307);
#1796=LINE('',#11551,#2308);
#1797=LINE('',#11553,#2309);
#1798=LINE('',#11554,#2310);
#1799=LINE('',#11557,#2311);
#1800=LINE('',#11559,#2312);
#1801=LINE('',#11560,#2313);
#1802=LINE('',#11563,#2314);
#1803=LINE('',#11565,#2315);
#1804=LINE('',#11566,#2316);
#1805=LINE('',#11569,#2317);
#1806=LINE('',#11571,#2318);
#1807=LINE('',#11572,#2319);
#1808=LINE('',#11576,#2320);
#1809=LINE('',#11578,#2321);
#1810=LINE('',#11580,#2322);
#1811=LINE('',#11582,#2323);
#1812=LINE('',#11586,#2324);
#1813=LINE('',#11590,#2325);
#1814=LINE('',#11591,#2326);
#1815=LINE('',#11595,#2327);
#1816=LINE('',#11596,#2328);
#1817=LINE('',#11599,#2329);
#1818=LINE('',#11600,#2330);
#1819=LINE('',#11604,#2331);
#1820=LINE('',#11607,#2332);
#1821=LINE('',#11608,#2333);
#1822=LINE('',#11612,#2334);
#1823=LINE('',#11615,#2335);
#1824=LINE('',#11616,#2336);
#1825=LINE('',#11619,#2337);
#1826=LINE('',#11620,#2338);
#1827=LINE('',#11623,#2339);
#1828=LINE('',#11624,#2340);
#1829=LINE('',#11627,#2341);
#1830=LINE('',#11628,#2342);
#1831=LINE('',#11637,#2343);
#1832=LINE('',#11639,#2344);
#1833=LINE('',#11641,#2345);
#1834=LINE('',#11643,#2346);
#1835=LINE('',#11645,#2347);
#1836=LINE('',#11647,#2348);
#1837=LINE('',#11649,#2349);
#1838=LINE('',#11653,#2350);
#1839=LINE('',#11655,#2351);
#1840=LINE('',#11657,#2352);
#1841=LINE('',#11659,#2353);
#1842=LINE('',#11662,#2354);
#1843=LINE('',#11665,#2355);
#1844=LINE('',#11667,#2356);
#1845=LINE('',#11668,#2357);
#1846=LINE('',#11671,#2358);
#1847=LINE('',#11673,#2359);
#1848=LINE('',#11674,#2360);
#1849=LINE('',#11677,#2361);
#1850=LINE('',#11678,#2362);
#1851=LINE('',#11681,#2363);
#1852=LINE('',#11682,#2364);
#1853=LINE('',#11685,#2365);
#1854=LINE('',#11686,#2366);
#1855=LINE('',#11689,#2367);
#1856=LINE('',#11691,#2368);
#1857=LINE('',#11693,#2369);
#1858=LINE('',#11694,#2370);
#1859=LINE('',#11697,#2371);
#1860=LINE('',#11698,#2372);
#1861=LINE('',#11702,#2373);
#1862=LINE('',#11706,#2374);
#1863=LINE('',#11709,#2375);
#1864=LINE('',#11710,#2376);
#1865=LINE('',#11714,#2377);
#1866=LINE('',#11717,#2378);
#1867=LINE('',#11721,#2379);
#1868=LINE('',#11722,#2380);
#1869=LINE('',#11725,#2381);
#1870=LINE('',#11729,#2382);
#1871=LINE('',#11730,#2383);
#1872=LINE('',#11733,#2384);
#1873=LINE('',#11734,#2385);
#1874=LINE('',#11737,#2386);
#1875=LINE('',#11738,#2387);
#1876=LINE('',#11740,#2388);
#1877=LINE('',#11741,#2389);
#1878=LINE('',#11748,#2390);
#1879=LINE('',#11752,#2391);
#1880=LINE('',#11756,#2392);
#1881=LINE('',#11759,#2393);
#1882=LINE('',#11762,#2394);
#1883=LINE('',#11765,#2395);
#1884=LINE('',#11768,#2396);
#1885=LINE('',#11770,#2397);
#1886=LINE('',#11773,#2398);
#1887=LINE('',#11774,#2399);
#1888=LINE('',#11777,#2400);
#1889=LINE('',#11779,#2401);
#1890=LINE('',#11780,#2402);
#1891=LINE('',#11783,#2403);
#1892=LINE('',#11784,#2404);
#1893=LINE('',#11787,#2405);
#1894=LINE('',#11788,#2406);
#1895=LINE('',#11792,#2407);
#1896=LINE('',#11793,#2408);
#1897=LINE('',#11795,#2409);
#1898=LINE('',#11833,#2410);
#1899=LINE('',#11839,#2411);
#1900=LINE('',#11844,#2412);
#1901=LINE('',#11851,#2413);
#1902=LINE('',#11855,#2414);
#1903=LINE('',#11859,#2415);
#1904=LINE('',#11862,#2416);
#1905=LINE('',#11865,#2417);
#1906=LINE('',#11868,#2418);
#1907=LINE('',#11870,#2419);
#1908=LINE('',#11871,#2420);
#1909=LINE('',#11874,#2421);
#1910=LINE('',#11876,#2422);
#1911=LINE('',#11877,#2423);
#1912=LINE('',#11880,#2424);
#1913=LINE('',#11881,#2425);
#1914=LINE('',#11886,#2426);
#1915=LINE('',#11890,#2427);
#1916=LINE('',#11894,#2428);
#1917=LINE('',#11897,#2429);
#1918=LINE('',#11900,#2430);
#1919=LINE('',#11903,#2431);
#1920=LINE('',#11905,#2432);
#1921=LINE('',#11906,#2433);
#1922=LINE('',#11909,#2434);
#1923=LINE('',#11911,#2435);
#1924=LINE('',#11912,#2436);
#1925=LINE('',#11915,#2437);
#1926=LINE('',#11916,#2438);
#1927=LINE('',#11921,#2439);
#1928=LINE('',#11925,#2440);
#1929=LINE('',#11929,#2441);
#1930=LINE('',#11932,#2442);
#1931=LINE('',#11935,#2443);
#1932=LINE('',#11938,#2444);
#1933=LINE('',#11940,#2445);
#1934=LINE('',#11941,#2446);
#1935=LINE('',#11944,#2447);
#1936=LINE('',#11946,#2448);
#1937=LINE('',#11947,#2449);
#1938=LINE('',#11950,#2450);
#1939=LINE('',#11951,#2451);
#1940=LINE('',#11955,#2452);
#1941=LINE('',#11956,#2453);
#1942=LINE('',#11958,#2454);
#1943=LINE('',#11961,#2455);
#1944=LINE('',#11962,#2456);
#1945=LINE('',#11964,#2457);
#1946=LINE('',#11967,#2458);
#1947=LINE('',#11968,#2459);
#1948=LINE('',#11970,#2460);
#1949=LINE('',#12008,#2461);
#1950=LINE('',#12014,#2462);
#1951=LINE('',#12019,#2463);
#1952=LINE('',#12026,#2464);
#1953=LINE('',#12030,#2465);
#1954=LINE('',#12034,#2466);
#1955=LINE('',#12037,#2467);
#1956=LINE('',#12039,#2468);
#1957=LINE('',#12040,#2469);
#1958=LINE('',#12043,#2470);
#1959=LINE('',#12045,#2471);
#1960=LINE('',#12046,#2472);
#1961=LINE('',#12049,#2473);
#1962=LINE('',#12050,#2474);
#1963=LINE('',#12053,#2475);
#1964=LINE('',#12091,#2476);
#1965=LINE('',#12097,#2477);
#1966=LINE('',#12102,#2478);
#1967=LINE('',#12111,#2479);
#1968=LINE('',#12113,#2480);
#1969=LINE('',#12115,#2481);
#1970=LINE('',#12116,#2482);
#1971=LINE('',#12119,#2483);
#1972=LINE('',#12121,#2484);
#1973=LINE('',#12122,#2485);
#1974=LINE('',#12125,#2486);
#1975=LINE('',#12127,#2487);
#1976=LINE('',#12128,#2488);
#1977=LINE('',#12130,#2489);
#1978=LINE('',#12131,#2490);
#1979=LINE('',#12137,#2491);
#1980=LINE('',#12150,#2492);
#1981=LINE('',#12157,#2493);
#1982=LINE('',#12165,#2494);
#1983=LINE('',#12167,#2495);
#1984=LINE('',#12169,#2496);
#1985=LINE('',#12170,#2497);
#1986=LINE('',#12173,#2498);
#1987=LINE('',#12175,#2499);
#1988=LINE('',#12176,#2500);
#1989=LINE('',#12179,#2501);
#1990=LINE('',#12181,#2502);
#1991=LINE('',#12182,#2503);
#1992=LINE('',#12185,#2504);
#1993=LINE('',#12187,#2505);
#1994=LINE('',#12188,#2506);
#1995=LINE('',#12191,#2507);
#1996=LINE('',#12193,#2508);
#1997=LINE('',#12194,#2509);
#1998=LINE('',#12197,#2510);
#1999=LINE('',#12199,#2511);
#2000=LINE('',#12200,#2512);
#2001=LINE('',#12203,#2513);
#2002=LINE('',#12205,#2514);
#2003=LINE('',#12206,#2515);
#2004=LINE('',#12209,#2516);
#2005=LINE('',#12211,#2517);
#2006=LINE('',#12212,#2518);
#2007=LINE('',#12215,#2519);
#2008=LINE('',#12217,#2520);
#2009=LINE('',#12218,#2521);
#2010=LINE('',#12221,#2522);
#2011=LINE('',#12223,#2523);
#2012=LINE('',#12224,#2524);
#2013=LINE('',#12227,#2525);
#2014=LINE('',#12229,#2526);
#2015=LINE('',#12230,#2527);
#2016=LINE('',#12232,#2528);
#2017=LINE('',#12233,#2529);
#2018=LINE('',#12239,#2530);
#2019=LINE('',#12252,#2531);
#2020=LINE('',#12259,#2532);
#2021=LINE('',#12267,#2533);
#2022=LINE('',#12269,#2534);
#2023=LINE('',#12271,#2535);
#2024=LINE('',#12272,#2536);
#2025=LINE('',#12275,#2537);
#2026=LINE('',#12277,#2538);
#2027=LINE('',#12278,#2539);
#2028=LINE('',#12281,#2540);
#2029=LINE('',#12283,#2541);
#2030=LINE('',#12284,#2542);
#2031=LINE('',#12286,#2543);
#2032=LINE('',#12287,#2544);
#2033=LINE('',#12292,#2545);
#2034=LINE('',#12294,#2546);
#2035=LINE('',#12296,#2547);
#2036=LINE('',#12297,#2548);
#2037=LINE('',#12303,#2549);
#2038=LINE('',#12306,#2550);
#2039=LINE('',#12308,#2551);
#2040=LINE('',#12309,#2552);
#2041=LINE('',#12318,#2553);
#2042=LINE('',#12331,#2554);
#2043=LINE('',#12338,#2555);
#2044=VECTOR('',#6678,10.);
#2045=VECTOR('',#6681,10.);
#2046=VECTOR('',#6686,10.);
#2047=VECTOR('',#6689,10.);
#2048=VECTOR('',#6692,10.);
#2049=VECTOR('',#6695,10.);
#2050=VECTOR('',#6698,10.);
#2051=VECTOR('',#6701,10.);
#2052=VECTOR('',#6704,10.);
#2053=VECTOR('',#6707,10.);
#2054=VECTOR('',#6710,10.);
#2055=VECTOR('',#6713,10.);
#2056=VECTOR('',#6716,10.);
#2057=VECTOR('',#6719,10.);
#2058=VECTOR('',#6722,10.);
#2059=VECTOR('',#6723,10.);
#2060=VECTOR('',#6728,10.);
#2061=VECTOR('',#6729,10.);
#2062=VECTOR('',#6734,10.);
#2063=VECTOR('',#6735,10.);
#2064=VECTOR('',#6740,10.);
#2065=VECTOR('',#6741,10.);
#2066=VECTOR('',#6746,10.);
#2067=VECTOR('',#6747,10.);
#2068=VECTOR('',#6750,10.);
#2069=VECTOR('',#6751,10.);
#2070=VECTOR('',#6752,10.);
#2071=VECTOR('',#6755,10.);
#2072=VECTOR('',#6756,10.);
#2073=VECTOR('',#6759,10.);
#2074=VECTOR('',#6760,10.);
#2075=VECTOR('',#6763,10.);
#2076=VECTOR('',#6764,10.);
#2077=VECTOR('',#6767,10.);
#2078=VECTOR('',#6768,10.);
#2079=VECTOR('',#6771,10.);
#2080=VECTOR('',#6772,10.);
#2081=VECTOR('',#6777,10.);
#2082=VECTOR('',#6778,10.);
#2083=VECTOR('',#6781,10.);
#2084=VECTOR('',#6782,10.);
#2085=VECTOR('',#6785,10.);
#2086=VECTOR('',#6786,10.);
#2087=VECTOR('',#6789,10.);
#2088=VECTOR('',#6790,10.);
#2089=VECTOR('',#6793,10.);
#2090=VECTOR('',#6794,10.);
#2091=VECTOR('',#6797,10.);
#2092=VECTOR('',#6802,4.99999999999998);
#2093=VECTOR('',#6817,3.575);
#2094=VECTOR('',#6824,1.75000000000001);
#2095=VECTOR('',#6833,10.);
#2096=VECTOR('',#6836,10.);
#2097=VECTOR('',#6841,10.);
#2098=VECTOR('',#6844,10.);
#2099=VECTOR('',#6847,10.);
#2100=VECTOR('',#6850,10.);
#2101=VECTOR('',#6853,10.);
#2102=VECTOR('',#6856,10.);
#2103=VECTOR('',#6859,10.);
#2104=VECTOR('',#6862,10.);
#2105=VECTOR('',#6865,10.);
#2106=VECTOR('',#6866,10.);
#2107=VECTOR('',#6871,10.);
#2108=VECTOR('',#6872,10.);
#2109=VECTOR('',#6877,10.);
#2110=VECTOR('',#6878,10.);
#2111=VECTOR('',#6883,10.);
#2112=VECTOR('',#6884,10.);
#2113=VECTOR('',#6887,10.);
#2114=VECTOR('',#6888,10.);
#2115=VECTOR('',#6889,10.);
#2116=VECTOR('',#6892,10.);
#2117=VECTOR('',#6893,10.);
#2118=VECTOR('',#6896,10.);
#2119=VECTOR('',#6897,10.);
#2120=VECTOR('',#6900,10.);
#2121=VECTOR('',#6901,10.);
#2122=VECTOR('',#6904,10.);
#2123=VECTOR('',#6905,10.);
#2124=VECTOR('',#6910,10.);
#2125=VECTOR('',#6911,10.);
#2126=VECTOR('',#6914,10.);
#2127=VECTOR('',#6915,10.);
#2128=VECTOR('',#6918,10.);
#2129=VECTOR('',#6919,10.);
#2130=VECTOR('',#6922,10.);
#2131=VECTOR('',#6931,4.99999999999998);
#2132=VECTOR('',#6944,3.575);
#2133=VECTOR('',#6949,1.75000000000001);
#2134=VECTOR('',#6958,10.);
#2135=VECTOR('',#6961,10.);
#2136=VECTOR('',#6966,10.);
#2137=VECTOR('',#6969,10.);
#2138=VECTOR('',#6972,10.);
#2139=VECTOR('',#6973,10.);
#2140=VECTOR('',#6976,10.);
#2141=VECTOR('',#6977,10.);
#2142=VECTOR('',#6978,10.);
#2143=VECTOR('',#6981,10.);
#2144=VECTOR('',#6982,10.);
#2145=VECTOR('',#6985,10.);
#2146=VECTOR('',#6986,10.);
#2147=VECTOR('',#6987,10.);
#2148=VECTOR('',#6988,10.);
#2149=VECTOR('',#6989,10.);
#2150=VECTOR('',#6990,10.);
#2151=VECTOR('',#6991,10.);
#2152=VECTOR('',#6992,10.);
#2153=VECTOR('',#6997,10.);
#2154=VECTOR('',#7004,10.);
#2155=VECTOR('',#7009,10.);
#2156=VECTOR('',#7014,10.);
#2157=VECTOR('',#7019,10.);
#2158=VECTOR('',#7022,10.);
#2159=VECTOR('',#7027,10.);
#2160=VECTOR('',#7032,10.);
#2161=VECTOR('',#7035,10.);
#2162=VECTOR('',#7036,10.);
#2163=VECTOR('',#7037,10.);
#2164=VECTOR('',#7040,10.);
#2165=VECTOR('',#7041,10.);
#2166=VECTOR('',#7044,10.);
#2167=VECTOR('',#7045,10.);
#2168=VECTOR('',#7048,10.);
#2169=VECTOR('',#7049,10.);
#2170=VECTOR('',#7052,10.);
#2171=VECTOR('',#7057,10.);
#2172=VECTOR('',#7058,10.);
#2173=VECTOR('',#7061,10.);
#2174=VECTOR('',#7062,10.);
#2175=VECTOR('',#7065,10.);
#2176=VECTOR('',#7066,10.);
#2177=VECTOR('',#7069,10.);
#2178=VECTOR('',#7084,4.99999999999998);
#2179=VECTOR('',#7093,3.575);
#2180=VECTOR('',#7098,1.75000000000001);
#2181=VECTOR('',#7107,10.);
#2182=VECTOR('',#7110,10.);
#2183=VECTOR('',#7113,10.);
#2184=VECTOR('',#7114,10.);
#2185=VECTOR('',#7119,10.);
#2186=VECTOR('',#7120,10.);
#2187=VECTOR('',#7121,10.);
#2188=VECTOR('',#7122,10.);
#2189=VECTOR('',#7123,10.);
#2190=VECTOR('',#7124,10.);
#2191=VECTOR('',#7125,10.);
#2192=VECTOR('',#7128,10.);
#2193=VECTOR('',#7129,10.);
#2194=VECTOR('',#7132,10.);
#2195=VECTOR('',#7133,10.);
#2196=VECTOR('',#7134,10.);
#2197=VECTOR('',#7135,10.);
#2198=VECTOR('',#7136,10.);
#2199=VECTOR('',#7137,10.);
#2200=VECTOR('',#7142,10.);
#2201=VECTOR('',#7145,10.);
#2202=VECTOR('',#7150,10.);
#2203=VECTOR('',#7151,10.);
#2204=VECTOR('',#7152,10.);
#2205=VECTOR('',#7153,10.);
#2206=VECTOR('',#7154,10.);
#2207=VECTOR('',#7155,10.);
#2208=VECTOR('',#7158,10.);
#2209=VECTOR('',#7159,10.);
#2210=VECTOR('',#7164,10.);
#2211=VECTOR('',#7169,10.);
#2212=VECTOR('',#7172,10.);
#2213=VECTOR('',#7173,10.);
#2214=VECTOR('',#7174,10.);
#2215=VECTOR('',#7175,10.);
#2216=VECTOR('',#7176,10.);
#2217=VECTOR('',#7177,10.);
#2218=VECTOR('',#7180,10.);
#2219=VECTOR('',#7181,10.);
#2220=VECTOR('',#7184,10.);
#2221=VECTOR('',#7185,10.);
#2222=VECTOR('',#7188,10.);
#2223=VECTOR('',#7189,10.);
#2224=VECTOR('',#7190,10.);
#2225=VECTOR('',#7193,10.);
#2226=VECTOR('',#7194,10.);
#2227=VECTOR('',#7195,10.);
#2228=VECTOR('',#7196,10.);
#2229=VECTOR('',#7199,10.);
#2230=VECTOR('',#7202,10.);
#2231=VECTOR('',#7203,10.);
#2232=VECTOR('',#7204,10.);
#2233=VECTOR('',#7205,10.);
#2234=VECTOR('',#7208,10.);
#2235=VECTOR('',#7209,10.);
#2236=VECTOR('',#7210,10.);
#2237=VECTOR('',#7211,10.);
#2238=VECTOR('',#7212,10.);
#2239=VECTOR('',#7213,10.);
#2240=VECTOR('',#7214,10.);
#2241=VECTOR('',#7227,4.99999999999998);
#2242=VECTOR('',#7240,3.575);
#2243=VECTOR('',#7245,1.75000000000001);
#2244=VECTOR('',#7260,10.);
#2245=VECTOR('',#7263,10.);
#2246=VECTOR('',#7268,10.);
#2247=VECTOR('',#7271,10.);
#2248=VECTOR('',#7274,10.);
#2249=VECTOR('',#7275,10.);
#2250=VECTOR('',#7278,10.);
#2251=VECTOR('',#7279,10.);
#2252=VECTOR('',#7280,10.);
#2253=VECTOR('',#7283,10.);
#2254=VECTOR('',#7284,10.);
#2255=VECTOR('',#7289,10.);
#2256=VECTOR('',#7298,3.57500000000002);
#2257=VECTOR('',#7307,1.75000000000001);
#2258=VECTOR('',#7312,5.);
#2259=VECTOR('',#7325,10.);
#2260=VECTOR('',#7328,10.);
#2261=VECTOR('',#7333,10.);
#2262=VECTOR('',#7336,10.);
#2263=VECTOR('',#7339,10.);
#2264=VECTOR('',#7340,10.);
#2265=VECTOR('',#7343,10.);
#2266=VECTOR('',#7344,10.);
#2267=VECTOR('',#7345,10.);
#2268=VECTOR('',#7348,10.);
#2269=VECTOR('',#7349,10.);
#2270=VECTOR('',#7354,10.);
#2271=VECTOR('',#7363,3.57500000000002);
#2272=VECTOR('',#7372,1.75000000000001);
#2273=VECTOR('',#7377,5.);
#2274=VECTOR('',#7390,10.);
#2275=VECTOR('',#7393,10.);
#2276=VECTOR('',#7398,10.);
#2277=VECTOR('',#7401,10.);
#2278=VECTOR('',#7404,10.);
#2279=VECTOR('',#7405,10.);
#2280=VECTOR('',#7408,10.);
#2281=VECTOR('',#7409,10.);
#2282=VECTOR('',#7410,10.);
#2283=VECTOR('',#7413,10.);
#2284=VECTOR('',#7414,10.);
#2285=VECTOR('',#7419,10.);
#2286=VECTOR('',#7428,3.57500000000002);
#2287=VECTOR('',#7437,1.75000000000001);
#2288=VECTOR('',#7442,5.);
#2289=VECTOR('',#7455,10.);
#2290=VECTOR('',#7458,10.);
#2291=VECTOR('',#7463,10.);
#2292=VECTOR('',#7466,10.);
#2293=VECTOR('',#7469,10.);
#2294=VECTOR('',#7470,10.);
#2295=VECTOR('',#7473,10.);
#2296=VECTOR('',#7474,10.);
#2297=VECTOR('',#7475,10.);
#2298=VECTOR('',#7478,10.);
#2299=VECTOR('',#7479,10.);
#2300=VECTOR('',#7484,10.);
#2301=VECTOR('',#7493,3.57500000000002);
#2302=VECTOR('',#7502,1.75000000000001);
#2303=VECTOR('',#7507,5.);
#2304=VECTOR('',#7518,10.);
#2305=VECTOR('',#7519,10.);
#2306=VECTOR('',#7520,10.);
#2307=VECTOR('',#7521,10.);
#2308=VECTOR('',#7524,10.);
#2309=VECTOR('',#7525,10.);
#2310=VECTOR('',#7526,10.);
#2311=VECTOR('',#7529,10.);
#2312=VECTOR('',#7530,10.);
#2313=VECTOR('',#7531,10.);
#2314=VECTOR('',#7534,10.);
#2315=VECTOR('',#7535,10.);
#2316=VECTOR('',#7536,10.);
#2317=VECTOR('',#7539,10.);
#2318=VECTOR('',#7540,10.);
#2319=VECTOR('',#7541,10.);
#2320=VECTOR('',#7544,10.);
#2321=VECTOR('',#7545,10.);
#2322=VECTOR('',#7546,10.);
#2323=VECTOR('',#7547,10.);
#2324=VECTOR('',#7550,10.);
#2325=VECTOR('',#7553,10.);
#2326=VECTOR('',#7554,10.);
#2327=VECTOR('',#7559,10.);
#2328=VECTOR('',#7560,10.);
#2329=VECTOR('',#7563,10.);
#2330=VECTOR('',#7564,10.);
#2331=VECTOR('',#7569,10.);
#2332=VECTOR('',#7572,10.);
#2333=VECTOR('',#7573,10.);
#2334=VECTOR('',#7578,10.);
#2335=VECTOR('',#7581,10.);
#2336=VECTOR('',#7582,10.);
#2337=VECTOR('',#7585,10.);
#2338=VECTOR('',#7586,10.);
#2339=VECTOR('',#7589,10.);
#2340=VECTOR('',#7590,10.);
#2341=VECTOR('',#7593,10.);
#2342=VECTOR('',#7594,10.);
#2343=VECTOR('',#7605,10.);
#2344=VECTOR('',#7606,10.);
#2345=VECTOR('',#7607,10.);
#2346=VECTOR('',#7608,10.);
#2347=VECTOR('',#7609,10.);
#2348=VECTOR('',#7610,10.);
#2349=VECTOR('',#7611,10.);
#2350=VECTOR('',#7614,10.);
#2351=VECTOR('',#7615,10.);
#2352=VECTOR('',#7616,10.);
#2353=VECTOR('',#7617,10.);
#2354=VECTOR('',#7620,10.);
#2355=VECTOR('',#7623,10.);
#2356=VECTOR('',#7624,10.);
#2357=VECTOR('',#7625,10.);
#2358=VECTOR('',#7628,10.);
#2359=VECTOR('',#7629,10.);
#2360=VECTOR('',#7630,10.);
#2361=VECTOR('',#7633,10.);
#2362=VECTOR('',#7634,10.);
#2363=VECTOR('',#7637,10.);
#2364=VECTOR('',#7638,10.);
#2365=VECTOR('',#7641,10.);
#2366=VECTOR('',#7642,10.);
#2367=VECTOR('',#7645,10.);
#2368=VECTOR('',#7646,10.);
#2369=VECTOR('',#7647,10.);
#2370=VECTOR('',#7648,10.);
#2371=VECTOR('',#7651,10.);
#2372=VECTOR('',#7652,10.);
#2373=VECTOR('',#7655,10.);
#2374=VECTOR('',#7658,10.);
#2375=VECTOR('',#7663,10.);
#2376=VECTOR('',#7664,10.);
#2377=VECTOR('',#7669,10.);
#2378=VECTOR('',#7674,10.);
#2379=VECTOR('',#7679,10.);
#2380=VECTOR('',#7680,10.);
#2381=VECTOR('',#7683,10.);
#2382=VECTOR('',#7688,10.);
#2383=VECTOR('',#7689,10.);
#2384=VECTOR('',#7692,10.);
#2385=VECTOR('',#7693,10.);
#2386=VECTOR('',#7696,10.);
#2387=VECTOR('',#7697,10.);
#2388=VECTOR('',#7700,10.);
#2389=VECTOR('',#7701,10.);
#2390=VECTOR('',#7710,10.);
#2391=VECTOR('',#7713,10.);
#2392=VECTOR('',#7718,10.);
#2393=VECTOR('',#7721,10.);
#2394=VECTOR('',#7724,10.);
#2395=VECTOR('',#7727,10.);
#2396=VECTOR('',#7730,10.);
#2397=VECTOR('',#7731,10.);
#2398=VECTOR('',#7736,10.);
#2399=VECTOR('',#7737,10.);
#2400=VECTOR('',#7740,10.);
#2401=VECTOR('',#7741,10.);
#2402=VECTOR('',#7742,10.);
#2403=VECTOR('',#7745,10.);
#2404=VECTOR('',#7746,10.);
#2405=VECTOR('',#7749,10.);
#2406=VECTOR('',#7750,10.);
#2407=VECTOR('',#7755,10.);
#2408=VECTOR('',#7756,10.);
#2409=VECTOR('',#7759,10.);
#2410=VECTOR('',#7772,3.57500000000002);
#2411=VECTOR('',#7781,1.75000000000001);
#2412=VECTOR('',#7786,5.);
#2413=VECTOR('',#7795,10.);
#2414=VECTOR('',#7798,10.);
#2415=VECTOR('',#7803,10.);
#2416=VECTOR('',#7806,10.);
#2417=VECTOR('',#7809,10.);
#2418=VECTOR('',#7812,10.);
#2419=VECTOR('',#7815,10.);
#2420=VECTOR('',#7816,10.);
#2421=VECTOR('',#7819,10.);
#2422=VECTOR('',#7820,10.);
#2423=VECTOR('',#7821,10.);
#2424=VECTOR('',#7824,10.);
#2425=VECTOR('',#7825,10.);
#2426=VECTOR('',#7830,10.);
#2427=VECTOR('',#7833,10.);
#2428=VECTOR('',#7838,10.);
#2429=VECTOR('',#7841,10.);
#2430=VECTOR('',#7844,10.);
#2431=VECTOR('',#7847,10.);
#2432=VECTOR('',#7850,10.);
#2433=VECTOR('',#7851,10.);
#2434=VECTOR('',#7854,10.);
#2435=VECTOR('',#7855,10.);
#2436=VECTOR('',#7856,10.);
#2437=VECTOR('',#7859,10.);
#2438=VECTOR('',#7860,10.);
#2439=VECTOR('',#7865,10.);
#2440=VECTOR('',#7868,10.);
#2441=VECTOR('',#7873,10.);
#2442=VECTOR('',#7876,10.);
#2443=VECTOR('',#7879,10.);
#2444=VECTOR('',#7882,10.);
#2445=VECTOR('',#7885,10.);
#2446=VECTOR('',#7886,10.);
#2447=VECTOR('',#7889,10.);
#2448=VECTOR('',#7890,10.);
#2449=VECTOR('',#7891,10.);
#2450=VECTOR('',#7894,10.);
#2451=VECTOR('',#7895,10.);
#2452=VECTOR('',#7900,10.);
#2453=VECTOR('',#7901,10.);
#2454=VECTOR('',#7904,10.);
#2455=VECTOR('',#7907,10.);
#2456=VECTOR('',#7908,10.);
#2457=VECTOR('',#7911,10.);
#2458=VECTOR('',#7914,10.);
#2459=VECTOR('',#7915,10.);
#2460=VECTOR('',#7918,10.);
#2461=VECTOR('',#7931,3.57500000000002);
#2462=VECTOR('',#7940,1.75000000000001);
#2463=VECTOR('',#7945,5.);
#2464=VECTOR('',#7954,10.);
#2465=VECTOR('',#7957,10.);
#2466=VECTOR('',#7962,10.);
#2467=VECTOR('',#7965,10.);
#2468=VECTOR('',#7968,10.);
#2469=VECTOR('',#7969,10.);
#2470=VECTOR('',#7972,10.);
#2471=VECTOR('',#7973,10.);
#2472=VECTOR('',#7974,10.);
#2473=VECTOR('',#7977,10.);
#2474=VECTOR('',#7978,10.);
#2475=VECTOR('',#7983,10.);
#2476=VECTOR('',#7996,3.57500000000002);
#2477=VECTOR('',#8005,1.75000000000001);
#2478=VECTOR('',#8010,5.);
#2479=VECTOR('',#8023,10.);
#2480=VECTOR('',#8024,10.);
#2481=VECTOR('',#8025,10.);
#2482=VECTOR('',#8026,10.);
#2483=VECTOR('',#8029,10.);
#2484=VECTOR('',#8030,10.);
#2485=VECTOR('',#8031,10.);
#2486=VECTOR('',#8034,10.);
#2487=VECTOR('',#8035,10.);
#2488=VECTOR('',#8036,10.);
#2489=VECTOR('',#8039,10.);
#2490=VECTOR('',#8040,10.);
#2491=VECTOR('',#8047,1.7);
#2492=VECTOR('',#8064,3.575);
#2493=VECTOR('',#8073,5.);
#2494=VECTOR('',#8084,10.);
#2495=VECTOR('',#8085,10.);
#2496=VECTOR('',#8086,10.);
#2497=VECTOR('',#8087,10.);
#2498=VECTOR('',#8090,10.);
#2499=VECTOR('',#8091,10.);
#2500=VECTOR('',#8092,10.);
#2501=VECTOR('',#8095,10.);
#2502=VECTOR('',#8096,10.);
#2503=VECTOR('',#8097,10.);
#2504=VECTOR('',#8100,10.);
#2505=VECTOR('',#8101,10.);
#2506=VECTOR('',#8102,10.);
#2507=VECTOR('',#8105,10.);
#2508=VECTOR('',#8106,10.);
#2509=VECTOR('',#8107,10.);
#2510=VECTOR('',#8110,10.);
#2511=VECTOR('',#8111,10.);
#2512=VECTOR('',#8112,10.);
#2513=VECTOR('',#8115,10.);
#2514=VECTOR('',#8116,10.);
#2515=VECTOR('',#8117,10.);
#2516=VECTOR('',#8120,10.);
#2517=VECTOR('',#8121,10.);
#2518=VECTOR('',#8122,10.);
#2519=VECTOR('',#8125,10.);
#2520=VECTOR('',#8126,10.);
#2521=VECTOR('',#8127,10.);
#2522=VECTOR('',#8130,10.);
#2523=VECTOR('',#8131,10.);
#2524=VECTOR('',#8132,10.);
#2525=VECTOR('',#8135,10.);
#2526=VECTOR('',#8136,10.);
#2527=VECTOR('',#8137,10.);
#2528=VECTOR('',#8140,10.);
#2529=VECTOR('',#8141,10.);
#2530=VECTOR('',#8148,1.7);
#2531=VECTOR('',#8165,3.575);
#2532=VECTOR('',#8174,5.);
#2533=VECTOR('',#8185,10.);
#2534=VECTOR('',#8186,10.);
#2535=VECTOR('',#8187,10.);
#2536=VECTOR('',#8188,10.);
#2537=VECTOR('',#8191,10.);
#2538=VECTOR('',#8192,10.);
#2539=VECTOR('',#8193,10.);
#2540=VECTOR('',#8196,10.);
#2541=VECTOR('',#8197,10.);
#2542=VECTOR('',#8198,10.);
#2543=VECTOR('',#8201,10.);
#2544=VECTOR('',#8202,10.);
#2545=VECTOR('',#8207,10.);
#2546=VECTOR('',#8208,10.);
#2547=VECTOR('',#8209,10.);
#2548=VECTOR('',#8210,10.);
#2549=VECTOR('',#8217,10.);
#2550=VECTOR('',#8220,10.);
#2551=VECTOR('',#8221,10.);
#2552=VECTOR('',#8222,10.);
#2553=VECTOR('',#8235,1.7);
#2554=VECTOR('',#8252,3.575);
#2555=VECTOR('',#8261,5.);
#2556=VERTEX_POINT('',#8289);
#2557=VERTEX_POINT('',#8290);
#2558=VERTEX_POINT('',#8292);
#2559=VERTEX_POINT('',#8294);
#2560=VERTEX_POINT('',#8298);
#2561=VERTEX_POINT('',#8300);
#2562=VERTEX_POINT('',#8304);
#2563=VERTEX_POINT('',#8306);
#2564=VERTEX_POINT('',#8310);
#2565=VERTEX_POINT('',#8312);
#2566=VERTEX_POINT('',#8316);
#2567=VERTEX_POINT('',#8318);
#2568=VERTEX_POINT('',#8322);
#2569=VERTEX_POINT('',#8324);
#2570=VERTEX_POINT('',#8328);
#2571=VERTEX_POINT('',#8330);
#2572=VERTEX_POINT('',#8334);
#2573=VERTEX_POINT('',#8336);
#2574=VERTEX_POINT('',#8340);
#2575=VERTEX_POINT('',#8342);
#2576=VERTEX_POINT('',#8346);
#2577=VERTEX_POINT('',#8348);
#2578=VERTEX_POINT('',#8352);
#2579=VERTEX_POINT('',#8354);
#2580=VERTEX_POINT('',#8361);
#2581=VERTEX_POINT('',#8363);
#2582=VERTEX_POINT('',#8367);
#2583=VERTEX_POINT('',#8371);
#2584=VERTEX_POINT('',#8375);
#2585=VERTEX_POINT('',#8379);
#2586=VERTEX_POINT('',#8383);
#2587=VERTEX_POINT('',#8388);
#2588=VERTEX_POINT('',#8392);
#2589=VERTEX_POINT('',#8396);
#2590=VERTEX_POINT('',#8400);
#2591=VERTEX_POINT('',#8404);
#2592=VERTEX_POINT('',#8410);
#2593=VERTEX_POINT('',#8412);
#2594=VERTEX_POINT('',#8416);
#2595=VERTEX_POINT('',#8445);
#2596=VERTEX_POINT('',#8447);
#2597=VERTEX_POINT('',#8454);
#2598=VERTEX_POINT('',#8456);
#2599=VERTEX_POINT('',#8462);
#2600=VERTEX_POINT('',#8463);
#2601=VERTEX_POINT('',#8465);
#2602=VERTEX_POINT('',#8467);
#2603=VERTEX_POINT('',#8471);
#2604=VERTEX_POINT('',#8473);
#2605=VERTEX_POINT('',#8477);
#2606=VERTEX_POINT('',#8479);
#2607=VERTEX_POINT('',#8483);
#2608=VERTEX_POINT('',#8485);
#2609=VERTEX_POINT('',#8489);
#2610=VERTEX_POINT('',#8491);
#2611=VERTEX_POINT('',#8495);
#2612=VERTEX_POINT('',#8497);
#2613=VERTEX_POINT('',#8501);
#2614=VERTEX_POINT('',#8503);
#2615=VERTEX_POINT('',#8507);
#2616=VERTEX_POINT('',#8509);
#2617=VERTEX_POINT('',#8516);
#2618=VERTEX_POINT('',#8518);
#2619=VERTEX_POINT('',#8522);
#2620=VERTEX_POINT('',#8526);
#2621=VERTEX_POINT('',#8530);
#2622=VERTEX_POINT('',#8534);
#2623=VERTEX_POINT('',#8539);
#2624=VERTEX_POINT('',#8543);
#2625=VERTEX_POINT('',#8547);
#2626=VERTEX_POINT('',#8553);
#2627=VERTEX_POINT('',#8556);
#2628=VERTEX_POINT('',#8558);
#2629=VERTEX_POINT('',#8562);
#2630=VERTEX_POINT('',#8591);
#2631=VERTEX_POINT('',#8597);
#2632=VERTEX_POINT('',#8599);
#2633=VERTEX_POINT('',#8605);
#2634=VERTEX_POINT('',#8606);
#2635=VERTEX_POINT('',#8608);
#2636=VERTEX_POINT('',#8610);
#2637=VERTEX_POINT('',#8614);
#2638=VERTEX_POINT('',#8616);
#2639=VERTEX_POINT('',#8623);
#2640=VERTEX_POINT('',#8625);
#2641=VERTEX_POINT('',#8629);
#2642=VERTEX_POINT('',#8633);
#2643=VERTEX_POINT('',#8634);
#2644=VERTEX_POINT('',#8636);
#2645=VERTEX_POINT('',#8638);
#2646=VERTEX_POINT('',#8640);
#2647=VERTEX_POINT('',#8642);
#2648=VERTEX_POINT('',#8644);
#2649=VERTEX_POINT('',#8646);
#2650=VERTEX_POINT('',#8650);
#2651=VERTEX_POINT('',#8652);
#2652=VERTEX_POINT('',#8656);
#2653=VERTEX_POINT('',#8660);
#2654=VERTEX_POINT('',#8664);
#2655=VERTEX_POINT('',#8668);
#2656=VERTEX_POINT('',#8672);
#2657=VERTEX_POINT('',#8676);
#2658=VERTEX_POINT('',#8682);
#2659=VERTEX_POINT('',#8684);
#2660=VERTEX_POINT('',#8686);
#2661=VERTEX_POINT('',#8693);
#2662=VERTEX_POINT('',#8697);
#2663=VERTEX_POINT('',#8701);
#2664=VERTEX_POINT('',#8708);
#2665=VERTEX_POINT('',#8713);
#2666=VERTEX_POINT('',#8717);
#2667=VERTEX_POINT('',#8721);
#2668=VERTEX_POINT('',#8753);
#2669=VERTEX_POINT('',#8755);
#2670=VERTEX_POINT('',#8761);
#2671=VERTEX_POINT('',#8763);
#2672=VERTEX_POINT('',#8767);
#2673=VERTEX_POINT('',#8772);
#2674=VERTEX_POINT('',#8774);
#2675=VERTEX_POINT('',#8829);
#2676=VERTEX_POINT('',#8830);
#2677=VERTEX_POINT('',#8841);
#2678=VERTEX_POINT('',#8870);
#2679=VERTEX_POINT('',#8955);
#2680=VERTEX_POINT('',#8962);
#2681=VERTEX_POINT('',#9030);
#2682=VERTEX_POINT('',#9041);
#2683=VERTEX_POINT('',#9116);
#2684=VERTEX_POINT('',#9123);
#2685=VERTEX_POINT('',#9189);
#2686=VERTEX_POINT('',#9200);
#2687=VERTEX_POINT('',#9236);
#2688=VERTEX_POINT('',#9237);
#2689=VERTEX_POINT('',#9254);
#2690=VERTEX_POINT('',#9256);
#2691=VERTEX_POINT('',#9260);
#2692=VERTEX_POINT('',#9262);
#2693=VERTEX_POINT('',#9332);
#2694=VERTEX_POINT('',#9334);
#2695=VERTEX_POINT('',#9353);
#2696=VERTEX_POINT('',#9372);
#2697=VERTEX_POINT('',#9391);
#2698=VERTEX_POINT('',#9401);
#2699=VERTEX_POINT('',#9405);
#2700=VERTEX_POINT('',#9406);
#2701=VERTEX_POINT('',#9413);
#2702=VERTEX_POINT('',#9415);
#2703=VERTEX_POINT('',#9417);
#2704=VERTEX_POINT('',#9419);
#2705=VERTEX_POINT('',#9426);
#2706=VERTEX_POINT('',#9433);
#2707=VERTEX_POINT('',#9440);
#2708=VERTEX_POINT('',#9447);
#2709=VERTEX_POINT('',#9454);
#2710=VERTEX_POINT('',#9463);
#2711=VERTEX_POINT('',#9472);
#2712=VERTEX_POINT('',#9479);
#2713=VERTEX_POINT('',#9486);
#2714=VERTEX_POINT('',#9499);
#2715=VERTEX_POINT('',#9500);
#2716=VERTEX_POINT('',#9502);
#2717=VERTEX_POINT('',#9511);
#2718=VERTEX_POINT('',#9522);
#2719=VERTEX_POINT('',#9533);
#2720=VERTEX_POINT('',#9544);
#2721=VERTEX_POINT('',#9555);
#2722=VERTEX_POINT('',#9564);
#2723=VERTEX_POINT('',#9617);
#2724=VERTEX_POINT('',#9625);
#2725=VERTEX_POINT('',#9700);
#2726=VERTEX_POINT('',#9701);
#2727=VERTEX_POINT('',#9793);
#2728=VERTEX_POINT('',#9829);
#2729=VERTEX_POINT('',#9846);
#2730=VERTEX_POINT('',#9850);
#2731=VERTEX_POINT('',#9951);
#2732=VERTEX_POINT('',#10052);
#2733=VERTEX_POINT('',#10054);
#2734=VERTEX_POINT('',#10073);
#2735=VERTEX_POINT('',#10092);
#2736=VERTEX_POINT('',#10111);
#2737=VERTEX_POINT('',#10121);
#2738=VERTEX_POINT('',#10164);
#2739=VERTEX_POINT('',#10193);
#2740=VERTEX_POINT('',#10268);
#2741=VERTEX_POINT('',#10312);
#2742=VERTEX_POINT('',#10320);
#2743=VERTEX_POINT('',#10385);
#2744=VERTEX_POINT('',#10429);
#2745=VERTEX_POINT('',#10494);
#2746=VERTEX_POINT('',#10538);
#2747=VERTEX_POINT('',#10603);
#2748=VERTEX_POINT('',#10618);
#2749=VERTEX_POINT('',#10635);
#2750=VERTEX_POINT('',#10639);
#2751=VERTEX_POINT('',#10672);
#2752=VERTEX_POINT('',#10673);
#2753=VERTEX_POINT('',#10835);
#2754=VERTEX_POINT('',#10837);
#2755=VERTEX_POINT('',#10856);
#2756=VERTEX_POINT('',#10875);
#2757=VERTEX_POINT('',#10894);
#2758=VERTEX_POINT('',#10904);
#2759=VERTEX_POINT('',#10908);
#2760=VERTEX_POINT('',#10912);
#2761=VERTEX_POINT('',#10925);
#2762=VERTEX_POINT('',#10935);
#2763=VERTEX_POINT('',#10937);
#2764=VERTEX_POINT('',#10939);
#2765=VERTEX_POINT('',#10979);
#2766=VERTEX_POINT('',#10981);
#2767=VERTEX_POINT('',#10983);
#2768=VERTEX_POINT('',#11032);
#2769=VERTEX_POINT('',#11034);
#2770=VERTEX_POINT('',#11052);
#2771=VERTEX_POINT('',#11071);
#2772=VERTEX_POINT('',#11107);
#2773=VERTEX_POINT('',#11126);
#2774=VERTEX_POINT('',#11155);
#2775=VERTEX_POINT('',#11158);
#2776=VERTEX_POINT('',#11160);
#2777=VERTEX_POINT('',#11164);
#2778=VERTEX_POINT('',#11193);
#2779=VERTEX_POINT('',#11199);
#2780=VERTEX_POINT('',#11201);
#2781=VERTEX_POINT('',#11208);
#2782=VERTEX_POINT('',#11211);
#2783=VERTEX_POINT('',#11212);
#2784=VERTEX_POINT('',#11214);
#2785=VERTEX_POINT('',#11216);
#2786=VERTEX_POINT('',#11220);
#2787=VERTEX_POINT('',#11222);
#2788=VERTEX_POINT('',#11229);
#2789=VERTEX_POINT('',#11231);
#2790=VERTEX_POINT('',#11235);
#2791=VERTEX_POINT('',#11268);
#2792=VERTEX_POINT('',#11270);
#2793=VERTEX_POINT('',#11274);
#2794=VERTEX_POINT('',#11279);
#2795=VERTEX_POINT('',#11283);
#2796=VERTEX_POINT('',#11285);
#2797=VERTEX_POINT('',#11291);
#2798=VERTEX_POINT('',#11294);
#2799=VERTEX_POINT('',#11295);
#2800=VERTEX_POINT('',#11297);
#2801=VERTEX_POINT('',#11299);
#2802=VERTEX_POINT('',#11303);
#2803=VERTEX_POINT('',#11305);
#2804=VERTEX_POINT('',#11312);
#2805=VERTEX_POINT('',#11314);
#2806=VERTEX_POINT('',#11318);
#2807=VERTEX_POINT('',#11351);
#2808=VERTEX_POINT('',#11353);
#2809=VERTEX_POINT('',#11357);
#2810=VERTEX_POINT('',#11362);
#2811=VERTEX_POINT('',#11366);
#2812=VERTEX_POINT('',#11368);
#2813=VERTEX_POINT('',#11374);
#2814=VERTEX_POINT('',#11377);
#2815=VERTEX_POINT('',#11378);
#2816=VERTEX_POINT('',#11380);
#2817=VERTEX_POINT('',#11382);
#2818=VERTEX_POINT('',#11386);
#2819=VERTEX_POINT('',#11388);
#2820=VERTEX_POINT('',#11395);
#2821=VERTEX_POINT('',#11397);
#2822=VERTEX_POINT('',#11401);
#2823=VERTEX_POINT('',#11434);
#2824=VERTEX_POINT('',#11436);
#2825=VERTEX_POINT('',#11440);
#2826=VERTEX_POINT('',#11445);
#2827=VERTEX_POINT('',#11449);
#2828=VERTEX_POINT('',#11451);
#2829=VERTEX_POINT('',#11457);
#2830=VERTEX_POINT('',#11460);
#2831=VERTEX_POINT('',#11461);
#2832=VERTEX_POINT('',#11463);
#2833=VERTEX_POINT('',#11465);
#2834=VERTEX_POINT('',#11469);
#2835=VERTEX_POINT('',#11471);
#2836=VERTEX_POINT('',#11478);
#2837=VERTEX_POINT('',#11480);
#2838=VERTEX_POINT('',#11484);
#2839=VERTEX_POINT('',#11517);
#2840=VERTEX_POINT('',#11519);
#2841=VERTEX_POINT('',#11523);
#2842=VERTEX_POINT('',#11528);
#2843=VERTEX_POINT('',#11532);
#2844=VERTEX_POINT('',#11534);
#2845=VERTEX_POINT('',#11541);
#2846=VERTEX_POINT('',#11542);
#2847=VERTEX_POINT('',#11544);
#2848=VERTEX_POINT('',#11546);
#2849=VERTEX_POINT('',#11550);
#2850=VERTEX_POINT('',#11552);
#2851=VERTEX_POINT('',#11556);
#2852=VERTEX_POINT('',#11558);
#2853=VERTEX_POINT('',#11562);
#2854=VERTEX_POINT('',#11564);
#2855=VERTEX_POINT('',#11568);
#2856=VERTEX_POINT('',#11570);
#2857=VERTEX_POINT('',#11574);
#2858=VERTEX_POINT('',#11575);
#2859=VERTEX_POINT('',#11577);
#2860=VERTEX_POINT('',#11579);
#2861=VERTEX_POINT('',#11581);
#2862=VERTEX_POINT('',#11583);
#2863=VERTEX_POINT('',#11585);
#2864=VERTEX_POINT('',#11587);
#2865=VERTEX_POINT('',#11589);
#2866=VERTEX_POINT('',#11594);
#2867=VERTEX_POINT('',#11598);
#2868=VERTEX_POINT('',#11602);
#2869=VERTEX_POINT('',#11606);
#2870=VERTEX_POINT('',#11610);
#2871=VERTEX_POINT('',#11614);
#2872=VERTEX_POINT('',#11618);
#2873=VERTEX_POINT('',#11622);
#2874=VERTEX_POINT('',#11626);
#2875=VERTEX_POINT('',#11633);
#2876=VERTEX_POINT('',#11634);
#2877=VERTEX_POINT('',#11636);
#2878=VERTEX_POINT('',#11638);
#2879=VERTEX_POINT('',#11640);
#2880=VERTEX_POINT('',#11642);
#2881=VERTEX_POINT('',#11644);
#2882=VERTEX_POINT('',#11646);
#2883=VERTEX_POINT('',#11648);
#2884=VERTEX_POINT('',#11650);
#2885=VERTEX_POINT('',#11652);
#2886=VERTEX_POINT('',#11654);
#2887=VERTEX_POINT('',#11656);
#2888=VERTEX_POINT('',#11658);
#2889=VERTEX_POINT('',#11660);
#2890=VERTEX_POINT('',#11664);
#2891=VERTEX_POINT('',#11666);
#2892=VERTEX_POINT('',#11670);
#2893=VERTEX_POINT('',#11672);
#2894=VERTEX_POINT('',#11676);
#2895=VERTEX_POINT('',#11680);
#2896=VERTEX_POINT('',#11684);
#2897=VERTEX_POINT('',#11688);
#2898=VERTEX_POINT('',#11690);
#2899=VERTEX_POINT('',#11692);
#2900=VERTEX_POINT('',#11696);
#2901=VERTEX_POINT('',#11700);
#2902=VERTEX_POINT('',#11701);
#2903=VERTEX_POINT('',#11703);
#2904=VERTEX_POINT('',#11705);
#2905=VERTEX_POINT('',#11712);
#2906=VERTEX_POINT('',#11720);
#2907=VERTEX_POINT('',#11724);
#2908=VERTEX_POINT('',#11728);
#2909=VERTEX_POINT('',#11732);
#2910=VERTEX_POINT('',#11736);
#2911=VERTEX_POINT('',#11746);
#2912=VERTEX_POINT('',#11747);
#2913=VERTEX_POINT('',#11749);
#2914=VERTEX_POINT('',#11751);
#2915=VERTEX_POINT('',#11755);
#2916=VERTEX_POINT('',#11757);
#2917=VERTEX_POINT('',#11761);
#2918=VERTEX_POINT('',#11763);
#2919=VERTEX_POINT('',#11767);
#2920=VERTEX_POINT('',#11769);
#2921=VERTEX_POINT('',#11776);
#2922=VERTEX_POINT('',#11778);
#2923=VERTEX_POINT('',#11782);
#2924=VERTEX_POINT('',#11786);
#2925=VERTEX_POINT('',#11791);
#2926=VERTEX_POINT('',#11797);
#2927=VERTEX_POINT('',#11826);
#2928=VERTEX_POINT('',#11828);
#2929=VERTEX_POINT('',#11832);
#2930=VERTEX_POINT('',#11837);
#2931=VERTEX_POINT('',#11841);
#2932=VERTEX_POINT('',#11843);
#2933=VERTEX_POINT('',#11849);
#2934=VERTEX_POINT('',#11850);
#2935=VERTEX_POINT('',#11852);
#2936=VERTEX_POINT('',#11854);
#2937=VERTEX_POINT('',#11858);
#2938=VERTEX_POINT('',#11860);
#2939=VERTEX_POINT('',#11864);
#2940=VERTEX_POINT('',#11866);
#2941=VERTEX_POINT('',#11873);
#2942=VERTEX_POINT('',#11875);
#2943=VERTEX_POINT('',#11879);
#2944=VERTEX_POINT('',#11884);
#2945=VERTEX_POINT('',#11885);
#2946=VERTEX_POINT('',#11887);
#2947=VERTEX_POINT('',#11889);
#2948=VERTEX_POINT('',#11893);
#2949=VERTEX_POINT('',#11895);
#2950=VERTEX_POINT('',#11899);
#2951=VERTEX_POINT('',#11901);
#2952=VERTEX_POINT('',#11908);
#2953=VERTEX_POINT('',#11910);
#2954=VERTEX_POINT('',#11914);
#2955=VERTEX_POINT('',#11919);
#2956=VERTEX_POINT('',#11920);
#2957=VERTEX_POINT('',#11922);
#2958=VERTEX_POINT('',#11924);
#2959=VERTEX_POINT('',#11928);
#2960=VERTEX_POINT('',#11930);
#2961=VERTEX_POINT('',#11934);
#2962=VERTEX_POINT('',#11936);
#2963=VERTEX_POINT('',#11943);
#2964=VERTEX_POINT('',#11945);
#2965=VERTEX_POINT('',#11949);
#2966=VERTEX_POINT('',#11954);
#2967=VERTEX_POINT('',#11960);
#2968=VERTEX_POINT('',#11966);
#2969=VERTEX_POINT('',#11972);
#2970=VERTEX_POINT('',#12001);
#2971=VERTEX_POINT('',#12003);
#2972=VERTEX_POINT('',#12007);
#2973=VERTEX_POINT('',#12012);
#2974=VERTEX_POINT('',#12016);
#2975=VERTEX_POINT('',#12018);
#2976=VERTEX_POINT('',#12024);
#2977=VERTEX_POINT('',#12025);
#2978=VERTEX_POINT('',#12027);
#2979=VERTEX_POINT('',#12029);
#2980=VERTEX_POINT('',#12033);
#2981=VERTEX_POINT('',#12035);
#2982=VERTEX_POINT('',#12042);
#2983=VERTEX_POINT('',#12044);
#2984=VERTEX_POINT('',#12048);
#2985=VERTEX_POINT('',#12055);
#2986=VERTEX_POINT('',#12084);
#2987=VERTEX_POINT('',#12086);
#2988=VERTEX_POINT('',#12090);
#2989=VERTEX_POINT('',#12095);
#2990=VERTEX_POINT('',#12099);
#2991=VERTEX_POINT('',#12101);
#2992=VERTEX_POINT('',#12109);
#2993=VERTEX_POINT('',#12110);
#2994=VERTEX_POINT('',#12112);
#2995=VERTEX_POINT('',#12114);
#2996=VERTEX_POINT('',#12118);
#2997=VERTEX_POINT('',#12120);
#2998=VERTEX_POINT('',#12124);
#2999=VERTEX_POINT('',#12126);
#3000=VERTEX_POINT('',#12134);
#3001=VERTEX_POINT('',#12136);
#3002=VERTEX_POINT('',#12141);
#3003=VERTEX_POINT('',#12143);
#3004=VERTEX_POINT('',#12145);
#3005=VERTEX_POINT('',#12149);
#3006=VERTEX_POINT('',#12154);
#3007=VERTEX_POINT('',#12156);
#3008=VERTEX_POINT('',#12163);
#3009=VERTEX_POINT('',#12164);
#3010=VERTEX_POINT('',#12166);
#3011=VERTEX_POINT('',#12168);
#3012=VERTEX_POINT('',#12172);
#3013=VERTEX_POINT('',#12174);
#3014=VERTEX_POINT('',#12178);
#3015=VERTEX_POINT('',#12180);
#3016=VERTEX_POINT('',#12184);
#3017=VERTEX_POINT('',#12186);
#3018=VERTEX_POINT('',#12190);
#3019=VERTEX_POINT('',#12192);
#3020=VERTEX_POINT('',#12196);
#3021=VERTEX_POINT('',#12198);
#3022=VERTEX_POINT('',#12202);
#3023=VERTEX_POINT('',#12204);
#3024=VERTEX_POINT('',#12208);
#3025=VERTEX_POINT('',#12210);
#3026=VERTEX_POINT('',#12214);
#3027=VERTEX_POINT('',#12216);
#3028=VERTEX_POINT('',#12220);
#3029=VERTEX_POINT('',#12222);
#3030=VERTEX_POINT('',#12226);
#3031=VERTEX_POINT('',#12228);
#3032=VERTEX_POINT('',#12236);
#3033=VERTEX_POINT('',#12238);
#3034=VERTEX_POINT('',#12243);
#3035=VERTEX_POINT('',#12245);
#3036=VERTEX_POINT('',#12247);
#3037=VERTEX_POINT('',#12251);
#3038=VERTEX_POINT('',#12256);
#3039=VERTEX_POINT('',#12258);
#3040=VERTEX_POINT('',#12265);
#3041=VERTEX_POINT('',#12266);
#3042=VERTEX_POINT('',#12268);
#3043=VERTEX_POINT('',#12270);
#3044=VERTEX_POINT('',#12274);
#3045=VERTEX_POINT('',#12276);
#3046=VERTEX_POINT('',#12280);
#3047=VERTEX_POINT('',#12282);
#3048=VERTEX_POINT('',#12290);
#3049=VERTEX_POINT('',#12291);
#3050=VERTEX_POINT('',#12293);
#3051=VERTEX_POINT('',#12295);
#3052=VERTEX_POINT('',#12299);
#3053=VERTEX_POINT('',#12301);
#3054=VERTEX_POINT('',#12305);
#3055=VERTEX_POINT('',#12307);
#3056=VERTEX_POINT('',#12315);
#3057=VERTEX_POINT('',#12317);
#3058=VERTEX_POINT('',#12322);
#3059=VERTEX_POINT('',#12324);
#3060=VERTEX_POINT('',#12326);
#3061=VERTEX_POINT('',#12330);
#3062=VERTEX_POINT('',#12335);
#3063=VERTEX_POINT('',#12337);
#3064=EDGE_CURVE('',#2556,#2557,#1532,.T.);
#3065=EDGE_CURVE('',#2557,#2558,#1462,.T.);
#3066=EDGE_CURVE('',#2558,#2559,#1533,.T.);
#3067=EDGE_CURVE('',#2556,#2559,#1463,.T.);
#3068=EDGE_CURVE('',#2557,#2560,#1534,.T.);
#3069=EDGE_CURVE('',#2560,#2561,#1464,.T.);
#3070=EDGE_CURVE('',#2561,#2558,#1535,.T.);
#3071=EDGE_CURVE('',#2560,#2562,#1536,.T.);
#3072=EDGE_CURVE('',#2562,#2563,#1465,.T.);
#3073=EDGE_CURVE('',#2563,#2561,#1537,.T.);
#3074=EDGE_CURVE('',#2562,#2564,#1538,.T.);
#3075=EDGE_CURVE('',#2564,#2565,#1466,.T.);
#3076=EDGE_CURVE('',#2565,#2563,#1539,.T.);
#3077=EDGE_CURVE('',#2564,#2566,#1540,.T.);
#3078=EDGE_CURVE('',#2566,#2567,#1467,.T.);
#3079=EDGE_CURVE('',#2567,#2565,#1541,.T.);
#3080=EDGE_CURVE('',#2566,#2568,#1542,.T.);
#3081=EDGE_CURVE('',#2568,#2569,#1468,.T.);
#3082=EDGE_CURVE('',#2569,#2567,#1543,.T.);
#3083=EDGE_CURVE('',#2568,#2570,#1544,.T.);
#3084=EDGE_CURVE('',#2570,#2571,#1469,.T.);
#3085=EDGE_CURVE('',#2571,#2569,#1545,.T.);
#3086=EDGE_CURVE('',#2572,#2571,#1546,.T.);
#3087=EDGE_CURVE('',#2570,#2573,#1547,.T.);
#3088=EDGE_CURVE('',#2573,#2572,#1470,.T.);
#3089=EDGE_CURVE('',#2574,#2572,#1548,.T.);
#3090=EDGE_CURVE('',#2573,#2575,#1549,.T.);
#3091=EDGE_CURVE('',#2575,#2574,#1471,.T.);
#3092=EDGE_CURVE('',#2576,#2574,#1550,.T.);
#3093=EDGE_CURVE('',#2575,#2577,#1551,.T.);
#3094=EDGE_CURVE('',#2577,#2576,#1472,.T.);
#3095=EDGE_CURVE('',#2578,#2576,#1552,.T.);
#3096=EDGE_CURVE('',#2577,#2579,#1553,.T.);
#3097=EDGE_CURVE('',#2579,#2578,#1473,.T.);
#3098=EDGE_CURVE('',#2559,#2578,#1554,.T.);
#3099=EDGE_CURVE('',#2579,#2556,#1555,.T.);
#3100=EDGE_CURVE('',#2580,#2572,#1556,.T.);
#3101=EDGE_CURVE('',#2581,#2580,#1557,.T.);
#3102=EDGE_CURVE('',#2581,#2571,#1558,.T.);
#3103=EDGE_CURVE('',#2582,#2574,#1559,.T.);
#3104=EDGE_CURVE('',#2580,#2582,#1560,.T.);
#3105=EDGE_CURVE('',#2583,#2576,#1561,.T.);
#3106=EDGE_CURVE('',#2582,#2583,#1562,.T.);
#3107=EDGE_CURVE('',#2584,#2578,#1563,.T.);
#3108=EDGE_CURVE('',#2583,#2584,#1564,.T.);
#3109=EDGE_CURVE('',#2585,#2559,#1565,.T.);
#3110=EDGE_CURVE('',#2584,#2585,#1566,.T.);
#3111=EDGE_CURVE('',#2586,#2558,#1567,.T.);
#3112=EDGE_CURVE('',#2585,#2586,#1568,.T.);
#3113=EDGE_CURVE('',#2587,#2581,#1569,.T.);
#3114=EDGE_CURVE('',#2587,#2569,#1570,.T.);
#3115=EDGE_CURVE('',#2588,#2561,#1571,.T.);
#3116=EDGE_CURVE('',#2586,#2588,#1572,.T.);
#3117=EDGE_CURVE('',#2589,#2563,#1573,.T.);
#3118=EDGE_CURVE('',#2588,#2589,#1574,.T.);
#3119=EDGE_CURVE('',#2590,#2565,#1575,.T.);
#3120=EDGE_CURVE('',#2589,#2590,#1576,.T.);
#3121=EDGE_CURVE('',#2591,#2567,#1577,.T.);
#3122=EDGE_CURVE('',#2590,#2591,#1578,.T.);
#3123=EDGE_CURVE('',#2591,#2587,#1579,.T.);
#3124=EDGE_CURVE('',#2592,#2592,#303,.T.);
#3125=EDGE_CURVE('',#2592,#2593,#1580,.T.);
#3126=EDGE_CURVE('',#2593,#2593,#304,.T.);
#3127=EDGE_CURVE('',#2594,#2594,#305,.T.);
#3128=EDGE_CURVE('',#2595,#2595,#306,.T.);
#3129=EDGE_CURVE('',#2595,#2596,#307,.T.);
#3130=EDGE_CURVE('',#2596,#2596,#308,.T.);
#3131=EDGE_CURVE('',#2596,#2594,#1581,.T.);
#3132=EDGE_CURVE('',#2597,#2597,#309,.T.);
#3133=EDGE_CURVE('',#2597,#2598,#1582,.T.);
#3134=EDGE_CURVE('',#2598,#2598,#310,.T.);
#3135=EDGE_CURVE('',#2599,#2600,#1583,.T.);
#3136=EDGE_CURVE('',#2600,#2601,#1474,.T.);
#3137=EDGE_CURVE('',#2601,#2602,#1584,.T.);
#3138=EDGE_CURVE('',#2599,#2602,#1475,.T.);
#3139=EDGE_CURVE('',#2600,#2603,#1585,.T.);
#3140=EDGE_CURVE('',#2603,#2604,#1476,.T.);
#3141=EDGE_CURVE('',#2604,#2601,#1586,.T.);
#3142=EDGE_CURVE('',#2603,#2605,#1587,.T.);
#3143=EDGE_CURVE('',#2605,#2606,#1477,.T.);
#3144=EDGE_CURVE('',#2606,#2604,#1588,.T.);
#3145=EDGE_CURVE('',#2605,#2607,#1589,.T.);
#3146=EDGE_CURVE('',#2607,#2608,#1478,.T.);
#3147=EDGE_CURVE('',#2608,#2606,#1590,.T.);
#3148=EDGE_CURVE('',#2607,#2609,#1591,.T.);
#3149=EDGE_CURVE('',#2609,#2610,#1479,.T.);
#3150=EDGE_CURVE('',#2610,#2608,#1592,.T.);
#3151=EDGE_CURVE('',#2611,#2610,#1593,.T.);
#3152=EDGE_CURVE('',#2609,#2612,#1594,.T.);
#3153=EDGE_CURVE('',#2612,#2611,#1480,.T.);
#3154=EDGE_CURVE('',#2613,#2611,#1595,.T.);
#3155=EDGE_CURVE('',#2612,#2614,#1596,.T.);
#3156=EDGE_CURVE('',#2614,#2613,#1481,.T.);
#3157=EDGE_CURVE('',#2615,#2613,#1597,.T.);
#3158=EDGE_CURVE('',#2614,#2616,#1598,.T.);
#3159=EDGE_CURVE('',#2616,#2615,#1482,.T.);
#3160=EDGE_CURVE('',#2602,#2615,#1599,.T.);
#3161=EDGE_CURVE('',#2616,#2599,#1600,.T.);
#3162=EDGE_CURVE('',#2617,#2611,#1601,.T.);
#3163=EDGE_CURVE('',#2618,#2617,#1602,.T.);
#3164=EDGE_CURVE('',#2618,#2610,#1603,.T.);
#3165=EDGE_CURVE('',#2619,#2613,#1604,.T.);
#3166=EDGE_CURVE('',#2617,#2619,#1605,.T.);
#3167=EDGE_CURVE('',#2620,#2615,#1606,.T.);
#3168=EDGE_CURVE('',#2619,#2620,#1607,.T.);
#3169=EDGE_CURVE('',#2621,#2602,#1608,.T.);
#3170=EDGE_CURVE('',#2620,#2621,#1609,.T.);
#3171=EDGE_CURVE('',#2622,#2601,#1610,.T.);
#3172=EDGE_CURVE('',#2621,#2622,#1611,.T.);
#3173=EDGE_CURVE('',#2623,#2618,#1612,.T.);
#3174=EDGE_CURVE('',#2623,#2608,#1613,.T.);
#3175=EDGE_CURVE('',#2624,#2604,#1614,.T.);
#3176=EDGE_CURVE('',#2622,#2624,#1615,.T.);
#3177=EDGE_CURVE('',#2625,#2606,#1616,.T.);
#3178=EDGE_CURVE('',#2624,#2625,#1617,.T.);
#3179=EDGE_CURVE('',#2625,#2623,#1618,.T.);
#3180=EDGE_CURVE('',#2626,#2626,#311,.T.);
#3181=EDGE_CURVE('',#2627,#2627,#312,.T.);
#3182=EDGE_CURVE('',#2627,#2628,#1619,.T.);
#3183=EDGE_CURVE('',#2628,#2628,#313,.T.);
#3184=EDGE_CURVE('',#2629,#2629,#314,.T.);
#3185=EDGE_CURVE('',#2626,#2630,#315,.T.);
#3186=EDGE_CURVE('',#2630,#2630,#316,.T.);
#3187=EDGE_CURVE('',#2630,#2629,#1620,.T.);
#3188=EDGE_CURVE('',#2631,#2631,#317,.T.);
#3189=EDGE_CURVE('',#2631,#2632,#1621,.T.);
#3190=EDGE_CURVE('',#2632,#2632,#318,.T.);
#3191=EDGE_CURVE('',#2633,#2634,#1622,.T.);
#3192=EDGE_CURVE('',#2634,#2635,#1483,.T.);
#3193=EDGE_CURVE('',#2635,#2636,#1623,.T.);
#3194=EDGE_CURVE('',#2633,#2636,#1484,.T.);
#3195=EDGE_CURVE('',#2634,#2637,#1624,.T.);
#3196=EDGE_CURVE('',#2637,#2638,#1485,.T.);
#3197=EDGE_CURVE('',#2638,#2635,#1625,.T.);
#3198=EDGE_CURVE('',#2636,#2638,#1626,.T.);
#3199=EDGE_CURVE('',#2637,#2633,#1627,.T.);
#3200=EDGE_CURVE('',#2639,#2636,#1628,.T.);
#3201=EDGE_CURVE('',#2639,#2640,#1629,.T.);
#3202=EDGE_CURVE('',#2640,#2638,#1630,.T.);
#3203=EDGE_CURVE('',#2641,#2635,#1631,.T.);
#3204=EDGE_CURVE('',#2641,#2639,#1632,.T.);
#3205=EDGE_CURVE('',#2642,#2643,#1633,.T.);
#3206=EDGE_CURVE('',#2644,#2642,#1634,.T.);
#3207=EDGE_CURVE('',#2645,#2644,#1635,.T.);
#3208=EDGE_CURVE('',#2646,#2645,#1636,.T.);
#3209=EDGE_CURVE('',#2647,#2646,#1637,.T.);
#3210=EDGE_CURVE('',#2648,#2647,#1638,.T.);
#3211=EDGE_CURVE('',#2649,#2648,#1639,.T.);
#3212=EDGE_CURVE('',#2643,#2649,#1640,.T.);
#3213=EDGE_CURVE('',#2643,#2650,#1486,.T.);
#3214=EDGE_CURVE('',#2650,#2651,#1641,.T.);
#3215=EDGE_CURVE('',#2642,#2651,#1487,.T.);
#3216=EDGE_CURVE('',#2649,#2652,#1488,.T.);
#3217=EDGE_CURVE('',#2652,#2650,#1642,.T.);
#3218=EDGE_CURVE('',#2648,#2653,#1489,.T.);
#3219=EDGE_CURVE('',#2653,#2652,#1643,.T.);
#3220=EDGE_CURVE('',#2647,#2654,#1490,.T.);
#3221=EDGE_CURVE('',#2654,#2653,#1644,.T.);
#3222=EDGE_CURVE('',#2646,#2655,#1491,.T.);
#3223=EDGE_CURVE('',#2655,#2654,#1645,.T.);
#3224=EDGE_CURVE('',#2656,#2655,#1646,.T.);
#3225=EDGE_CURVE('',#2645,#2656,#1492,.T.);
#3226=EDGE_CURVE('',#2657,#2656,#1647,.T.);
#3227=EDGE_CURVE('',#2644,#2657,#1493,.T.);
#3228=EDGE_CURVE('',#2651,#2657,#1648,.T.);
#3229=EDGE_CURVE('',#2658,#2656,#1649,.T.);
#3230=EDGE_CURVE('',#2659,#2658,#1650,.T.);
#3231=EDGE_CURVE('',#2660,#2659,#112,.F.);
#3232=EDGE_CURVE('',#2660,#2655,#1651,.T.);
#3233=EDGE_CURVE('',#2661,#2657,#1652,.T.);
#3234=EDGE_CURVE('',#2658,#2661,#1653,.T.);
#3235=EDGE_CURVE('',#2662,#2651,#1654,.T.);
#3236=EDGE_CURVE('',#2661,#2662,#1655,.T.);
#3237=EDGE_CURVE('',#2663,#2650,#1656,.T.);
#3238=EDGE_CURVE('',#2662,#2663,#1657,.T.);
#3239=EDGE_CURVE('',#2640,#2641,#1658,.T.);
#3240=EDGE_CURVE('',#2664,#2660,#113,.F.);
#3241=EDGE_CURVE('',#2665,#2664,#1659,.T.);
#3242=EDGE_CURVE('',#2665,#2654,#1660,.T.);
#3243=EDGE_CURVE('',#2666,#2652,#1661,.T.);
#3244=EDGE_CURVE('',#2663,#2666,#1662,.T.);
#3245=EDGE_CURVE('',#2667,#2653,#1663,.T.);
#3246=EDGE_CURVE('',#2666,#2667,#1664,.T.);
#3247=EDGE_CURVE('',#2667,#2665,#1665,.T.);
#3248=EDGE_CURVE('',#2659,#2668,#319,.T.);
#3249=EDGE_CURVE('',#2668,#2669,#320,.T.);
#3250=EDGE_CURVE('',#2669,#2669,#321,.T.);
#3251=EDGE_CURVE('',#2668,#2664,#322,.T.);
#3252=EDGE_CURVE('',#2670,#2670,#323,.T.);
#3253=EDGE_CURVE('',#2670,#2671,#1666,.T.);
#3254=EDGE_CURVE('',#2671,#2671,#324,.T.);
#3255=EDGE_CURVE('',#2672,#2672,#325,.T.);
#3256=EDGE_CURVE('',#2669,#2672,#1667,.T.);
#3257=EDGE_CURVE('',#2673,#2673,#326,.T.);
#3258=EDGE_CURVE('',#2673,#2674,#1668,.T.);
#3259=EDGE_CURVE('',#2674,#2674,#327,.T.);
#3260=EDGE_CURVE('',#2675,#2676,#114,.T.);
#3261=EDGE_CURVE('',#2676,#2677,#115,.T.);
#3262=EDGE_CURVE('',#2677,#2678,#116,.T.);
#3263=EDGE_CURVE('',#2675,#2678,#117,.T.);
#3264=EDGE_CURVE('',#2678,#2679,#118,.T.);
#3265=EDGE_CURVE('',#2679,#2680,#119,.T.);
#3266=EDGE_CURVE('',#2680,#2675,#120,.T.);
#3267=EDGE_CURVE('',#2676,#2681,#121,.T.);
#3268=EDGE_CURVE('',#2681,#2682,#122,.T.);
#3269=EDGE_CURVE('',#2682,#2677,#123,.T.);
#3270=EDGE_CURVE('',#2679,#2683,#124,.T.);
#3271=EDGE_CURVE('',#2683,#2684,#125,.T.);
#3272=EDGE_CURVE('',#2684,#2680,#126,.T.);
#3273=EDGE_CURVE('',#2681,#2685,#127,.T.);
#3274=EDGE_CURVE('',#2685,#2686,#128,.T.);
#3275=EDGE_CURVE('',#2686,#2682,#129,.T.);
#3276=EDGE_CURVE('',#2687,#2688,#130,.T.);
#3277=EDGE_CURVE('',#2688,#2689,#1669,.T.);
#3278=EDGE_CURVE('',#2689,#2690,#1494,.T.);
#3279=EDGE_CURVE('',#2690,#2687,#1670,.T.);
#3280=EDGE_CURVE('',#2691,#2690,#1671,.T.);
#3281=EDGE_CURVE('',#2689,#2692,#1672,.T.);
#3282=EDGE_CURVE('',#2692,#2691,#1495,.T.);
#3283=EDGE_CURVE('',#2685,#2688,#131,.T.);
#3284=EDGE_CURVE('',#2687,#2686,#132,.T.);
#3285=EDGE_CURVE('',#2683,#2691,#1673,.T.);
#3286=EDGE_CURVE('',#2692,#2684,#1674,.T.);
#3287=EDGE_CURVE('',#2693,#2677,#1675,.T.);
#3288=EDGE_CURVE('',#2693,#2694,#133,.T.);
#3289=EDGE_CURVE('',#2694,#2678,#1676,.T.);
#3290=EDGE_CURVE('',#2695,#2682,#1677,.T.);
#3291=EDGE_CURVE('',#2695,#2693,#134,.T.);
#3292=EDGE_CURVE('',#2696,#2686,#1678,.T.);
#3293=EDGE_CURVE('',#2696,#2695,#135,.T.);
#3294=EDGE_CURVE('',#2697,#2687,#1679,.T.);
#3295=EDGE_CURVE('',#2697,#2696,#136,.T.);
#3296=EDGE_CURVE('',#2698,#2690,#1680,.T.);
#3297=EDGE_CURVE('',#2698,#2697,#1681,.T.);
#3298=EDGE_CURVE('',#2699,#2700,#137,.T.);
#3299=EDGE_CURVE('',#2701,#2699,#1682,.T.);
#3300=EDGE_CURVE('',#2702,#2701,#1683,.T.);
#3301=EDGE_CURVE('',#2703,#2702,#1684,.T.);
#3302=EDGE_CURVE('',#2704,#2703,#138,.T.);
#3303=EDGE_CURVE('',#2705,#2704,#139,.T.);
#3304=EDGE_CURVE('',#2706,#2705,#140,.T.);
#3305=EDGE_CURVE('',#2707,#2706,#141,.T.);
#3306=EDGE_CURVE('',#2708,#2707,#142,.T.);
#3307=EDGE_CURVE('',#2709,#2708,#143,.T.);
#3308=EDGE_CURVE('',#2710,#2709,#144,.T.);
#3309=EDGE_CURVE('',#2711,#2710,#145,.T.);
#3310=EDGE_CURVE('',#2712,#2711,#146,.T.);
#3311=EDGE_CURVE('',#2713,#2712,#147,.T.);
#3312=EDGE_CURVE('',#2700,#2713,#148,.T.);
#3313=EDGE_CURVE('',#2714,#2715,#1685,.T.);
#3314=EDGE_CURVE('',#2716,#2714,#149,.T.);
#3315=EDGE_CURVE('',#2717,#2716,#150,.T.);
#3316=EDGE_CURVE('',#2718,#2717,#151,.T.);
#3317=EDGE_CURVE('',#2719,#2718,#152,.T.);
#3318=EDGE_CURVE('',#2720,#2719,#153,.T.);
#3319=EDGE_CURVE('',#2721,#2720,#154,.T.);
#3320=EDGE_CURVE('',#2722,#2721,#1686,.T.);
#3321=EDGE_CURVE('',#2715,#2722,#1687,.T.);
#3322=EDGE_CURVE('',#2723,#2718,#155,.T.);
#3323=EDGE_CURVE('',#2717,#2724,#156,.T.);
#3324=EDGE_CURVE('',#2724,#2723,#157,.T.);
#3325=EDGE_CURVE('',#2725,#2726,#158,.T.);
#3326=EDGE_CURVE('',#2726,#2721,#159,.T.);
#3327=EDGE_CURVE('',#2720,#2725,#160,.T.);
#3328=EDGE_CURVE('',#2716,#2727,#161,.T.);
#3329=EDGE_CURVE('',#2727,#2724,#162,.T.);
#3330=EDGE_CURVE('',#2728,#2714,#163,.T.);
#3331=EDGE_CURVE('',#2715,#2729,#1496,.T.);
#3332=EDGE_CURVE('',#2729,#2728,#1688,.T.);
#3333=EDGE_CURVE('',#2730,#2729,#1689,.T.);
#3334=EDGE_CURVE('',#2722,#2730,#1497,.T.);
#3335=EDGE_CURVE('',#2728,#2727,#164,.T.);
#3336=EDGE_CURVE('',#2726,#2730,#1690,.T.);
#3337=EDGE_CURVE('',#2731,#2725,#165,.T.);
#3338=EDGE_CURVE('',#2719,#2731,#166,.T.);
#3339=EDGE_CURVE('',#2723,#2731,#167,.T.);
#3340=EDGE_CURVE('',#2732,#2723,#1691,.T.);
#3341=EDGE_CURVE('',#2732,#2733,#168,.T.);
#3342=EDGE_CURVE('',#2733,#2731,#1692,.T.);
#3343=EDGE_CURVE('',#2734,#2724,#1693,.T.);
#3344=EDGE_CURVE('',#2734,#2732,#169,.T.);
#3345=EDGE_CURVE('',#2735,#2727,#1694,.T.);
#3346=EDGE_CURVE('',#2735,#2734,#170,.T.);
#3347=EDGE_CURVE('',#2736,#2728,#1695,.T.);
#3348=EDGE_CURVE('',#2736,#2735,#171,.T.);
#3349=EDGE_CURVE('',#2737,#2729,#1696,.T.);
#3350=EDGE_CURVE('',#2737,#2736,#1697,.T.);
#3351=EDGE_CURVE('',#2708,#2738,#172,.T.);
#3352=EDGE_CURVE('',#2738,#2739,#173,.T.);
#3353=EDGE_CURVE('',#2709,#2739,#174,.T.);
#3354=EDGE_CURVE('',#2739,#2740,#175,.T.);
#3355=EDGE_CURVE('',#2740,#2710,#176,.T.);
#3356=EDGE_CURVE('',#2741,#2707,#177,.T.);
#3357=EDGE_CURVE('',#2706,#2742,#178,.T.);
#3358=EDGE_CURVE('',#2742,#2741,#179,.T.);
#3359=EDGE_CURVE('',#2740,#2743,#180,.T.);
#3360=EDGE_CURVE('',#2743,#2711,#181,.T.);
#3361=EDGE_CURVE('',#2705,#2744,#182,.T.);
#3362=EDGE_CURVE('',#2744,#2742,#183,.T.);
#3363=EDGE_CURVE('',#2743,#2745,#184,.T.);
#3364=EDGE_CURVE('',#2745,#2712,#185,.T.);
#3365=EDGE_CURVE('',#2704,#2746,#186,.T.);
#3366=EDGE_CURVE('',#2746,#2744,#187,.T.);
#3367=EDGE_CURVE('',#2745,#2747,#188,.T.);
#3368=EDGE_CURVE('',#2747,#2713,#189,.T.);
#3369=EDGE_CURVE('',#2748,#2703,#190,.T.);
#3370=EDGE_CURVE('',#2702,#2749,#1498,.T.);
#3371=EDGE_CURVE('',#2749,#2748,#1698,.T.);
#3372=EDGE_CURVE('',#2701,#2750,#1499,.T.);
#3373=EDGE_CURVE('',#2750,#2749,#1699,.T.);
#3374=EDGE_CURVE('',#2751,#2752,#191,.T.);
#3375=EDGE_CURVE('',#2752,#2699,#192,.T.);
#3376=EDGE_CURVE('',#2700,#2751,#193,.T.);
#3377=EDGE_CURVE('',#2752,#2750,#1700,.T.);
#3378=EDGE_CURVE('',#2747,#2751,#194,.T.);
#3379=EDGE_CURVE('',#2748,#2746,#195,.T.);
#3380=EDGE_CURVE('',#2741,#2738,#196,.T.);
#3381=EDGE_CURVE('',#2753,#2742,#1701,.T.);
#3382=EDGE_CURVE('',#2754,#2753,#197,.F.);
#3383=EDGE_CURVE('',#2754,#2741,#1702,.T.);
#3384=EDGE_CURVE('',#2755,#2744,#1703,.T.);
#3385=EDGE_CURVE('',#2753,#2755,#198,.F.);
#3386=EDGE_CURVE('',#2756,#2746,#1704,.T.);
#3387=EDGE_CURVE('',#2755,#2756,#199,.F.);
#3388=EDGE_CURVE('',#2757,#2748,#1705,.T.);
#3389=EDGE_CURVE('',#2756,#2757,#200,.F.);
#3390=EDGE_CURVE('',#2758,#2749,#1706,.T.);
#3391=EDGE_CURVE('',#2757,#2758,#1707,.T.);
#3392=EDGE_CURVE('',#2759,#2750,#1708,.T.);
#3393=EDGE_CURVE('',#2758,#2759,#1709,.T.);
#3394=EDGE_CURVE('',#2760,#2752,#1710,.T.);
#3395=EDGE_CURVE('',#2759,#2760,#1711,.T.);
#3396=EDGE_CURVE('',#2761,#2751,#1712,.T.);
#3397=EDGE_CURVE('',#2760,#2761,#201,.F.);
#3398=EDGE_CURVE('',#2762,#2698,#1713,.T.);
#3399=EDGE_CURVE('',#2763,#2762,#1714,.T.);
#3400=EDGE_CURVE('',#2764,#2763,#202,.T.);
#3401=EDGE_CURVE('',#2694,#2764,#203,.T.);
#3402=EDGE_CURVE('',#2764,#2679,#1715,.T.);
#3403=EDGE_CURVE('',#2763,#2683,#1716,.T.);
#3404=EDGE_CURVE('',#2762,#2691,#1717,.T.);
#3405=EDGE_CURVE('',#2765,#2737,#1718,.T.);
#3406=EDGE_CURVE('',#2766,#2765,#1719,.T.);
#3407=EDGE_CURVE('',#2767,#2766,#204,.T.);
#3408=EDGE_CURVE('',#2733,#2767,#205,.T.);
#3409=EDGE_CURVE('',#2767,#2725,#1720,.T.);
#3410=EDGE_CURVE('',#2766,#2726,#1721,.T.);
#3411=EDGE_CURVE('',#2765,#2730,#1722,.T.);
#3412=EDGE_CURVE('',#2768,#2740,#1723,.T.);
#3413=EDGE_CURVE('',#2769,#2768,#206,.F.);
#3414=EDGE_CURVE('',#2769,#2743,#1724,.T.);
#3415=EDGE_CURVE('',#2770,#2769,#207,.F.);
#3416=EDGE_CURVE('',#2770,#2745,#1725,.T.);
#3417=EDGE_CURVE('',#2771,#2770,#208,.F.);
#3418=EDGE_CURVE('',#2771,#2747,#1726,.T.);
#3419=EDGE_CURVE('',#2761,#2771,#209,.F.);
#3420=EDGE_CURVE('',#2772,#2739,#1727,.T.);
#3421=EDGE_CURVE('',#2768,#2772,#210,.F.);
#3422=EDGE_CURVE('',#2773,#2738,#1728,.T.);
#3423=EDGE_CURVE('',#2772,#2773,#211,.F.);
#3424=EDGE_CURVE('',#2773,#2754,#212,.F.);
#3425=EDGE_CURVE('',#2774,#2774,#328,.T.);
#3426=EDGE_CURVE('',#2775,#2775,#329,.T.);
#3427=EDGE_CURVE('',#2775,#2776,#1729,.T.);
#3428=EDGE_CURVE('',#2776,#2776,#330,.T.);
#3429=EDGE_CURVE('',#2777,#2777,#331,.T.);
#3430=EDGE_CURVE('',#2774,#2778,#332,.T.);
#3431=EDGE_CURVE('',#2778,#2778,#333,.T.);
#3432=EDGE_CURVE('',#2778,#2777,#1730,.T.);
#3433=EDGE_CURVE('',#2779,#2779,#334,.T.);
#3434=EDGE_CURVE('',#2779,#2780,#1731,.T.);
#3435=EDGE_CURVE('',#2780,#2780,#335,.T.);
#3436=EDGE_CURVE('',#2781,#2781,#336,.T.);
#3437=EDGE_CURVE('',#2782,#2783,#1732,.T.);
#3438=EDGE_CURVE('',#2783,#2784,#1500,.T.);
#3439=EDGE_CURVE('',#2784,#2785,#1733,.T.);
#3440=EDGE_CURVE('',#2782,#2785,#1501,.T.);
#3441=EDGE_CURVE('',#2783,#2786,#1734,.T.);
#3442=EDGE_CURVE('',#2786,#2787,#1502,.T.);
#3443=EDGE_CURVE('',#2787,#2784,#1735,.T.);
#3444=EDGE_CURVE('',#2785,#2787,#1736,.T.);
#3445=EDGE_CURVE('',#2786,#2782,#1737,.T.);
#3446=EDGE_CURVE('',#2788,#2785,#1738,.T.);
#3447=EDGE_CURVE('',#2789,#2788,#1739,.T.);
#3448=EDGE_CURVE('',#2789,#2787,#1740,.T.);
#3449=EDGE_CURVE('',#2790,#2784,#1741,.T.);
#3450=EDGE_CURVE('',#2788,#2790,#1742,.T.);
#3451=EDGE_CURVE('',#2790,#2789,#1743,.T.);
#3452=EDGE_CURVE('',#2791,#2791,#337,.T.);
#3453=EDGE_CURVE('',#2791,#2792,#338,.T.);
#3454=EDGE_CURVE('',#2792,#2792,#339,.T.);
#3455=EDGE_CURVE('',#2792,#2793,#1744,.T.);
#3456=EDGE_CURVE('',#2793,#2793,#340,.T.);
#3457=EDGE_CURVE('',#2794,#2794,#341,.T.);
#3458=EDGE_CURVE('',#2794,#2781,#1745,.T.);
#3459=EDGE_CURVE('',#2795,#2795,#342,.T.);
#3460=EDGE_CURVE('',#2795,#2796,#1746,.T.);
#3461=EDGE_CURVE('',#2796,#2796,#343,.T.);
#3462=EDGE_CURVE('',#2797,#2797,#344,.T.);
#3463=EDGE_CURVE('',#2798,#2799,#1747,.T.);
#3464=EDGE_CURVE('',#2799,#2800,#1503,.T.);
#3465=EDGE_CURVE('',#2800,#2801,#1748,.T.);
#3466=EDGE_CURVE('',#2798,#2801,#1504,.T.);
#3467=EDGE_CURVE('',#2799,#2802,#1749,.T.);
#3468=EDGE_CURVE('',#2802,#2803,#1505,.T.);
#3469=EDGE_CURVE('',#2803,#2800,#1750,.T.);
#3470=EDGE_CURVE('',#2801,#2803,#1751,.T.);
#3471=EDGE_CURVE('',#2802,#2798,#1752,.T.);
#3472=EDGE_CURVE('',#2804,#2801,#1753,.T.);
#3473=EDGE_CURVE('',#2805,#2804,#1754,.T.);
#3474=EDGE_CURVE('',#2805,#2803,#1755,.T.);
#3475=EDGE_CURVE('',#2806,#2800,#1756,.T.);
#3476=EDGE_CURVE('',#2804,#2806,#1757,.T.);
#3477=EDGE_CURVE('',#2806,#2805,#1758,.T.);
#3478=EDGE_CURVE('',#2807,#2807,#345,.T.);
#3479=EDGE_CURVE('',#2807,#2808,#346,.T.);
#3480=EDGE_CURVE('',#2808,#2808,#347,.T.);
#3481=EDGE_CURVE('',#2808,#2809,#1759,.T.);
#3482=EDGE_CURVE('',#2809,#2809,#348,.T.);
#3483=EDGE_CURVE('',#2810,#2810,#349,.T.);
#3484=EDGE_CURVE('',#2810,#2797,#1760,.T.);
#3485=EDGE_CURVE('',#2811,#2811,#350,.T.);
#3486=EDGE_CURVE('',#2811,#2812,#1761,.T.);
#3487=EDGE_CURVE('',#2812,#2812,#351,.T.);
#3488=EDGE_CURVE('',#2813,#2813,#352,.T.);
#3489=EDGE_CURVE('',#2814,#2815,#1762,.T.);
#3490=EDGE_CURVE('',#2815,#2816,#1506,.T.);
#3491=EDGE_CURVE('',#2816,#2817,#1763,.T.);
#3492=EDGE_CURVE('',#2814,#2817,#1507,.T.);
#3493=EDGE_CURVE('',#2815,#2818,#1764,.T.);
#3494=EDGE_CURVE('',#2818,#2819,#1508,.T.);
#3495=EDGE_CURVE('',#2819,#2816,#1765,.T.);
#3496=EDGE_CURVE('',#2817,#2819,#1766,.T.);
#3497=EDGE_CURVE('',#2818,#2814,#1767,.T.);
#3498=EDGE_CURVE('',#2820,#2817,#1768,.T.);
#3499=EDGE_CURVE('',#2821,#2820,#1769,.T.);
#3500=EDGE_CURVE('',#2821,#2819,#1770,.T.);
#3501=EDGE_CURVE('',#2822,#2816,#1771,.T.);
#3502=EDGE_CURVE('',#2820,#2822,#1772,.T.);
#3503=EDGE_CURVE('',#2822,#2821,#1773,.T.);
#3504=EDGE_CURVE('',#2823,#2823,#353,.T.);
#3505=EDGE_CURVE('',#2823,#2824,#354,.T.);
#3506=EDGE_CURVE('',#2824,#2824,#355,.T.);
#3507=EDGE_CURVE('',#2824,#2825,#1774,.T.);
#3508=EDGE_CURVE('',#2825,#2825,#356,.T.);
#3509=EDGE_CURVE('',#2826,#2826,#357,.T.);
#3510=EDGE_CURVE('',#2826,#2813,#1775,.T.);
#3511=EDGE_CURVE('',#2827,#2827,#358,.T.);
#3512=EDGE_CURVE('',#2827,#2828,#1776,.T.);
#3513=EDGE_CURVE('',#2828,#2828,#359,.T.);
#3514=EDGE_CURVE('',#2829,#2829,#360,.T.);
#3515=EDGE_CURVE('',#2830,#2831,#1777,.T.);
#3516=EDGE_CURVE('',#2831,#2832,#1509,.T.);
#3517=EDGE_CURVE('',#2832,#2833,#1778,.T.);
#3518=EDGE_CURVE('',#2830,#2833,#1510,.T.);
#3519=EDGE_CURVE('',#2831,#2834,#1779,.T.);
#3520=EDGE_CURVE('',#2834,#2835,#1511,.T.);
#3521=EDGE_CURVE('',#2835,#2832,#1780,.T.);
#3522=EDGE_CURVE('',#2833,#2835,#1781,.T.);
#3523=EDGE_CURVE('',#2834,#2830,#1782,.T.);
#3524=EDGE_CURVE('',#2836,#2833,#1783,.T.);
#3525=EDGE_CURVE('',#2837,#2836,#1784,.T.);
#3526=EDGE_CURVE('',#2837,#2835,#1785,.T.);
#3527=EDGE_CURVE('',#2838,#2832,#1786,.T.);
#3528=EDGE_CURVE('',#2836,#2838,#1787,.T.);
#3529=EDGE_CURVE('',#2838,#2837,#1788,.T.);
#3530=EDGE_CURVE('',#2839,#2839,#361,.T.);
#3531=EDGE_CURVE('',#2839,#2840,#362,.T.);
#3532=EDGE_CURVE('',#2840,#2840,#363,.T.);
#3533=EDGE_CURVE('',#2840,#2841,#1789,.T.);
#3534=EDGE_CURVE('',#2841,#2841,#364,.T.);
#3535=EDGE_CURVE('',#2842,#2842,#365,.T.);
#3536=EDGE_CURVE('',#2842,#2829,#1790,.T.);
#3537=EDGE_CURVE('',#2843,#2843,#366,.T.);
#3538=EDGE_CURVE('',#2843,#2844,#1791,.T.);
#3539=EDGE_CURVE('',#2844,#2844,#367,.T.);
#3540=EDGE_CURVE('',#2845,#2846,#1792,.T.);
#3541=EDGE_CURVE('',#2845,#2847,#1793,.T.);
#3542=EDGE_CURVE('',#2847,#2848,#1794,.T.);
#3543=EDGE_CURVE('',#2846,#2848,#1795,.T.);
#3544=EDGE_CURVE('',#2849,#2845,#1796,.T.);
#3545=EDGE_CURVE('',#2849,#2850,#1797,.T.);
#3546=EDGE_CURVE('',#2850,#2847,#1798,.T.);
#3547=EDGE_CURVE('',#2851,#2849,#1799,.T.);
#3548=EDGE_CURVE('',#2851,#2852,#1800,.T.);
#3549=EDGE_CURVE('',#2852,#2850,#1801,.T.);
#3550=EDGE_CURVE('',#2853,#2851,#1802,.T.);
#3551=EDGE_CURVE('',#2853,#2854,#1803,.T.);
#3552=EDGE_CURVE('',#2854,#2852,#1804,.T.);
#3553=EDGE_CURVE('',#2855,#2853,#1805,.T.);
#3554=EDGE_CURVE('',#2855,#2856,#1806,.T.);
#3555=EDGE_CURVE('',#2856,#2854,#1807,.T.);
#3556=EDGE_CURVE('',#2857,#2858,#1808,.T.);
#3557=EDGE_CURVE('',#2859,#2857,#1809,.T.);
#3558=EDGE_CURVE('',#2860,#2859,#1810,.T.);
#3559=EDGE_CURVE('',#2861,#2860,#1811,.T.);
#3560=EDGE_CURVE('',#2862,#2861,#368,.T.);
#3561=EDGE_CURVE('',#2863,#2862,#1812,.T.);
#3562=EDGE_CURVE('',#2864,#2863,#369,.T.);
#3563=EDGE_CURVE('',#2865,#2864,#1813,.T.);
#3564=EDGE_CURVE('',#2848,#2865,#1814,.T.);
#3565=EDGE_CURVE('',#2858,#2856,#370,.T.);
#3566=EDGE_CURVE('',#2846,#2866,#1815,.T.);
#3567=EDGE_CURVE('',#2866,#2865,#1816,.T.);
#3568=EDGE_CURVE('',#2866,#2867,#1817,.T.);
#3569=EDGE_CURVE('',#2867,#2864,#1818,.T.);
#3570=EDGE_CURVE('',#2867,#2868,#371,.T.);
#3571=EDGE_CURVE('',#2868,#2863,#1819,.T.);
#3572=EDGE_CURVE('',#2868,#2869,#1820,.T.);
#3573=EDGE_CURVE('',#2869,#2862,#1821,.T.);
#3574=EDGE_CURVE('',#2869,#2870,#372,.T.);
#3575=EDGE_CURVE('',#2870,#2861,#1822,.T.);
#3576=EDGE_CURVE('',#2870,#2871,#1823,.T.);
#3577=EDGE_CURVE('',#2871,#2860,#1824,.T.);
#3578=EDGE_CURVE('',#2871,#2872,#1825,.T.);
#3579=EDGE_CURVE('',#2872,#2859,#1826,.T.);
#3580=EDGE_CURVE('',#2872,#2873,#1827,.T.);
#3581=EDGE_CURVE('',#2873,#2857,#1828,.T.);
#3582=EDGE_CURVE('',#2873,#2874,#1829,.T.);
#3583=EDGE_CURVE('',#2874,#2858,#1830,.T.);
#3584=EDGE_CURVE('',#2874,#2855,#373,.T.);
#3585=EDGE_CURVE('',#2875,#2876,#374,.T.);
#3586=EDGE_CURVE('',#2877,#2875,#1831,.T.);
#3587=EDGE_CURVE('',#2878,#2877,#1832,.T.);
#3588=EDGE_CURVE('',#2879,#2878,#1833,.T.);
#3589=EDGE_CURVE('',#2880,#2879,#1834,.T.);
#3590=EDGE_CURVE('',#2881,#2880,#1835,.T.);
#3591=EDGE_CURVE('',#2882,#2881,#1836,.T.);
#3592=EDGE_CURVE('',#2883,#2882,#1837,.T.);
#3593=EDGE_CURVE('',#2884,#2883,#375,.T.);
#3594=EDGE_CURVE('',#2885,#2884,#1838,.T.);
#3595=EDGE_CURVE('',#2886,#2885,#1839,.T.);
#3596=EDGE_CURVE('',#2887,#2886,#1840,.T.);
#3597=EDGE_CURVE('',#2888,#2887,#1841,.T.);
#3598=EDGE_CURVE('',#2889,#2888,#376,.T.);
#3599=EDGE_CURVE('',#2876,#2889,#1842,.T.);
#3600=EDGE_CURVE('',#2890,#2882,#1843,.T.);
#3601=EDGE_CURVE('',#2890,#2891,#1844,.T.);
#3602=EDGE_CURVE('',#2891,#2883,#1845,.T.);
#3603=EDGE_CURVE('',#2892,#2881,#1846,.T.);
#3604=EDGE_CURVE('',#2893,#2892,#1847,.T.);
#3605=EDGE_CURVE('',#2893,#2890,#1848,.T.);
#3606=EDGE_CURVE('',#2894,#2880,#1849,.T.);
#3607=EDGE_CURVE('',#2892,#2894,#1850,.T.);
#3608=EDGE_CURVE('',#2895,#2879,#1851,.T.);
#3609=EDGE_CURVE('',#2894,#2895,#1852,.T.);
#3610=EDGE_CURVE('',#2896,#2878,#1853,.T.);
#3611=EDGE_CURVE('',#2896,#2895,#1854,.T.);
#3612=EDGE_CURVE('',#2897,#2877,#1855,.T.);
#3613=EDGE_CURVE('',#2897,#2898,#1856,.T.);
#3614=EDGE_CURVE('',#2898,#2899,#1857,.T.);
#3615=EDGE_CURVE('',#2896,#2899,#1858,.T.);
#3616=EDGE_CURVE('',#2900,#2875,#1859,.T.);
#3617=EDGE_CURVE('',#2900,#2897,#1860,.T.);
#3618=EDGE_CURVE('',#2901,#2902,#1861,.T.);
#3619=EDGE_CURVE('',#2902,#2903,#377,.T.);
#3620=EDGE_CURVE('',#2904,#2903,#1862,.T.);
#3621=EDGE_CURVE('',#2901,#2904,#378,.T.);
#3622=EDGE_CURVE('',#2899,#2893,#1863,.T.);
#3623=EDGE_CURVE('',#2898,#2890,#1864,.T.);
#3624=EDGE_CURVE('',#2905,#2900,#379,.T.);
#3625=EDGE_CURVE('',#2903,#2905,#1865,.T.);
#3626=EDGE_CURVE('',#2891,#2902,#380,.T.);
#3627=EDGE_CURVE('',#2905,#2876,#1866,.T.);
#3628=EDGE_CURVE('',#2906,#2889,#1867,.T.);
#3629=EDGE_CURVE('',#2904,#2906,#1868,.T.);
#3630=EDGE_CURVE('',#2907,#2888,#1869,.T.);
#3631=EDGE_CURVE('',#2907,#2906,#381,.T.);
#3632=EDGE_CURVE('',#2908,#2887,#1870,.T.);
#3633=EDGE_CURVE('',#2907,#2908,#1871,.T.);
#3634=EDGE_CURVE('',#2909,#2886,#1872,.T.);
#3635=EDGE_CURVE('',#2909,#2908,#1873,.T.);
#3636=EDGE_CURVE('',#2910,#2885,#1874,.T.);
#3637=EDGE_CURVE('',#2910,#2909,#1875,.T.);
#3638=EDGE_CURVE('',#2902,#2884,#1876,.T.);
#3639=EDGE_CURVE('',#2901,#2910,#1877,.T.);
#3640=EDGE_CURVE('',#2911,#2912,#1878,.T.);
#3641=EDGE_CURVE('',#2912,#2913,#1512,.T.);
#3642=EDGE_CURVE('',#2913,#2914,#1879,.T.);
#3643=EDGE_CURVE('',#2911,#2914,#1513,.T.);
#3644=EDGE_CURVE('',#2912,#2915,#1880,.T.);
#3645=EDGE_CURVE('',#2915,#2916,#1514,.T.);
#3646=EDGE_CURVE('',#2916,#2913,#1881,.T.);
#3647=EDGE_CURVE('',#2915,#2917,#1882,.T.);
#3648=EDGE_CURVE('',#2917,#2918,#1515,.T.);
#3649=EDGE_CURVE('',#2918,#2916,#1883,.T.);
#3650=EDGE_CURVE('',#2919,#2918,#1884,.T.);
#3651=EDGE_CURVE('',#2917,#2920,#1885,.T.);
#3652=EDGE_CURVE('',#2920,#2919,#1516,.T.);
#3653=EDGE_CURVE('',#2914,#2919,#1886,.T.);
#3654=EDGE_CURVE('',#2920,#2911,#1887,.T.);
#3655=EDGE_CURVE('',#2921,#2919,#1888,.T.);
#3656=EDGE_CURVE('',#2922,#2921,#1889,.T.);
#3657=EDGE_CURVE('',#2922,#2918,#1890,.T.);
#3658=EDGE_CURVE('',#2923,#2914,#1891,.T.);
#3659=EDGE_CURVE('',#2921,#2923,#1892,.T.);
#3660=EDGE_CURVE('',#2924,#2913,#1893,.T.);
#3661=EDGE_CURVE('',#2923,#2924,#1894,.T.);
#3662=EDGE_CURVE('',#2925,#2916,#1895,.T.);
#3663=EDGE_CURVE('',#2924,#2925,#1896,.T.);
#3664=EDGE_CURVE('',#2925,#2922,#1897,.T.);
#3665=EDGE_CURVE('',#2926,#2926,#382,.T.);
#3666=EDGE_CURVE('',#2927,#2927,#383,.T.);
#3667=EDGE_CURVE('',#2927,#2928,#384,.T.);
#3668=EDGE_CURVE('',#2928,#2928,#385,.T.);
#3669=EDGE_CURVE('',#2928,#2929,#1898,.T.);
#3670=EDGE_CURVE('',#2929,#2929,#386,.T.);
#3671=EDGE_CURVE('',#2930,#2930,#387,.T.);
#3672=EDGE_CURVE('',#2930,#2926,#1899,.T.);
#3673=EDGE_CURVE('',#2931,#2931,#388,.T.);
#3674=EDGE_CURVE('',#2931,#2932,#1900,.T.);
#3675=EDGE_CURVE('',#2932,#2932,#389,.T.);
#3676=EDGE_CURVE('',#2933,#2934,#1901,.T.);
#3677=EDGE_CURVE('',#2934,#2935,#1517,.T.);
#3678=EDGE_CURVE('',#2935,#2936,#1902,.T.);
#3679=EDGE_CURVE('',#2933,#2936,#1518,.T.);
#3680=EDGE_CURVE('',#2934,#2937,#1903,.T.);
#3681=EDGE_CURVE('',#2937,#2938,#1519,.T.);
#3682=EDGE_CURVE('',#2938,#2935,#1904,.T.);
#3683=EDGE_CURVE('',#2937,#2939,#1905,.T.);
#3684=EDGE_CURVE('',#2939,#2940,#1520,.T.);
#3685=EDGE_CURVE('',#2940,#2938,#1906,.T.);
#3686=EDGE_CURVE('',#2936,#2940,#1907,.T.);
#3687=EDGE_CURVE('',#2939,#2933,#1908,.T.);
#3688=EDGE_CURVE('',#2941,#2936,#1909,.T.);
#3689=EDGE_CURVE('',#2942,#2941,#1910,.T.);
#3690=EDGE_CURVE('',#2942,#2940,#1911,.T.);
#3691=EDGE_CURVE('',#2943,#2935,#1912,.T.);
#3692=EDGE_CURVE('',#2941,#2943,#1913,.T.);
#3693=EDGE_CURVE('',#2944,#2945,#1914,.T.);
#3694=EDGE_CURVE('',#2945,#2946,#1521,.T.);
#3695=EDGE_CURVE('',#2946,#2947,#1915,.T.);
#3696=EDGE_CURVE('',#2944,#2947,#1522,.T.);
#3697=EDGE_CURVE('',#2945,#2948,#1916,.T.);
#3698=EDGE_CURVE('',#2948,#2949,#1523,.T.);
#3699=EDGE_CURVE('',#2949,#2946,#1917,.T.);
#3700=EDGE_CURVE('',#2948,#2950,#1918,.T.);
#3701=EDGE_CURVE('',#2950,#2951,#1524,.T.);
#3702=EDGE_CURVE('',#2951,#2949,#1919,.T.);
#3703=EDGE_CURVE('',#2947,#2951,#1920,.T.);
#3704=EDGE_CURVE('',#2950,#2944,#1921,.T.);
#3705=EDGE_CURVE('',#2952,#2947,#1922,.T.);
#3706=EDGE_CURVE('',#2953,#2952,#1923,.T.);
#3707=EDGE_CURVE('',#2953,#2951,#1924,.T.);
#3708=EDGE_CURVE('',#2954,#2946,#1925,.T.);
#3709=EDGE_CURVE('',#2952,#2954,#1926,.T.);
#3710=EDGE_CURVE('',#2955,#2956,#1927,.T.);
#3711=EDGE_CURVE('',#2956,#2957,#1525,.T.);
#3712=EDGE_CURVE('',#2957,#2958,#1928,.T.);
#3713=EDGE_CURVE('',#2955,#2958,#1526,.T.);
#3714=EDGE_CURVE('',#2956,#2959,#1929,.T.);
#3715=EDGE_CURVE('',#2959,#2960,#1527,.T.);
#3716=EDGE_CURVE('',#2960,#2957,#1930,.T.);
#3717=EDGE_CURVE('',#2959,#2961,#1931,.T.);
#3718=EDGE_CURVE('',#2961,#2962,#1528,.T.);
#3719=EDGE_CURVE('',#2962,#2960,#1932,.T.);
#3720=EDGE_CURVE('',#2958,#2962,#1933,.T.);
#3721=EDGE_CURVE('',#2961,#2955,#1934,.T.);
#3722=EDGE_CURVE('',#2963,#2958,#1935,.T.);
#3723=EDGE_CURVE('',#2964,#2963,#1936,.T.);
#3724=EDGE_CURVE('',#2964,#2962,#1937,.T.);
#3725=EDGE_CURVE('',#2965,#2957,#1938,.T.);
#3726=EDGE_CURVE('',#2963,#2965,#1939,.T.);
#3727=EDGE_CURVE('',#2966,#2938,#1940,.T.);
#3728=EDGE_CURVE('',#2943,#2966,#1941,.T.);
#3729=EDGE_CURVE('',#2966,#2942,#1942,.T.);
#3730=EDGE_CURVE('',#2967,#2953,#1943,.T.);
#3731=EDGE_CURVE('',#2967,#2949,#1944,.T.);
#3732=EDGE_CURVE('',#2954,#2967,#1945,.T.);
#3733=EDGE_CURVE('',#2968,#2960,#1946,.T.);
#3734=EDGE_CURVE('',#2965,#2968,#1947,.T.);
#3735=EDGE_CURVE('',#2968,#2964,#1948,.T.);
#3736=EDGE_CURVE('',#2969,#2969,#390,.T.);
#3737=EDGE_CURVE('',#2970,#2970,#391,.T.);
#3738=EDGE_CURVE('',#2970,#2971,#392,.T.);
#3739=EDGE_CURVE('',#2971,#2971,#393,.T.);
#3740=EDGE_CURVE('',#2971,#2972,#1949,.T.);
#3741=EDGE_CURVE('',#2972,#2972,#394,.T.);
#3742=EDGE_CURVE('',#2973,#2973,#395,.T.);
#3743=EDGE_CURVE('',#2973,#2969,#1950,.T.);
#3744=EDGE_CURVE('',#2974,#2974,#396,.T.);
#3745=EDGE_CURVE('',#2974,#2975,#1951,.T.);
#3746=EDGE_CURVE('',#2975,#2975,#397,.T.);
#3747=EDGE_CURVE('',#2976,#2977,#1952,.T.);
#3748=EDGE_CURVE('',#2977,#2978,#1529,.T.);
#3749=EDGE_CURVE('',#2978,#2979,#1953,.T.);
#3750=EDGE_CURVE('',#2976,#2979,#1530,.T.);
#3751=EDGE_CURVE('',#2977,#2980,#1954,.T.);
#3752=EDGE_CURVE('',#2980,#2981,#1531,.T.);
#3753=EDGE_CURVE('',#2981,#2978,#1955,.T.);
#3754=EDGE_CURVE('',#2979,#2981,#1956,.T.);
#3755=EDGE_CURVE('',#2980,#2976,#1957,.T.);
#3756=EDGE_CURVE('',#2982,#2979,#1958,.T.);
#3757=EDGE_CURVE('',#2983,#2982,#1959,.T.);
#3758=EDGE_CURVE('',#2983,#2981,#1960,.T.);
#3759=EDGE_CURVE('',#2984,#2978,#1961,.T.);
#3760=EDGE_CURVE('',#2982,#2984,#1962,.T.);
#3761=EDGE_CURVE('',#2984,#2983,#1963,.T.);
#3762=EDGE_CURVE('',#2985,#2985,#398,.T.);
#3763=EDGE_CURVE('',#2986,#2986,#399,.T.);
#3764=EDGE_CURVE('',#2986,#2987,#400,.T.);
#3765=EDGE_CURVE('',#2987,#2987,#401,.T.);
#3766=EDGE_CURVE('',#2987,#2988,#1964,.T.);
#3767=EDGE_CURVE('',#2988,#2988,#402,.T.);
#3768=EDGE_CURVE('',#2989,#2989,#403,.T.);
#3769=EDGE_CURVE('',#2989,#2985,#1965,.T.);
#3770=EDGE_CURVE('',#2990,#2990,#404,.T.);
#3771=EDGE_CURVE('',#2990,#2991,#1966,.T.);
#3772=EDGE_CURVE('',#2991,#2991,#405,.T.);
#3773=EDGE_CURVE('',#2992,#2993,#1967,.T.);
#3774=EDGE_CURVE('',#2992,#2994,#1968,.T.);
#3775=EDGE_CURVE('',#2995,#2994,#1969,.T.);
#3776=EDGE_CURVE('',#2993,#2995,#1970,.T.);
#3777=EDGE_CURVE('',#2993,#2996,#1971,.T.);
#3778=EDGE_CURVE('',#2997,#2995,#1972,.T.);
#3779=EDGE_CURVE('',#2996,#2997,#1973,.T.);
#3780=EDGE_CURVE('',#2996,#2998,#1974,.T.);
#3781=EDGE_CURVE('',#2999,#2997,#1975,.T.);
#3782=EDGE_CURVE('',#2998,#2999,#1976,.T.);
#3783=EDGE_CURVE('',#2998,#2992,#1977,.T.);
#3784=EDGE_CURVE('',#2994,#2999,#1978,.T.);
#3785=EDGE_CURVE('',#3000,#3000,#406,.T.);
#3786=EDGE_CURVE('',#3000,#3001,#1979,.T.);
#3787=EDGE_CURVE('',#3001,#3001,#407,.T.);
#3788=EDGE_CURVE('',#3002,#3002,#408,.T.);
#3789=EDGE_CURVE('',#3002,#3003,#409,.T.);
#3790=EDGE_CURVE('',#3003,#3004,#410,.T.);
#3791=EDGE_CURVE('',#3004,#3003,#411,.T.);
#3792=EDGE_CURVE('',#3004,#3005,#1980,.T.);
#3793=EDGE_CURVE('',#3005,#3005,#412,.T.);
#3794=EDGE_CURVE('',#3006,#3006,#413,.T.);
#3795=EDGE_CURVE('',#3006,#3007,#1981,.T.);
#3796=EDGE_CURVE('',#3007,#3007,#414,.T.);
#3797=EDGE_CURVE('',#3008,#3009,#1982,.T.);
#3798=EDGE_CURVE('',#3008,#3010,#1983,.T.);
#3799=EDGE_CURVE('',#3011,#3010,#1984,.T.);
#3800=EDGE_CURVE('',#3009,#3011,#1985,.T.);
#3801=EDGE_CURVE('',#3009,#3012,#1986,.T.);
#3802=EDGE_CURVE('',#3013,#3011,#1987,.T.);
#3803=EDGE_CURVE('',#3012,#3013,#1988,.T.);
#3804=EDGE_CURVE('',#3012,#3014,#1989,.T.);
#3805=EDGE_CURVE('',#3015,#3013,#1990,.T.);
#3806=EDGE_CURVE('',#3014,#3015,#1991,.T.);
#3807=EDGE_CURVE('',#3014,#3016,#1992,.T.);
#3808=EDGE_CURVE('',#3017,#3015,#1993,.T.);
#3809=EDGE_CURVE('',#3016,#3017,#1994,.T.);
#3810=EDGE_CURVE('',#3016,#3018,#1995,.T.);
#3811=EDGE_CURVE('',#3019,#3017,#1996,.T.);
#3812=EDGE_CURVE('',#3018,#3019,#1997,.T.);
#3813=EDGE_CURVE('',#3018,#3020,#1998,.T.);
#3814=EDGE_CURVE('',#3021,#3019,#1999,.T.);
#3815=EDGE_CURVE('',#3020,#3021,#2000,.T.);
#3816=EDGE_CURVE('',#3020,#3022,#2001,.T.);
#3817=EDGE_CURVE('',#3023,#3021,#2002,.T.);
#3818=EDGE_CURVE('',#3022,#3023,#2003,.T.);
#3819=EDGE_CURVE('',#3022,#3024,#2004,.T.);
#3820=EDGE_CURVE('',#3025,#3023,#2005,.T.);
#3821=EDGE_CURVE('',#3024,#3025,#2006,.T.);
#3822=EDGE_CURVE('',#3024,#3026,#2007,.T.);
#3823=EDGE_CURVE('',#3027,#3025,#2008,.T.);
#3824=EDGE_CURVE('',#3026,#3027,#2009,.T.);
#3825=EDGE_CURVE('',#3026,#3028,#2010,.T.);
#3826=EDGE_CURVE('',#3029,#3027,#2011,.T.);
#3827=EDGE_CURVE('',#3028,#3029,#2012,.T.);
#3828=EDGE_CURVE('',#3028,#3030,#2013,.T.);
#3829=EDGE_CURVE('',#3031,#3029,#2014,.T.);
#3830=EDGE_CURVE('',#3030,#3031,#2015,.T.);
#3831=EDGE_CURVE('',#3030,#3008,#2016,.T.);
#3832=EDGE_CURVE('',#3010,#3031,#2017,.T.);
#3833=EDGE_CURVE('',#3032,#3032,#415,.T.);
#3834=EDGE_CURVE('',#3032,#3033,#2018,.T.);
#3835=EDGE_CURVE('',#3033,#3033,#416,.T.);
#3836=EDGE_CURVE('',#3034,#3034,#417,.T.);
#3837=EDGE_CURVE('',#3034,#3035,#418,.T.);
#3838=EDGE_CURVE('',#3035,#3036,#419,.T.);
#3839=EDGE_CURVE('',#3036,#3035,#420,.T.);
#3840=EDGE_CURVE('',#3036,#3037,#2019,.T.);
#3841=EDGE_CURVE('',#3037,#3037,#421,.T.);
#3842=EDGE_CURVE('',#3038,#3038,#422,.T.);
#3843=EDGE_CURVE('',#3038,#3039,#2020,.T.);
#3844=EDGE_CURVE('',#3039,#3039,#423,.T.);
#3845=EDGE_CURVE('',#3040,#3041,#2021,.T.);
#3846=EDGE_CURVE('',#3040,#3042,#2022,.T.);
#3847=EDGE_CURVE('',#3043,#3042,#2023,.T.);
#3848=EDGE_CURVE('',#3041,#3043,#2024,.T.);
#3849=EDGE_CURVE('',#3041,#3044,#2025,.T.);
#3850=EDGE_CURVE('',#3045,#3043,#2026,.T.);
#3851=EDGE_CURVE('',#3044,#3045,#2027,.T.);
#3852=EDGE_CURVE('',#3044,#3046,#2028,.T.);
#3853=EDGE_CURVE('',#3047,#3045,#2029,.T.);
#3854=EDGE_CURVE('',#3046,#3047,#2030,.T.);
#3855=EDGE_CURVE('',#3046,#3040,#2031,.T.);
#3856=EDGE_CURVE('',#3042,#3047,#2032,.T.);
#3857=EDGE_CURVE('',#3048,#3049,#2033,.T.);
#3858=EDGE_CURVE('',#3048,#3050,#2034,.T.);
#3859=EDGE_CURVE('',#3051,#3050,#2035,.T.);
#3860=EDGE_CURVE('',#3049,#3051,#2036,.T.);
#3861=EDGE_CURVE('',#3049,#3052,#424,.T.);
#3862=EDGE_CURVE('',#3053,#3051,#425,.T.);
#3863=EDGE_CURVE('',#3052,#3053,#2037,.T.);
#3864=EDGE_CURVE('',#3052,#3054,#2038,.T.);
#3865=EDGE_CURVE('',#3055,#3053,#2039,.T.);
#3866=EDGE_CURVE('',#3054,#3055,#2040,.T.);
#3867=EDGE_CURVE('',#3054,#3048,#426,.T.);
#3868=EDGE_CURVE('',#3050,#3055,#427,.T.);
#3869=EDGE_CURVE('',#3056,#3056,#428,.T.);
#3870=EDGE_CURVE('',#3056,#3057,#2041,.T.);
#3871=EDGE_CURVE('',#3057,#3057,#429,.T.);
#3872=EDGE_CURVE('',#3058,#3058,#430,.T.);
#3873=EDGE_CURVE('',#3058,#3059,#431,.T.);
#3874=EDGE_CURVE('',#3059,#3060,#432,.T.);
#3875=EDGE_CURVE('',#3060,#3059,#433,.T.);
#3876=EDGE_CURVE('',#3060,#3061,#2042,.T.);
#3877=EDGE_CURVE('',#3061,#3061,#434,.T.);
#3878=EDGE_CURVE('',#3062,#3062,#435,.T.);
#3879=EDGE_CURVE('',#3062,#3063,#2043,.T.);
#3880=EDGE_CURVE('',#3063,#3063,#436,.T.);
#3881=ORIENTED_EDGE('',*,*,#3064,.T.);
#3882=ORIENTED_EDGE('',*,*,#3065,.T.);
#3883=ORIENTED_EDGE('',*,*,#3066,.T.);
#3884=ORIENTED_EDGE('',*,*,#3067,.F.);
#3885=ORIENTED_EDGE('',*,*,#3068,.T.);
#3886=ORIENTED_EDGE('',*,*,#3069,.T.);
#3887=ORIENTED_EDGE('',*,*,#3070,.T.);
#3888=ORIENTED_EDGE('',*,*,#3065,.F.);
#3889=ORIENTED_EDGE('',*,*,#3071,.T.);
#3890=ORIENTED_EDGE('',*,*,#3072,.T.);
#3891=ORIENTED_EDGE('',*,*,#3073,.T.);
#3892=ORIENTED_EDGE('',*,*,#3069,.F.);
#3893=ORIENTED_EDGE('',*,*,#3074,.T.);
#3894=ORIENTED_EDGE('',*,*,#3075,.T.);
#3895=ORIENTED_EDGE('',*,*,#3076,.T.);
#3896=ORIENTED_EDGE('',*,*,#3072,.F.);
#3897=ORIENTED_EDGE('',*,*,#3077,.T.);
#3898=ORIENTED_EDGE('',*,*,#3078,.T.);
#3899=ORIENTED_EDGE('',*,*,#3079,.T.);
#3900=ORIENTED_EDGE('',*,*,#3075,.F.);
#3901=ORIENTED_EDGE('',*,*,#3080,.T.);
#3902=ORIENTED_EDGE('',*,*,#3081,.T.);
#3903=ORIENTED_EDGE('',*,*,#3082,.T.);
#3904=ORIENTED_EDGE('',*,*,#3078,.F.);
#3905=ORIENTED_EDGE('',*,*,#3083,.T.);
#3906=ORIENTED_EDGE('',*,*,#3084,.T.);
#3907=ORIENTED_EDGE('',*,*,#3085,.T.);
#3908=ORIENTED_EDGE('',*,*,#3081,.F.);
#3909=ORIENTED_EDGE('',*,*,#3086,.T.);
#3910=ORIENTED_EDGE('',*,*,#3084,.F.);
#3911=ORIENTED_EDGE('',*,*,#3087,.T.);
#3912=ORIENTED_EDGE('',*,*,#3088,.T.);
#3913=ORIENTED_EDGE('',*,*,#3089,.T.);
#3914=ORIENTED_EDGE('',*,*,#3088,.F.);
#3915=ORIENTED_EDGE('',*,*,#3090,.T.);
#3916=ORIENTED_EDGE('',*,*,#3091,.T.);
#3917=ORIENTED_EDGE('',*,*,#3092,.T.);
#3918=ORIENTED_EDGE('',*,*,#3091,.F.);
#3919=ORIENTED_EDGE('',*,*,#3093,.T.);
#3920=ORIENTED_EDGE('',*,*,#3094,.T.);
#3921=ORIENTED_EDGE('',*,*,#3095,.T.);
#3922=ORIENTED_EDGE('',*,*,#3094,.F.);
#3923=ORIENTED_EDGE('',*,*,#3096,.T.);
#3924=ORIENTED_EDGE('',*,*,#3097,.T.);
#3925=ORIENTED_EDGE('',*,*,#3098,.T.);
#3926=ORIENTED_EDGE('',*,*,#3097,.F.);
#3927=ORIENTED_EDGE('',*,*,#3099,.T.);
#3928=ORIENTED_EDGE('',*,*,#3067,.T.);
#3929=ORIENTED_EDGE('',*,*,#3086,.F.);
#3930=ORIENTED_EDGE('',*,*,#3100,.F.);
#3931=ORIENTED_EDGE('',*,*,#3101,.F.);
#3932=ORIENTED_EDGE('',*,*,#3102,.T.);
#3933=ORIENTED_EDGE('',*,*,#3089,.F.);
#3934=ORIENTED_EDGE('',*,*,#3103,.F.);
#3935=ORIENTED_EDGE('',*,*,#3104,.F.);
#3936=ORIENTED_EDGE('',*,*,#3100,.T.);
#3937=ORIENTED_EDGE('',*,*,#3092,.F.);
#3938=ORIENTED_EDGE('',*,*,#3105,.F.);
#3939=ORIENTED_EDGE('',*,*,#3106,.F.);
#3940=ORIENTED_EDGE('',*,*,#3103,.T.);
#3941=ORIENTED_EDGE('',*,*,#3095,.F.);
#3942=ORIENTED_EDGE('',*,*,#3107,.F.);
#3943=ORIENTED_EDGE('',*,*,#3108,.F.);
#3944=ORIENTED_EDGE('',*,*,#3105,.T.);
#3945=ORIENTED_EDGE('',*,*,#3098,.F.);
#3946=ORIENTED_EDGE('',*,*,#3109,.F.);
#3947=ORIENTED_EDGE('',*,*,#3110,.F.);
#3948=ORIENTED_EDGE('',*,*,#3107,.T.);
#3949=ORIENTED_EDGE('',*,*,#3066,.F.);
#3950=ORIENTED_EDGE('',*,*,#3111,.F.);
#3951=ORIENTED_EDGE('',*,*,#3112,.F.);
#3952=ORIENTED_EDGE('',*,*,#3109,.T.);
#3953=ORIENTED_EDGE('',*,*,#3064,.F.);
#3954=ORIENTED_EDGE('',*,*,#3099,.F.);
#3955=ORIENTED_EDGE('',*,*,#3096,.F.);
#3956=ORIENTED_EDGE('',*,*,#3093,.F.);
#3957=ORIENTED_EDGE('',*,*,#3090,.F.);
#3958=ORIENTED_EDGE('',*,*,#3087,.F.);
#3959=ORIENTED_EDGE('',*,*,#3083,.F.);
#3960=ORIENTED_EDGE('',*,*,#3080,.F.);
#3961=ORIENTED_EDGE('',*,*,#3077,.F.);
#3962=ORIENTED_EDGE('',*,*,#3074,.F.);
#3963=ORIENTED_EDGE('',*,*,#3071,.F.);
#3964=ORIENTED_EDGE('',*,*,#3068,.F.);
#3965=ORIENTED_EDGE('',*,*,#3085,.F.);
#3966=ORIENTED_EDGE('',*,*,#3102,.F.);
#3967=ORIENTED_EDGE('',*,*,#3113,.F.);
#3968=ORIENTED_EDGE('',*,*,#3114,.T.);
#3969=ORIENTED_EDGE('',*,*,#3070,.F.);
#3970=ORIENTED_EDGE('',*,*,#3115,.F.);
#3971=ORIENTED_EDGE('',*,*,#3116,.F.);
#3972=ORIENTED_EDGE('',*,*,#3111,.T.);
#3973=ORIENTED_EDGE('',*,*,#3073,.F.);
#3974=ORIENTED_EDGE('',*,*,#3117,.F.);
#3975=ORIENTED_EDGE('',*,*,#3118,.F.);
#3976=ORIENTED_EDGE('',*,*,#3115,.T.);
#3977=ORIENTED_EDGE('',*,*,#3076,.F.);
#3978=ORIENTED_EDGE('',*,*,#3119,.F.);
#3979=ORIENTED_EDGE('',*,*,#3120,.F.);
#3980=ORIENTED_EDGE('',*,*,#3117,.T.);
#3981=ORIENTED_EDGE('',*,*,#3079,.F.);
#3982=ORIENTED_EDGE('',*,*,#3121,.F.);
#3983=ORIENTED_EDGE('',*,*,#3122,.F.);
#3984=ORIENTED_EDGE('',*,*,#3119,.T.);
#3985=ORIENTED_EDGE('',*,*,#3082,.F.);
#3986=ORIENTED_EDGE('',*,*,#3114,.F.);
#3987=ORIENTED_EDGE('',*,*,#3123,.F.);
#3988=ORIENTED_EDGE('',*,*,#3121,.T.);
#3989=ORIENTED_EDGE('',*,*,#3124,.F.);
#3990=ORIENTED_EDGE('',*,*,#3125,.T.);
#3991=ORIENTED_EDGE('',*,*,#3126,.T.);
#3992=ORIENTED_EDGE('',*,*,#3125,.F.);
#3993=ORIENTED_EDGE('',*,*,#3124,.T.);
#3994=ORIENTED_EDGE('',*,*,#3127,.F.);
#3995=ORIENTED_EDGE('',*,*,#3128,.T.);
#3996=ORIENTED_EDGE('',*,*,#3129,.T.);
#3997=ORIENTED_EDGE('',*,*,#3130,.T.);
#3998=ORIENTED_EDGE('',*,*,#3129,.F.);
#3999=ORIENTED_EDGE('',*,*,#3130,.F.);
#4000=ORIENTED_EDGE('',*,*,#3131,.T.);
#4001=ORIENTED_EDGE('',*,*,#3127,.T.);
#4002=ORIENTED_EDGE('',*,*,#3131,.F.);
#4003=ORIENTED_EDGE('',*,*,#3128,.F.);
#4004=ORIENTED_EDGE('',*,*,#3101,.T.);
#4005=ORIENTED_EDGE('',*,*,#3104,.T.);
#4006=ORIENTED_EDGE('',*,*,#3106,.T.);
#4007=ORIENTED_EDGE('',*,*,#3108,.T.);
#4008=ORIENTED_EDGE('',*,*,#3110,.T.);
#4009=ORIENTED_EDGE('',*,*,#3112,.T.);
#4010=ORIENTED_EDGE('',*,*,#3116,.T.);
#4011=ORIENTED_EDGE('',*,*,#3118,.T.);
#4012=ORIENTED_EDGE('',*,*,#3120,.T.);
#4013=ORIENTED_EDGE('',*,*,#3122,.T.);
#4014=ORIENTED_EDGE('',*,*,#3123,.T.);
#4015=ORIENTED_EDGE('',*,*,#3113,.T.);
#4016=ORIENTED_EDGE('',*,*,#3132,.F.);
#4017=ORIENTED_EDGE('',*,*,#3133,.T.);
#4018=ORIENTED_EDGE('',*,*,#3134,.T.);
#4019=ORIENTED_EDGE('',*,*,#3133,.F.);
#4020=ORIENTED_EDGE('',*,*,#3134,.F.);
#4021=ORIENTED_EDGE('',*,*,#3126,.F.);
#4022=ORIENTED_EDGE('',*,*,#3132,.T.);
#4023=ORIENTED_EDGE('',*,*,#3135,.T.);
#4024=ORIENTED_EDGE('',*,*,#3136,.T.);
#4025=ORIENTED_EDGE('',*,*,#3137,.T.);
#4026=ORIENTED_EDGE('',*,*,#3138,.F.);
#4027=ORIENTED_EDGE('',*,*,#3139,.T.);
#4028=ORIENTED_EDGE('',*,*,#3140,.T.);
#4029=ORIENTED_EDGE('',*,*,#3141,.T.);
#4030=ORIENTED_EDGE('',*,*,#3136,.F.);
#4031=ORIENTED_EDGE('',*,*,#3142,.T.);
#4032=ORIENTED_EDGE('',*,*,#3143,.T.);
#4033=ORIENTED_EDGE('',*,*,#3144,.T.);
#4034=ORIENTED_EDGE('',*,*,#3140,.F.);
#4035=ORIENTED_EDGE('',*,*,#3145,.T.);
#4036=ORIENTED_EDGE('',*,*,#3146,.T.);
#4037=ORIENTED_EDGE('',*,*,#3147,.T.);
#4038=ORIENTED_EDGE('',*,*,#3143,.F.);
#4039=ORIENTED_EDGE('',*,*,#3148,.T.);
#4040=ORIENTED_EDGE('',*,*,#3149,.T.);
#4041=ORIENTED_EDGE('',*,*,#3150,.T.);
#4042=ORIENTED_EDGE('',*,*,#3146,.F.);
#4043=ORIENTED_EDGE('',*,*,#3151,.T.);
#4044=ORIENTED_EDGE('',*,*,#3149,.F.);
#4045=ORIENTED_EDGE('',*,*,#3152,.T.);
#4046=ORIENTED_EDGE('',*,*,#3153,.T.);
#4047=ORIENTED_EDGE('',*,*,#3154,.T.);
#4048=ORIENTED_EDGE('',*,*,#3153,.F.);
#4049=ORIENTED_EDGE('',*,*,#3155,.T.);
#4050=ORIENTED_EDGE('',*,*,#3156,.T.);
#4051=ORIENTED_EDGE('',*,*,#3157,.T.);
#4052=ORIENTED_EDGE('',*,*,#3156,.F.);
#4053=ORIENTED_EDGE('',*,*,#3158,.T.);
#4054=ORIENTED_EDGE('',*,*,#3159,.T.);
#4055=ORIENTED_EDGE('',*,*,#3160,.T.);
#4056=ORIENTED_EDGE('',*,*,#3159,.F.);
#4057=ORIENTED_EDGE('',*,*,#3161,.T.);
#4058=ORIENTED_EDGE('',*,*,#3138,.T.);
#4059=ORIENTED_EDGE('',*,*,#3151,.F.);
#4060=ORIENTED_EDGE('',*,*,#3162,.F.);
#4061=ORIENTED_EDGE('',*,*,#3163,.F.);
#4062=ORIENTED_EDGE('',*,*,#3164,.T.);
#4063=ORIENTED_EDGE('',*,*,#3154,.F.);
#4064=ORIENTED_EDGE('',*,*,#3165,.F.);
#4065=ORIENTED_EDGE('',*,*,#3166,.F.);
#4066=ORIENTED_EDGE('',*,*,#3162,.T.);
#4067=ORIENTED_EDGE('',*,*,#3157,.F.);
#4068=ORIENTED_EDGE('',*,*,#3167,.F.);
#4069=ORIENTED_EDGE('',*,*,#3168,.F.);
#4070=ORIENTED_EDGE('',*,*,#3165,.T.);
#4071=ORIENTED_EDGE('',*,*,#3160,.F.);
#4072=ORIENTED_EDGE('',*,*,#3169,.F.);
#4073=ORIENTED_EDGE('',*,*,#3170,.F.);
#4074=ORIENTED_EDGE('',*,*,#3167,.T.);
#4075=ORIENTED_EDGE('',*,*,#3137,.F.);
#4076=ORIENTED_EDGE('',*,*,#3171,.F.);
#4077=ORIENTED_EDGE('',*,*,#3172,.F.);
#4078=ORIENTED_EDGE('',*,*,#3169,.T.);
#4079=ORIENTED_EDGE('',*,*,#3135,.F.);
#4080=ORIENTED_EDGE('',*,*,#3161,.F.);
#4081=ORIENTED_EDGE('',*,*,#3158,.F.);
#4082=ORIENTED_EDGE('',*,*,#3155,.F.);
#4083=ORIENTED_EDGE('',*,*,#3152,.F.);
#4084=ORIENTED_EDGE('',*,*,#3148,.F.);
#4085=ORIENTED_EDGE('',*,*,#3145,.F.);
#4086=ORIENTED_EDGE('',*,*,#3142,.F.);
#4087=ORIENTED_EDGE('',*,*,#3139,.F.);
#4088=ORIENTED_EDGE('',*,*,#3150,.F.);
#4089=ORIENTED_EDGE('',*,*,#3164,.F.);
#4090=ORIENTED_EDGE('',*,*,#3173,.F.);
#4091=ORIENTED_EDGE('',*,*,#3174,.T.);
#4092=ORIENTED_EDGE('',*,*,#3141,.F.);
#4093=ORIENTED_EDGE('',*,*,#3175,.F.);
#4094=ORIENTED_EDGE('',*,*,#3176,.F.);
#4095=ORIENTED_EDGE('',*,*,#3171,.T.);
#4096=ORIENTED_EDGE('',*,*,#3144,.F.);
#4097=ORIENTED_EDGE('',*,*,#3177,.F.);
#4098=ORIENTED_EDGE('',*,*,#3178,.F.);
#4099=ORIENTED_EDGE('',*,*,#3175,.T.);
#4100=ORIENTED_EDGE('',*,*,#3147,.F.);
#4101=ORIENTED_EDGE('',*,*,#3174,.F.);
#4102=ORIENTED_EDGE('',*,*,#3179,.F.);
#4103=ORIENTED_EDGE('',*,*,#3177,.T.);
#4104=ORIENTED_EDGE('',*,*,#3180,.F.);
#4105=ORIENTED_EDGE('',*,*,#3163,.T.);
#4106=ORIENTED_EDGE('',*,*,#3166,.T.);
#4107=ORIENTED_EDGE('',*,*,#3168,.T.);
#4108=ORIENTED_EDGE('',*,*,#3170,.T.);
#4109=ORIENTED_EDGE('',*,*,#3172,.T.);
#4110=ORIENTED_EDGE('',*,*,#3176,.T.);
#4111=ORIENTED_EDGE('',*,*,#3178,.T.);
#4112=ORIENTED_EDGE('',*,*,#3179,.T.);
#4113=ORIENTED_EDGE('',*,*,#3173,.T.);
#4114=ORIENTED_EDGE('',*,*,#3181,.F.);
#4115=ORIENTED_EDGE('',*,*,#3182,.T.);
#4116=ORIENTED_EDGE('',*,*,#3183,.T.);
#4117=ORIENTED_EDGE('',*,*,#3182,.F.);
#4118=ORIENTED_EDGE('',*,*,#3181,.T.);
#4119=ORIENTED_EDGE('',*,*,#3184,.F.);
#4120=ORIENTED_EDGE('',*,*,#3180,.T.);
#4121=ORIENTED_EDGE('',*,*,#3185,.T.);
#4122=ORIENTED_EDGE('',*,*,#3186,.T.);
#4123=ORIENTED_EDGE('',*,*,#3185,.F.);
#4124=ORIENTED_EDGE('',*,*,#3186,.F.);
#4125=ORIENTED_EDGE('',*,*,#3187,.T.);
#4126=ORIENTED_EDGE('',*,*,#3184,.T.);
#4127=ORIENTED_EDGE('',*,*,#3187,.F.);
#4128=ORIENTED_EDGE('',*,*,#3188,.F.);
#4129=ORIENTED_EDGE('',*,*,#3189,.T.);
#4130=ORIENTED_EDGE('',*,*,#3190,.T.);
#4131=ORIENTED_EDGE('',*,*,#3189,.F.);
#4132=ORIENTED_EDGE('',*,*,#3190,.F.);
#4133=ORIENTED_EDGE('',*,*,#3183,.F.);
#4134=ORIENTED_EDGE('',*,*,#3188,.T.);
#4135=ORIENTED_EDGE('',*,*,#3191,.T.);
#4136=ORIENTED_EDGE('',*,*,#3192,.T.);
#4137=ORIENTED_EDGE('',*,*,#3193,.T.);
#4138=ORIENTED_EDGE('',*,*,#3194,.F.);
#4139=ORIENTED_EDGE('',*,*,#3195,.T.);
#4140=ORIENTED_EDGE('',*,*,#3196,.T.);
#4141=ORIENTED_EDGE('',*,*,#3197,.T.);
#4142=ORIENTED_EDGE('',*,*,#3192,.F.);
#4143=ORIENTED_EDGE('',*,*,#3198,.T.);
#4144=ORIENTED_EDGE('',*,*,#3196,.F.);
#4145=ORIENTED_EDGE('',*,*,#3199,.T.);
#4146=ORIENTED_EDGE('',*,*,#3194,.T.);
#4147=ORIENTED_EDGE('',*,*,#3198,.F.);
#4148=ORIENTED_EDGE('',*,*,#3200,.F.);
#4149=ORIENTED_EDGE('',*,*,#3201,.T.);
#4150=ORIENTED_EDGE('',*,*,#3202,.T.);
#4151=ORIENTED_EDGE('',*,*,#3193,.F.);
#4152=ORIENTED_EDGE('',*,*,#3203,.F.);
#4153=ORIENTED_EDGE('',*,*,#3204,.T.);
#4154=ORIENTED_EDGE('',*,*,#3200,.T.);
#4155=ORIENTED_EDGE('',*,*,#3205,.F.);
#4156=ORIENTED_EDGE('',*,*,#3206,.F.);
#4157=ORIENTED_EDGE('',*,*,#3207,.F.);
#4158=ORIENTED_EDGE('',*,*,#3208,.F.);
#4159=ORIENTED_EDGE('',*,*,#3209,.F.);
#4160=ORIENTED_EDGE('',*,*,#3210,.F.);
#4161=ORIENTED_EDGE('',*,*,#3211,.F.);
#4162=ORIENTED_EDGE('',*,*,#3212,.F.);
#4163=ORIENTED_EDGE('',*,*,#3191,.F.);
#4164=ORIENTED_EDGE('',*,*,#3199,.F.);
#4165=ORIENTED_EDGE('',*,*,#3195,.F.);
#4166=ORIENTED_EDGE('',*,*,#3205,.T.);
#4167=ORIENTED_EDGE('',*,*,#3213,.T.);
#4168=ORIENTED_EDGE('',*,*,#3214,.T.);
#4169=ORIENTED_EDGE('',*,*,#3215,.F.);
#4170=ORIENTED_EDGE('',*,*,#3212,.T.);
#4171=ORIENTED_EDGE('',*,*,#3216,.T.);
#4172=ORIENTED_EDGE('',*,*,#3217,.T.);
#4173=ORIENTED_EDGE('',*,*,#3213,.F.);
#4174=ORIENTED_EDGE('',*,*,#3211,.T.);
#4175=ORIENTED_EDGE('',*,*,#3218,.T.);
#4176=ORIENTED_EDGE('',*,*,#3219,.T.);
#4177=ORIENTED_EDGE('',*,*,#3216,.F.);
#4178=ORIENTED_EDGE('',*,*,#3210,.T.);
#4179=ORIENTED_EDGE('',*,*,#3220,.T.);
#4180=ORIENTED_EDGE('',*,*,#3221,.T.);
#4181=ORIENTED_EDGE('',*,*,#3218,.F.);
#4182=ORIENTED_EDGE('',*,*,#3209,.T.);
#4183=ORIENTED_EDGE('',*,*,#3222,.T.);
#4184=ORIENTED_EDGE('',*,*,#3223,.T.);
#4185=ORIENTED_EDGE('',*,*,#3220,.F.);
#4186=ORIENTED_EDGE('',*,*,#3224,.T.);
#4187=ORIENTED_EDGE('',*,*,#3222,.F.);
#4188=ORIENTED_EDGE('',*,*,#3208,.T.);
#4189=ORIENTED_EDGE('',*,*,#3225,.T.);
#4190=ORIENTED_EDGE('',*,*,#3226,.T.);
#4191=ORIENTED_EDGE('',*,*,#3225,.F.);
#4192=ORIENTED_EDGE('',*,*,#3207,.T.);
#4193=ORIENTED_EDGE('',*,*,#3227,.T.);
#4194=ORIENTED_EDGE('',*,*,#3228,.T.);
#4195=ORIENTED_EDGE('',*,*,#3227,.F.);
#4196=ORIENTED_EDGE('',*,*,#3206,.T.);
#4197=ORIENTED_EDGE('',*,*,#3215,.T.);
#4198=ORIENTED_EDGE('',*,*,#3224,.F.);
#4199=ORIENTED_EDGE('',*,*,#3229,.F.);
#4200=ORIENTED_EDGE('',*,*,#3230,.F.);
#4201=ORIENTED_EDGE('',*,*,#3231,.F.);
#4202=ORIENTED_EDGE('',*,*,#3232,.T.);
#4203=ORIENTED_EDGE('',*,*,#3226,.F.);
#4204=ORIENTED_EDGE('',*,*,#3233,.F.);
#4205=ORIENTED_EDGE('',*,*,#3234,.F.);
#4206=ORIENTED_EDGE('',*,*,#3229,.T.);
#4207=ORIENTED_EDGE('',*,*,#3228,.F.);
#4208=ORIENTED_EDGE('',*,*,#3235,.F.);
#4209=ORIENTED_EDGE('',*,*,#3236,.F.);
#4210=ORIENTED_EDGE('',*,*,#3233,.T.);
#4211=ORIENTED_EDGE('',*,*,#3214,.F.);
#4212=ORIENTED_EDGE('',*,*,#3237,.F.);
#4213=ORIENTED_EDGE('',*,*,#3238,.F.);
#4214=ORIENTED_EDGE('',*,*,#3235,.T.);
#4215=ORIENTED_EDGE('',*,*,#3201,.F.);
#4216=ORIENTED_EDGE('',*,*,#3204,.F.);
#4217=ORIENTED_EDGE('',*,*,#3239,.F.);
#4218=ORIENTED_EDGE('',*,*,#3197,.F.);
#4219=ORIENTED_EDGE('',*,*,#3202,.F.);
#4220=ORIENTED_EDGE('',*,*,#3239,.T.);
#4221=ORIENTED_EDGE('',*,*,#3203,.T.);
#4222=ORIENTED_EDGE('',*,*,#3223,.F.);
#4223=ORIENTED_EDGE('',*,*,#3232,.F.);
#4224=ORIENTED_EDGE('',*,*,#3240,.F.);
#4225=ORIENTED_EDGE('',*,*,#3241,.F.);
#4226=ORIENTED_EDGE('',*,*,#3242,.T.);
#4227=ORIENTED_EDGE('',*,*,#3217,.F.);
#4228=ORIENTED_EDGE('',*,*,#3243,.F.);
#4229=ORIENTED_EDGE('',*,*,#3244,.F.);
#4230=ORIENTED_EDGE('',*,*,#3237,.T.);
#4231=ORIENTED_EDGE('',*,*,#3219,.F.);
#4232=ORIENTED_EDGE('',*,*,#3245,.F.);
#4233=ORIENTED_EDGE('',*,*,#3246,.F.);
#4234=ORIENTED_EDGE('',*,*,#3243,.T.);
#4235=ORIENTED_EDGE('',*,*,#3221,.F.);
#4236=ORIENTED_EDGE('',*,*,#3242,.F.);
#4237=ORIENTED_EDGE('',*,*,#3247,.F.);
#4238=ORIENTED_EDGE('',*,*,#3245,.T.);
#4239=ORIENTED_EDGE('',*,*,#3240,.T.);
#4240=ORIENTED_EDGE('',*,*,#3231,.T.);
#4241=ORIENTED_EDGE('',*,*,#3248,.T.);
#4242=ORIENTED_EDGE('',*,*,#3249,.T.);
#4243=ORIENTED_EDGE('',*,*,#3250,.T.);
#4244=ORIENTED_EDGE('',*,*,#3249,.F.);
#4245=ORIENTED_EDGE('',*,*,#3251,.T.);
#4246=ORIENTED_EDGE('',*,*,#3241,.T.);
#4247=ORIENTED_EDGE('',*,*,#3251,.F.);
#4248=ORIENTED_EDGE('',*,*,#3248,.F.);
#4249=ORIENTED_EDGE('',*,*,#3230,.T.);
#4250=ORIENTED_EDGE('',*,*,#3234,.T.);
#4251=ORIENTED_EDGE('',*,*,#3236,.T.);
#4252=ORIENTED_EDGE('',*,*,#3238,.T.);
#4253=ORIENTED_EDGE('',*,*,#3244,.T.);
#4254=ORIENTED_EDGE('',*,*,#3246,.T.);
#4255=ORIENTED_EDGE('',*,*,#3247,.T.);
#4256=ORIENTED_EDGE('',*,*,#3252,.F.);
#4257=ORIENTED_EDGE('',*,*,#3253,.T.);
#4258=ORIENTED_EDGE('',*,*,#3254,.T.);
#4259=ORIENTED_EDGE('',*,*,#3253,.F.);
#4260=ORIENTED_EDGE('',*,*,#3252,.T.);
#4261=ORIENTED_EDGE('',*,*,#3255,.F.);
#4262=ORIENTED_EDGE('',*,*,#3250,.F.);
#4263=ORIENTED_EDGE('',*,*,#3256,.T.);
#4264=ORIENTED_EDGE('',*,*,#3255,.T.);
#4265=ORIENTED_EDGE('',*,*,#3256,.F.);
#4266=ORIENTED_EDGE('',*,*,#3257,.F.);
#4267=ORIENTED_EDGE('',*,*,#3258,.T.);
#4268=ORIENTED_EDGE('',*,*,#3259,.T.);
#4269=ORIENTED_EDGE('',*,*,#3258,.F.);
#4270=ORIENTED_EDGE('',*,*,#3259,.F.);
#4271=ORIENTED_EDGE('',*,*,#3254,.F.);
#4272=ORIENTED_EDGE('',*,*,#3257,.T.);
#4273=ORIENTED_EDGE('',*,*,#3260,.T.);
#4274=ORIENTED_EDGE('',*,*,#3261,.T.);
#4275=ORIENTED_EDGE('',*,*,#3262,.T.);
#4276=ORIENTED_EDGE('',*,*,#3263,.F.);
#4277=ORIENTED_EDGE('',*,*,#3264,.T.);
#4278=ORIENTED_EDGE('',*,*,#3265,.T.);
#4279=ORIENTED_EDGE('',*,*,#3266,.T.);
#4280=ORIENTED_EDGE('',*,*,#3263,.T.);
#4281=ORIENTED_EDGE('',*,*,#3267,.T.);
#4282=ORIENTED_EDGE('',*,*,#3268,.T.);
#4283=ORIENTED_EDGE('',*,*,#3269,.T.);
#4284=ORIENTED_EDGE('',*,*,#3261,.F.);
#4285=ORIENTED_EDGE('',*,*,#3265,.F.);
#4286=ORIENTED_EDGE('',*,*,#3270,.T.);
#4287=ORIENTED_EDGE('',*,*,#3271,.T.);
#4288=ORIENTED_EDGE('',*,*,#3272,.T.);
#4289=ORIENTED_EDGE('',*,*,#3273,.T.);
#4290=ORIENTED_EDGE('',*,*,#3274,.T.);
#4291=ORIENTED_EDGE('',*,*,#3275,.T.);
#4292=ORIENTED_EDGE('',*,*,#3268,.F.);
#4293=ORIENTED_EDGE('',*,*,#3276,.T.);
#4294=ORIENTED_EDGE('',*,*,#3277,.T.);
#4295=ORIENTED_EDGE('',*,*,#3278,.T.);
#4296=ORIENTED_EDGE('',*,*,#3279,.T.);
#4297=ORIENTED_EDGE('',*,*,#3280,.T.);
#4298=ORIENTED_EDGE('',*,*,#3278,.F.);
#4299=ORIENTED_EDGE('',*,*,#3281,.T.);
#4300=ORIENTED_EDGE('',*,*,#3282,.T.);
#4301=ORIENTED_EDGE('',*,*,#3283,.T.);
#4302=ORIENTED_EDGE('',*,*,#3276,.F.);
#4303=ORIENTED_EDGE('',*,*,#3284,.T.);
#4304=ORIENTED_EDGE('',*,*,#3274,.F.);
#4305=ORIENTED_EDGE('',*,*,#3271,.F.);
#4306=ORIENTED_EDGE('',*,*,#3285,.T.);
#4307=ORIENTED_EDGE('',*,*,#3282,.F.);
#4308=ORIENTED_EDGE('',*,*,#3286,.T.);
#4309=ORIENTED_EDGE('',*,*,#3262,.F.);
#4310=ORIENTED_EDGE('',*,*,#3287,.F.);
#4311=ORIENTED_EDGE('',*,*,#3288,.T.);
#4312=ORIENTED_EDGE('',*,*,#3289,.T.);
#4313=ORIENTED_EDGE('',*,*,#3269,.F.);
#4314=ORIENTED_EDGE('',*,*,#3290,.F.);
#4315=ORIENTED_EDGE('',*,*,#3291,.T.);
#4316=ORIENTED_EDGE('',*,*,#3287,.T.);
#4317=ORIENTED_EDGE('',*,*,#3275,.F.);
#4318=ORIENTED_EDGE('',*,*,#3292,.F.);
#4319=ORIENTED_EDGE('',*,*,#3293,.T.);
#4320=ORIENTED_EDGE('',*,*,#3290,.T.);
#4321=ORIENTED_EDGE('',*,*,#3284,.F.);
#4322=ORIENTED_EDGE('',*,*,#3294,.F.);
#4323=ORIENTED_EDGE('',*,*,#3295,.T.);
#4324=ORIENTED_EDGE('',*,*,#3292,.T.);
#4325=ORIENTED_EDGE('',*,*,#3279,.F.);
#4326=ORIENTED_EDGE('',*,*,#3296,.F.);
#4327=ORIENTED_EDGE('',*,*,#3297,.T.);
#4328=ORIENTED_EDGE('',*,*,#3294,.T.);
#4329=ORIENTED_EDGE('',*,*,#3298,.F.);
#4330=ORIENTED_EDGE('',*,*,#3299,.F.);
#4331=ORIENTED_EDGE('',*,*,#3300,.F.);
#4332=ORIENTED_EDGE('',*,*,#3301,.F.);
#4333=ORIENTED_EDGE('',*,*,#3302,.F.);
#4334=ORIENTED_EDGE('',*,*,#3303,.F.);
#4335=ORIENTED_EDGE('',*,*,#3304,.F.);
#4336=ORIENTED_EDGE('',*,*,#3305,.F.);
#4337=ORIENTED_EDGE('',*,*,#3306,.F.);
#4338=ORIENTED_EDGE('',*,*,#3307,.F.);
#4339=ORIENTED_EDGE('',*,*,#3308,.F.);
#4340=ORIENTED_EDGE('',*,*,#3309,.F.);
#4341=ORIENTED_EDGE('',*,*,#3310,.F.);
#4342=ORIENTED_EDGE('',*,*,#3311,.F.);
#4343=ORIENTED_EDGE('',*,*,#3312,.F.);
#4344=ORIENTED_EDGE('',*,*,#3313,.F.);
#4345=ORIENTED_EDGE('',*,*,#3314,.F.);
#4346=ORIENTED_EDGE('',*,*,#3315,.F.);
#4347=ORIENTED_EDGE('',*,*,#3316,.F.);
#4348=ORIENTED_EDGE('',*,*,#3317,.F.);
#4349=ORIENTED_EDGE('',*,*,#3318,.F.);
#4350=ORIENTED_EDGE('',*,*,#3319,.F.);
#4351=ORIENTED_EDGE('',*,*,#3320,.F.);
#4352=ORIENTED_EDGE('',*,*,#3321,.F.);
#4353=ORIENTED_EDGE('',*,*,#3277,.F.);
#4354=ORIENTED_EDGE('',*,*,#3283,.F.);
#4355=ORIENTED_EDGE('',*,*,#3273,.F.);
#4356=ORIENTED_EDGE('',*,*,#3267,.F.);
#4357=ORIENTED_EDGE('',*,*,#3260,.F.);
#4358=ORIENTED_EDGE('',*,*,#3266,.F.);
#4359=ORIENTED_EDGE('',*,*,#3272,.F.);
#4360=ORIENTED_EDGE('',*,*,#3286,.F.);
#4361=ORIENTED_EDGE('',*,*,#3281,.F.);
#4362=ORIENTED_EDGE('',*,*,#3322,.T.);
#4363=ORIENTED_EDGE('',*,*,#3316,.T.);
#4364=ORIENTED_EDGE('',*,*,#3323,.T.);
#4365=ORIENTED_EDGE('',*,*,#3324,.T.);
#4366=ORIENTED_EDGE('',*,*,#3325,.T.);
#4367=ORIENTED_EDGE('',*,*,#3326,.T.);
#4368=ORIENTED_EDGE('',*,*,#3319,.T.);
#4369=ORIENTED_EDGE('',*,*,#3327,.T.);
#4370=ORIENTED_EDGE('',*,*,#3315,.T.);
#4371=ORIENTED_EDGE('',*,*,#3328,.T.);
#4372=ORIENTED_EDGE('',*,*,#3329,.T.);
#4373=ORIENTED_EDGE('',*,*,#3323,.F.);
#4374=ORIENTED_EDGE('',*,*,#3330,.T.);
#4375=ORIENTED_EDGE('',*,*,#3313,.T.);
#4376=ORIENTED_EDGE('',*,*,#3331,.T.);
#4377=ORIENTED_EDGE('',*,*,#3332,.T.);
#4378=ORIENTED_EDGE('',*,*,#3333,.T.);
#4379=ORIENTED_EDGE('',*,*,#3331,.F.);
#4380=ORIENTED_EDGE('',*,*,#3321,.T.);
#4381=ORIENTED_EDGE('',*,*,#3334,.T.);
#4382=ORIENTED_EDGE('',*,*,#3314,.T.);
#4383=ORIENTED_EDGE('',*,*,#3330,.F.);
#4384=ORIENTED_EDGE('',*,*,#3335,.T.);
#4385=ORIENTED_EDGE('',*,*,#3328,.F.);
#4386=ORIENTED_EDGE('',*,*,#3326,.F.);
#4387=ORIENTED_EDGE('',*,*,#3336,.T.);
#4388=ORIENTED_EDGE('',*,*,#3334,.F.);
#4389=ORIENTED_EDGE('',*,*,#3320,.T.);
#4390=ORIENTED_EDGE('',*,*,#3337,.T.);
#4391=ORIENTED_EDGE('',*,*,#3327,.F.);
#4392=ORIENTED_EDGE('',*,*,#3318,.T.);
#4393=ORIENTED_EDGE('',*,*,#3338,.T.);
#4394=ORIENTED_EDGE('',*,*,#3317,.T.);
#4395=ORIENTED_EDGE('',*,*,#3322,.F.);
#4396=ORIENTED_EDGE('',*,*,#3339,.T.);
#4397=ORIENTED_EDGE('',*,*,#3338,.F.);
#4398=ORIENTED_EDGE('',*,*,#3339,.F.);
#4399=ORIENTED_EDGE('',*,*,#3340,.F.);
#4400=ORIENTED_EDGE('',*,*,#3341,.T.);
#4401=ORIENTED_EDGE('',*,*,#3342,.T.);
#4402=ORIENTED_EDGE('',*,*,#3324,.F.);
#4403=ORIENTED_EDGE('',*,*,#3343,.F.);
#4404=ORIENTED_EDGE('',*,*,#3344,.T.);
#4405=ORIENTED_EDGE('',*,*,#3340,.T.);
#4406=ORIENTED_EDGE('',*,*,#3329,.F.);
#4407=ORIENTED_EDGE('',*,*,#3345,.F.);
#4408=ORIENTED_EDGE('',*,*,#3346,.T.);
#4409=ORIENTED_EDGE('',*,*,#3343,.T.);
#4410=ORIENTED_EDGE('',*,*,#3335,.F.);
#4411=ORIENTED_EDGE('',*,*,#3347,.F.);
#4412=ORIENTED_EDGE('',*,*,#3348,.T.);
#4413=ORIENTED_EDGE('',*,*,#3345,.T.);
#4414=ORIENTED_EDGE('',*,*,#3332,.F.);
#4415=ORIENTED_EDGE('',*,*,#3349,.F.);
#4416=ORIENTED_EDGE('',*,*,#3350,.T.);
#4417=ORIENTED_EDGE('',*,*,#3347,.T.);
#4418=ORIENTED_EDGE('',*,*,#3307,.T.);
#4419=ORIENTED_EDGE('',*,*,#3351,.T.);
#4420=ORIENTED_EDGE('',*,*,#3352,.T.);
#4421=ORIENTED_EDGE('',*,*,#3353,.F.);
#4422=ORIENTED_EDGE('',*,*,#3354,.T.);
#4423=ORIENTED_EDGE('',*,*,#3355,.T.);
#4424=ORIENTED_EDGE('',*,*,#3308,.T.);
#4425=ORIENTED_EDGE('',*,*,#3353,.T.);
#4426=ORIENTED_EDGE('',*,*,#3356,.T.);
#4427=ORIENTED_EDGE('',*,*,#3305,.T.);
#4428=ORIENTED_EDGE('',*,*,#3357,.T.);
#4429=ORIENTED_EDGE('',*,*,#3358,.T.);
#4430=ORIENTED_EDGE('',*,*,#3355,.F.);
#4431=ORIENTED_EDGE('',*,*,#3359,.T.);
#4432=ORIENTED_EDGE('',*,*,#3360,.T.);
#4433=ORIENTED_EDGE('',*,*,#3309,.T.);
#4434=ORIENTED_EDGE('',*,*,#3304,.T.);
#4435=ORIENTED_EDGE('',*,*,#3361,.T.);
#4436=ORIENTED_EDGE('',*,*,#3362,.T.);
#4437=ORIENTED_EDGE('',*,*,#3357,.F.);
#4438=ORIENTED_EDGE('',*,*,#3360,.F.);
#4439=ORIENTED_EDGE('',*,*,#3363,.T.);
#4440=ORIENTED_EDGE('',*,*,#3364,.T.);
#4441=ORIENTED_EDGE('',*,*,#3310,.T.);
#4442=ORIENTED_EDGE('',*,*,#3303,.T.);
#4443=ORIENTED_EDGE('',*,*,#3365,.T.);
#4444=ORIENTED_EDGE('',*,*,#3366,.T.);
#4445=ORIENTED_EDGE('',*,*,#3361,.F.);
#4446=ORIENTED_EDGE('',*,*,#3364,.F.);
#4447=ORIENTED_EDGE('',*,*,#3367,.T.);
#4448=ORIENTED_EDGE('',*,*,#3368,.T.);
#4449=ORIENTED_EDGE('',*,*,#3311,.T.);
#4450=ORIENTED_EDGE('',*,*,#3369,.T.);
#4451=ORIENTED_EDGE('',*,*,#3301,.T.);
#4452=ORIENTED_EDGE('',*,*,#3370,.T.);
#4453=ORIENTED_EDGE('',*,*,#3371,.T.);
#4454=ORIENTED_EDGE('',*,*,#3300,.T.);
#4455=ORIENTED_EDGE('',*,*,#3372,.T.);
#4456=ORIENTED_EDGE('',*,*,#3373,.T.);
#4457=ORIENTED_EDGE('',*,*,#3370,.F.);
#4458=ORIENTED_EDGE('',*,*,#3374,.T.);
#4459=ORIENTED_EDGE('',*,*,#3375,.T.);
#4460=ORIENTED_EDGE('',*,*,#3298,.T.);
#4461=ORIENTED_EDGE('',*,*,#3376,.T.);
#4462=ORIENTED_EDGE('',*,*,#3299,.T.);
#4463=ORIENTED_EDGE('',*,*,#3375,.F.);
#4464=ORIENTED_EDGE('',*,*,#3377,.T.);
#4465=ORIENTED_EDGE('',*,*,#3372,.F.);
#4466=ORIENTED_EDGE('',*,*,#3368,.F.);
#4467=ORIENTED_EDGE('',*,*,#3378,.T.);
#4468=ORIENTED_EDGE('',*,*,#3376,.F.);
#4469=ORIENTED_EDGE('',*,*,#3312,.T.);
#4470=ORIENTED_EDGE('',*,*,#3302,.T.);
#4471=ORIENTED_EDGE('',*,*,#3369,.F.);
#4472=ORIENTED_EDGE('',*,*,#3379,.T.);
#4473=ORIENTED_EDGE('',*,*,#3365,.F.);
#4474=ORIENTED_EDGE('',*,*,#3306,.T.);
#4475=ORIENTED_EDGE('',*,*,#3356,.F.);
#4476=ORIENTED_EDGE('',*,*,#3380,.T.);
#4477=ORIENTED_EDGE('',*,*,#3351,.F.);
#4478=ORIENTED_EDGE('',*,*,#3358,.F.);
#4479=ORIENTED_EDGE('',*,*,#3381,.F.);
#4480=ORIENTED_EDGE('',*,*,#3382,.F.);
#4481=ORIENTED_EDGE('',*,*,#3383,.T.);
#4482=ORIENTED_EDGE('',*,*,#3362,.F.);
#4483=ORIENTED_EDGE('',*,*,#3384,.F.);
#4484=ORIENTED_EDGE('',*,*,#3385,.F.);
#4485=ORIENTED_EDGE('',*,*,#3381,.T.);
#4486=ORIENTED_EDGE('',*,*,#3366,.F.);
#4487=ORIENTED_EDGE('',*,*,#3386,.F.);
#4488=ORIENTED_EDGE('',*,*,#3387,.F.);
#4489=ORIENTED_EDGE('',*,*,#3384,.T.);
#4490=ORIENTED_EDGE('',*,*,#3379,.F.);
#4491=ORIENTED_EDGE('',*,*,#3388,.F.);
#4492=ORIENTED_EDGE('',*,*,#3389,.F.);
#4493=ORIENTED_EDGE('',*,*,#3386,.T.);
#4494=ORIENTED_EDGE('',*,*,#3371,.F.);
#4495=ORIENTED_EDGE('',*,*,#3390,.F.);
#4496=ORIENTED_EDGE('',*,*,#3391,.F.);
#4497=ORIENTED_EDGE('',*,*,#3388,.T.);
#4498=ORIENTED_EDGE('',*,*,#3373,.F.);
#4499=ORIENTED_EDGE('',*,*,#3392,.F.);
#4500=ORIENTED_EDGE('',*,*,#3393,.F.);
#4501=ORIENTED_EDGE('',*,*,#3390,.T.);
#4502=ORIENTED_EDGE('',*,*,#3377,.F.);
#4503=ORIENTED_EDGE('',*,*,#3394,.F.);
#4504=ORIENTED_EDGE('',*,*,#3395,.F.);
#4505=ORIENTED_EDGE('',*,*,#3392,.T.);
#4506=ORIENTED_EDGE('',*,*,#3374,.F.);
#4507=ORIENTED_EDGE('',*,*,#3396,.F.);
#4508=ORIENTED_EDGE('',*,*,#3397,.F.);
#4509=ORIENTED_EDGE('',*,*,#3394,.T.);
#4510=ORIENTED_EDGE('',*,*,#3398,.F.);
#4511=ORIENTED_EDGE('',*,*,#3399,.F.);
#4512=ORIENTED_EDGE('',*,*,#3400,.F.);
#4513=ORIENTED_EDGE('',*,*,#3401,.F.);
#4514=ORIENTED_EDGE('',*,*,#3288,.F.);
#4515=ORIENTED_EDGE('',*,*,#3291,.F.);
#4516=ORIENTED_EDGE('',*,*,#3293,.F.);
#4517=ORIENTED_EDGE('',*,*,#3295,.F.);
#4518=ORIENTED_EDGE('',*,*,#3297,.F.);
#4519=ORIENTED_EDGE('',*,*,#3264,.F.);
#4520=ORIENTED_EDGE('',*,*,#3289,.F.);
#4521=ORIENTED_EDGE('',*,*,#3401,.T.);
#4522=ORIENTED_EDGE('',*,*,#3402,.T.);
#4523=ORIENTED_EDGE('',*,*,#3270,.F.);
#4524=ORIENTED_EDGE('',*,*,#3402,.F.);
#4525=ORIENTED_EDGE('',*,*,#3400,.T.);
#4526=ORIENTED_EDGE('',*,*,#3403,.T.);
#4527=ORIENTED_EDGE('',*,*,#3285,.F.);
#4528=ORIENTED_EDGE('',*,*,#3403,.F.);
#4529=ORIENTED_EDGE('',*,*,#3399,.T.);
#4530=ORIENTED_EDGE('',*,*,#3404,.T.);
#4531=ORIENTED_EDGE('',*,*,#3405,.F.);
#4532=ORIENTED_EDGE('',*,*,#3406,.F.);
#4533=ORIENTED_EDGE('',*,*,#3407,.F.);
#4534=ORIENTED_EDGE('',*,*,#3408,.F.);
#4535=ORIENTED_EDGE('',*,*,#3341,.F.);
#4536=ORIENTED_EDGE('',*,*,#3344,.F.);
#4537=ORIENTED_EDGE('',*,*,#3346,.F.);
#4538=ORIENTED_EDGE('',*,*,#3348,.F.);
#4539=ORIENTED_EDGE('',*,*,#3350,.F.);
#4540=ORIENTED_EDGE('',*,*,#3337,.F.);
#4541=ORIENTED_EDGE('',*,*,#3342,.F.);
#4542=ORIENTED_EDGE('',*,*,#3408,.T.);
#4543=ORIENTED_EDGE('',*,*,#3409,.T.);
#4544=ORIENTED_EDGE('',*,*,#3325,.F.);
#4545=ORIENTED_EDGE('',*,*,#3409,.F.);
#4546=ORIENTED_EDGE('',*,*,#3407,.T.);
#4547=ORIENTED_EDGE('',*,*,#3410,.T.);
#4548=ORIENTED_EDGE('',*,*,#3336,.F.);
#4549=ORIENTED_EDGE('',*,*,#3410,.F.);
#4550=ORIENTED_EDGE('',*,*,#3406,.T.);
#4551=ORIENTED_EDGE('',*,*,#3411,.T.);
#4552=ORIENTED_EDGE('',*,*,#3359,.F.);
#4553=ORIENTED_EDGE('',*,*,#3412,.F.);
#4554=ORIENTED_EDGE('',*,*,#3413,.F.);
#4555=ORIENTED_EDGE('',*,*,#3414,.T.);
#4556=ORIENTED_EDGE('',*,*,#3363,.F.);
#4557=ORIENTED_EDGE('',*,*,#3414,.F.);
#4558=ORIENTED_EDGE('',*,*,#3415,.F.);
#4559=ORIENTED_EDGE('',*,*,#3416,.T.);
#4560=ORIENTED_EDGE('',*,*,#3367,.F.);
#4561=ORIENTED_EDGE('',*,*,#3416,.F.);
#4562=ORIENTED_EDGE('',*,*,#3417,.F.);
#4563=ORIENTED_EDGE('',*,*,#3418,.T.);
#4564=ORIENTED_EDGE('',*,*,#3378,.F.);
#4565=ORIENTED_EDGE('',*,*,#3418,.F.);
#4566=ORIENTED_EDGE('',*,*,#3419,.F.);
#4567=ORIENTED_EDGE('',*,*,#3396,.T.);
#4568=ORIENTED_EDGE('',*,*,#3354,.F.);
#4569=ORIENTED_EDGE('',*,*,#3420,.F.);
#4570=ORIENTED_EDGE('',*,*,#3421,.F.);
#4571=ORIENTED_EDGE('',*,*,#3412,.T.);
#4572=ORIENTED_EDGE('',*,*,#3352,.F.);
#4573=ORIENTED_EDGE('',*,*,#3422,.F.);
#4574=ORIENTED_EDGE('',*,*,#3423,.F.);
#4575=ORIENTED_EDGE('',*,*,#3420,.T.);
#4576=ORIENTED_EDGE('',*,*,#3380,.F.);
#4577=ORIENTED_EDGE('',*,*,#3383,.F.);
#4578=ORIENTED_EDGE('',*,*,#3424,.F.);
#4579=ORIENTED_EDGE('',*,*,#3422,.T.);
#4580=ORIENTED_EDGE('',*,*,#3280,.F.);
#4581=ORIENTED_EDGE('',*,*,#3404,.F.);
#4582=ORIENTED_EDGE('',*,*,#3398,.T.);
#4583=ORIENTED_EDGE('',*,*,#3296,.T.);
#4584=ORIENTED_EDGE('',*,*,#3333,.F.);
#4585=ORIENTED_EDGE('',*,*,#3411,.F.);
#4586=ORIENTED_EDGE('',*,*,#3405,.T.);
#4587=ORIENTED_EDGE('',*,*,#3349,.T.);
#4588=ORIENTED_EDGE('',*,*,#3425,.F.);
#4589=ORIENTED_EDGE('',*,*,#3395,.T.);
#4590=ORIENTED_EDGE('',*,*,#3397,.T.);
#4591=ORIENTED_EDGE('',*,*,#3419,.T.);
#4592=ORIENTED_EDGE('',*,*,#3417,.T.);
#4593=ORIENTED_EDGE('',*,*,#3415,.T.);
#4594=ORIENTED_EDGE('',*,*,#3413,.T.);
#4595=ORIENTED_EDGE('',*,*,#3421,.T.);
#4596=ORIENTED_EDGE('',*,*,#3423,.T.);
#4597=ORIENTED_EDGE('',*,*,#3424,.T.);
#4598=ORIENTED_EDGE('',*,*,#3382,.T.);
#4599=ORIENTED_EDGE('',*,*,#3385,.T.);
#4600=ORIENTED_EDGE('',*,*,#3387,.T.);
#4601=ORIENTED_EDGE('',*,*,#3389,.T.);
#4602=ORIENTED_EDGE('',*,*,#3391,.T.);
#4603=ORIENTED_EDGE('',*,*,#3393,.T.);
#4604=ORIENTED_EDGE('',*,*,#3426,.F.);
#4605=ORIENTED_EDGE('',*,*,#3427,.T.);
#4606=ORIENTED_EDGE('',*,*,#3428,.T.);
#4607=ORIENTED_EDGE('',*,*,#3427,.F.);
#4608=ORIENTED_EDGE('',*,*,#3426,.T.);
#4609=ORIENTED_EDGE('',*,*,#3429,.F.);
#4610=ORIENTED_EDGE('',*,*,#3425,.T.);
#4611=ORIENTED_EDGE('',*,*,#3430,.T.);
#4612=ORIENTED_EDGE('',*,*,#3431,.T.);
#4613=ORIENTED_EDGE('',*,*,#3430,.F.);
#4614=ORIENTED_EDGE('',*,*,#3431,.F.);
#4615=ORIENTED_EDGE('',*,*,#3432,.T.);
#4616=ORIENTED_EDGE('',*,*,#3429,.T.);
#4617=ORIENTED_EDGE('',*,*,#3432,.F.);
#4618=ORIENTED_EDGE('',*,*,#3433,.F.);
#4619=ORIENTED_EDGE('',*,*,#3434,.T.);
#4620=ORIENTED_EDGE('',*,*,#3435,.T.);
#4621=ORIENTED_EDGE('',*,*,#3434,.F.);
#4622=ORIENTED_EDGE('',*,*,#3435,.F.);
#4623=ORIENTED_EDGE('',*,*,#3428,.F.);
#4624=ORIENTED_EDGE('',*,*,#3433,.T.);
#4625=ORIENTED_EDGE('',*,*,#3436,.T.);
#4626=ORIENTED_EDGE('',*,*,#3437,.T.);
#4627=ORIENTED_EDGE('',*,*,#3438,.T.);
#4628=ORIENTED_EDGE('',*,*,#3439,.T.);
#4629=ORIENTED_EDGE('',*,*,#3440,.F.);
#4630=ORIENTED_EDGE('',*,*,#3441,.T.);
#4631=ORIENTED_EDGE('',*,*,#3442,.T.);
#4632=ORIENTED_EDGE('',*,*,#3443,.T.);
#4633=ORIENTED_EDGE('',*,*,#3438,.F.);
#4634=ORIENTED_EDGE('',*,*,#3444,.T.);
#4635=ORIENTED_EDGE('',*,*,#3442,.F.);
#4636=ORIENTED_EDGE('',*,*,#3445,.T.);
#4637=ORIENTED_EDGE('',*,*,#3440,.T.);
#4638=ORIENTED_EDGE('',*,*,#3444,.F.);
#4639=ORIENTED_EDGE('',*,*,#3446,.F.);
#4640=ORIENTED_EDGE('',*,*,#3447,.F.);
#4641=ORIENTED_EDGE('',*,*,#3448,.T.);
#4642=ORIENTED_EDGE('',*,*,#3439,.F.);
#4643=ORIENTED_EDGE('',*,*,#3449,.F.);
#4644=ORIENTED_EDGE('',*,*,#3450,.F.);
#4645=ORIENTED_EDGE('',*,*,#3446,.T.);
#4646=ORIENTED_EDGE('',*,*,#3437,.F.);
#4647=ORIENTED_EDGE('',*,*,#3445,.F.);
#4648=ORIENTED_EDGE('',*,*,#3441,.F.);
#4649=ORIENTED_EDGE('',*,*,#3443,.F.);
#4650=ORIENTED_EDGE('',*,*,#3448,.F.);
#4651=ORIENTED_EDGE('',*,*,#3451,.F.);
#4652=ORIENTED_EDGE('',*,*,#3449,.T.);
#4653=ORIENTED_EDGE('',*,*,#3452,.T.);
#4654=ORIENTED_EDGE('',*,*,#3453,.T.);
#4655=ORIENTED_EDGE('',*,*,#3454,.T.);
#4656=ORIENTED_EDGE('',*,*,#3453,.F.);
#4657=ORIENTED_EDGE('',*,*,#3454,.F.);
#4658=ORIENTED_EDGE('',*,*,#3455,.T.);
#4659=ORIENTED_EDGE('',*,*,#3456,.T.);
#4660=ORIENTED_EDGE('',*,*,#3455,.F.);
#4661=ORIENTED_EDGE('',*,*,#3452,.F.);
#4662=ORIENTED_EDGE('',*,*,#3447,.T.);
#4663=ORIENTED_EDGE('',*,*,#3450,.T.);
#4664=ORIENTED_EDGE('',*,*,#3451,.T.);
#4665=ORIENTED_EDGE('',*,*,#3457,.F.);
#4666=ORIENTED_EDGE('',*,*,#3458,.T.);
#4667=ORIENTED_EDGE('',*,*,#3436,.F.);
#4668=ORIENTED_EDGE('',*,*,#3458,.F.);
#4669=ORIENTED_EDGE('',*,*,#3459,.F.);
#4670=ORIENTED_EDGE('',*,*,#3460,.T.);
#4671=ORIENTED_EDGE('',*,*,#3461,.T.);
#4672=ORIENTED_EDGE('',*,*,#3460,.F.);
#4673=ORIENTED_EDGE('',*,*,#3459,.T.);
#4674=ORIENTED_EDGE('',*,*,#3456,.F.);
#4675=ORIENTED_EDGE('',*,*,#3461,.F.);
#4676=ORIENTED_EDGE('',*,*,#3457,.T.);
#4677=ORIENTED_EDGE('',*,*,#3462,.T.);
#4678=ORIENTED_EDGE('',*,*,#3463,.T.);
#4679=ORIENTED_EDGE('',*,*,#3464,.T.);
#4680=ORIENTED_EDGE('',*,*,#3465,.T.);
#4681=ORIENTED_EDGE('',*,*,#3466,.F.);
#4682=ORIENTED_EDGE('',*,*,#3467,.T.);
#4683=ORIENTED_EDGE('',*,*,#3468,.T.);
#4684=ORIENTED_EDGE('',*,*,#3469,.T.);
#4685=ORIENTED_EDGE('',*,*,#3464,.F.);
#4686=ORIENTED_EDGE('',*,*,#3470,.T.);
#4687=ORIENTED_EDGE('',*,*,#3468,.F.);
#4688=ORIENTED_EDGE('',*,*,#3471,.T.);
#4689=ORIENTED_EDGE('',*,*,#3466,.T.);
#4690=ORIENTED_EDGE('',*,*,#3470,.F.);
#4691=ORIENTED_EDGE('',*,*,#3472,.F.);
#4692=ORIENTED_EDGE('',*,*,#3473,.F.);
#4693=ORIENTED_EDGE('',*,*,#3474,.T.);
#4694=ORIENTED_EDGE('',*,*,#3465,.F.);
#4695=ORIENTED_EDGE('',*,*,#3475,.F.);
#4696=ORIENTED_EDGE('',*,*,#3476,.F.);
#4697=ORIENTED_EDGE('',*,*,#3472,.T.);
#4698=ORIENTED_EDGE('',*,*,#3463,.F.);
#4699=ORIENTED_EDGE('',*,*,#3471,.F.);
#4700=ORIENTED_EDGE('',*,*,#3467,.F.);
#4701=ORIENTED_EDGE('',*,*,#3469,.F.);
#4702=ORIENTED_EDGE('',*,*,#3474,.F.);
#4703=ORIENTED_EDGE('',*,*,#3477,.F.);
#4704=ORIENTED_EDGE('',*,*,#3475,.T.);
#4705=ORIENTED_EDGE('',*,*,#3478,.T.);
#4706=ORIENTED_EDGE('',*,*,#3479,.T.);
#4707=ORIENTED_EDGE('',*,*,#3480,.T.);
#4708=ORIENTED_EDGE('',*,*,#3479,.F.);
#4709=ORIENTED_EDGE('',*,*,#3480,.F.);
#4710=ORIENTED_EDGE('',*,*,#3481,.T.);
#4711=ORIENTED_EDGE('',*,*,#3482,.T.);
#4712=ORIENTED_EDGE('',*,*,#3481,.F.);
#4713=ORIENTED_EDGE('',*,*,#3478,.F.);
#4714=ORIENTED_EDGE('',*,*,#3473,.T.);
#4715=ORIENTED_EDGE('',*,*,#3476,.T.);
#4716=ORIENTED_EDGE('',*,*,#3477,.T.);
#4717=ORIENTED_EDGE('',*,*,#3483,.F.);
#4718=ORIENTED_EDGE('',*,*,#3484,.T.);
#4719=ORIENTED_EDGE('',*,*,#3462,.F.);
#4720=ORIENTED_EDGE('',*,*,#3484,.F.);
#4721=ORIENTED_EDGE('',*,*,#3485,.F.);
#4722=ORIENTED_EDGE('',*,*,#3486,.T.);
#4723=ORIENTED_EDGE('',*,*,#3487,.T.);
#4724=ORIENTED_EDGE('',*,*,#3486,.F.);
#4725=ORIENTED_EDGE('',*,*,#3485,.T.);
#4726=ORIENTED_EDGE('',*,*,#3482,.F.);
#4727=ORIENTED_EDGE('',*,*,#3487,.F.);
#4728=ORIENTED_EDGE('',*,*,#3483,.T.);
#4729=ORIENTED_EDGE('',*,*,#3488,.T.);
#4730=ORIENTED_EDGE('',*,*,#3489,.T.);
#4731=ORIENTED_EDGE('',*,*,#3490,.T.);
#4732=ORIENTED_EDGE('',*,*,#3491,.T.);
#4733=ORIENTED_EDGE('',*,*,#3492,.F.);
#4734=ORIENTED_EDGE('',*,*,#3493,.T.);
#4735=ORIENTED_EDGE('',*,*,#3494,.T.);
#4736=ORIENTED_EDGE('',*,*,#3495,.T.);
#4737=ORIENTED_EDGE('',*,*,#3490,.F.);
#4738=ORIENTED_EDGE('',*,*,#3496,.T.);
#4739=ORIENTED_EDGE('',*,*,#3494,.F.);
#4740=ORIENTED_EDGE('',*,*,#3497,.T.);
#4741=ORIENTED_EDGE('',*,*,#3492,.T.);
#4742=ORIENTED_EDGE('',*,*,#3496,.F.);
#4743=ORIENTED_EDGE('',*,*,#3498,.F.);
#4744=ORIENTED_EDGE('',*,*,#3499,.F.);
#4745=ORIENTED_EDGE('',*,*,#3500,.T.);
#4746=ORIENTED_EDGE('',*,*,#3491,.F.);
#4747=ORIENTED_EDGE('',*,*,#3501,.F.);
#4748=ORIENTED_EDGE('',*,*,#3502,.F.);
#4749=ORIENTED_EDGE('',*,*,#3498,.T.);
#4750=ORIENTED_EDGE('',*,*,#3489,.F.);
#4751=ORIENTED_EDGE('',*,*,#3497,.F.);
#4752=ORIENTED_EDGE('',*,*,#3493,.F.);
#4753=ORIENTED_EDGE('',*,*,#3495,.F.);
#4754=ORIENTED_EDGE('',*,*,#3500,.F.);
#4755=ORIENTED_EDGE('',*,*,#3503,.F.);
#4756=ORIENTED_EDGE('',*,*,#3501,.T.);
#4757=ORIENTED_EDGE('',*,*,#3504,.T.);
#4758=ORIENTED_EDGE('',*,*,#3505,.T.);
#4759=ORIENTED_EDGE('',*,*,#3506,.T.);
#4760=ORIENTED_EDGE('',*,*,#3505,.F.);
#4761=ORIENTED_EDGE('',*,*,#3506,.F.);
#4762=ORIENTED_EDGE('',*,*,#3507,.T.);
#4763=ORIENTED_EDGE('',*,*,#3508,.T.);
#4764=ORIENTED_EDGE('',*,*,#3507,.F.);
#4765=ORIENTED_EDGE('',*,*,#3504,.F.);
#4766=ORIENTED_EDGE('',*,*,#3499,.T.);
#4767=ORIENTED_EDGE('',*,*,#3502,.T.);
#4768=ORIENTED_EDGE('',*,*,#3503,.T.);
#4769=ORIENTED_EDGE('',*,*,#3509,.F.);
#4770=ORIENTED_EDGE('',*,*,#3510,.T.);
#4771=ORIENTED_EDGE('',*,*,#3488,.F.);
#4772=ORIENTED_EDGE('',*,*,#3510,.F.);
#4773=ORIENTED_EDGE('',*,*,#3511,.F.);
#4774=ORIENTED_EDGE('',*,*,#3512,.T.);
#4775=ORIENTED_EDGE('',*,*,#3513,.T.);
#4776=ORIENTED_EDGE('',*,*,#3512,.F.);
#4777=ORIENTED_EDGE('',*,*,#3511,.T.);
#4778=ORIENTED_EDGE('',*,*,#3508,.F.);
#4779=ORIENTED_EDGE('',*,*,#3513,.F.);
#4780=ORIENTED_EDGE('',*,*,#3509,.T.);
#4781=ORIENTED_EDGE('',*,*,#3514,.T.);
#4782=ORIENTED_EDGE('',*,*,#3515,.T.);
#4783=ORIENTED_EDGE('',*,*,#3516,.T.);
#4784=ORIENTED_EDGE('',*,*,#3517,.T.);
#4785=ORIENTED_EDGE('',*,*,#3518,.F.);
#4786=ORIENTED_EDGE('',*,*,#3519,.T.);
#4787=ORIENTED_EDGE('',*,*,#3520,.T.);
#4788=ORIENTED_EDGE('',*,*,#3521,.T.);
#4789=ORIENTED_EDGE('',*,*,#3516,.F.);
#4790=ORIENTED_EDGE('',*,*,#3522,.T.);
#4791=ORIENTED_EDGE('',*,*,#3520,.F.);
#4792=ORIENTED_EDGE('',*,*,#3523,.T.);
#4793=ORIENTED_EDGE('',*,*,#3518,.T.);
#4794=ORIENTED_EDGE('',*,*,#3522,.F.);
#4795=ORIENTED_EDGE('',*,*,#3524,.F.);
#4796=ORIENTED_EDGE('',*,*,#3525,.F.);
#4797=ORIENTED_EDGE('',*,*,#3526,.T.);
#4798=ORIENTED_EDGE('',*,*,#3517,.F.);
#4799=ORIENTED_EDGE('',*,*,#3527,.F.);
#4800=ORIENTED_EDGE('',*,*,#3528,.F.);
#4801=ORIENTED_EDGE('',*,*,#3524,.T.);
#4802=ORIENTED_EDGE('',*,*,#3515,.F.);
#4803=ORIENTED_EDGE('',*,*,#3523,.F.);
#4804=ORIENTED_EDGE('',*,*,#3519,.F.);
#4805=ORIENTED_EDGE('',*,*,#3521,.F.);
#4806=ORIENTED_EDGE('',*,*,#3526,.F.);
#4807=ORIENTED_EDGE('',*,*,#3529,.F.);
#4808=ORIENTED_EDGE('',*,*,#3527,.T.);
#4809=ORIENTED_EDGE('',*,*,#3530,.T.);
#4810=ORIENTED_EDGE('',*,*,#3531,.T.);
#4811=ORIENTED_EDGE('',*,*,#3532,.T.);
#4812=ORIENTED_EDGE('',*,*,#3531,.F.);
#4813=ORIENTED_EDGE('',*,*,#3532,.F.);
#4814=ORIENTED_EDGE('',*,*,#3533,.T.);
#4815=ORIENTED_EDGE('',*,*,#3534,.T.);
#4816=ORIENTED_EDGE('',*,*,#3533,.F.);
#4817=ORIENTED_EDGE('',*,*,#3530,.F.);
#4818=ORIENTED_EDGE('',*,*,#3525,.T.);
#4819=ORIENTED_EDGE('',*,*,#3528,.T.);
#4820=ORIENTED_EDGE('',*,*,#3529,.T.);
#4821=ORIENTED_EDGE('',*,*,#3535,.F.);
#4822=ORIENTED_EDGE('',*,*,#3536,.T.);
#4823=ORIENTED_EDGE('',*,*,#3514,.F.);
#4824=ORIENTED_EDGE('',*,*,#3536,.F.);
#4825=ORIENTED_EDGE('',*,*,#3537,.F.);
#4826=ORIENTED_EDGE('',*,*,#3538,.T.);
#4827=ORIENTED_EDGE('',*,*,#3539,.T.);
#4828=ORIENTED_EDGE('',*,*,#3538,.F.);
#4829=ORIENTED_EDGE('',*,*,#3537,.T.);
#4830=ORIENTED_EDGE('',*,*,#3534,.F.);
#4831=ORIENTED_EDGE('',*,*,#3539,.F.);
#4832=ORIENTED_EDGE('',*,*,#3535,.T.);
#4833=ORIENTED_EDGE('',*,*,#3540,.F.);
#4834=ORIENTED_EDGE('',*,*,#3541,.T.);
#4835=ORIENTED_EDGE('',*,*,#3542,.T.);
#4836=ORIENTED_EDGE('',*,*,#3543,.F.);
#4837=ORIENTED_EDGE('',*,*,#3544,.F.);
#4838=ORIENTED_EDGE('',*,*,#3545,.T.);
#4839=ORIENTED_EDGE('',*,*,#3546,.T.);
#4840=ORIENTED_EDGE('',*,*,#3541,.F.);
#4841=ORIENTED_EDGE('',*,*,#3547,.F.);
#4842=ORIENTED_EDGE('',*,*,#3548,.T.);
#4843=ORIENTED_EDGE('',*,*,#3549,.T.);
#4844=ORIENTED_EDGE('',*,*,#3545,.F.);
#4845=ORIENTED_EDGE('',*,*,#3550,.F.);
#4846=ORIENTED_EDGE('',*,*,#3551,.T.);
#4847=ORIENTED_EDGE('',*,*,#3552,.T.);
#4848=ORIENTED_EDGE('',*,*,#3548,.F.);
#4849=ORIENTED_EDGE('',*,*,#3553,.F.);
#4850=ORIENTED_EDGE('',*,*,#3554,.T.);
#4851=ORIENTED_EDGE('',*,*,#3555,.T.);
#4852=ORIENTED_EDGE('',*,*,#3551,.F.);
#4853=ORIENTED_EDGE('',*,*,#3556,.F.);
#4854=ORIENTED_EDGE('',*,*,#3557,.F.);
#4855=ORIENTED_EDGE('',*,*,#3558,.F.);
#4856=ORIENTED_EDGE('',*,*,#3559,.F.);
#4857=ORIENTED_EDGE('',*,*,#3560,.F.);
#4858=ORIENTED_EDGE('',*,*,#3561,.F.);
#4859=ORIENTED_EDGE('',*,*,#3562,.F.);
#4860=ORIENTED_EDGE('',*,*,#3563,.F.);
#4861=ORIENTED_EDGE('',*,*,#3564,.F.);
#4862=ORIENTED_EDGE('',*,*,#3542,.F.);
#4863=ORIENTED_EDGE('',*,*,#3546,.F.);
#4864=ORIENTED_EDGE('',*,*,#3549,.F.);
#4865=ORIENTED_EDGE('',*,*,#3552,.F.);
#4866=ORIENTED_EDGE('',*,*,#3555,.F.);
#4867=ORIENTED_EDGE('',*,*,#3565,.F.);
#4868=ORIENTED_EDGE('',*,*,#3566,.F.);
#4869=ORIENTED_EDGE('',*,*,#3543,.T.);
#4870=ORIENTED_EDGE('',*,*,#3564,.T.);
#4871=ORIENTED_EDGE('',*,*,#3567,.F.);
#4872=ORIENTED_EDGE('',*,*,#3568,.F.);
#4873=ORIENTED_EDGE('',*,*,#3567,.T.);
#4874=ORIENTED_EDGE('',*,*,#3563,.T.);
#4875=ORIENTED_EDGE('',*,*,#3569,.F.);
#4876=ORIENTED_EDGE('',*,*,#3570,.F.);
#4877=ORIENTED_EDGE('',*,*,#3569,.T.);
#4878=ORIENTED_EDGE('',*,*,#3562,.T.);
#4879=ORIENTED_EDGE('',*,*,#3571,.F.);
#4880=ORIENTED_EDGE('',*,*,#3572,.F.);
#4881=ORIENTED_EDGE('',*,*,#3571,.T.);
#4882=ORIENTED_EDGE('',*,*,#3561,.T.);
#4883=ORIENTED_EDGE('',*,*,#3573,.F.);
#4884=ORIENTED_EDGE('',*,*,#3574,.F.);
#4885=ORIENTED_EDGE('',*,*,#3573,.T.);
#4886=ORIENTED_EDGE('',*,*,#3560,.T.);
#4887=ORIENTED_EDGE('',*,*,#3575,.F.);
#4888=ORIENTED_EDGE('',*,*,#3576,.F.);
#4889=ORIENTED_EDGE('',*,*,#3575,.T.);
#4890=ORIENTED_EDGE('',*,*,#3559,.T.);
#4891=ORIENTED_EDGE('',*,*,#3577,.F.);
#4892=ORIENTED_EDGE('',*,*,#3578,.F.);
#4893=ORIENTED_EDGE('',*,*,#3577,.T.);
#4894=ORIENTED_EDGE('',*,*,#3558,.T.);
#4895=ORIENTED_EDGE('',*,*,#3579,.F.);
#4896=ORIENTED_EDGE('',*,*,#3580,.F.);
#4897=ORIENTED_EDGE('',*,*,#3579,.T.);
#4898=ORIENTED_EDGE('',*,*,#3557,.T.);
#4899=ORIENTED_EDGE('',*,*,#3581,.F.);
#4900=ORIENTED_EDGE('',*,*,#3582,.F.);
#4901=ORIENTED_EDGE('',*,*,#3581,.T.);
#4902=ORIENTED_EDGE('',*,*,#3556,.T.);
#4903=ORIENTED_EDGE('',*,*,#3583,.F.);
#4904=ORIENTED_EDGE('',*,*,#3584,.F.);
#4905=ORIENTED_EDGE('',*,*,#3583,.T.);
#4906=ORIENTED_EDGE('',*,*,#3565,.T.);
#4907=ORIENTED_EDGE('',*,*,#3554,.F.);
#4908=ORIENTED_EDGE('',*,*,#3570,.T.);
#4909=ORIENTED_EDGE('',*,*,#3572,.T.);
#4910=ORIENTED_EDGE('',*,*,#3574,.T.);
#4911=ORIENTED_EDGE('',*,*,#3576,.T.);
#4912=ORIENTED_EDGE('',*,*,#3578,.T.);
#4913=ORIENTED_EDGE('',*,*,#3580,.T.);
#4914=ORIENTED_EDGE('',*,*,#3582,.T.);
#4915=ORIENTED_EDGE('',*,*,#3584,.T.);
#4916=ORIENTED_EDGE('',*,*,#3553,.T.);
#4917=ORIENTED_EDGE('',*,*,#3550,.T.);
#4918=ORIENTED_EDGE('',*,*,#3547,.T.);
#4919=ORIENTED_EDGE('',*,*,#3544,.T.);
#4920=ORIENTED_EDGE('',*,*,#3540,.T.);
#4921=ORIENTED_EDGE('',*,*,#3566,.T.);
#4922=ORIENTED_EDGE('',*,*,#3568,.T.);
#4923=ORIENTED_EDGE('',*,*,#3585,.F.);
#4924=ORIENTED_EDGE('',*,*,#3586,.F.);
#4925=ORIENTED_EDGE('',*,*,#3587,.F.);
#4926=ORIENTED_EDGE('',*,*,#3588,.F.);
#4927=ORIENTED_EDGE('',*,*,#3589,.F.);
#4928=ORIENTED_EDGE('',*,*,#3590,.F.);
#4929=ORIENTED_EDGE('',*,*,#3591,.F.);
#4930=ORIENTED_EDGE('',*,*,#3592,.F.);
#4931=ORIENTED_EDGE('',*,*,#3593,.F.);
#4932=ORIENTED_EDGE('',*,*,#3594,.F.);
#4933=ORIENTED_EDGE('',*,*,#3595,.F.);
#4934=ORIENTED_EDGE('',*,*,#3596,.F.);
#4935=ORIENTED_EDGE('',*,*,#3597,.F.);
#4936=ORIENTED_EDGE('',*,*,#3598,.F.);
#4937=ORIENTED_EDGE('',*,*,#3599,.F.);
#4938=ORIENTED_EDGE('',*,*,#3592,.T.);
#4939=ORIENTED_EDGE('',*,*,#3600,.F.);
#4940=ORIENTED_EDGE('',*,*,#3601,.T.);
#4941=ORIENTED_EDGE('',*,*,#3602,.T.);
#4942=ORIENTED_EDGE('',*,*,#3591,.T.);
#4943=ORIENTED_EDGE('',*,*,#3603,.F.);
#4944=ORIENTED_EDGE('',*,*,#3604,.F.);
#4945=ORIENTED_EDGE('',*,*,#3605,.T.);
#4946=ORIENTED_EDGE('',*,*,#3600,.T.);
#4947=ORIENTED_EDGE('',*,*,#3590,.T.);
#4948=ORIENTED_EDGE('',*,*,#3606,.F.);
#4949=ORIENTED_EDGE('',*,*,#3607,.F.);
#4950=ORIENTED_EDGE('',*,*,#3603,.T.);
#4951=ORIENTED_EDGE('',*,*,#3589,.T.);
#4952=ORIENTED_EDGE('',*,*,#3608,.F.);
#4953=ORIENTED_EDGE('',*,*,#3609,.F.);
#4954=ORIENTED_EDGE('',*,*,#3606,.T.);
#4955=ORIENTED_EDGE('',*,*,#3588,.T.);
#4956=ORIENTED_EDGE('',*,*,#3610,.F.);
#4957=ORIENTED_EDGE('',*,*,#3611,.T.);
#4958=ORIENTED_EDGE('',*,*,#3608,.T.);
#4959=ORIENTED_EDGE('',*,*,#3587,.T.);
#4960=ORIENTED_EDGE('',*,*,#3612,.F.);
#4961=ORIENTED_EDGE('',*,*,#3613,.T.);
#4962=ORIENTED_EDGE('',*,*,#3614,.T.);
#4963=ORIENTED_EDGE('',*,*,#3615,.F.);
#4964=ORIENTED_EDGE('',*,*,#3610,.T.);
#4965=ORIENTED_EDGE('',*,*,#3586,.T.);
#4966=ORIENTED_EDGE('',*,*,#3616,.F.);
#4967=ORIENTED_EDGE('',*,*,#3617,.T.);
#4968=ORIENTED_EDGE('',*,*,#3612,.T.);
#4969=ORIENTED_EDGE('',*,*,#3618,.T.);
#4970=ORIENTED_EDGE('',*,*,#3619,.T.);
#4971=ORIENTED_EDGE('',*,*,#3620,.F.);
#4972=ORIENTED_EDGE('',*,*,#3621,.F.);
#4973=ORIENTED_EDGE('',*,*,#3605,.F.);
#4974=ORIENTED_EDGE('',*,*,#3622,.F.);
#4975=ORIENTED_EDGE('',*,*,#3614,.F.);
#4976=ORIENTED_EDGE('',*,*,#3623,.T.);
#4977=ORIENTED_EDGE('',*,*,#3623,.F.);
#4978=ORIENTED_EDGE('',*,*,#3613,.F.);
#4979=ORIENTED_EDGE('',*,*,#3617,.F.);
#4980=ORIENTED_EDGE('',*,*,#3624,.F.);
#4981=ORIENTED_EDGE('',*,*,#3625,.F.);
#4982=ORIENTED_EDGE('',*,*,#3619,.F.);
#4983=ORIENTED_EDGE('',*,*,#3626,.F.);
#4984=ORIENTED_EDGE('',*,*,#3601,.F.);
#4985=ORIENTED_EDGE('',*,*,#3585,.T.);
#4986=ORIENTED_EDGE('',*,*,#3627,.F.);
#4987=ORIENTED_EDGE('',*,*,#3624,.T.);
#4988=ORIENTED_EDGE('',*,*,#3616,.T.);
#4989=ORIENTED_EDGE('',*,*,#3622,.T.);
#4990=ORIENTED_EDGE('',*,*,#3604,.T.);
#4991=ORIENTED_EDGE('',*,*,#3607,.T.);
#4992=ORIENTED_EDGE('',*,*,#3609,.T.);
#4993=ORIENTED_EDGE('',*,*,#3611,.F.);
#4994=ORIENTED_EDGE('',*,*,#3615,.T.);
#4995=ORIENTED_EDGE('',*,*,#3599,.T.);
#4996=ORIENTED_EDGE('',*,*,#3628,.F.);
#4997=ORIENTED_EDGE('',*,*,#3629,.F.);
#4998=ORIENTED_EDGE('',*,*,#3620,.T.);
#4999=ORIENTED_EDGE('',*,*,#3625,.T.);
#5000=ORIENTED_EDGE('',*,*,#3627,.T.);
#5001=ORIENTED_EDGE('',*,*,#3598,.T.);
#5002=ORIENTED_EDGE('',*,*,#3630,.F.);
#5003=ORIENTED_EDGE('',*,*,#3631,.T.);
#5004=ORIENTED_EDGE('',*,*,#3628,.T.);
#5005=ORIENTED_EDGE('',*,*,#3597,.T.);
#5006=ORIENTED_EDGE('',*,*,#3632,.F.);
#5007=ORIENTED_EDGE('',*,*,#3633,.F.);
#5008=ORIENTED_EDGE('',*,*,#3630,.T.);
#5009=ORIENTED_EDGE('',*,*,#3596,.T.);
#5010=ORIENTED_EDGE('',*,*,#3634,.F.);
#5011=ORIENTED_EDGE('',*,*,#3635,.T.);
#5012=ORIENTED_EDGE('',*,*,#3632,.T.);
#5013=ORIENTED_EDGE('',*,*,#3595,.T.);
#5014=ORIENTED_EDGE('',*,*,#3636,.F.);
#5015=ORIENTED_EDGE('',*,*,#3637,.T.);
#5016=ORIENTED_EDGE('',*,*,#3634,.T.);
#5017=ORIENTED_EDGE('',*,*,#3594,.T.);
#5018=ORIENTED_EDGE('',*,*,#3638,.F.);
#5019=ORIENTED_EDGE('',*,*,#3618,.F.);
#5020=ORIENTED_EDGE('',*,*,#3639,.T.);
#5021=ORIENTED_EDGE('',*,*,#3636,.T.);
#5022=ORIENTED_EDGE('',*,*,#3593,.T.);
#5023=ORIENTED_EDGE('',*,*,#3602,.F.);
#5024=ORIENTED_EDGE('',*,*,#3626,.T.);
#5025=ORIENTED_EDGE('',*,*,#3638,.T.);
#5026=ORIENTED_EDGE('',*,*,#3621,.T.);
#5027=ORIENTED_EDGE('',*,*,#3629,.T.);
#5028=ORIENTED_EDGE('',*,*,#3631,.F.);
#5029=ORIENTED_EDGE('',*,*,#3633,.T.);
#5030=ORIENTED_EDGE('',*,*,#3635,.F.);
#5031=ORIENTED_EDGE('',*,*,#3637,.F.);
#5032=ORIENTED_EDGE('',*,*,#3639,.F.);
#5033=ORIENTED_EDGE('',*,*,#3640,.T.);
#5034=ORIENTED_EDGE('',*,*,#3641,.T.);
#5035=ORIENTED_EDGE('',*,*,#3642,.T.);
#5036=ORIENTED_EDGE('',*,*,#3643,.F.);
#5037=ORIENTED_EDGE('',*,*,#3644,.T.);
#5038=ORIENTED_EDGE('',*,*,#3645,.T.);
#5039=ORIENTED_EDGE('',*,*,#3646,.T.);
#5040=ORIENTED_EDGE('',*,*,#3641,.F.);
#5041=ORIENTED_EDGE('',*,*,#3647,.T.);
#5042=ORIENTED_EDGE('',*,*,#3648,.T.);
#5043=ORIENTED_EDGE('',*,*,#3649,.T.);
#5044=ORIENTED_EDGE('',*,*,#3645,.F.);
#5045=ORIENTED_EDGE('',*,*,#3650,.T.);
#5046=ORIENTED_EDGE('',*,*,#3648,.F.);
#5047=ORIENTED_EDGE('',*,*,#3651,.T.);
#5048=ORIENTED_EDGE('',*,*,#3652,.T.);
#5049=ORIENTED_EDGE('',*,*,#3653,.T.);
#5050=ORIENTED_EDGE('',*,*,#3652,.F.);
#5051=ORIENTED_EDGE('',*,*,#3654,.T.);
#5052=ORIENTED_EDGE('',*,*,#3643,.T.);
#5053=ORIENTED_EDGE('',*,*,#3650,.F.);
#5054=ORIENTED_EDGE('',*,*,#3655,.F.);
#5055=ORIENTED_EDGE('',*,*,#3656,.F.);
#5056=ORIENTED_EDGE('',*,*,#3657,.T.);
#5057=ORIENTED_EDGE('',*,*,#3653,.F.);
#5058=ORIENTED_EDGE('',*,*,#3658,.F.);
#5059=ORIENTED_EDGE('',*,*,#3659,.F.);
#5060=ORIENTED_EDGE('',*,*,#3655,.T.);
#5061=ORIENTED_EDGE('',*,*,#3642,.F.);
#5062=ORIENTED_EDGE('',*,*,#3660,.F.);
#5063=ORIENTED_EDGE('',*,*,#3661,.F.);
#5064=ORIENTED_EDGE('',*,*,#3658,.T.);
#5065=ORIENTED_EDGE('',*,*,#3640,.F.);
#5066=ORIENTED_EDGE('',*,*,#3654,.F.);
#5067=ORIENTED_EDGE('',*,*,#3651,.F.);
#5068=ORIENTED_EDGE('',*,*,#3647,.F.);
#5069=ORIENTED_EDGE('',*,*,#3644,.F.);
#5070=ORIENTED_EDGE('',*,*,#3646,.F.);
#5071=ORIENTED_EDGE('',*,*,#3662,.F.);
#5072=ORIENTED_EDGE('',*,*,#3663,.F.);
#5073=ORIENTED_EDGE('',*,*,#3660,.T.);
#5074=ORIENTED_EDGE('',*,*,#3649,.F.);
#5075=ORIENTED_EDGE('',*,*,#3657,.F.);
#5076=ORIENTED_EDGE('',*,*,#3664,.F.);
#5077=ORIENTED_EDGE('',*,*,#3662,.T.);
#5078=ORIENTED_EDGE('',*,*,#3665,.T.);
#5079=ORIENTED_EDGE('',*,*,#3666,.T.);
#5080=ORIENTED_EDGE('',*,*,#3667,.T.);
#5081=ORIENTED_EDGE('',*,*,#3668,.T.);
#5082=ORIENTED_EDGE('',*,*,#3667,.F.);
#5083=ORIENTED_EDGE('',*,*,#3668,.F.);
#5084=ORIENTED_EDGE('',*,*,#3669,.T.);
#5085=ORIENTED_EDGE('',*,*,#3670,.T.);
#5086=ORIENTED_EDGE('',*,*,#3669,.F.);
#5087=ORIENTED_EDGE('',*,*,#3666,.F.);
#5088=ORIENTED_EDGE('',*,*,#3661,.T.);
#5089=ORIENTED_EDGE('',*,*,#3663,.T.);
#5090=ORIENTED_EDGE('',*,*,#3664,.T.);
#5091=ORIENTED_EDGE('',*,*,#3656,.T.);
#5092=ORIENTED_EDGE('',*,*,#3659,.T.);
#5093=ORIENTED_EDGE('',*,*,#3671,.F.);
#5094=ORIENTED_EDGE('',*,*,#3672,.T.);
#5095=ORIENTED_EDGE('',*,*,#3665,.F.);
#5096=ORIENTED_EDGE('',*,*,#3672,.F.);
#5097=ORIENTED_EDGE('',*,*,#3673,.F.);
#5098=ORIENTED_EDGE('',*,*,#3674,.T.);
#5099=ORIENTED_EDGE('',*,*,#3675,.T.);
#5100=ORIENTED_EDGE('',*,*,#3674,.F.);
#5101=ORIENTED_EDGE('',*,*,#3673,.T.);
#5102=ORIENTED_EDGE('',*,*,#3670,.F.);
#5103=ORIENTED_EDGE('',*,*,#3675,.F.);
#5104=ORIENTED_EDGE('',*,*,#3671,.T.);
#5105=ORIENTED_EDGE('',*,*,#3676,.T.);
#5106=ORIENTED_EDGE('',*,*,#3677,.T.);
#5107=ORIENTED_EDGE('',*,*,#3678,.T.);
#5108=ORIENTED_EDGE('',*,*,#3679,.F.);
#5109=ORIENTED_EDGE('',*,*,#3680,.T.);
#5110=ORIENTED_EDGE('',*,*,#3681,.T.);
#5111=ORIENTED_EDGE('',*,*,#3682,.T.);
#5112=ORIENTED_EDGE('',*,*,#3677,.F.);
#5113=ORIENTED_EDGE('',*,*,#3683,.T.);
#5114=ORIENTED_EDGE('',*,*,#3684,.T.);
#5115=ORIENTED_EDGE('',*,*,#3685,.T.);
#5116=ORIENTED_EDGE('',*,*,#3681,.F.);
#5117=ORIENTED_EDGE('',*,*,#3686,.T.);
#5118=ORIENTED_EDGE('',*,*,#3684,.F.);
#5119=ORIENTED_EDGE('',*,*,#3687,.T.);
#5120=ORIENTED_EDGE('',*,*,#3679,.T.);
#5121=ORIENTED_EDGE('',*,*,#3686,.F.);
#5122=ORIENTED_EDGE('',*,*,#3688,.F.);
#5123=ORIENTED_EDGE('',*,*,#3689,.F.);
#5124=ORIENTED_EDGE('',*,*,#3690,.T.);
#5125=ORIENTED_EDGE('',*,*,#3678,.F.);
#5126=ORIENTED_EDGE('',*,*,#3691,.F.);
#5127=ORIENTED_EDGE('',*,*,#3692,.F.);
#5128=ORIENTED_EDGE('',*,*,#3688,.T.);
#5129=ORIENTED_EDGE('',*,*,#3676,.F.);
#5130=ORIENTED_EDGE('',*,*,#3687,.F.);
#5131=ORIENTED_EDGE('',*,*,#3683,.F.);
#5132=ORIENTED_EDGE('',*,*,#3680,.F.);
#5133=ORIENTED_EDGE('',*,*,#3693,.T.);
#5134=ORIENTED_EDGE('',*,*,#3694,.T.);
#5135=ORIENTED_EDGE('',*,*,#3695,.T.);
#5136=ORIENTED_EDGE('',*,*,#3696,.F.);
#5137=ORIENTED_EDGE('',*,*,#3697,.T.);
#5138=ORIENTED_EDGE('',*,*,#3698,.T.);
#5139=ORIENTED_EDGE('',*,*,#3699,.T.);
#5140=ORIENTED_EDGE('',*,*,#3694,.F.);
#5141=ORIENTED_EDGE('',*,*,#3700,.T.);
#5142=ORIENTED_EDGE('',*,*,#3701,.T.);
#5143=ORIENTED_EDGE('',*,*,#3702,.T.);
#5144=ORIENTED_EDGE('',*,*,#3698,.F.);
#5145=ORIENTED_EDGE('',*,*,#3703,.T.);
#5146=ORIENTED_EDGE('',*,*,#3701,.F.);
#5147=ORIENTED_EDGE('',*,*,#3704,.T.);
#5148=ORIENTED_EDGE('',*,*,#3696,.T.);
#5149=ORIENTED_EDGE('',*,*,#3703,.F.);
#5150=ORIENTED_EDGE('',*,*,#3705,.F.);
#5151=ORIENTED_EDGE('',*,*,#3706,.F.);
#5152=ORIENTED_EDGE('',*,*,#3707,.T.);
#5153=ORIENTED_EDGE('',*,*,#3695,.F.);
#5154=ORIENTED_EDGE('',*,*,#3708,.F.);
#5155=ORIENTED_EDGE('',*,*,#3709,.F.);
#5156=ORIENTED_EDGE('',*,*,#3705,.T.);
#5157=ORIENTED_EDGE('',*,*,#3693,.F.);
#5158=ORIENTED_EDGE('',*,*,#3704,.F.);
#5159=ORIENTED_EDGE('',*,*,#3700,.F.);
#5160=ORIENTED_EDGE('',*,*,#3697,.F.);
#5161=ORIENTED_EDGE('',*,*,#3710,.T.);
#5162=ORIENTED_EDGE('',*,*,#3711,.T.);
#5163=ORIENTED_EDGE('',*,*,#3712,.T.);
#5164=ORIENTED_EDGE('',*,*,#3713,.F.);
#5165=ORIENTED_EDGE('',*,*,#3714,.T.);
#5166=ORIENTED_EDGE('',*,*,#3715,.T.);
#5167=ORIENTED_EDGE('',*,*,#3716,.T.);
#5168=ORIENTED_EDGE('',*,*,#3711,.F.);
#5169=ORIENTED_EDGE('',*,*,#3717,.T.);
#5170=ORIENTED_EDGE('',*,*,#3718,.T.);
#5171=ORIENTED_EDGE('',*,*,#3719,.T.);
#5172=ORIENTED_EDGE('',*,*,#3715,.F.);
#5173=ORIENTED_EDGE('',*,*,#3720,.T.);
#5174=ORIENTED_EDGE('',*,*,#3718,.F.);
#5175=ORIENTED_EDGE('',*,*,#3721,.T.);
#5176=ORIENTED_EDGE('',*,*,#3713,.T.);
#5177=ORIENTED_EDGE('',*,*,#3720,.F.);
#5178=ORIENTED_EDGE('',*,*,#3722,.F.);
#5179=ORIENTED_EDGE('',*,*,#3723,.F.);
#5180=ORIENTED_EDGE('',*,*,#3724,.T.);
#5181=ORIENTED_EDGE('',*,*,#3712,.F.);
#5182=ORIENTED_EDGE('',*,*,#3725,.F.);
#5183=ORIENTED_EDGE('',*,*,#3726,.F.);
#5184=ORIENTED_EDGE('',*,*,#3722,.T.);
#5185=ORIENTED_EDGE('',*,*,#3710,.F.);
#5186=ORIENTED_EDGE('',*,*,#3721,.F.);
#5187=ORIENTED_EDGE('',*,*,#3717,.F.);
#5188=ORIENTED_EDGE('',*,*,#3714,.F.);
#5189=ORIENTED_EDGE('',*,*,#3682,.F.);
#5190=ORIENTED_EDGE('',*,*,#3727,.F.);
#5191=ORIENTED_EDGE('',*,*,#3728,.F.);
#5192=ORIENTED_EDGE('',*,*,#3691,.T.);
#5193=ORIENTED_EDGE('',*,*,#3685,.F.);
#5194=ORIENTED_EDGE('',*,*,#3690,.F.);
#5195=ORIENTED_EDGE('',*,*,#3729,.F.);
#5196=ORIENTED_EDGE('',*,*,#3727,.T.);
#5197=ORIENTED_EDGE('',*,*,#3702,.F.);
#5198=ORIENTED_EDGE('',*,*,#3707,.F.);
#5199=ORIENTED_EDGE('',*,*,#3730,.F.);
#5200=ORIENTED_EDGE('',*,*,#3731,.T.);
#5201=ORIENTED_EDGE('',*,*,#3699,.F.);
#5202=ORIENTED_EDGE('',*,*,#3731,.F.);
#5203=ORIENTED_EDGE('',*,*,#3732,.F.);
#5204=ORIENTED_EDGE('',*,*,#3708,.T.);
#5205=ORIENTED_EDGE('',*,*,#3716,.F.);
#5206=ORIENTED_EDGE('',*,*,#3733,.F.);
#5207=ORIENTED_EDGE('',*,*,#3734,.F.);
#5208=ORIENTED_EDGE('',*,*,#3725,.T.);
#5209=ORIENTED_EDGE('',*,*,#3719,.F.);
#5210=ORIENTED_EDGE('',*,*,#3724,.F.);
#5211=ORIENTED_EDGE('',*,*,#3735,.F.);
#5212=ORIENTED_EDGE('',*,*,#3733,.T.);
#5213=ORIENTED_EDGE('',*,*,#3736,.T.);
#5214=ORIENTED_EDGE('',*,*,#3737,.T.);
#5215=ORIENTED_EDGE('',*,*,#3738,.T.);
#5216=ORIENTED_EDGE('',*,*,#3739,.T.);
#5217=ORIENTED_EDGE('',*,*,#3738,.F.);
#5218=ORIENTED_EDGE('',*,*,#3739,.F.);
#5219=ORIENTED_EDGE('',*,*,#3740,.T.);
#5220=ORIENTED_EDGE('',*,*,#3741,.T.);
#5221=ORIENTED_EDGE('',*,*,#3740,.F.);
#5222=ORIENTED_EDGE('',*,*,#3737,.F.);
#5223=ORIENTED_EDGE('',*,*,#3692,.T.);
#5224=ORIENTED_EDGE('',*,*,#3728,.T.);
#5225=ORIENTED_EDGE('',*,*,#3729,.T.);
#5226=ORIENTED_EDGE('',*,*,#3689,.T.);
#5227=ORIENTED_EDGE('',*,*,#3730,.T.);
#5228=ORIENTED_EDGE('',*,*,#3706,.T.);
#5229=ORIENTED_EDGE('',*,*,#3709,.T.);
#5230=ORIENTED_EDGE('',*,*,#3732,.T.);
#5231=ORIENTED_EDGE('',*,*,#3723,.T.);
#5232=ORIENTED_EDGE('',*,*,#3726,.T.);
#5233=ORIENTED_EDGE('',*,*,#3734,.T.);
#5234=ORIENTED_EDGE('',*,*,#3735,.T.);
#5235=ORIENTED_EDGE('',*,*,#3742,.F.);
#5236=ORIENTED_EDGE('',*,*,#3743,.T.);
#5237=ORIENTED_EDGE('',*,*,#3736,.F.);
#5238=ORIENTED_EDGE('',*,*,#3743,.F.);
#5239=ORIENTED_EDGE('',*,*,#3744,.F.);
#5240=ORIENTED_EDGE('',*,*,#3745,.T.);
#5241=ORIENTED_EDGE('',*,*,#3746,.T.);
#5242=ORIENTED_EDGE('',*,*,#3745,.F.);
#5243=ORIENTED_EDGE('',*,*,#3744,.T.);
#5244=ORIENTED_EDGE('',*,*,#3741,.F.);
#5245=ORIENTED_EDGE('',*,*,#3746,.F.);
#5246=ORIENTED_EDGE('',*,*,#3742,.T.);
#5247=ORIENTED_EDGE('',*,*,#3747,.T.);
#5248=ORIENTED_EDGE('',*,*,#3748,.T.);
#5249=ORIENTED_EDGE('',*,*,#3749,.T.);
#5250=ORIENTED_EDGE('',*,*,#3750,.F.);
#5251=ORIENTED_EDGE('',*,*,#3751,.T.);
#5252=ORIENTED_EDGE('',*,*,#3752,.T.);
#5253=ORIENTED_EDGE('',*,*,#3753,.T.);
#5254=ORIENTED_EDGE('',*,*,#3748,.F.);
#5255=ORIENTED_EDGE('',*,*,#3754,.T.);
#5256=ORIENTED_EDGE('',*,*,#3752,.F.);
#5257=ORIENTED_EDGE('',*,*,#3755,.T.);
#5258=ORIENTED_EDGE('',*,*,#3750,.T.);
#5259=ORIENTED_EDGE('',*,*,#3754,.F.);
#5260=ORIENTED_EDGE('',*,*,#3756,.F.);
#5261=ORIENTED_EDGE('',*,*,#3757,.F.);
#5262=ORIENTED_EDGE('',*,*,#3758,.T.);
#5263=ORIENTED_EDGE('',*,*,#3749,.F.);
#5264=ORIENTED_EDGE('',*,*,#3759,.F.);
#5265=ORIENTED_EDGE('',*,*,#3760,.F.);
#5266=ORIENTED_EDGE('',*,*,#3756,.T.);
#5267=ORIENTED_EDGE('',*,*,#3747,.F.);
#5268=ORIENTED_EDGE('',*,*,#3755,.F.);
#5269=ORIENTED_EDGE('',*,*,#3751,.F.);
#5270=ORIENTED_EDGE('',*,*,#3753,.F.);
#5271=ORIENTED_EDGE('',*,*,#3758,.F.);
#5272=ORIENTED_EDGE('',*,*,#3761,.F.);
#5273=ORIENTED_EDGE('',*,*,#3759,.T.);
#5274=ORIENTED_EDGE('',*,*,#3762,.T.);
#5275=ORIENTED_EDGE('',*,*,#3763,.T.);
#5276=ORIENTED_EDGE('',*,*,#3764,.T.);
#5277=ORIENTED_EDGE('',*,*,#3765,.T.);
#5278=ORIENTED_EDGE('',*,*,#3764,.F.);
#5279=ORIENTED_EDGE('',*,*,#3765,.F.);
#5280=ORIENTED_EDGE('',*,*,#3766,.T.);
#5281=ORIENTED_EDGE('',*,*,#3767,.T.);
#5282=ORIENTED_EDGE('',*,*,#3766,.F.);
#5283=ORIENTED_EDGE('',*,*,#3763,.F.);
#5284=ORIENTED_EDGE('',*,*,#3757,.T.);
#5285=ORIENTED_EDGE('',*,*,#3760,.T.);
#5286=ORIENTED_EDGE('',*,*,#3761,.T.);
#5287=ORIENTED_EDGE('',*,*,#3768,.F.);
#5288=ORIENTED_EDGE('',*,*,#3769,.T.);
#5289=ORIENTED_EDGE('',*,*,#3762,.F.);
#5290=ORIENTED_EDGE('',*,*,#3769,.F.);
#5291=ORIENTED_EDGE('',*,*,#3770,.F.);
#5292=ORIENTED_EDGE('',*,*,#3771,.T.);
#5293=ORIENTED_EDGE('',*,*,#3772,.T.);
#5294=ORIENTED_EDGE('',*,*,#3771,.F.);
#5295=ORIENTED_EDGE('',*,*,#3770,.T.);
#5296=ORIENTED_EDGE('',*,*,#3767,.F.);
#5297=ORIENTED_EDGE('',*,*,#3772,.F.);
#5298=ORIENTED_EDGE('',*,*,#3768,.T.);
#5299=ORIENTED_EDGE('',*,*,#3773,.F.);
#5300=ORIENTED_EDGE('',*,*,#3774,.T.);
#5301=ORIENTED_EDGE('',*,*,#3775,.F.);
#5302=ORIENTED_EDGE('',*,*,#3776,.F.);
#5303=ORIENTED_EDGE('',*,*,#3777,.F.);
#5304=ORIENTED_EDGE('',*,*,#3776,.T.);
#5305=ORIENTED_EDGE('',*,*,#3778,.F.);
#5306=ORIENTED_EDGE('',*,*,#3779,.F.);
#5307=ORIENTED_EDGE('',*,*,#3780,.F.);
#5308=ORIENTED_EDGE('',*,*,#3779,.T.);
#5309=ORIENTED_EDGE('',*,*,#3781,.F.);
#5310=ORIENTED_EDGE('',*,*,#3782,.F.);
#5311=ORIENTED_EDGE('',*,*,#3783,.F.);
#5312=ORIENTED_EDGE('',*,*,#3782,.T.);
#5313=ORIENTED_EDGE('',*,*,#3784,.F.);
#5314=ORIENTED_EDGE('',*,*,#3774,.F.);
#5315=ORIENTED_EDGE('',*,*,#3784,.T.);
#5316=ORIENTED_EDGE('',*,*,#3781,.T.);
#5317=ORIENTED_EDGE('',*,*,#3778,.T.);
#5318=ORIENTED_EDGE('',*,*,#3775,.T.);
#5319=ORIENTED_EDGE('',*,*,#3785,.F.);
#5320=ORIENTED_EDGE('',*,*,#3786,.T.);
#5321=ORIENTED_EDGE('',*,*,#3787,.T.);
#5322=ORIENTED_EDGE('',*,*,#3786,.F.);
#5323=ORIENTED_EDGE('',*,*,#3787,.F.);
#5324=ORIENTED_EDGE('',*,*,#3788,.T.);
#5325=ORIENTED_EDGE('',*,*,#3789,.T.);
#5326=ORIENTED_EDGE('',*,*,#3790,.T.);
#5327=ORIENTED_EDGE('',*,*,#3791,.T.);
#5328=ORIENTED_EDGE('',*,*,#3789,.F.);
#5329=ORIENTED_EDGE('',*,*,#3791,.F.);
#5330=ORIENTED_EDGE('',*,*,#3792,.T.);
#5331=ORIENTED_EDGE('',*,*,#3793,.F.);
#5332=ORIENTED_EDGE('',*,*,#3792,.F.);
#5333=ORIENTED_EDGE('',*,*,#3790,.F.);
#5334=ORIENTED_EDGE('',*,*,#3788,.F.);
#5335=ORIENTED_EDGE('',*,*,#3773,.T.);
#5336=ORIENTED_EDGE('',*,*,#3777,.T.);
#5337=ORIENTED_EDGE('',*,*,#3780,.T.);
#5338=ORIENTED_EDGE('',*,*,#3783,.T.);
#5339=ORIENTED_EDGE('',*,*,#3794,.F.);
#5340=ORIENTED_EDGE('',*,*,#3795,.T.);
#5341=ORIENTED_EDGE('',*,*,#3796,.T.);
#5342=ORIENTED_EDGE('',*,*,#3795,.F.);
#5343=ORIENTED_EDGE('',*,*,#3794,.T.);
#5344=ORIENTED_EDGE('',*,*,#3793,.T.);
#5345=ORIENTED_EDGE('',*,*,#3796,.F.);
#5346=ORIENTED_EDGE('',*,*,#3785,.T.);
#5347=ORIENTED_EDGE('',*,*,#3797,.F.);
#5348=ORIENTED_EDGE('',*,*,#3798,.T.);
#5349=ORIENTED_EDGE('',*,*,#3799,.F.);
#5350=ORIENTED_EDGE('',*,*,#3800,.F.);
#5351=ORIENTED_EDGE('',*,*,#3801,.F.);
#5352=ORIENTED_EDGE('',*,*,#3800,.T.);
#5353=ORIENTED_EDGE('',*,*,#3802,.F.);
#5354=ORIENTED_EDGE('',*,*,#3803,.F.);
#5355=ORIENTED_EDGE('',*,*,#3804,.F.);
#5356=ORIENTED_EDGE('',*,*,#3803,.T.);
#5357=ORIENTED_EDGE('',*,*,#3805,.F.);
#5358=ORIENTED_EDGE('',*,*,#3806,.F.);
#5359=ORIENTED_EDGE('',*,*,#3807,.F.);
#5360=ORIENTED_EDGE('',*,*,#3806,.T.);
#5361=ORIENTED_EDGE('',*,*,#3808,.F.);
#5362=ORIENTED_EDGE('',*,*,#3809,.F.);
#5363=ORIENTED_EDGE('',*,*,#3810,.F.);
#5364=ORIENTED_EDGE('',*,*,#3809,.T.);
#5365=ORIENTED_EDGE('',*,*,#3811,.F.);
#5366=ORIENTED_EDGE('',*,*,#3812,.F.);
#5367=ORIENTED_EDGE('',*,*,#3813,.F.);
#5368=ORIENTED_EDGE('',*,*,#3812,.T.);
#5369=ORIENTED_EDGE('',*,*,#3814,.F.);
#5370=ORIENTED_EDGE('',*,*,#3815,.F.);
#5371=ORIENTED_EDGE('',*,*,#3816,.F.);
#5372=ORIENTED_EDGE('',*,*,#3815,.T.);
#5373=ORIENTED_EDGE('',*,*,#3817,.F.);
#5374=ORIENTED_EDGE('',*,*,#3818,.F.);
#5375=ORIENTED_EDGE('',*,*,#3819,.F.);
#5376=ORIENTED_EDGE('',*,*,#3818,.T.);
#5377=ORIENTED_EDGE('',*,*,#3820,.F.);
#5378=ORIENTED_EDGE('',*,*,#3821,.F.);
#5379=ORIENTED_EDGE('',*,*,#3822,.F.);
#5380=ORIENTED_EDGE('',*,*,#3821,.T.);
#5381=ORIENTED_EDGE('',*,*,#3823,.F.);
#5382=ORIENTED_EDGE('',*,*,#3824,.F.);
#5383=ORIENTED_EDGE('',*,*,#3825,.F.);
#5384=ORIENTED_EDGE('',*,*,#3824,.T.);
#5385=ORIENTED_EDGE('',*,*,#3826,.F.);
#5386=ORIENTED_EDGE('',*,*,#3827,.F.);
#5387=ORIENTED_EDGE('',*,*,#3828,.F.);
#5388=ORIENTED_EDGE('',*,*,#3827,.T.);
#5389=ORIENTED_EDGE('',*,*,#3829,.F.);
#5390=ORIENTED_EDGE('',*,*,#3830,.F.);
#5391=ORIENTED_EDGE('',*,*,#3831,.F.);
#5392=ORIENTED_EDGE('',*,*,#3830,.T.);
#5393=ORIENTED_EDGE('',*,*,#3832,.F.);
#5394=ORIENTED_EDGE('',*,*,#3798,.F.);
#5395=ORIENTED_EDGE('',*,*,#3832,.T.);
#5396=ORIENTED_EDGE('',*,*,#3829,.T.);
#5397=ORIENTED_EDGE('',*,*,#3826,.T.);
#5398=ORIENTED_EDGE('',*,*,#3823,.T.);
#5399=ORIENTED_EDGE('',*,*,#3820,.T.);
#5400=ORIENTED_EDGE('',*,*,#3817,.T.);
#5401=ORIENTED_EDGE('',*,*,#3814,.T.);
#5402=ORIENTED_EDGE('',*,*,#3811,.T.);
#5403=ORIENTED_EDGE('',*,*,#3808,.T.);
#5404=ORIENTED_EDGE('',*,*,#3805,.T.);
#5405=ORIENTED_EDGE('',*,*,#3802,.T.);
#5406=ORIENTED_EDGE('',*,*,#3799,.T.);
#5407=ORIENTED_EDGE('',*,*,#3833,.F.);
#5408=ORIENTED_EDGE('',*,*,#3834,.T.);
#5409=ORIENTED_EDGE('',*,*,#3835,.T.);
#5410=ORIENTED_EDGE('',*,*,#3834,.F.);
#5411=ORIENTED_EDGE('',*,*,#3835,.F.);
#5412=ORIENTED_EDGE('',*,*,#3836,.T.);
#5413=ORIENTED_EDGE('',*,*,#3837,.T.);
#5414=ORIENTED_EDGE('',*,*,#3838,.T.);
#5415=ORIENTED_EDGE('',*,*,#3839,.T.);
#5416=ORIENTED_EDGE('',*,*,#3837,.F.);
#5417=ORIENTED_EDGE('',*,*,#3839,.F.);
#5418=ORIENTED_EDGE('',*,*,#3840,.T.);
#5419=ORIENTED_EDGE('',*,*,#3841,.F.);
#5420=ORIENTED_EDGE('',*,*,#3840,.F.);
#5421=ORIENTED_EDGE('',*,*,#3838,.F.);
#5422=ORIENTED_EDGE('',*,*,#3836,.F.);
#5423=ORIENTED_EDGE('',*,*,#3797,.T.);
#5424=ORIENTED_EDGE('',*,*,#3801,.T.);
#5425=ORIENTED_EDGE('',*,*,#3804,.T.);
#5426=ORIENTED_EDGE('',*,*,#3807,.T.);
#5427=ORIENTED_EDGE('',*,*,#3810,.T.);
#5428=ORIENTED_EDGE('',*,*,#3813,.T.);
#5429=ORIENTED_EDGE('',*,*,#3816,.T.);
#5430=ORIENTED_EDGE('',*,*,#3819,.T.);
#5431=ORIENTED_EDGE('',*,*,#3822,.T.);
#5432=ORIENTED_EDGE('',*,*,#3825,.T.);
#5433=ORIENTED_EDGE('',*,*,#3828,.T.);
#5434=ORIENTED_EDGE('',*,*,#3831,.T.);
#5435=ORIENTED_EDGE('',*,*,#3842,.F.);
#5436=ORIENTED_EDGE('',*,*,#3843,.T.);
#5437=ORIENTED_EDGE('',*,*,#3844,.T.);
#5438=ORIENTED_EDGE('',*,*,#3843,.F.);
#5439=ORIENTED_EDGE('',*,*,#3842,.T.);
#5440=ORIENTED_EDGE('',*,*,#3841,.T.);
#5441=ORIENTED_EDGE('',*,*,#3844,.F.);
#5442=ORIENTED_EDGE('',*,*,#3833,.T.);
#5443=ORIENTED_EDGE('',*,*,#3845,.F.);
#5444=ORIENTED_EDGE('',*,*,#3846,.T.);
#5445=ORIENTED_EDGE('',*,*,#3847,.F.);
#5446=ORIENTED_EDGE('',*,*,#3848,.F.);
#5447=ORIENTED_EDGE('',*,*,#3849,.F.);
#5448=ORIENTED_EDGE('',*,*,#3848,.T.);
#5449=ORIENTED_EDGE('',*,*,#3850,.F.);
#5450=ORIENTED_EDGE('',*,*,#3851,.F.);
#5451=ORIENTED_EDGE('',*,*,#3852,.F.);
#5452=ORIENTED_EDGE('',*,*,#3851,.T.);
#5453=ORIENTED_EDGE('',*,*,#3853,.F.);
#5454=ORIENTED_EDGE('',*,*,#3854,.F.);
#5455=ORIENTED_EDGE('',*,*,#3855,.F.);
#5456=ORIENTED_EDGE('',*,*,#3854,.T.);
#5457=ORIENTED_EDGE('',*,*,#3856,.F.);
#5458=ORIENTED_EDGE('',*,*,#3846,.F.);
#5459=ORIENTED_EDGE('',*,*,#3856,.T.);
#5460=ORIENTED_EDGE('',*,*,#3853,.T.);
#5461=ORIENTED_EDGE('',*,*,#3850,.T.);
#5462=ORIENTED_EDGE('',*,*,#3847,.T.);
#5463=ORIENTED_EDGE('',*,*,#3857,.F.);
#5464=ORIENTED_EDGE('',*,*,#3858,.T.);
#5465=ORIENTED_EDGE('',*,*,#3859,.F.);
#5466=ORIENTED_EDGE('',*,*,#3860,.F.);
#5467=ORIENTED_EDGE('',*,*,#3861,.F.);
#5468=ORIENTED_EDGE('',*,*,#3860,.T.);
#5469=ORIENTED_EDGE('',*,*,#3862,.F.);
#5470=ORIENTED_EDGE('',*,*,#3863,.F.);
#5471=ORIENTED_EDGE('',*,*,#3864,.F.);
#5472=ORIENTED_EDGE('',*,*,#3863,.T.);
#5473=ORIENTED_EDGE('',*,*,#3865,.F.);
#5474=ORIENTED_EDGE('',*,*,#3866,.F.);
#5475=ORIENTED_EDGE('',*,*,#3867,.F.);
#5476=ORIENTED_EDGE('',*,*,#3866,.T.);
#5477=ORIENTED_EDGE('',*,*,#3868,.F.);
#5478=ORIENTED_EDGE('',*,*,#3858,.F.);
#5479=ORIENTED_EDGE('',*,*,#3868,.T.);
#5480=ORIENTED_EDGE('',*,*,#3865,.T.);
#5481=ORIENTED_EDGE('',*,*,#3862,.T.);
#5482=ORIENTED_EDGE('',*,*,#3859,.T.);
#5483=ORIENTED_EDGE('',*,*,#3869,.F.);
#5484=ORIENTED_EDGE('',*,*,#3870,.T.);
#5485=ORIENTED_EDGE('',*,*,#3871,.T.);
#5486=ORIENTED_EDGE('',*,*,#3870,.F.);
#5487=ORIENTED_EDGE('',*,*,#3871,.F.);
#5488=ORIENTED_EDGE('',*,*,#3872,.T.);
#5489=ORIENTED_EDGE('',*,*,#3873,.T.);
#5490=ORIENTED_EDGE('',*,*,#3874,.T.);
#5491=ORIENTED_EDGE('',*,*,#3875,.T.);
#5492=ORIENTED_EDGE('',*,*,#3873,.F.);
#5493=ORIENTED_EDGE('',*,*,#3875,.F.);
#5494=ORIENTED_EDGE('',*,*,#3876,.T.);
#5495=ORIENTED_EDGE('',*,*,#3877,.F.);
#5496=ORIENTED_EDGE('',*,*,#3876,.F.);
#5497=ORIENTED_EDGE('',*,*,#3874,.F.);
#5498=ORIENTED_EDGE('',*,*,#3872,.F.);
#5499=ORIENTED_EDGE('',*,*,#3845,.T.);
#5500=ORIENTED_EDGE('',*,*,#3849,.T.);
#5501=ORIENTED_EDGE('',*,*,#3852,.T.);
#5502=ORIENTED_EDGE('',*,*,#3855,.T.);
#5503=ORIENTED_EDGE('',*,*,#3857,.T.);
#5504=ORIENTED_EDGE('',*,*,#3861,.T.);
#5505=ORIENTED_EDGE('',*,*,#3864,.T.);
#5506=ORIENTED_EDGE('',*,*,#3867,.T.);
#5507=ORIENTED_EDGE('',*,*,#3878,.F.);
#5508=ORIENTED_EDGE('',*,*,#3879,.T.);
#5509=ORIENTED_EDGE('',*,*,#3880,.T.);
#5510=ORIENTED_EDGE('',*,*,#3879,.F.);
#5511=ORIENTED_EDGE('',*,*,#3878,.T.);
#5512=ORIENTED_EDGE('',*,*,#3877,.T.);
#5513=ORIENTED_EDGE('',*,*,#3880,.F.);
#5514=ORIENTED_EDGE('',*,*,#3869,.T.);
#5515=CYLINDRICAL_SURFACE('',#6123,0.025);
#5516=CYLINDRICAL_SURFACE('',#6126,0.025);
#5517=CYLINDRICAL_SURFACE('',#6128,0.025);
#5518=CYLINDRICAL_SURFACE('',#6130,0.025);
#5519=CYLINDRICAL_SURFACE('',#6132,0.025);
#5520=CYLINDRICAL_SURFACE('',#6134,0.025);
#5521=CYLINDRICAL_SURFACE('',#6136,0.025);
#5522=CYLINDRICAL_SURFACE('',#6138,0.025);
#5523=CYLINDRICAL_SURFACE('',#6140,0.025);
#5524=CYLINDRICAL_SURFACE('',#6142,0.025);
#5525=CYLINDRICAL_SURFACE('',#6144,0.025);
#5526=CYLINDRICAL_SURFACE('',#6146,0.025);
#5527=CYLINDRICAL_SURFACE('',#6160,4.99999999999998);
#5528=CYLINDRICAL_SURFACE('',#6168,3.575);
#5529=CYLINDRICAL_SURFACE('',#6170,1.75000000000001);
#5530=CYLINDRICAL_SURFACE('',#6175,0.025);
#5531=CYLINDRICAL_SURFACE('',#6178,0.025);
#5532=CYLINDRICAL_SURFACE('',#6180,0.025);
#5533=CYLINDRICAL_SURFACE('',#6182,0.025);
#5534=CYLINDRICAL_SURFACE('',#6184,0.025);
#5535=CYLINDRICAL_SURFACE('',#6186,0.025);
#5536=CYLINDRICAL_SURFACE('',#6188,0.025);
#5537=CYLINDRICAL_SURFACE('',#6190,0.025);
#5538=CYLINDRICAL_SURFACE('',#6192,0.025);
#5539=CYLINDRICAL_SURFACE('',#6205,4.99999999999998);
#5540=CYLINDRICAL_SURFACE('',#6212,3.575);
#5541=CYLINDRICAL_SURFACE('',#6213,1.75000000000001);
#5542=CYLINDRICAL_SURFACE('',#6218,0.025);
#5543=CYLINDRICAL_SURFACE('',#6221,0.025);
#5544=CYLINDRICAL_SURFACE('',#6223,0.025);
#5545=CYLINDRICAL_SURFACE('',#6227,0.025);
#5546=CYLINDRICAL_SURFACE('',#6230,0.025);
#5547=CYLINDRICAL_SURFACE('',#6232,0.025);
#5548=CYLINDRICAL_SURFACE('',#6234,0.025);
#5549=CYLINDRICAL_SURFACE('',#6236,0.025);
#5550=CYLINDRICAL_SURFACE('',#6238,0.025);
#5551=CYLINDRICAL_SURFACE('',#6240,0.025);
#5552=CYLINDRICAL_SURFACE('',#6242,0.025);
#5553=CYLINDRICAL_SURFACE('',#6258,4.99999999999998);
#5554=CYLINDRICAL_SURFACE('',#6263,3.575);
#5555=CYLINDRICAL_SURFACE('',#6264,1.75000000000001);
#5556=CYLINDRICAL_SURFACE('',#6269,0.025);
#5557=CYLINDRICAL_SURFACE('',#6271,0.025);
#5558=CYLINDRICAL_SURFACE('',#6273,0.025);
#5559=CYLINDRICAL_SURFACE('',#6276,0.025);
#5560=CYLINDRICAL_SURFACE('',#6278,0.025);
#5561=CYLINDRICAL_SURFACE('',#6280,0.025);
#5562=CYLINDRICAL_SURFACE('',#6282,0.025);
#5563=CYLINDRICAL_SURFACE('',#6284,0.025);
#5564=CYLINDRICAL_SURFACE('',#6286,0.025);
#5565=CYLINDRICAL_SURFACE('',#6298,4.99999999999998);
#5566=CYLINDRICAL_SURFACE('',#6305,3.575);
#5567=CYLINDRICAL_SURFACE('',#6306,1.75000000000001);
#5568=CYLINDRICAL_SURFACE('',#6314,0.025);
#5569=CYLINDRICAL_SURFACE('',#6317,0.025);
#5570=CYLINDRICAL_SURFACE('',#6319,0.025);
#5571=CYLINDRICAL_SURFACE('',#6327,3.57500000000002);
#5572=CYLINDRICAL_SURFACE('',#6330,1.75000000000001);
#5573=CYLINDRICAL_SURFACE('',#6332,5.);
#5574=CYLINDRICAL_SURFACE('',#6339,0.025);
#5575=CYLINDRICAL_SURFACE('',#6342,0.025);
#5576=CYLINDRICAL_SURFACE('',#6344,0.025);
#5577=CYLINDRICAL_SURFACE('',#6352,3.57500000000002);
#5578=CYLINDRICAL_SURFACE('',#6355,1.75000000000001);
#5579=CYLINDRICAL_SURFACE('',#6357,5.);
#5580=CYLINDRICAL_SURFACE('',#6364,0.025);
#5581=CYLINDRICAL_SURFACE('',#6367,0.025);
#5582=CYLINDRICAL_SURFACE('',#6369,0.025);
#5583=CYLINDRICAL_SURFACE('',#6377,3.57500000000002);
#5584=CYLINDRICAL_SURFACE('',#6380,1.75000000000001);
#5585=CYLINDRICAL_SURFACE('',#6382,5.);
#5586=CYLINDRICAL_SURFACE('',#6389,0.025);
#5587=CYLINDRICAL_SURFACE('',#6392,0.025);
#5588=CYLINDRICAL_SURFACE('',#6394,0.025);
#5589=CYLINDRICAL_SURFACE('',#6402,3.57500000000002);
#5590=CYLINDRICAL_SURFACE('',#6405,1.75000000000001);
#5591=CYLINDRICAL_SURFACE('',#6407,5.);
#5592=CYLINDRICAL_SURFACE('',#6424,13.0000000000004);
#5593=CYLINDRICAL_SURFACE('',#6427,9.00000000000034);
#5594=CYLINDRICAL_SURFACE('',#6433,10.0000000000003);
#5595=CYLINDRICAL_SURFACE('',#6447,10.0000000000004);
#5596=CYLINDRICAL_SURFACE('',#6454,13.0000000000004);
#5597=CYLINDRICAL_SURFACE('',#6457,9.00000000000034);
#5598=CYLINDRICAL_SURFACE('',#6463,10.0000000000003);
#5599=CYLINDRICAL_SURFACE('',#6466,0.05);
#5600=CYLINDRICAL_SURFACE('',#6469,0.05);
#5601=CYLINDRICAL_SURFACE('',#6471,0.05);
#5602=CYLINDRICAL_SURFACE('',#6473,0.05);
#5603=CYLINDRICAL_SURFACE('',#6475,0.05);
#5604=CYLINDRICAL_SURFACE('',#6487,3.57500000000002);
#5605=CYLINDRICAL_SURFACE('',#6490,1.75000000000001);
#5606=CYLINDRICAL_SURFACE('',#6492,5.);
#5607=CYLINDRICAL_SURFACE('',#6497,0.05);
#5608=CYLINDRICAL_SURFACE('',#6500,0.05);
#5609=CYLINDRICAL_SURFACE('',#6502,0.05);
#5610=CYLINDRICAL_SURFACE('',#6504,0.05);
#5611=CYLINDRICAL_SURFACE('',#6508,0.05);
#5612=CYLINDRICAL_SURFACE('',#6511,0.05);
#5613=CYLINDRICAL_SURFACE('',#6513,0.05);
#5614=CYLINDRICAL_SURFACE('',#6515,0.05);
#5615=CYLINDRICAL_SURFACE('',#6519,0.05);
#5616=CYLINDRICAL_SURFACE('',#6522,0.05);
#5617=CYLINDRICAL_SURFACE('',#6524,0.05);
#5618=CYLINDRICAL_SURFACE('',#6526,0.05);
#5619=CYLINDRICAL_SURFACE('',#6541,3.57500000000002);
#5620=CYLINDRICAL_SURFACE('',#6544,1.75000000000001);
#5621=CYLINDRICAL_SURFACE('',#6546,5.);
#5622=CYLINDRICAL_SURFACE('',#6551,0.05);
#5623=CYLINDRICAL_SURFACE('',#6554,0.05);
#5624=CYLINDRICAL_SURFACE('',#6556,0.05);
#5625=CYLINDRICAL_SURFACE('',#6566,3.57500000000002);
#5626=CYLINDRICAL_SURFACE('',#6569,1.75000000000001);
#5627=CYLINDRICAL_SURFACE('',#6571,5.);
#5628=CYLINDRICAL_SURFACE('',#6583,1.7);
#5629=CYLINDRICAL_SURFACE('',#6592,3.575);
#5630=CYLINDRICAL_SURFACE('',#6595,5.);
#5631=CYLINDRICAL_SURFACE('',#6614,1.7);
#5632=CYLINDRICAL_SURFACE('',#6623,3.575);
#5633=CYLINDRICAL_SURFACE('',#6626,5.);
#5634=CYLINDRICAL_SURFACE('',#6638,1.25);
#5635=CYLINDRICAL_SURFACE('',#6642,1.75);
#5636=CYLINDRICAL_SURFACE('',#6646,1.7);
#5637=CYLINDRICAL_SURFACE('',#6655,3.575);
#5638=CYLINDRICAL_SURFACE('',#6658,5.);
#5639=ADVANCED_FACE('',(#639),#5515,.T.);
#5640=ADVANCED_FACE('',(#640),#5516,.T.);
#5641=ADVANCED_FACE('',(#641),#5517,.T.);
#5642=ADVANCED_FACE('',(#642),#5518,.T.);
#5643=ADVANCED_FACE('',(#643),#5519,.T.);
#5644=ADVANCED_FACE('',(#644),#5520,.T.);
#5645=ADVANCED_FACE('',(#645),#5521,.T.);
#5646=ADVANCED_FACE('',(#646),#5522,.T.);
#5647=ADVANCED_FACE('',(#647),#5523,.T.);
#5648=ADVANCED_FACE('',(#648),#5524,.T.);
#5649=ADVANCED_FACE('',(#649),#5525,.T.);
#5650=ADVANCED_FACE('',(#650),#5526,.T.);
#5651=ADVANCED_FACE('',(#651),#437,.T.);
#5652=ADVANCED_FACE('',(#652),#438,.T.);
#5653=ADVANCED_FACE('',(#653),#439,.T.);
#5654=ADVANCED_FACE('',(#654),#440,.T.);
#5655=ADVANCED_FACE('',(#655),#441,.T.);
#5656=ADVANCED_FACE('',(#656),#442,.T.);
#5657=ADVANCED_FACE('',(#657),#443,.T.);
#5658=ADVANCED_FACE('',(#658),#444,.T.);
#5659=ADVANCED_FACE('',(#659),#445,.T.);
#5660=ADVANCED_FACE('',(#660),#446,.T.);
#5661=ADVANCED_FACE('',(#661),#447,.T.);
#5662=ADVANCED_FACE('',(#662),#448,.T.);
#5663=ADVANCED_FACE('',(#663),#449,.T.);
#5664=ADVANCED_FACE('',(#664),#5527,.T.);
#5665=ADVANCED_FACE('',(#665,#256),#450,.T.);
#5666=ADVANCED_FACE('',(#666),#245,.F.);
#5667=ADVANCED_FACE('',(#667),#5528,.T.);
#5668=ADVANCED_FACE('',(#668,#257),#451,.T.);
#5669=ADVANCED_FACE('',(#669),#5529,.F.);
#5670=ADVANCED_FACE('',(#670),#452,.F.);
#5671=ADVANCED_FACE('',(#671,#258),#453,.F.);
#5672=ADVANCED_FACE('',(#672),#5530,.T.);
#5673=ADVANCED_FACE('',(#673),#5531,.T.);
#5674=ADVANCED_FACE('',(#674),#5532,.T.);
#5675=ADVANCED_FACE('',(#675),#5533,.T.);
#5676=ADVANCED_FACE('',(#676),#5534,.T.);
#5677=ADVANCED_FACE('',(#677),#5535,.T.);
#5678=ADVANCED_FACE('',(#678),#5536,.T.);
#5679=ADVANCED_FACE('',(#679),#5537,.T.);
#5680=ADVANCED_FACE('',(#680),#5538,.T.);
#5681=ADVANCED_FACE('',(#681),#454,.T.);
#5682=ADVANCED_FACE('',(#682),#455,.T.);
#5683=ADVANCED_FACE('',(#683),#456,.T.);
#5684=ADVANCED_FACE('',(#684),#457,.T.);
#5685=ADVANCED_FACE('',(#685),#458,.T.);
#5686=ADVANCED_FACE('',(#686),#459,.T.);
#5687=ADVANCED_FACE('',(#687),#460,.T.);
#5688=ADVANCED_FACE('',(#688),#461,.T.);
#5689=ADVANCED_FACE('',(#689),#462,.T.);
#5690=ADVANCED_FACE('',(#690),#463,.T.);
#5691=ADVANCED_FACE('',(#691,#259),#464,.T.);
#5692=ADVANCED_FACE('',(#692),#5539,.T.);
#5693=ADVANCED_FACE('',(#693,#260),#465,.T.);
#5694=ADVANCED_FACE('',(#694),#246,.F.);
#5695=ADVANCED_FACE('',(#695),#5540,.T.);
#5696=ADVANCED_FACE('',(#696),#5541,.F.);
#5697=ADVANCED_FACE('',(#697),#466,.F.);
#5698=ADVANCED_FACE('',(#698,#261),#467,.F.);
#5699=ADVANCED_FACE('',(#699),#5542,.T.);
#5700=ADVANCED_FACE('',(#700),#5543,.T.);
#5701=ADVANCED_FACE('',(#701),#5544,.T.);
#5702=ADVANCED_FACE('',(#702),#468,.T.);
#5703=ADVANCED_FACE('',(#703),#469,.T.);
#5704=ADVANCED_FACE('',(#704,#262),#470,.T.);
#5705=ADVANCED_FACE('',(#705),#5545,.T.);
#5706=ADVANCED_FACE('',(#706),#5546,.T.);
#5707=ADVANCED_FACE('',(#707),#5547,.T.);
#5708=ADVANCED_FACE('',(#708),#5548,.T.);
#5709=ADVANCED_FACE('',(#709),#5549,.T.);
#5710=ADVANCED_FACE('',(#710),#5550,.T.);
#5711=ADVANCED_FACE('',(#711),#5551,.T.);
#5712=ADVANCED_FACE('',(#712),#5552,.T.);
#5713=ADVANCED_FACE('',(#713),#471,.T.);
#5714=ADVANCED_FACE('',(#714),#472,.T.);
#5715=ADVANCED_FACE('',(#715),#473,.T.);
#5716=ADVANCED_FACE('',(#716),#474,.T.);
#5717=ADVANCED_FACE('',(#717),#475,.T.);
#5718=ADVANCED_FACE('',(#718),#476,.T.);
#5719=ADVANCED_FACE('',(#719),#477,.T.);
#5720=ADVANCED_FACE('',(#720),#478,.T.);
#5721=ADVANCED_FACE('',(#721),#479,.T.);
#5722=ADVANCED_FACE('',(#722),#480,.T.);
#5723=ADVANCED_FACE('',(#723),#247,.F.);
#5724=ADVANCED_FACE('',(#724),#481,.T.);
#5725=ADVANCED_FACE('',(#725),#5553,.T.);
#5726=ADVANCED_FACE('',(#726,#263),#482,.T.);
#5727=ADVANCED_FACE('',(#727),#5554,.T.);
#5728=ADVANCED_FACE('',(#728),#5555,.F.);
#5729=ADVANCED_FACE('',(#729),#483,.F.);
#5730=ADVANCED_FACE('',(#730,#264),#484,.F.);
#5731=ADVANCED_FACE('',(#731),#64,.F.);
#5732=ADVANCED_FACE('',(#732),#65,.F.);
#5733=ADVANCED_FACE('',(#733),#66,.F.);
#5734=ADVANCED_FACE('',(#734),#67,.F.);
#5735=ADVANCED_FACE('',(#735),#68,.F.);
#5736=ADVANCED_FACE('',(#736),#5556,.T.);
#5737=ADVANCED_FACE('',(#737),#5557,.T.);
#5738=ADVANCED_FACE('',(#738),#69,.F.);
#5739=ADVANCED_FACE('',(#739),#5558,.T.);
#5740=ADVANCED_FACE('',(#740),#70,.T.);
#5741=ADVANCED_FACE('',(#741),#71,.T.);
#5742=ADVANCED_FACE('',(#742),#72,.T.);
#5743=ADVANCED_FACE('',(#743),#73,.T.);
#5744=ADVANCED_FACE('',(#744),#485,.T.);
#5745=ADVANCED_FACE('',(#745,#265,#266),#486,.T.);
#5746=ADVANCED_FACE('',(#746),#74,.F.);
#5747=ADVANCED_FACE('',(#747),#75,.F.);
#5748=ADVANCED_FACE('',(#748),#76,.F.);
#5749=ADVANCED_FACE('',(#749),#5559,.T.);
#5750=ADVANCED_FACE('',(#750),#5560,.T.);
#5751=ADVANCED_FACE('',(#751),#77,.F.);
#5752=ADVANCED_FACE('',(#752),#5561,.T.);
#5753=ADVANCED_FACE('',(#753),#78,.F.);
#5754=ADVANCED_FACE('',(#754),#79,.F.);
#5755=ADVANCED_FACE('',(#755),#80,.T.);
#5756=ADVANCED_FACE('',(#756),#81,.T.);
#5757=ADVANCED_FACE('',(#757),#82,.T.);
#5758=ADVANCED_FACE('',(#758),#83,.T.);
#5759=ADVANCED_FACE('',(#759),#487,.T.);
#5760=ADVANCED_FACE('',(#760),#84,.F.);
#5761=ADVANCED_FACE('',(#761),#85,.F.);
#5762=ADVANCED_FACE('',(#762),#86,.F.);
#5763=ADVANCED_FACE('',(#763),#87,.F.);
#5764=ADVANCED_FACE('',(#764),#88,.F.);
#5765=ADVANCED_FACE('',(#765),#89,.F.);
#5766=ADVANCED_FACE('',(#766),#90,.F.);
#5767=ADVANCED_FACE('',(#767),#91,.F.);
#5768=ADVANCED_FACE('',(#768),#5562,.T.);
#5769=ADVANCED_FACE('',(#769),#5563,.T.);
#5770=ADVANCED_FACE('',(#770),#92,.F.);
#5771=ADVANCED_FACE('',(#771),#5564,.T.);
#5772=ADVANCED_FACE('',(#772),#93,.F.);
#5773=ADVANCED_FACE('',(#773),#94,.F.);
#5774=ADVANCED_FACE('',(#774),#95,.F.);
#5775=ADVANCED_FACE('',(#775),#96,.T.);
#5776=ADVANCED_FACE('',(#776),#97,.T.);
#5777=ADVANCED_FACE('',(#777),#98,.T.);
#5778=ADVANCED_FACE('',(#778),#99,.T.);
#5779=ADVANCED_FACE('',(#779),#488,.T.);
#5780=ADVANCED_FACE('',(#780),#489,.T.);
#5781=ADVANCED_FACE('',(#781),#490,.T.);
#5782=ADVANCED_FACE('',(#782),#100,.T.);
#5783=ADVANCED_FACE('',(#783),#491,.T.);
#5784=ADVANCED_FACE('',(#784),#101,.T.);
#5785=ADVANCED_FACE('',(#785),#102,.T.);
#5786=ADVANCED_FACE('',(#786),#492,.T.);
#5787=ADVANCED_FACE('',(#787),#493,.T.);
#5788=ADVANCED_FACE('',(#788),#103,.T.);
#5789=ADVANCED_FACE('',(#789),#104,.T.);
#5790=ADVANCED_FACE('',(#790),#494,.T.);
#5791=ADVANCED_FACE('',(#791),#105,.T.);
#5792=ADVANCED_FACE('',(#792),#106,.T.);
#5793=ADVANCED_FACE('',(#793),#107,.T.);
#5794=ADVANCED_FACE('',(#794),#108,.T.);
#5795=ADVANCED_FACE('',(#795),#109,.T.);
#5796=ADVANCED_FACE('',(#796),#110,.T.);
#5797=ADVANCED_FACE('',(#797),#111,.T.);
#5798=ADVANCED_FACE('',(#798),#495,.T.);
#5799=ADVANCED_FACE('',(#799),#496,.T.);
#5800=ADVANCED_FACE('',(#800,#267),#497,.T.);
#5801=ADVANCED_FACE('',(#801),#5565,.T.);
#5802=ADVANCED_FACE('',(#802,#268),#498,.T.);
#5803=ADVANCED_FACE('',(#803),#248,.F.);
#5804=ADVANCED_FACE('',(#804),#5566,.T.);
#5805=ADVANCED_FACE('',(#805),#5567,.F.);
#5806=ADVANCED_FACE('',(#806),#499,.F.);
#5807=ADVANCED_FACE('',(#807,#269),#500,.F.);
#5808=ADVANCED_FACE('',(#808),#501,.F.);
#5809=ADVANCED_FACE('',(#809),#5568,.T.);
#5810=ADVANCED_FACE('',(#810),#5569,.T.);
#5811=ADVANCED_FACE('',(#811),#5570,.T.);
#5812=ADVANCED_FACE('',(#812),#502,.T.);
#5813=ADVANCED_FACE('',(#813),#503,.T.);
#5814=ADVANCED_FACE('',(#814),#504,.T.);
#5815=ADVANCED_FACE('',(#815),#505,.T.);
#5816=ADVANCED_FACE('',(#816),#249,.F.);
#5817=ADVANCED_FACE('',(#817),#5571,.T.);
#5818=ADVANCED_FACE('',(#818,#270),#506,.T.);
#5819=ADVANCED_FACE('',(#819),#5572,.F.);
#5820=ADVANCED_FACE('',(#820),#5573,.T.);
#5821=ADVANCED_FACE('',(#821,#271),#507,.T.);
#5822=ADVANCED_FACE('',(#822,#272),#508,.F.);
#5823=ADVANCED_FACE('',(#823),#509,.F.);
#5824=ADVANCED_FACE('',(#824),#5574,.T.);
#5825=ADVANCED_FACE('',(#825),#5575,.T.);
#5826=ADVANCED_FACE('',(#826),#5576,.T.);
#5827=ADVANCED_FACE('',(#827),#510,.T.);
#5828=ADVANCED_FACE('',(#828),#511,.T.);
#5829=ADVANCED_FACE('',(#829),#512,.T.);
#5830=ADVANCED_FACE('',(#830),#513,.T.);
#5831=ADVANCED_FACE('',(#831),#250,.F.);
#5832=ADVANCED_FACE('',(#832),#5577,.T.);
#5833=ADVANCED_FACE('',(#833,#273),#514,.T.);
#5834=ADVANCED_FACE('',(#834),#5578,.F.);
#5835=ADVANCED_FACE('',(#835),#5579,.T.);
#5836=ADVANCED_FACE('',(#836,#274),#515,.T.);
#5837=ADVANCED_FACE('',(#837,#275),#516,.F.);
#5838=ADVANCED_FACE('',(#838),#517,.F.);
#5839=ADVANCED_FACE('',(#839),#5580,.T.);
#5840=ADVANCED_FACE('',(#840),#5581,.T.);
#5841=ADVANCED_FACE('',(#841),#5582,.T.);
#5842=ADVANCED_FACE('',(#842),#518,.T.);
#5843=ADVANCED_FACE('',(#843),#519,.T.);
#5844=ADVANCED_FACE('',(#844),#520,.T.);
#5845=ADVANCED_FACE('',(#845),#521,.T.);
#5846=ADVANCED_FACE('',(#846),#251,.F.);
#5847=ADVANCED_FACE('',(#847),#5583,.T.);
#5848=ADVANCED_FACE('',(#848,#276),#522,.T.);
#5849=ADVANCED_FACE('',(#849),#5584,.F.);
#5850=ADVANCED_FACE('',(#850),#5585,.T.);
#5851=ADVANCED_FACE('',(#851,#277),#523,.T.);
#5852=ADVANCED_FACE('',(#852,#278),#524,.F.);
#5853=ADVANCED_FACE('',(#853),#525,.F.);
#5854=ADVANCED_FACE('',(#854),#5586,.T.);
#5855=ADVANCED_FACE('',(#855),#5587,.T.);
#5856=ADVANCED_FACE('',(#856),#5588,.T.);
#5857=ADVANCED_FACE('',(#857),#526,.T.);
#5858=ADVANCED_FACE('',(#858),#527,.T.);
#5859=ADVANCED_FACE('',(#859),#528,.T.);
#5860=ADVANCED_FACE('',(#860),#529,.T.);
#5861=ADVANCED_FACE('',(#861),#252,.F.);
#5862=ADVANCED_FACE('',(#862),#5589,.T.);
#5863=ADVANCED_FACE('',(#863,#279),#530,.T.);
#5864=ADVANCED_FACE('',(#864),#5590,.F.);
#5865=ADVANCED_FACE('',(#865),#5591,.T.);
#5866=ADVANCED_FACE('',(#866,#280),#531,.T.);
#5867=ADVANCED_FACE('',(#867,#281),#532,.F.);
#5868=ADVANCED_FACE('',(#868),#533,.T.);
#5869=ADVANCED_FACE('',(#869),#534,.T.);
#5870=ADVANCED_FACE('',(#870),#535,.T.);
#5871=ADVANCED_FACE('',(#871),#536,.T.);
#5872=ADVANCED_FACE('',(#872),#537,.T.);
#5873=ADVANCED_FACE('',(#873),#538,.T.);
#5874=ADVANCED_FACE('',(#874),#539,.T.);
#5875=ADVANCED_FACE('',(#875),#540,.T.);
#5876=ADVANCED_FACE('',(#876),#5592,.T.);
#5877=ADVANCED_FACE('',(#877),#541,.T.);
#5878=ADVANCED_FACE('',(#878),#5593,.T.);
#5879=ADVANCED_FACE('',(#879),#542,.T.);
#5880=ADVANCED_FACE('',(#880),#543,.T.);
#5881=ADVANCED_FACE('',(#881),#544,.T.);
#5882=ADVANCED_FACE('',(#882),#545,.T.);
#5883=ADVANCED_FACE('',(#883),#5594,.F.);
#5884=ADVANCED_FACE('',(#884),#546,.T.);
#5885=ADVANCED_FACE('',(#885),#547,.F.);
#5886=ADVANCED_FACE('',(#886),#548,.T.);
#5887=ADVANCED_FACE('',(#887),#549,.T.);
#5888=ADVANCED_FACE('',(#888),#550,.T.);
#5889=ADVANCED_FACE('',(#889),#551,.T.);
#5890=ADVANCED_FACE('',(#890),#552,.T.);
#5891=ADVANCED_FACE('',(#891),#553,.T.);
#5892=ADVANCED_FACE('',(#892),#554,.T.);
#5893=ADVANCED_FACE('',(#893),#5595,.T.);
#5894=ADVANCED_FACE('',(#894),#555,.F.);
#5895=ADVANCED_FACE('',(#895),#556,.F.);
#5896=ADVANCED_FACE('',(#896),#5596,.T.);
#5897=ADVANCED_FACE('',(#897),#557,.F.);
#5898=ADVANCED_FACE('',(#898),#558,.T.);
#5899=ADVANCED_FACE('',(#899),#5597,.T.);
#5900=ADVANCED_FACE('',(#900),#559,.T.);
#5901=ADVANCED_FACE('',(#901),#560,.T.);
#5902=ADVANCED_FACE('',(#902),#561,.T.);
#5903=ADVANCED_FACE('',(#903),#562,.T.);
#5904=ADVANCED_FACE('',(#904),#5598,.F.);
#5905=ADVANCED_FACE('',(#905),#563,.F.);
#5906=ADVANCED_FACE('',(#906),#5599,.T.);
#5907=ADVANCED_FACE('',(#907),#5600,.T.);
#5908=ADVANCED_FACE('',(#908),#5601,.T.);
#5909=ADVANCED_FACE('',(#909),#5602,.T.);
#5910=ADVANCED_FACE('',(#910),#5603,.T.);
#5911=ADVANCED_FACE('',(#911),#564,.T.);
#5912=ADVANCED_FACE('',(#912),#565,.T.);
#5913=ADVANCED_FACE('',(#913),#566,.T.);
#5914=ADVANCED_FACE('',(#914),#567,.T.);
#5915=ADVANCED_FACE('',(#915),#568,.T.);
#5916=ADVANCED_FACE('',(#916),#569,.T.);
#5917=ADVANCED_FACE('',(#917),#570,.F.);
#5918=ADVANCED_FACE('',(#918),#253,.F.);
#5919=ADVANCED_FACE('',(#919),#5604,.T.);
#5920=ADVANCED_FACE('',(#920,#282),#571,.T.);
#5921=ADVANCED_FACE('',(#921),#5605,.F.);
#5922=ADVANCED_FACE('',(#922),#5606,.T.);
#5923=ADVANCED_FACE('',(#923,#283),#572,.T.);
#5924=ADVANCED_FACE('',(#924,#284),#573,.F.);
#5925=ADVANCED_FACE('',(#925),#5607,.T.);
#5926=ADVANCED_FACE('',(#926),#5608,.T.);
#5927=ADVANCED_FACE('',(#927),#5609,.T.);
#5928=ADVANCED_FACE('',(#928),#5610,.T.);
#5929=ADVANCED_FACE('',(#929),#574,.T.);
#5930=ADVANCED_FACE('',(#930),#575,.T.);
#5931=ADVANCED_FACE('',(#931),#576,.T.);
#5932=ADVANCED_FACE('',(#932),#5611,.T.);
#5933=ADVANCED_FACE('',(#933),#5612,.T.);
#5934=ADVANCED_FACE('',(#934),#5613,.T.);
#5935=ADVANCED_FACE('',(#935),#5614,.T.);
#5936=ADVANCED_FACE('',(#936),#577,.T.);
#5937=ADVANCED_FACE('',(#937),#578,.T.);
#5938=ADVANCED_FACE('',(#938),#579,.T.);
#5939=ADVANCED_FACE('',(#939),#5615,.T.);
#5940=ADVANCED_FACE('',(#940),#5616,.T.);
#5941=ADVANCED_FACE('',(#941),#5617,.T.);
#5942=ADVANCED_FACE('',(#942),#5618,.T.);
#5943=ADVANCED_FACE('',(#943),#580,.T.);
#5944=ADVANCED_FACE('',(#944),#581,.T.);
#5945=ADVANCED_FACE('',(#945),#582,.T.);
#5946=ADVANCED_FACE('',(#946),#583,.T.);
#5947=ADVANCED_FACE('',(#947),#584,.T.);
#5948=ADVANCED_FACE('',(#948),#585,.T.);
#5949=ADVANCED_FACE('',(#949),#586,.T.);
#5950=ADVANCED_FACE('',(#950),#587,.T.);
#5951=ADVANCED_FACE('',(#951),#588,.T.);
#5952=ADVANCED_FACE('',(#952),#589,.F.);
#5953=ADVANCED_FACE('',(#953),#254,.F.);
#5954=ADVANCED_FACE('',(#954),#5619,.T.);
#5955=ADVANCED_FACE('',(#955,#285,#286,#287),#590,.T.);
#5956=ADVANCED_FACE('',(#956),#5620,.F.);
#5957=ADVANCED_FACE('',(#957),#5621,.T.);
#5958=ADVANCED_FACE('',(#958,#288),#591,.T.);
#5959=ADVANCED_FACE('',(#959,#289),#592,.F.);
#5960=ADVANCED_FACE('',(#960),#5622,.T.);
#5961=ADVANCED_FACE('',(#961),#5623,.T.);
#5962=ADVANCED_FACE('',(#962),#5624,.T.);
#5963=ADVANCED_FACE('',(#963),#593,.T.);
#5964=ADVANCED_FACE('',(#964),#594,.T.);
#5965=ADVANCED_FACE('',(#965),#595,.T.);
#5966=ADVANCED_FACE('',(#966),#596,.T.);
#5967=ADVANCED_FACE('',(#967),#597,.F.);
#5968=ADVANCED_FACE('',(#968),#255,.F.);
#5969=ADVANCED_FACE('',(#969),#5625,.T.);
#5970=ADVANCED_FACE('',(#970,#290),#598,.T.);
#5971=ADVANCED_FACE('',(#971),#5626,.F.);
#5972=ADVANCED_FACE('',(#972),#5627,.T.);
#5973=ADVANCED_FACE('',(#973,#291),#599,.T.);
#5974=ADVANCED_FACE('',(#974,#292),#600,.F.);
#5975=ADVANCED_FACE('',(#975),#601,.T.);
#5976=ADVANCED_FACE('',(#976),#602,.T.);
#5977=ADVANCED_FACE('',(#977),#603,.T.);
#5978=ADVANCED_FACE('',(#978),#604,.T.);
#5979=ADVANCED_FACE('',(#979),#605,.T.);
#5980=ADVANCED_FACE('',(#980),#5628,.F.);
#5981=ADVANCED_FACE('',(#981),#606,.T.);
#5982=ADVANCED_FACE('',(#982),#47,.T.);
#5983=ADVANCED_FACE('',(#983),#5629,.T.);
#5984=ADVANCED_FACE('',(#984,#293),#607,.T.);
#5985=ADVANCED_FACE('',(#985),#5630,.T.);
#5986=ADVANCED_FACE('',(#986,#294),#608,.T.);
#5987=ADVANCED_FACE('',(#987,#295),#609,.F.);
#5988=ADVANCED_FACE('',(#988),#610,.T.);
#5989=ADVANCED_FACE('',(#989),#611,.T.);
#5990=ADVANCED_FACE('',(#990),#612,.T.);
#5991=ADVANCED_FACE('',(#991),#613,.T.);
#5992=ADVANCED_FACE('',(#992),#614,.T.);
#5993=ADVANCED_FACE('',(#993),#615,.T.);
#5994=ADVANCED_FACE('',(#994),#616,.T.);
#5995=ADVANCED_FACE('',(#995),#617,.T.);
#5996=ADVANCED_FACE('',(#996),#618,.T.);
#5997=ADVANCED_FACE('',(#997),#619,.T.);
#5998=ADVANCED_FACE('',(#998),#620,.T.);
#5999=ADVANCED_FACE('',(#999),#621,.T.);
#6000=ADVANCED_FACE('',(#1000),#622,.T.);
#6001=ADVANCED_FACE('',(#1001),#5631,.F.);
#6002=ADVANCED_FACE('',(#1002),#623,.T.);
#6003=ADVANCED_FACE('',(#1003),#48,.T.);
#6004=ADVANCED_FACE('',(#1004),#5632,.T.);
#6005=ADVANCED_FACE('',(#1005,#296),#624,.T.);
#6006=ADVANCED_FACE('',(#1006),#5633,.T.);
#6007=ADVANCED_FACE('',(#1007,#297),#625,.T.);
#6008=ADVANCED_FACE('',(#1008,#298),#626,.F.);
#6009=ADVANCED_FACE('',(#1009),#627,.T.);
#6010=ADVANCED_FACE('',(#1010),#628,.T.);
#6011=ADVANCED_FACE('',(#1011),#629,.T.);
#6012=ADVANCED_FACE('',(#1012),#630,.T.);
#6013=ADVANCED_FACE('',(#1013),#631,.T.);
#6014=ADVANCED_FACE('',(#1014),#632,.T.);
#6015=ADVANCED_FACE('',(#1015),#5634,.F.);
#6016=ADVANCED_FACE('',(#1016),#633,.T.);
#6017=ADVANCED_FACE('',(#1017),#5635,.T.);
#6018=ADVANCED_FACE('',(#1018),#634,.T.);
#6019=ADVANCED_FACE('',(#1019),#5636,.F.);
#6020=ADVANCED_FACE('',(#1020),#635,.T.);
#6021=ADVANCED_FACE('',(#1021),#49,.T.);
#6022=ADVANCED_FACE('',(#1022),#5637,.T.);
#6023=ADVANCED_FACE('',(#1023,#299,#300),#636,.T.);
#6024=ADVANCED_FACE('',(#1024),#5638,.T.);
#6025=ADVANCED_FACE('',(#1025,#301),#637,.T.);
#6026=ADVANCED_FACE('',(#1026,#302),#638,.F.);
#6027=CLOSED_SHELL('',(#5639,#5640,#5641,#5642,#5643,#5644,#5645,#5646,
#5647,#5648,#5649,#5650,#5651,#5652,#5653,#5654,#5655,#5656,#5657,#5658,
#5659,#5660,#5661,#5662,#5663,#5664,#5665,#5666,#5667,#5668,#5669,#5670,
#5671));
#6028=CLOSED_SHELL('',(#5672,#5673,#5674,#5675,#5676,#5677,#5678,#5679,
#5680,#5681,#5682,#5683,#5684,#5685,#5686,#5687,#5688,#5689,#5690,#5691,
#5692,#5693,#5694,#5695,#5696,#5697,#5698));
#6029=CLOSED_SHELL('',(#5699,#5700,#5701,#5702,#5703,#5704,#5705,#5706,
#5707,#5708,#5709,#5710,#5711,#5712,#5713,#5714,#5715,#5716,#5717,#5718,
#5719,#5720,#5721,#5722,#5723,#5724,#5725,#5726,#5727,#5728,#5729,#5730));
#6030=CLOSED_SHELL('',(#5731,#5732,#5733,#5734,#5735,#5736,#5737,#5738,
#5739,#5740,#5741,#5742,#5743,#5744,#5745,#5746,#5747,#5748,#5749,#5750,
#5751,#5752,#5753,#5754,#5755,#5756,#5757,#5758,#5759,#5760,#5761,#5762,
#5763,#5764,#5765,#5766,#5767,#5768,#5769,#5770,#5771,#5772,#5773,#5774,
#5775,#5776,#5777,#5778,#5779,#5780,#5781,#5782,#5783,#5784,#5785,#5786,
#5787,#5788,#5789,#5790,#5791,#5792,#5793,#5794,#5795,#5796,#5797,#5798,
#5799,#5800,#5801,#5802,#5803,#5804,#5805,#5806,#5807));
#6031=CLOSED_SHELL('',(#5808,#5809,#5810,#5811,#5812,#5813,#5814,#5815,
#5816,#5817,#5818,#5819,#5820,#5821,#5822));
#6032=CLOSED_SHELL('',(#5823,#5824,#5825,#5826,#5827,#5828,#5829,#5830,
#5831,#5832,#5833,#5834,#5835,#5836,#5837));
#6033=CLOSED_SHELL('',(#5838,#5839,#5840,#5841,#5842,#5843,#5844,#5845,
#5846,#5847,#5848,#5849,#5850,#5851,#5852));
#6034=CLOSED_SHELL('',(#5853,#5854,#5855,#5856,#5857,#5858,#5859,#5860,
#5861,#5862,#5863,#5864,#5865,#5866,#5867));
#6035=CLOSED_SHELL('',(#5868,#5869,#5870,#5871,#5872,#5873,#5874,#5875,
#5876,#5877,#5878,#5879,#5880,#5881,#5882,#5883,#5884));
#6036=CLOSED_SHELL('',(#5885,#5886,#5887,#5888,#5889,#5890,#5891,#5892,
#5893,#5894,#5895,#5896,#5897,#5898,#5899,#5900,#5901,#5902,#5903,#5904,
#5905));
#6037=CLOSED_SHELL('',(#5906,#5907,#5908,#5909,#5910,#5911,#5912,#5913,
#5914,#5915,#5916,#5917,#5918,#5919,#5920,#5921,#5922,#5923,#5924));
#6038=CLOSED_SHELL('',(#5925,#5926,#5927,#5928,#5929,#5930,#5931,#5932,
#5933,#5934,#5935,#5936,#5937,#5938,#5939,#5940,#5941,#5942,#5943,#5944,
#5945,#5946,#5947,#5948,#5949,#5950,#5951,#5952,#5953,#5954,#5955,#5956,
#5957,#5958,#5959));
#6039=CLOSED_SHELL('',(#5960,#5961,#5962,#5963,#5964,#5965,#5966,#5967,
#5968,#5969,#5970,#5971,#5972,#5973,#5974));
#6040=CLOSED_SHELL('',(#5975,#5976,#5977,#5978,#5979,#5980,#5981,#5982,
#5983,#5984,#5985,#5986,#5987));
#6041=CLOSED_SHELL('',(#5988,#5989,#5990,#5991,#5992,#5993,#5994,#5995,
#5996,#5997,#5998,#5999,#6000,#6001,#6002,#6003,#6004,#6005,#6006,#6007,
#6008));
#6042=CLOSED_SHELL('',(#6009,#6010,#6011,#6012,#6013,#6014,#6015,#6016,
#6017,#6018,#6019,#6020,#6021,#6022,#6023,#6024,#6025,#6026));
#6043=DERIVED_UNIT_ELEMENT(#6057,1.);
#6044=DERIVED_UNIT_ELEMENT(#12372,-3.);
#6045=DERIVED_UNIT_ELEMENT(#6057,1.);
#6046=DERIVED_UNIT_ELEMENT(#12372,-3.);
#6047=DERIVED_UNIT_ELEMENT(#6057,1.);
#6048=DERIVED_UNIT_ELEMENT(#12372,-3.);
#6049=DERIVED_UNIT_ELEMENT(#6057,1.);
#6050=DERIVED_UNIT_ELEMENT(#12372,-3.);
#6051=DERIVED_UNIT_ELEMENT(#6057,1.);
#6052=DERIVED_UNIT_ELEMENT(#12372,-3.);
#6053=DERIVED_UNIT_ELEMENT(#6057,1.);
#6054=DERIVED_UNIT_ELEMENT(#12372,-3.);
#6055=DERIVED_UNIT_ELEMENT(#6057,1.);
#6056=DERIVED_UNIT_ELEMENT(#12372,-3.);
#6057=(
MASS_UNIT()
NAMED_UNIT(*)
SI_UNIT(.KILO.,.GRAM.)
);
#6058=DERIVED_UNIT((#6043,#6044));
#6059=DERIVED_UNIT((#6045,#6046));
#6060=DERIVED_UNIT((#6047,#6048));
#6061=DERIVED_UNIT((#6049,#6050));
#6062=DERIVED_UNIT((#6051,#6052));
#6063=DERIVED_UNIT((#6053,#6054));
#6064=DERIVED_UNIT((#6055,#6056));
#6065=MEASURE_REPRESENTATION_ITEM('density measure',
POSITIVE_RATIO_MEASURE(7850.),#6058);
#6066=MEASURE_REPRESENTATION_ITEM('density measure',
POSITIVE_RATIO_MEASURE(7850.),#6059);
#6067=MEASURE_REPRESENTATION_ITEM('density measure',
POSITIVE_RATIO_MEASURE(7850.),#6060);
#6068=MEASURE_REPRESENTATION_ITEM('density measure',
POSITIVE_RATIO_MEASURE(7850.),#6061);
#6069=MEASURE_REPRESENTATION_ITEM('density measure',
POSITIVE_RATIO_MEASURE(7850.),#6062);
#6070=MEASURE_REPRESENTATION_ITEM('density measure',
POSITIVE_RATIO_MEASURE(7850.),#6063);
#6071=MEASURE_REPRESENTATION_ITEM('density measure',
POSITIVE_RATIO_MEASURE(7850.),#6064);
#6072=PROPERTY_DEFINITION_REPRESENTATION(#6107,#6086);
#6073=PROPERTY_DEFINITION_REPRESENTATION(#6108,#6087);
#6074=PROPERTY_DEFINITION_REPRESENTATION(#6109,#6088);
#6075=PROPERTY_DEFINITION_REPRESENTATION(#6110,#6089);
#6076=PROPERTY_DEFINITION_REPRESENTATION(#6111,#6090);
#6077=PROPERTY_DEFINITION_REPRESENTATION(#6112,#6091);
#6078=PROPERTY_DEFINITION_REPRESENTATION(#6113,#6092);
#6079=PROPERTY_DEFINITION_REPRESENTATION(#6114,#6093);
#6080=PROPERTY_DEFINITION_REPRESENTATION(#6115,#6094);
#6081=PROPERTY_DEFINITION_REPRESENTATION(#6116,#6095);
#6082=PROPERTY_DEFINITION_REPRESENTATION(#6117,#6096);
#6083=PROPERTY_DEFINITION_REPRESENTATION(#6118,#6097);
#6084=PROPERTY_DEFINITION_REPRESENTATION(#6119,#6098);
#6085=PROPERTY_DEFINITION_REPRESENTATION(#6120,#6099);
#6086=REPRESENTATION('material name',(#6100),#12362);
#6087=REPRESENTATION('density',(#6065),#12362);
#6088=REPRESENTATION('material name',(#6101),#12363);
#6089=REPRESENTATION('density',(#6066),#12363);
#6090=REPRESENTATION('material name',(#6102),#12364);
#6091=REPRESENTATION('density',(#6067),#12364);
#6092=REPRESENTATION('material name',(#6103),#12365);
#6093=REPRESENTATION('density',(#6068),#12365);
#6094=REPRESENTATION('material name',(#6104),#12367);
#6095=REPRESENTATION('density',(#6069),#12367);
#6096=REPRESENTATION('material name',(#6105),#12368);
#6097=REPRESENTATION('density',(#6070),#12368);
#6098=REPRESENTATION('material name',(#6106),#12369);
#6099=REPRESENTATION('density',(#6071),#12369);
#6100=DESCRIPTIVE_REPRESENTATION_ITEM('Steel','Steel');
#6101=DESCRIPTIVE_REPRESENTATION_ITEM('Steel','Steel');
#6102=DESCRIPTIVE_REPRESENTATION_ITEM('Steel','Steel');
#6103=DESCRIPTIVE_REPRESENTATION_ITEM('Steel','Steel');
#6104=DESCRIPTIVE_REPRESENTATION_ITEM('Steel','Steel');
#6105=DESCRIPTIVE_REPRESENTATION_ITEM('Steel','Steel');
#6106=DESCRIPTIVE_REPRESENTATION_ITEM('Steel','Steel');
#6107=PROPERTY_DEFINITION('material property','material name',#12413);
#6108=PROPERTY_DEFINITION('material property','density of part',#12413);
#6109=PROPERTY_DEFINITION('material property','material name',#12414);
#6110=PROPERTY_DEFINITION('material property','density of part',#12414);
#6111=PROPERTY_DEFINITION('material property','material name',#12415);
#6112=PROPERTY_DEFINITION('material property','density of part',#12415);
#6113=PROPERTY_DEFINITION('material property','material name',#12416);
#6114=PROPERTY_DEFINITION('material property','density of part',#12416);
#6115=PROPERTY_DEFINITION('material property','material name',#12418);
#6116=PROPERTY_DEFINITION('material property','density of part',#12418);
#6117=PROPERTY_DEFINITION('material property','material name',#12419);
#6118=PROPERTY_DEFINITION('material property','density of part',#12419);
#6119=PROPERTY_DEFINITION('material property','material name',#12420);
#6120=PROPERTY_DEFINITION('material property','density of part',#12420);
#6121=AXIS2_PLACEMENT_3D('',#8286,#6672,#6673);
#6122=AXIS2_PLACEMENT_3D('',#8287,#6674,#6675);
#6123=AXIS2_PLACEMENT_3D('',#8288,#6676,#6677);
#6124=AXIS2_PLACEMENT_3D('',#8293,#6679,#6680);
#6125=AXIS2_PLACEMENT_3D('',#8296,#6682,#6683);
#6126=AXIS2_PLACEMENT_3D('',#8297,#6684,#6685);
#6127=AXIS2_PLACEMENT_3D('',#8301,#6687,#6688);
#6128=AXIS2_PLACEMENT_3D('',#8303,#6690,#6691);
#6129=AXIS2_PLACEMENT_3D('',#8307,#6693,#6694);
#6130=AXIS2_PLACEMENT_3D('',#8309,#6696,#6697);
#6131=AXIS2_PLACEMENT_3D('',#8313,#6699,#6700);
#6132=AXIS2_PLACEMENT_3D('',#8315,#6702,#6703);
#6133=AXIS2_PLACEMENT_3D('',#8319,#6705,#6706);
#6134=AXIS2_PLACEMENT_3D('',#8321,#6708,#6709);
#6135=AXIS2_PLACEMENT_3D('',#8325,#6711,#6712);
#6136=AXIS2_PLACEMENT_3D('',#8327,#6714,#6715);
#6137=AXIS2_PLACEMENT_3D('',#8331,#6717,#6718);
#6138=AXIS2_PLACEMENT_3D('',#8333,#6720,#6721);
#6139=AXIS2_PLACEMENT_3D('',#8338,#6724,#6725);
#6140=AXIS2_PLACEMENT_3D('',#8339,#6726,#6727);
#6141=AXIS2_PLACEMENT_3D('',#8344,#6730,#6731);
#6142=AXIS2_PLACEMENT_3D('',#8345,#6732,#6733);
#6143=AXIS2_PLACEMENT_3D('',#8350,#6736,#6737);
#6144=AXIS2_PLACEMENT_3D('',#8351,#6738,#6739);
#6145=AXIS2_PLACEMENT_3D('',#8356,#6742,#6743);
#6146=AXIS2_PLACEMENT_3D('',#8357,#6744,#6745);
#6147=AXIS2_PLACEMENT_3D('',#8360,#6748,#6749);
#6148=AXIS2_PLACEMENT_3D('',#8366,#6753,#6754);
#6149=AXIS2_PLACEMENT_3D('',#8370,#6757,#6758);
#6150=AXIS2_PLACEMENT_3D('',#8374,#6761,#6762);
#6151=AXIS2_PLACEMENT_3D('',#8378,#6765,#6766);
#6152=AXIS2_PLACEMENT_3D('',#8382,#6769,#6770);
#6153=AXIS2_PLACEMENT_3D('',#8386,#6773,#6774);
#6154=AXIS2_PLACEMENT_3D('',#8387,#6775,#6776);
#6155=AXIS2_PLACEMENT_3D('',#8391,#6779,#6780);
#6156=AXIS2_PLACEMENT_3D('',#8395,#6783,#6784);
#6157=AXIS2_PLACEMENT_3D('',#8399,#6787,#6788);
#6158=AXIS2_PLACEMENT_3D('',#8403,#6791,#6792);
#6159=AXIS2_PLACEMENT_3D('',#8407,#6795,#6796);
#6160=AXIS2_PLACEMENT_3D('',#8409,#6798,#6799);
#6161=AXIS2_PLACEMENT_3D('',#8411,#6800,#6801);
#6162=AXIS2_PLACEMENT_3D('',#8414,#6803,#6804);
#6163=AXIS2_PLACEMENT_3D('',#8415,#6805,#6806);
#6164=AXIS2_PLACEMENT_3D('',#8417,#6807,#6808);
#6165=AXIS2_PLACEMENT_3D('',#8446,#6809,#6810);
#6166=AXIS2_PLACEMENT_3D('',#8448,#6811,#6812);
#6167=AXIS2_PLACEMENT_3D('',#8449,#6813,#6814);
#6168=AXIS2_PLACEMENT_3D('',#8450,#6815,#6816);
#6169=AXIS2_PLACEMENT_3D('',#8452,#6818,#6819);
#6170=AXIS2_PLACEMENT_3D('',#8453,#6820,#6821);
#6171=AXIS2_PLACEMENT_3D('',#8455,#6822,#6823);
#6172=AXIS2_PLACEMENT_3D('',#8458,#6825,#6826);
#6173=AXIS2_PLACEMENT_3D('',#8459,#6827,#6828);
#6174=AXIS2_PLACEMENT_3D('',#8460,#6829,#6830);
#6175=AXIS2_PLACEMENT_3D('',#8461,#6831,#6832);
#6176=AXIS2_PLACEMENT_3D('',#8466,#6834,#6835);
#6177=AXIS2_PLACEMENT_3D('',#8469,#6837,#6838);
#6178=AXIS2_PLACEMENT_3D('',#8470,#6839,#6840);
#6179=AXIS2_PLACEMENT_3D('',#8474,#6842,#6843);
#6180=AXIS2_PLACEMENT_3D('',#8476,#6845,#6846);
#6181=AXIS2_PLACEMENT_3D('',#8480,#6848,#6849);
#6182=AXIS2_PLACEMENT_3D('',#8482,#6851,#6852);
#6183=AXIS2_PLACEMENT_3D('',#8486,#6854,#6855);
#6184=AXIS2_PLACEMENT_3D('',#8488,#6857,#6858);
#6185=AXIS2_PLACEMENT_3D('',#8492,#6860,#6861);
#6186=AXIS2_PLACEMENT_3D('',#8494,#6863,#6864);
#6187=AXIS2_PLACEMENT_3D('',#8499,#6867,#6868);
#6188=AXIS2_PLACEMENT_3D('',#8500,#6869,#6870);
#6189=AXIS2_PLACEMENT_3D('',#8505,#6873,#6874);
#6190=AXIS2_PLACEMENT_3D('',#8506,#6875,#6876);
#6191=AXIS2_PLACEMENT_3D('',#8511,#6879,#6880);
#6192=AXIS2_PLACEMENT_3D('',#8512,#6881,#6882);
#6193=AXIS2_PLACEMENT_3D('',#8515,#6885,#6886);
#6194=AXIS2_PLACEMENT_3D('',#8521,#6890,#6891);
#6195=AXIS2_PLACEMENT_3D('',#8525,#6894,#6895);
#6196=AXIS2_PLACEMENT_3D('',#8529,#6898,#6899);
#6197=AXIS2_PLACEMENT_3D('',#8533,#6902,#6903);
#6198=AXIS2_PLACEMENT_3D('',#8537,#6906,#6907);
#6199=AXIS2_PLACEMENT_3D('',#8538,#6908,#6909);
#6200=AXIS2_PLACEMENT_3D('',#8542,#6912,#6913);
#6201=AXIS2_PLACEMENT_3D('',#8546,#6916,#6917);
#6202=AXIS2_PLACEMENT_3D('',#8550,#6920,#6921);
#6203=AXIS2_PLACEMENT_3D('',#8552,#6923,#6924);
#6204=AXIS2_PLACEMENT_3D('',#8554,#6925,#6926);
#6205=AXIS2_PLACEMENT_3D('',#8555,#6927,#6928);
#6206=AXIS2_PLACEMENT_3D('',#8557,#6929,#6930);
#6207=AXIS2_PLACEMENT_3D('',#8560,#6932,#6933);
#6208=AXIS2_PLACEMENT_3D('',#8561,#6934,#6935);
#6209=AXIS2_PLACEMENT_3D('',#8563,#6936,#6937);
#6210=AXIS2_PLACEMENT_3D('',#8592,#6938,#6939);
#6211=AXIS2_PLACEMENT_3D('',#8593,#6940,#6941);
#6212=AXIS2_PLACEMENT_3D('',#8594,#6942,#6943);
#6213=AXIS2_PLACEMENT_3D('',#8596,#6945,#6946);
#6214=AXIS2_PLACEMENT_3D('',#8598,#6947,#6948);
#6215=AXIS2_PLACEMENT_3D('',#8601,#6950,#6951);
#6216=AXIS2_PLACEMENT_3D('',#8602,#6952,#6953);
#6217=AXIS2_PLACEMENT_3D('',#8603,#6954,#6955);
#6218=AXIS2_PLACEMENT_3D('',#8604,#6956,#6957);
#6219=AXIS2_PLACEMENT_3D('',#8609,#6959,#6960);
#6220=AXIS2_PLACEMENT_3D('',#8612,#6962,#6963);
#6221=AXIS2_PLACEMENT_3D('',#8613,#6964,#6965);
#6222=AXIS2_PLACEMENT_3D('',#8617,#6967,#6968);
#6223=AXIS2_PLACEMENT_3D('',#8619,#6970,#6971);
#6224=AXIS2_PLACEMENT_3D('',#8622,#6974,#6975);
#6225=AXIS2_PLACEMENT_3D('',#8628,#6979,#6980);
#6226=AXIS2_PLACEMENT_3D('',#8632,#6983,#6984);
#6227=AXIS2_PLACEMENT_3D('',#8649,#6993,#6994);
#6228=AXIS2_PLACEMENT_3D('',#8651,#6995,#6996);
#6229=AXIS2_PLACEMENT_3D('',#8654,#6998,#6999);
#6230=AXIS2_PLACEMENT_3D('',#8655,#7000,#7001);
#6231=AXIS2_PLACEMENT_3D('',#8657,#7002,#7003);
#6232=AXIS2_PLACEMENT_3D('',#8659,#7005,#7006);
#6233=AXIS2_PLACEMENT_3D('',#8661,#7007,#7008);
#6234=AXIS2_PLACEMENT_3D('',#8663,#7010,#7011);
#6235=AXIS2_PLACEMENT_3D('',#8665,#7012,#7013);
#6236=AXIS2_PLACEMENT_3D('',#8667,#7015,#7016);
#6237=AXIS2_PLACEMENT_3D('',#8669,#7017,#7018);
#6238=AXIS2_PLACEMENT_3D('',#8671,#7020,#7021);
#6239=AXIS2_PLACEMENT_3D('',#8674,#7023,#7024);
#6240=AXIS2_PLACEMENT_3D('',#8675,#7025,#7026);
#6241=AXIS2_PLACEMENT_3D('',#8678,#7028,#7029);
#6242=AXIS2_PLACEMENT_3D('',#8679,#7030,#7031);
#6243=AXIS2_PLACEMENT_3D('',#8681,#7033,#7034);
#6244=AXIS2_PLACEMENT_3D('',#8692,#7038,#7039);
#6245=AXIS2_PLACEMENT_3D('',#8696,#7042,#7043);
#6246=AXIS2_PLACEMENT_3D('',#8700,#7046,#7047);
#6247=AXIS2_PLACEMENT_3D('',#8704,#7050,#7051);
#6248=AXIS2_PLACEMENT_3D('',#8706,#7053,#7054);
#6249=AXIS2_PLACEMENT_3D('',#8707,#7055,#7056);
#6250=AXIS2_PLACEMENT_3D('',#8716,#7059,#7060);
#6251=AXIS2_PLACEMENT_3D('',#8720,#7063,#7064);
#6252=AXIS2_PLACEMENT_3D('',#8724,#7067,#7068);
#6253=AXIS2_PLACEMENT_3D('',#8754,#7070,#7071);
#6254=AXIS2_PLACEMENT_3D('',#8756,#7072,#7073);
#6255=AXIS2_PLACEMENT_3D('',#8757,#7074,#7075);
#6256=AXIS2_PLACEMENT_3D('',#8758,#7076,#7077);
#6257=AXIS2_PLACEMENT_3D('',#8759,#7078,#7079);
#6258=AXIS2_PLACEMENT_3D('',#8760,#7080,#7081);
#6259=AXIS2_PLACEMENT_3D('',#8762,#7082,#7083);
#6260=AXIS2_PLACEMENT_3D('',#8765,#7085,#7086);
#6261=AXIS2_PLACEMENT_3D('',#8766,#7087,#7088);
#6262=AXIS2_PLACEMENT_3D('',#8768,#7089,#7090);
#6263=AXIS2_PLACEMENT_3D('',#8769,#7091,#7092);
#6264=AXIS2_PLACEMENT_3D('',#8771,#7094,#7095);
#6265=AXIS2_PLACEMENT_3D('',#8773,#7096,#7097);
#6266=AXIS2_PLACEMENT_3D('',#8776,#7099,#7100);
#6267=AXIS2_PLACEMENT_3D('',#8777,#7101,#7102);
#6268=AXIS2_PLACEMENT_3D('',#8778,#7103,#7104);
#6269=AXIS2_PLACEMENT_3D('',#9235,#7105,#7106);
#6270=AXIS2_PLACEMENT_3D('',#9257,#7108,#7109);
#6271=AXIS2_PLACEMENT_3D('',#9259,#7111,#7112);
#6272=AXIS2_PLACEMENT_3D('',#9264,#7115,#7116);
#6273=AXIS2_PLACEMENT_3D('',#9319,#7117,#7118);
#6274=AXIS2_PLACEMENT_3D('',#9400,#7126,#7127);
#6275=AXIS2_PLACEMENT_3D('',#9404,#7130,#7131);
#6276=AXIS2_PLACEMENT_3D('',#9828,#7138,#7139);
#6277=AXIS2_PLACEMENT_3D('',#9847,#7140,#7141);
#6278=AXIS2_PLACEMENT_3D('',#9849,#7143,#7144);
#6279=AXIS2_PLACEMENT_3D('',#9852,#7146,#7147);
#6280=AXIS2_PLACEMENT_3D('',#9899,#7148,#7149);
#6281=AXIS2_PLACEMENT_3D('',#10120,#7156,#7157);
#6282=AXIS2_PLACEMENT_3D('',#10617,#7160,#7161);
#6283=AXIS2_PLACEMENT_3D('',#10636,#7162,#7163);
#6284=AXIS2_PLACEMENT_3D('',#10638,#7165,#7166);
#6285=AXIS2_PLACEMENT_3D('',#10640,#7167,#7168);
#6286=AXIS2_PLACEMENT_3D('',#10715,#7170,#7171);
#6287=AXIS2_PLACEMENT_3D('',#10903,#7178,#7179);
#6288=AXIS2_PLACEMENT_3D('',#10907,#7182,#7183);
#6289=AXIS2_PLACEMENT_3D('',#10911,#7186,#7187);
#6290=AXIS2_PLACEMENT_3D('',#10934,#7191,#7192);
#6291=AXIS2_PLACEMENT_3D('',#10976,#7197,#7198);
#6292=AXIS2_PLACEMENT_3D('',#10978,#7200,#7201);
#6293=AXIS2_PLACEMENT_3D('',#11020,#7206,#7207);
#6294=AXIS2_PLACEMENT_3D('',#11152,#7215,#7216);
#6295=AXIS2_PLACEMENT_3D('',#11153,#7217,#7218);
#6296=AXIS2_PLACEMENT_3D('',#11154,#7219,#7220);
#6297=AXIS2_PLACEMENT_3D('',#11156,#7221,#7222);
#6298=AXIS2_PLACEMENT_3D('',#11157,#7223,#7224);
#6299=AXIS2_PLACEMENT_3D('',#11159,#7225,#7226);
#6300=AXIS2_PLACEMENT_3D('',#11162,#7228,#7229);
#6301=AXIS2_PLACEMENT_3D('',#11163,#7230,#7231);
#6302=AXIS2_PLACEMENT_3D('',#11165,#7232,#7233);
#6303=AXIS2_PLACEMENT_3D('',#11194,#7234,#7235);
#6304=AXIS2_PLACEMENT_3D('',#11195,#7236,#7237);
#6305=AXIS2_PLACEMENT_3D('',#11196,#7238,#7239);
#6306=AXIS2_PLACEMENT_3D('',#11198,#7241,#7242);
#6307=AXIS2_PLACEMENT_3D('',#11200,#7243,#7244);
#6308=AXIS2_PLACEMENT_3D('',#11203,#7246,#7247);
#6309=AXIS2_PLACEMENT_3D('',#11204,#7248,#7249);
#6310=AXIS2_PLACEMENT_3D('',#11205,#7250,#7251);
#6311=AXIS2_PLACEMENT_3D('',#11206,#7252,#7253);
#6312=AXIS2_PLACEMENT_3D('',#11207,#7254,#7255);
#6313=AXIS2_PLACEMENT_3D('',#11209,#7256,#7257);
#6314=AXIS2_PLACEMENT_3D('',#11210,#7258,#7259);
#6315=AXIS2_PLACEMENT_3D('',#11215,#7261,#7262);
#6316=AXIS2_PLACEMENT_3D('',#11218,#7264,#7265);
#6317=AXIS2_PLACEMENT_3D('',#11219,#7266,#7267);
#6318=AXIS2_PLACEMENT_3D('',#11223,#7269,#7270);
#6319=AXIS2_PLACEMENT_3D('',#11225,#7272,#7273);
#6320=AXIS2_PLACEMENT_3D('',#11228,#7276,#7277);
#6321=AXIS2_PLACEMENT_3D('',#11234,#7281,#7282);
#6322=AXIS2_PLACEMENT_3D('',#11238,#7285,#7286);
#6323=AXIS2_PLACEMENT_3D('',#11239,#7287,#7288);
#6324=AXIS2_PLACEMENT_3D('',#11269,#7290,#7291);
#6325=AXIS2_PLACEMENT_3D('',#11271,#7292,#7293);
#6326=AXIS2_PLACEMENT_3D('',#11272,#7294,#7295);
#6327=AXIS2_PLACEMENT_3D('',#11273,#7296,#7297);
#6328=AXIS2_PLACEMENT_3D('',#11276,#7299,#7300);
#6329=AXIS2_PLACEMENT_3D('',#11277,#7301,#7302);
#6330=AXIS2_PLACEMENT_3D('',#11278,#7303,#7304);
#6331=AXIS2_PLACEMENT_3D('',#11280,#7305,#7306);
#6332=AXIS2_PLACEMENT_3D('',#11282,#7308,#7309);
#6333=AXIS2_PLACEMENT_3D('',#11284,#7310,#7311);
#6334=AXIS2_PLACEMENT_3D('',#11287,#7313,#7314);
#6335=AXIS2_PLACEMENT_3D('',#11288,#7315,#7316);
#6336=AXIS2_PLACEMENT_3D('',#11289,#7317,#7318);
#6337=AXIS2_PLACEMENT_3D('',#11290,#7319,#7320);
#6338=AXIS2_PLACEMENT_3D('',#11292,#7321,#7322);
#6339=AXIS2_PLACEMENT_3D('',#11293,#7323,#7324);
#6340=AXIS2_PLACEMENT_3D('',#11298,#7326,#7327);
#6341=AXIS2_PLACEMENT_3D('',#11301,#7329,#7330);
#6342=AXIS2_PLACEMENT_3D('',#11302,#7331,#7332);
#6343=AXIS2_PLACEMENT_3D('',#11306,#7334,#7335);
#6344=AXIS2_PLACEMENT_3D('',#11308,#7337,#7338);
#6345=AXIS2_PLACEMENT_3D('',#11311,#7341,#7342);
#6346=AXIS2_PLACEMENT_3D('',#11317,#7346,#7347);
#6347=AXIS2_PLACEMENT_3D('',#11321,#7350,#7351);
#6348=AXIS2_PLACEMENT_3D('',#11322,#7352,#7353);
#6349=AXIS2_PLACEMENT_3D('',#11352,#7355,#7356);
#6350=AXIS2_PLACEMENT_3D('',#11354,#7357,#7358);
#6351=AXIS2_PLACEMENT_3D('',#11355,#7359,#7360);
#6352=AXIS2_PLACEMENT_3D('',#11356,#7361,#7362);
#6353=AXIS2_PLACEMENT_3D('',#11359,#7364,#7365);
#6354=AXIS2_PLACEMENT_3D('',#11360,#7366,#7367);
#6355=AXIS2_PLACEMENT_3D('',#11361,#7368,#7369);
#6356=AXIS2_PLACEMENT_3D('',#11363,#7370,#7371);
#6357=AXIS2_PLACEMENT_3D('',#11365,#7373,#7374);
#6358=AXIS2_PLACEMENT_3D('',#11367,#7375,#7376);
#6359=AXIS2_PLACEMENT_3D('',#11370,#7378,#7379);
#6360=AXIS2_PLACEMENT_3D('',#11371,#7380,#7381);
#6361=AXIS2_PLACEMENT_3D('',#11372,#7382,#7383);
#6362=AXIS2_PLACEMENT_3D('',#11373,#7384,#7385);
#6363=AXIS2_PLACEMENT_3D('',#11375,#7386,#7387);
#6364=AXIS2_PLACEMENT_3D('',#11376,#7388,#7389);
#6365=AXIS2_PLACEMENT_3D('',#11381,#7391,#7392);
#6366=AXIS2_PLACEMENT_3D('',#11384,#7394,#7395);
#6367=AXIS2_PLACEMENT_3D('',#11385,#7396,#7397);
#6368=AXIS2_PLACEMENT_3D('',#11389,#7399,#7400);
#6369=AXIS2_PLACEMENT_3D('',#11391,#7402,#7403);
#6370=AXIS2_PLACEMENT_3D('',#11394,#7406,#7407);
#6371=AXIS2_PLACEMENT_3D('',#11400,#7411,#7412);
#6372=AXIS2_PLACEMENT_3D('',#11404,#7415,#7416);
#6373=AXIS2_PLACEMENT_3D('',#11405,#7417,#7418);
#6374=AXIS2_PLACEMENT_3D('',#11435,#7420,#7421);
#6375=AXIS2_PLACEMENT_3D('',#11437,#7422,#7423);
#6376=AXIS2_PLACEMENT_3D('',#11438,#7424,#7425);
#6377=AXIS2_PLACEMENT_3D('',#11439,#7426,#7427);
#6378=AXIS2_PLACEMENT_3D('',#11442,#7429,#7430);
#6379=AXIS2_PLACEMENT_3D('',#11443,#7431,#7432);
#6380=AXIS2_PLACEMENT_3D('',#11444,#7433,#7434);
#6381=AXIS2_PLACEMENT_3D('',#11446,#7435,#7436);
#6382=AXIS2_PLACEMENT_3D('',#11448,#7438,#7439);
#6383=AXIS2_PLACEMENT_3D('',#11450,#7440,#7441);
#6384=AXIS2_PLACEMENT_3D('',#11453,#7443,#7444);
#6385=AXIS2_PLACEMENT_3D('',#11454,#7445,#7446);
#6386=AXIS2_PLACEMENT_3D('',#11455,#7447,#7448);
#6387=AXIS2_PLACEMENT_3D('',#11456,#7449,#7450);
#6388=AXIS2_PLACEMENT_3D('',#11458,#7451,#7452);
#6389=AXIS2_PLACEMENT_3D('',#11459,#7453,#7454);
#6390=AXIS2_PLACEMENT_3D('',#11464,#7456,#7457);
#6391=AXIS2_PLACEMENT_3D('',#11467,#7459,#7460);
#6392=AXIS2_PLACEMENT_3D('',#11468,#7461,#7462);
#6393=AXIS2_PLACEMENT_3D('',#11472,#7464,#7465);
#6394=AXIS2_PLACEMENT_3D('',#11474,#7467,#7468);
#6395=AXIS2_PLACEMENT_3D('',#11477,#7471,#7472);
#6396=AXIS2_PLACEMENT_3D('',#11483,#7476,#7477);
#6397=AXIS2_PLACEMENT_3D('',#11487,#7480,#7481);
#6398=AXIS2_PLACEMENT_3D('',#11488,#7482,#7483);
#6399=AXIS2_PLACEMENT_3D('',#11518,#7485,#7486);
#6400=AXIS2_PLACEMENT_3D('',#11520,#7487,#7488);
#6401=AXIS2_PLACEMENT_3D('',#11521,#7489,#7490);
#6402=AXIS2_PLACEMENT_3D('',#11522,#7491,#7492);
#6403=AXIS2_PLACEMENT_3D('',#11525,#7494,#7495);
#6404=AXIS2_PLACEMENT_3D('',#11526,#7496,#7497);
#6405=AXIS2_PLACEMENT_3D('',#11527,#7498,#7499);
#6406=AXIS2_PLACEMENT_3D('',#11529,#7500,#7501);
#6407=AXIS2_PLACEMENT_3D('',#11531,#7503,#7504);
#6408=AXIS2_PLACEMENT_3D('',#11533,#7505,#7506);
#6409=AXIS2_PLACEMENT_3D('',#11536,#7508,#7509);
#6410=AXIS2_PLACEMENT_3D('',#11537,#7510,#7511);
#6411=AXIS2_PLACEMENT_3D('',#11538,#7512,#7513);
#6412=AXIS2_PLACEMENT_3D('',#11539,#7514,#7515);
#6413=AXIS2_PLACEMENT_3D('',#11540,#7516,#7517);
#6414=AXIS2_PLACEMENT_3D('',#11549,#7522,#7523);
#6415=AXIS2_PLACEMENT_3D('',#11555,#7527,#7528);
#6416=AXIS2_PLACEMENT_3D('',#11561,#7532,#7533);
#6417=AXIS2_PLACEMENT_3D('',#11567,#7537,#7538);
#6418=AXIS2_PLACEMENT_3D('',#11573,#7542,#7543);
#6419=AXIS2_PLACEMENT_3D('',#11584,#7548,#7549);
#6420=AXIS2_PLACEMENT_3D('',#11588,#7551,#7552);
#6421=AXIS2_PLACEMENT_3D('',#11592,#7555,#7556);
#6422=AXIS2_PLACEMENT_3D('',#11593,#7557,#7558);
#6423=AXIS2_PLACEMENT_3D('',#11597,#7561,#7562);
#6424=AXIS2_PLACEMENT_3D('',#11601,#7565,#7566);
#6425=AXIS2_PLACEMENT_3D('',#11603,#7567,#7568);
#6426=AXIS2_PLACEMENT_3D('',#11605,#7570,#7571);
#6427=AXIS2_PLACEMENT_3D('',#11609,#7574,#7575);
#6428=AXIS2_PLACEMENT_3D('',#11611,#7576,#7577);
#6429=AXIS2_PLACEMENT_3D('',#11613,#7579,#7580);
#6430=AXIS2_PLACEMENT_3D('',#11617,#7583,#7584);
#6431=AXIS2_PLACEMENT_3D('',#11621,#7587,#7588);
#6432=AXIS2_PLACEMENT_3D('',#11625,#7591,#7592);
#6433=AXIS2_PLACEMENT_3D('',#11629,#7595,#7596);
#6434=AXIS2_PLACEMENT_3D('',#11630,#7597,#7598);
#6435=AXIS2_PLACEMENT_3D('',#11631,#7599,#7600);
#6436=AXIS2_PLACEMENT_3D('',#11632,#7601,#7602);
#6437=AXIS2_PLACEMENT_3D('',#11635,#7603,#7604);
#6438=AXIS2_PLACEMENT_3D('',#11651,#7612,#7613);
#6439=AXIS2_PLACEMENT_3D('',#11661,#7618,#7619);
#6440=AXIS2_PLACEMENT_3D('',#11663,#7621,#7622);
#6441=AXIS2_PLACEMENT_3D('',#11669,#7626,#7627);
#6442=AXIS2_PLACEMENT_3D('',#11675,#7631,#7632);
#6443=AXIS2_PLACEMENT_3D('',#11679,#7635,#7636);
#6444=AXIS2_PLACEMENT_3D('',#11683,#7639,#7640);
#6445=AXIS2_PLACEMENT_3D('',#11687,#7643,#7644);
#6446=AXIS2_PLACEMENT_3D('',#11695,#7649,#7650);
#6447=AXIS2_PLACEMENT_3D('',#11699,#7653,#7654);
#6448=AXIS2_PLACEMENT_3D('',#11704,#7656,#7657);
#6449=AXIS2_PLACEMENT_3D('',#11707,#7659,#7660);
#6450=AXIS2_PLACEMENT_3D('',#11708,#7661,#7662);
#6451=AXIS2_PLACEMENT_3D('',#11711,#7665,#7666);
#6452=AXIS2_PLACEMENT_3D('',#11713,#7667,#7668);
#6453=AXIS2_PLACEMENT_3D('',#11715,#7670,#7671);
#6454=AXIS2_PLACEMENT_3D('',#11716,#7672,#7673);
#6455=AXIS2_PLACEMENT_3D('',#11718,#7675,#7676);
#6456=AXIS2_PLACEMENT_3D('',#11719,#7677,#7678);
#6457=AXIS2_PLACEMENT_3D('',#11723,#7681,#7682);
#6458=AXIS2_PLACEMENT_3D('',#11726,#7684,#7685);
#6459=AXIS2_PLACEMENT_3D('',#11727,#7686,#7687);
#6460=AXIS2_PLACEMENT_3D('',#11731,#7690,#7691);
#6461=AXIS2_PLACEMENT_3D('',#11735,#7694,#7695);
#6462=AXIS2_PLACEMENT_3D('',#11739,#7698,#7699);
#6463=AXIS2_PLACEMENT_3D('',#11742,#7702,#7703);
#6464=AXIS2_PLACEMENT_3D('',#11743,#7704,#7705);
#6465=AXIS2_PLACEMENT_3D('',#11744,#7706,#7707);
#6466=AXIS2_PLACEMENT_3D('',#11745,#7708,#7709);
#6467=AXIS2_PLACEMENT_3D('',#11750,#7711,#7712);
#6468=AXIS2_PLACEMENT_3D('',#11753,#7714,#7715);
#6469=AXIS2_PLACEMENT_3D('',#11754,#7716,#7717);
#6470=AXIS2_PLACEMENT_3D('',#11758,#7719,#7720);
#6471=AXIS2_PLACEMENT_3D('',#11760,#7722,#7723);
#6472=AXIS2_PLACEMENT_3D('',#11764,#7725,#7726);
#6473=AXIS2_PLACEMENT_3D('',#11766,#7728,#7729);
#6474=AXIS2_PLACEMENT_3D('',#11771,#7732,#7733);
#6475=AXIS2_PLACEMENT_3D('',#11772,#7734,#7735);
#6476=AXIS2_PLACEMENT_3D('',#11775,#7738,#7739);
#6477=AXIS2_PLACEMENT_3D('',#11781,#7743,#7744);
#6478=AXIS2_PLACEMENT_3D('',#11785,#7747,#7748);
#6479=AXIS2_PLACEMENT_3D('',#11789,#7751,#7752);
#6480=AXIS2_PLACEMENT_3D('',#11790,#7753,#7754);
#6481=AXIS2_PLACEMENT_3D('',#11794,#7757,#7758);
#6482=AXIS2_PLACEMENT_3D('',#11796,#7760,#7761);
#6483=AXIS2_PLACEMENT_3D('',#11798,#7762,#7763);
#6484=AXIS2_PLACEMENT_3D('',#11827,#7764,#7765);
#6485=AXIS2_PLACEMENT_3D('',#11829,#7766,#7767);
#6486=AXIS2_PLACEMENT_3D('',#11830,#7768,#7769);
#6487=AXIS2_PLACEMENT_3D('',#11831,#7770,#7771);
#6488=AXIS2_PLACEMENT_3D('',#11834,#7773,#7774);
#6489=AXIS2_PLACEMENT_3D('',#11835,#7775,#7776);
#6490=AXIS2_PLACEMENT_3D('',#11836,#7777,#7778);
#6491=AXIS2_PLACEMENT_3D('',#11838,#7779,#7780);
#6492=AXIS2_PLACEMENT_3D('',#11840,#7782,#7783);
#6493=AXIS2_PLACEMENT_3D('',#11842,#7784,#7785);
#6494=AXIS2_PLACEMENT_3D('',#11845,#7787,#7788);
#6495=AXIS2_PLACEMENT_3D('',#11846,#7789,#7790);
#6496=AXIS2_PLACEMENT_3D('',#11847,#7791,#7792);
#6497=AXIS2_PLACEMENT_3D('',#11848,#7793,#7794);
#6498=AXIS2_PLACEMENT_3D('',#11853,#7796,#7797);
#6499=AXIS2_PLACEMENT_3D('',#11856,#7799,#7800);
#6500=AXIS2_PLACEMENT_3D('',#11857,#7801,#7802);
#6501=AXIS2_PLACEMENT_3D('',#11861,#7804,#7805);
#6502=AXIS2_PLACEMENT_3D('',#11863,#7807,#7808);
#6503=AXIS2_PLACEMENT_3D('',#11867,#7810,#7811);
#6504=AXIS2_PLACEMENT_3D('',#11869,#7813,#7814);
#6505=AXIS2_PLACEMENT_3D('',#11872,#7817,#7818);
#6506=AXIS2_PLACEMENT_3D('',#11878,#7822,#7823);
#6507=AXIS2_PLACEMENT_3D('',#11882,#7826,#7827);
#6508=AXIS2_PLACEMENT_3D('',#11883,#7828,#7829);
#6509=AXIS2_PLACEMENT_3D('',#11888,#7831,#7832);
#6510=AXIS2_PLACEMENT_3D('',#11891,#7834,#7835);
#6511=AXIS2_PLACEMENT_3D('',#11892,#7836,#7837);
#6512=AXIS2_PLACEMENT_3D('',#11896,#7839,#7840);
#6513=AXIS2_PLACEMENT_3D('',#11898,#7842,#7843);
#6514=AXIS2_PLACEMENT_3D('',#11902,#7845,#7846);
#6515=AXIS2_PLACEMENT_3D('',#11904,#7848,#7849);
#6516=AXIS2_PLACEMENT_3D('',#11907,#7852,#7853);
#6517=AXIS2_PLACEMENT_3D('',#11913,#7857,#7858);
#6518=AXIS2_PLACEMENT_3D('',#11917,#7861,#7862);
#6519=AXIS2_PLACEMENT_3D('',#11918,#7863,#7864);
#6520=AXIS2_PLACEMENT_3D('',#11923,#7866,#7867);
#6521=AXIS2_PLACEMENT_3D('',#11926,#7869,#7870);
#6522=AXIS2_PLACEMENT_3D('',#11927,#7871,#7872);
#6523=AXIS2_PLACEMENT_3D('',#11931,#7874,#7875);
#6524=AXIS2_PLACEMENT_3D('',#11933,#7877,#7878);
#6525=AXIS2_PLACEMENT_3D('',#11937,#7880,#7881);
#6526=AXIS2_PLACEMENT_3D('',#11939,#7883,#7884);
#6527=AXIS2_PLACEMENT_3D('',#11942,#7887,#7888);
#6528=AXIS2_PLACEMENT_3D('',#11948,#7892,#7893);
#6529=AXIS2_PLACEMENT_3D('',#11952,#7896,#7897);
#6530=AXIS2_PLACEMENT_3D('',#11953,#7898,#7899);
#6531=AXIS2_PLACEMENT_3D('',#11957,#7902,#7903);
#6532=AXIS2_PLACEMENT_3D('',#11959,#7905,#7906);
#6533=AXIS2_PLACEMENT_3D('',#11963,#7909,#7910);
#6534=AXIS2_PLACEMENT_3D('',#11965,#7912,#7913);
#6535=AXIS2_PLACEMENT_3D('',#11969,#7916,#7917);
#6536=AXIS2_PLACEMENT_3D('',#11971,#7919,#7920);
#6537=AXIS2_PLACEMENT_3D('',#11973,#7921,#7922);
#6538=AXIS2_PLACEMENT_3D('',#12002,#7923,#7924);
#6539=AXIS2_PLACEMENT_3D('',#12004,#7925,#7926);
#6540=AXIS2_PLACEMENT_3D('',#12005,#7927,#7928);
#6541=AXIS2_PLACEMENT_3D('',#12006,#7929,#7930);
#6542=AXIS2_PLACEMENT_3D('',#12009,#7932,#7933);
#6543=AXIS2_PLACEMENT_3D('',#12010,#7934,#7935);
#6544=AXIS2_PLACEMENT_3D('',#12011,#7936,#7937);
#6545=AXIS2_PLACEMENT_3D('',#12013,#7938,#7939);
#6546=AXIS2_PLACEMENT_3D('',#12015,#7941,#7942);
#6547=AXIS2_PLACEMENT_3D('',#12017,#7943,#7944);
#6548=AXIS2_PLACEMENT_3D('',#12020,#7946,#7947);
#6549=AXIS2_PLACEMENT_3D('',#12021,#7948,#7949);
#6550=AXIS2_PLACEMENT_3D('',#12022,#7950,#7951);
#6551=AXIS2_PLACEMENT_3D('',#12023,#7952,#7953);
#6552=AXIS2_PLACEMENT_3D('',#12028,#7955,#7956);
#6553=AXIS2_PLACEMENT_3D('',#12031,#7958,#7959);
#6554=AXIS2_PLACEMENT_3D('',#12032,#7960,#7961);
#6555=AXIS2_PLACEMENT_3D('',#12036,#7963,#7964);
#6556=AXIS2_PLACEMENT_3D('',#12038,#7966,#7967);
#6557=AXIS2_PLACEMENT_3D('',#12041,#7970,#7971);
#6558=AXIS2_PLACEMENT_3D('',#12047,#7975,#7976);
#6559=AXIS2_PLACEMENT_3D('',#12051,#7979,#7980);
#6560=AXIS2_PLACEMENT_3D('',#12052,#7981,#7982);
#6561=AXIS2_PLACEMENT_3D('',#12054,#7984,#7985);
#6562=AXIS2_PLACEMENT_3D('',#12056,#7986,#7987);
#6563=AXIS2_PLACEMENT_3D('',#12085,#7988,#7989);
#6564=AXIS2_PLACEMENT_3D('',#12087,#7990,#7991);
#6565=AXIS2_PLACEMENT_3D('',#12088,#7992,#7993);
#6566=AXIS2_PLACEMENT_3D('',#12089,#7994,#7995);
#6567=AXIS2_PLACEMENT_3D('',#12092,#7997,#7998);
#6568=AXIS2_PLACEMENT_3D('',#12093,#7999,#8000);
#6569=AXIS2_PLACEMENT_3D('',#12094,#8001,#8002);
#6570=AXIS2_PLACEMENT_3D('',#12096,#8003,#8004);
#6571=AXIS2_PLACEMENT_3D('',#12098,#8006,#8007);
#6572=AXIS2_PLACEMENT_3D('',#12100,#8008,#8009);
#6573=AXIS2_PLACEMENT_3D('',#12103,#8011,#8012);
#6574=AXIS2_PLACEMENT_3D('',#12104,#8013,#8014);
#6575=AXIS2_PLACEMENT_3D('',#12105,#8015,#8016);
#6576=AXIS2_PLACEMENT_3D('',#12106,#8017,#8018);
#6577=AXIS2_PLACEMENT_3D('',#12107,#8019,#8020);
#6578=AXIS2_PLACEMENT_3D('',#12108,#8021,#8022);
#6579=AXIS2_PLACEMENT_3D('',#12117,#8027,#8028);
#6580=AXIS2_PLACEMENT_3D('',#12123,#8032,#8033);
#6581=AXIS2_PLACEMENT_3D('',#12129,#8037,#8038);
#6582=AXIS2_PLACEMENT_3D('',#12132,#8041,#8042);
#6583=AXIS2_PLACEMENT_3D('',#12133,#8043,#8044);
#6584=AXIS2_PLACEMENT_3D('',#12135,#8045,#8046);
#6585=AXIS2_PLACEMENT_3D('',#12138,#8048,#8049);
#6586=AXIS2_PLACEMENT_3D('',#12139,#8050,#8051);
#6587=AXIS2_PLACEMENT_3D('',#12140,#8052,#8053);
#6588=AXIS2_PLACEMENT_3D('',#12142,#8054,#8055);
#6589=AXIS2_PLACEMENT_3D('',#12144,#8056,#8057);
#6590=AXIS2_PLACEMENT_3D('',#12146,#8058,#8059);
#6591=AXIS2_PLACEMENT_3D('',#12147,#8060,#8061);
#6592=AXIS2_PLACEMENT_3D('',#12148,#8062,#8063);
#6593=AXIS2_PLACEMENT_3D('',#12151,#8065,#8066);
#6594=AXIS2_PLACEMENT_3D('',#12152,#8067,#8068);
#6595=AXIS2_PLACEMENT_3D('',#12153,#8069,#8070);
#6596=AXIS2_PLACEMENT_3D('',#12155,#8071,#8072);
#6597=AXIS2_PLACEMENT_3D('',#12158,#8074,#8075);
#6598=AXIS2_PLACEMENT_3D('',#12159,#8076,#8077);
#6599=AXIS2_PLACEMENT_3D('',#12160,#8078,#8079);
#6600=AXIS2_PLACEMENT_3D('',#12161,#8080,#8081);
#6601=AXIS2_PLACEMENT_3D('',#12162,#8082,#8083);
#6602=AXIS2_PLACEMENT_3D('',#12171,#8088,#8089);
#6603=AXIS2_PLACEMENT_3D('',#12177,#8093,#8094);
#6604=AXIS2_PLACEMENT_3D('',#12183,#8098,#8099);
#6605=AXIS2_PLACEMENT_3D('',#12189,#8103,#8104);
#6606=AXIS2_PLACEMENT_3D('',#12195,#8108,#8109);
#6607=AXIS2_PLACEMENT_3D('',#12201,#8113,#8114);
#6608=AXIS2_PLACEMENT_3D('',#12207,#8118,#8119);
#6609=AXIS2_PLACEMENT_3D('',#12213,#8123,#8124);
#6610=AXIS2_PLACEMENT_3D('',#12219,#8128,#8129);
#6611=AXIS2_PLACEMENT_3D('',#12225,#8133,#8134);
#6612=AXIS2_PLACEMENT_3D('',#12231,#8138,#8139);
#6613=AXIS2_PLACEMENT_3D('',#12234,#8142,#8143);
#6614=AXIS2_PLACEMENT_3D('',#12235,#8144,#8145);
#6615=AXIS2_PLACEMENT_3D('',#12237,#8146,#8147);
#6616=AXIS2_PLACEMENT_3D('',#12240,#8149,#8150);
#6617=AXIS2_PLACEMENT_3D('',#12241,#8151,#8152);
#6618=AXIS2_PLACEMENT_3D('',#12242,#8153,#8154);
#6619=AXIS2_PLACEMENT_3D('',#12244,#8155,#8156);
#6620=AXIS2_PLACEMENT_3D('',#12246,#8157,#8158);
#6621=AXIS2_PLACEMENT_3D('',#12248,#8159,#8160);
#6622=AXIS2_PLACEMENT_3D('',#12249,#8161,#8162);
#6623=AXIS2_PLACEMENT_3D('',#12250,#8163,#8164);
#6624=AXIS2_PLACEMENT_3D('',#12253,#8166,#8167);
#6625=AXIS2_PLACEMENT_3D('',#12254,#8168,#8169);
#6626=AXIS2_PLACEMENT_3D('',#12255,#8170,#8171);
#6627=AXIS2_PLACEMENT_3D('',#12257,#8172,#8173);
#6628=AXIS2_PLACEMENT_3D('',#12260,#8175,#8176);
#6629=AXIS2_PLACEMENT_3D('',#12261,#8177,#8178);
#6630=AXIS2_PLACEMENT_3D('',#12262,#8179,#8180);
#6631=AXIS2_PLACEMENT_3D('',#12263,#8181,#8182);
#6632=AXIS2_PLACEMENT_3D('',#12264,#8183,#8184);
#6633=AXIS2_PLACEMENT_3D('',#12273,#8189,#8190);
#6634=AXIS2_PLACEMENT_3D('',#12279,#8194,#8195);
#6635=AXIS2_PLACEMENT_3D('',#12285,#8199,#8200);
#6636=AXIS2_PLACEMENT_3D('',#12288,#8203,#8204);
#6637=AXIS2_PLACEMENT_3D('',#12289,#8205,#8206);
#6638=AXIS2_PLACEMENT_3D('',#12298,#8211,#8212);
#6639=AXIS2_PLACEMENT_3D('',#12300,#8213,#8214);
#6640=AXIS2_PLACEMENT_3D('',#12302,#8215,#8216);
#6641=AXIS2_PLACEMENT_3D('',#12304,#8218,#8219);
#6642=AXIS2_PLACEMENT_3D('',#12310,#8223,#8224);
#6643=AXIS2_PLACEMENT_3D('',#12311,#8225,#8226);
#6644=AXIS2_PLACEMENT_3D('',#12312,#8227,#8228);
#6645=AXIS2_PLACEMENT_3D('',#12313,#8229,#8230);
#6646=AXIS2_PLACEMENT_3D('',#12314,#8231,#8232);
#6647=AXIS2_PLACEMENT_3D('',#12316,#8233,#8234);
#6648=AXIS2_PLACEMENT_3D('',#12319,#8236,#8237);
#6649=AXIS2_PLACEMENT_3D('',#12320,#8238,#8239);
#6650=AXIS2_PLACEMENT_3D('',#12321,#8240,#8241);
#6651=AXIS2_PLACEMENT_3D('',#12323,#8242,#8243);
#6652=AXIS2_PLACEMENT_3D('',#12325,#8244,#8245);
#6653=AXIS2_PLACEMENT_3D('',#12327,#8246,#8247);
#6654=AXIS2_PLACEMENT_3D('',#12328,#8248,#8249);
#6655=AXIS2_PLACEMENT_3D('',#12329,#8250,#8251);
#6656=AXIS2_PLACEMENT_3D('',#12332,#8253,#8254);
#6657=AXIS2_PLACEMENT_3D('',#12333,#8255,#8256);
#6658=AXIS2_PLACEMENT_3D('',#12334,#8257,#8258);
#6659=AXIS2_PLACEMENT_3D('',#12336,#8259,#8260);
#6660=AXIS2_PLACEMENT_3D('',#12339,#8262,#8263);
#6661=AXIS2_PLACEMENT_3D('',#12340,#8264,#8265);
#6662=AXIS2_PLACEMENT_3D('',#12341,#8266,#8267);
#6663=AXIS2_PLACEMENT_3D('',#12342,#8268,#8269);
#6664=AXIS2_PLACEMENT_3D('',#12343,#8270,#8271);
#6665=AXIS2_PLACEMENT_3D('',#12344,#8272,#8273);
#6666=AXIS2_PLACEMENT_3D('',#12345,#8274,#8275);
#6667=AXIS2_PLACEMENT_3D('',#12346,#8276,#8277);
#6668=AXIS2_PLACEMENT_3D('',#12347,#8278,#8279);
#6669=AXIS2_PLACEMENT_3D('',#12348,#8280,#8281);
#6670=AXIS2_PLACEMENT_3D('',#12349,#8282,#8283);
#6671=AXIS2_PLACEMENT_3D('',#12350,#8284,#8285);
#6672=DIRECTION('axis',(0.,0.,1.));
#6673=DIRECTION('refdir',(1.,0.,0.));
#6674=DIRECTION('axis',(0.,0.,1.));
#6675=DIRECTION('refdir',(1.,0.,0.));
#6676=DIRECTION('center_axis',(-0.999999999107377,-4.22521784509635E-5,
0.));
#6677=DIRECTION('ref_axis',(-2.9876801537168E-5,0.707106780555432,0.707106781186483));
#6678=DIRECTION('',(0.999999999107377,4.22521784509635E-5,0.));
#6679=DIRECTION('center_axis',(-0.479973437771447,0.877283021056409,1.5583676945433E-13));
#6680=DIRECTION('ref_axis',(0.877283021056409,0.479973437771447,8.52518547036338E-14));
#6681=DIRECTION('',(-0.999999999107377,-4.22521784509635E-5,0.));
#6682=DIRECTION('center_axis',(-0.872237849995264,-0.48908192875595,0.));
#6683=DIRECTION('ref_axis',(-0.48908192875595,0.872237849995263,0.));
#6684=DIRECTION('center_axis',(0.539286580050834,0.84212230974905,0.));
#6685=DIRECTION('ref_axis',(0.595470395811826,-0.381333197757118,0.707106781186574));
#6686=DIRECTION('',(-0.539286580050834,-0.84212230974905,0.));
#6687=DIRECTION('center_axis',(-0.00846156709018624,0.99996420030038,0.));
#6688=DIRECTION('ref_axis',(-0.99996420030038,-0.00846156709018624,0.));
#6689=DIRECTION('',(0.539286580050834,0.84212230974905,0.));
#6690=DIRECTION('center_axis',(-0.553460194893135,0.832875628571789,0.));
#6691=DIRECTION('ref_axis',(0.588932004848268,0.391355456925925,0.707106781186335));
#6692=DIRECTION('',(0.553460194893135,-0.832875628571789,0.));
#6693=DIRECTION('center_axis',(0.472495827913351,0.881332906797696,0.));
#6694=DIRECTION('ref_axis',(0.881332906797696,-0.472495827913351,0.));
#6695=DIRECTION('',(-0.553460194893135,0.832875628571789,0.));
#6696=DIRECTION('center_axis',(0.999999999107377,4.22521784539479E-5,0.));
#6697=DIRECTION('ref_axis',(2.9876801537168E-5,-0.707106780555432,0.707106781186483));
#6698=DIRECTION('',(-0.999999999107377,-4.22521784539479E-5,0.));
#6699=DIRECTION('center_axis',(0.877421629108795,-0.479720006641446,-8.52153914794684E-14));
#6700=DIRECTION('ref_axis',(-0.479720006641446,-0.877421629108795,-1.55845746826016E-13));
#6701=DIRECTION('',(0.999999999107377,4.22521784539479E-5,0.));
#6702=DIRECTION('center_axis',(0.53970186067872,-0.841856223817302,0.));
#6703=DIRECTION('ref_axis',(-0.595282244645508,-0.381626845505027,0.707106781186327));
#6704=DIRECTION('',(-0.53970186067872,0.841856223817302,0.));
#6705=DIRECTION('center_axis',(0.999999784866948,-0.000655946687525653,
5.82597692334079E-17));
#6706=DIRECTION('ref_axis',(0.000655946687525653,0.999999784866948,3.74034403624382E-17));
#6707=DIRECTION('',(0.53970186067872,-0.841856223817302,0.));
#6708=DIRECTION('center_axis',(0.540805821613033,0.84114746822983,0.));
#6709=DIRECTION('ref_axis',(0.594781078762922,-0.382407463767867,0.707106781186719));
#6710=DIRECTION('',(-0.540805821613033,-0.84114746822983,0.));
#6711=DIRECTION('center_axis',(0.877715865419187,0.479181447461656,0.));
#6712=DIRECTION('ref_axis',(0.479181447461656,-0.877715865419187,0.));
#6713=DIRECTION('',(0.540805821613033,0.84114746822983,0.));
#6714=DIRECTION('center_axis',(0.999999999107377,4.22521784520217E-5,0.));
#6715=DIRECTION('ref_axis',(2.9876801537168E-5,-0.707106780555432,0.707106781186483));
#6716=DIRECTION('',(-0.999999999107377,-4.22521784520217E-5,0.));
#6717=DIRECTION('center_axis',(0.475501144932033,-0.879715102273643,0.));
#6718=DIRECTION('ref_axis',(-0.879715102273643,-0.475501144932033,0.));
#6719=DIRECTION('',(0.999999999107377,4.22521784520217E-5,0.));
#6720=DIRECTION('center_axis',(-0.547832670488174,-0.836587930313243,0.));
#6721=DIRECTION('ref_axis',(-0.591556998583147,0.38737619625785,0.707106781186617));
#6722=DIRECTION('',(-0.547832670488174,-0.836587930313243,0.));
#6723=DIRECTION('',(0.547832670488174,0.836587930313243,0.));
#6724=DIRECTION('center_axis',(-0.00250517432980861,-0.999996862045865,
0.));
#6725=DIRECTION('ref_axis',(0.999996862045865,-0.00250517432980861,0.));
#6726=DIRECTION('center_axis',(0.543634210141318,-0.839322253704753,0.));
#6727=DIRECTION('ref_axis',(-0.593490457195034,-0.384407436476025,0.707106781186803));
#6728=DIRECTION('',(0.543634210141318,-0.839322253704753,0.));
#6729=DIRECTION('',(-0.543634210141318,0.839322253704753,0.));
#6730=DIRECTION('center_axis',(-0.477666372665252,-0.878541311734867,0.));
#6731=DIRECTION('ref_axis',(-0.878541311734867,0.477666372665252,0.));
#6732=DIRECTION('center_axis',(-0.999999999107377,-4.22521784506724E-5,
0.));
#6733=DIRECTION('ref_axis',(-2.9876801537168E-5,0.707106780555432,0.707106781186483));
#6734=DIRECTION('',(-0.999999999107377,-4.22521784506724E-5,0.));
#6735=DIRECTION('',(0.999999999107377,4.22521784506724E-5,0.));
#6736=DIRECTION('center_axis',(-0.874524168041735,0.484981937303764,0.));
#6737=DIRECTION('ref_axis',(0.484981937303764,0.874524168041735,0.));
#6738=DIRECTION('center_axis',(-0.529549199805711,0.848279225836123,0.));
#6739=DIRECTION('ref_axis',(0.599823992928505,0.374447830154629,0.707106781186403));
#6740=DIRECTION('',(-0.529549199805711,0.848279225836123,0.));
#6741=DIRECTION('',(0.529549199805711,-0.848279225836123,0.));
#6742=DIRECTION('center_axis',(-0.999989178864459,-0.00465211285168153,
0.));
#6743=DIRECTION('ref_axis',(0.00465211285168153,-0.999989178864459,0.));
#6744=DIRECTION('center_axis',(-0.521633782664886,-0.853169500616802,0.));
#6745=DIRECTION('ref_axis',(-0.603281939387749,0.368850785018581,0.707106781186358));
#6746=DIRECTION('',(-0.521633782664886,-0.853169500616802,0.));
#6747=DIRECTION('',(0.521633782664886,0.853169500616802,0.));
#6748=DIRECTION('center_axis',(-0.836587930313243,0.547832670488174,0.));
#6749=DIRECTION('ref_axis',(-0.547832670488174,-0.836587930313243,-6.8949263402666E-31));
#6750=DIRECTION('',(0.,0.,1.));
#6751=DIRECTION('',(0.547832670488174,0.836587930313243,1.50272617655405E-30));
#6752=DIRECTION('',(0.,0.,1.));
#6753=DIRECTION('center_axis',(-0.839322253704753,-0.543634210141318,0.));
#6754=DIRECTION('ref_axis',(0.543634210141318,-0.839322253704753,6.0189588062993E-31));
#6755=DIRECTION('',(0.,0.,1.));
#6756=DIRECTION('',(-0.543634210141318,0.839322253704753,-1.0796464151043E-30));
#6757=DIRECTION('center_axis',(-4.22521784506724E-5,0.999999999107377,0.));
#6758=DIRECTION('ref_axis',(-0.999999999107377,-4.22521784506724E-5,-1.18329343996852E-30));
#6759=DIRECTION('',(0.,0.,1.));
#6760=DIRECTION('',(0.999999999107377,4.22521784506724E-5,2.36659312951674E-30));
#6761=DIRECTION('center_axis',(0.848279225836123,0.529549199805711,0.));
#6762=DIRECTION('ref_axis',(-0.529549199805711,0.848279225836123,-5.84787596803364E-31));
#6763=DIRECTION('',(0.,0.,1.));
#6764=DIRECTION('',(0.529549199805711,-0.848279225836123,1.04410500898674E-30));
#6765=DIRECTION('center_axis',(-0.853169500616802,0.521633782664886,0.));
#6766=DIRECTION('ref_axis',(-0.521633782664886,-0.853169500616802,-6.59309251015544E-31));
#6767=DIRECTION('',(0.,0.,1.));
#6768=DIRECTION('',(0.521633782664886,0.853169500616802,1.44481201413675E-30));
#6769=DIRECTION('center_axis',(-4.22521784509635E-5,0.999999999107377,0.));
#6770=DIRECTION('ref_axis',(-0.999999999107377,-4.22521784509635E-5,-1.18329343996852E-30));
#6771=DIRECTION('',(0.,0.,1.));
#6772=DIRECTION('',(0.999999999107377,4.22521784509635E-5,2.36659312951674E-30));
#6773=DIRECTION('center_axis',(0.,0.,1.));
#6774=DIRECTION('ref_axis',(1.,0.,0.));
#6775=DIRECTION('center_axis',(4.22521784520217E-5,-0.999999999107377,0.));
#6776=DIRECTION('ref_axis',(0.999999999107377,4.22521784520217E-5,1.18329343996852E-30));
#6777=DIRECTION('',(-0.999999999107377,-4.22521784520217E-5,-2.36659312951674E-30));
#6778=DIRECTION('',(0.,0.,1.));
#6779=DIRECTION('center_axis',(0.84212230974905,-0.539286580050834,0.));
#6780=DIRECTION('ref_axis',(0.539286580050834,0.84212230974905,6.79652985042132E-31));
#6781=DIRECTION('',(0.,0.,1.));
#6782=DIRECTION('',(-0.539286580050834,-0.84212230974905,-1.48386547650466E-30));
#6783=DIRECTION('center_axis',(0.832875628571789,0.553460194893135,0.));
#6784=DIRECTION('ref_axis',(-0.553460194893135,0.832875628571789,-6.13840726627566E-31));
#6785=DIRECTION('',(0.,0.,1.));
#6786=DIRECTION('',(0.553460194893135,-0.832875628571789,1.10448963657545E-30));
#6787=DIRECTION('center_axis',(4.22521784539479E-5,-0.999999999107377,0.));
#6788=DIRECTION('ref_axis',(0.999999999107377,4.22521784539479E-5,1.18329343996852E-30));
#6789=DIRECTION('',(0.,0.,1.));
#6790=DIRECTION('',(-0.999999999107377,-4.22521784539479E-5,-2.36659312951674E-30));
#6791=DIRECTION('center_axis',(-0.841856223817302,-0.53970186067872,0.));
#6792=DIRECTION('ref_axis',(0.53970186067872,-0.841856223817302,5.97117831122565E-31));
#6793=DIRECTION('',(0.,0.,1.));
#6794=DIRECTION('',(-0.53970186067872,0.841856223817302,-1.06971551297267E-30));
#6795=DIRECTION('center_axis',(0.84114746822983,-0.540805821613033,0.));
#6796=DIRECTION('ref_axis',(0.540805821613033,0.84114746822983,6.81402627055434E-31));
#6797=DIRECTION('',(-0.540805821613033,-0.84114746822983,-1.48722057033815E-30));
#6798=DIRECTION('center_axis',(-1.18329135783152E-30,-4.93038065763132E-32,
1.));
#6799=DIRECTION('ref_axis',(1.,2.98487457492911E-30,1.18329135783152E-30));
#6800=DIRECTION('center_axis',(-1.18329135783152E-30,-4.93038065763132E-32,
1.));
#6801=DIRECTION('ref_axis',(1.,2.98487457492911E-30,1.18329135783152E-30));
#6802=DIRECTION('',(1.18329135783152E-30,4.93038065763132E-32,-1.));
#6803=DIRECTION('center_axis',(-1.18329135783152E-30,-4.93038065763132E-32,
1.));
#6804=DIRECTION('ref_axis',(1.,2.98487457492911E-30,1.18329135783152E-30));
#6805=DIRECTION('center_axis',(-1.18329135783152E-30,-4.93038065763132E-32,
1.));
#6806=DIRECTION('ref_axis',(1.,2.98487457492911E-30,1.18329135783152E-30));
#6807=DIRECTION('center_axis',(-1.18329135783152E-30,-4.93038065763132E-32,
1.));
#6808=DIRECTION('ref_axis',(1.,2.98487457492911E-30,1.18329135783152E-30));
#6809=DIRECTION('center_axis',(2.36658271566304E-30,2.46519032881566E-31,
-1.));
#6810=DIRECTION('ref_axis',(1.,5.61977350540491E-30,2.36658271566304E-30));
#6811=DIRECTION('center_axis',(0.,-1.,-2.46519032881566E-31));
#6812=DIRECTION('ref_axis',(-1.,0.,0.));
#6813=DIRECTION('center_axis',(-2.36658271566304E-30,-2.46519032881566E-31,
1.));
#6814=DIRECTION('ref_axis',(1.,5.61977350540491E-30,2.36658271566304E-30));
#6815=DIRECTION('center_axis',(-2.36658271566304E-30,-2.46519032881566E-31,
1.));
#6816=DIRECTION('ref_axis',(1.,5.61977350540491E-30,2.36658271566304E-30));
#6817=DIRECTION('',(2.36658271566304E-30,2.46519032881566E-31,-1.));
#6818=DIRECTION('center_axis',(-2.36658271566304E-30,-2.46519032881566E-31,
1.));
#6819=DIRECTION('ref_axis',(1.,5.61977350540491E-30,2.36658271566304E-30));
#6820=DIRECTION('center_axis',(-1.18329135783152E-30,-4.93038065763132E-32,
1.));
#6821=DIRECTION('ref_axis',(1.,2.98487457492911E-30,1.18329135783152E-30));
#6822=DIRECTION('center_axis',(-1.18329135783152E-30,-4.93038065763132E-32,
1.));
#6823=DIRECTION('ref_axis',(1.,2.98487457492911E-30,1.18329135783152E-30));
#6824=DIRECTION('',(-1.18329135783152E-30,-4.93038065763132E-32,1.));
#6825=DIRECTION('center_axis',(-1.18329135783152E-30,-4.93038065763132E-32,
1.));
#6826=DIRECTION('ref_axis',(1.,2.98487457492911E-30,1.18329135783152E-30));
#6827=DIRECTION('center_axis',(-1.18329135783152E-30,-4.93038065763132E-32,
1.));
#6828=DIRECTION('ref_axis',(1.,2.98487457492911E-30,1.18329135783152E-30));
#6829=DIRECTION('center_axis',(-1.18329135783152E-30,-4.93038065763132E-32,
1.));
#6830=DIRECTION('ref_axis',(1.,2.98487457492911E-30,1.18329135783152E-30));
#6831=DIRECTION('center_axis',(-0.503500650707287,-0.863994846476146,0.));
#6832=DIRECTION('ref_axis',(-0.610936614852962,0.356028724447142,0.707106781186932));
#6833=DIRECTION('',(0.503500650707287,0.863994846476146,0.));
#6834=DIRECTION('center_axis',(-0.867035365687922,-0.498246600235678,0.));
#6835=DIRECTION('ref_axis',(-0.498246600235678,0.867035365687922,0.));
#6836=DIRECTION('',(-0.503500650707287,-0.863994846476146,0.));
#6837=DIRECTION('center_axis',(-0.999989960253069,-0.00448100357799671,
0.));
#6838=DIRECTION('ref_axis',(0.00448100357799671,-0.999989960253069,0.));
#6839=DIRECTION('center_axis',(-1.,-7.61071248841351E-30,0.));
#6840=DIRECTION('ref_axis',(0.,0.707106781186673,0.707106781186422));
#6841=DIRECTION('',(1.,7.61071248841351E-30,0.));
#6842=DIRECTION('center_axis',(-0.482143302313978,0.876092367295694,1.55625266859209E-13));
#6843=DIRECTION('ref_axis',(0.876092367295694,0.482143302313978,8.56458552636475E-14));
#6844=DIRECTION('',(-1.,-7.61071248841351E-30,0.));
#6845=DIRECTION('center_axis',(0.535075672067797,0.844804134199872,0.));
#6846=DIRECTION('ref_axis',(0.597366732067652,-0.378355636166736,0.70710678118632));
#6847=DIRECTION('',(-0.535075672067797,-0.844804134199872,0.));
#6848=DIRECTION('center_axis',(0.278564055288575,0.960417652431058,0.));
#6849=DIRECTION('ref_axis',(-0.960417652431058,0.278564055288574,0.));
#6850=DIRECTION('',(0.535075672067797,0.844804134199872,0.));
#6851=DIRECTION('center_axis',(-6.80459972119482E-30,1.,0.));
#6852=DIRECTION('ref_axis',(0.707106781187301,0.,0.707106781185794));
#6853=DIRECTION('',(6.80459972119482E-30,-1.,0.));
#6854=DIRECTION('center_axis',(0.707106781186359,0.707106781186736,0.));
#6855=DIRECTION('ref_axis',(0.707106781186736,-0.707106781186359,0.));
#6856=DIRECTION('',(-6.80459972119482E-30,1.,0.));
#6857=DIRECTION('center_axis',(1.,7.61071248841351E-30,0.));
#6858=DIRECTION('ref_axis',(0.,-0.707106781186673,0.707106781186422));
#6859=DIRECTION('',(-1.,-7.61071248841351E-30,0.));
#6860=DIRECTION('center_axis',(0.707106781186359,-0.707106781186736,0.));
#6861=DIRECTION('ref_axis',(-0.707106781186736,-0.707106781186359,0.));
#6862=DIRECTION('',(1.,7.61071248841351E-30,0.));
#6863=DIRECTION('center_axis',(6.80459972119482E-30,-1.,0.));
#6864=DIRECTION('ref_axis',(-0.707106781187301,0.,0.707106781185794));
#6865=DIRECTION('',(6.80459972119482E-30,-1.,0.));
#6866=DIRECTION('',(-6.80459972119482E-30,1.,0.));
#6867=DIRECTION('center_axis',(0.278267932090289,-0.960503491909423,0.));
#6868=DIRECTION('ref_axis',(0.960503491909423,0.278267932090289,0.));
#6869=DIRECTION('center_axis',(0.534554640917873,-0.845133915940642,0.));
#6870=DIRECTION('ref_axis',(-0.597599922973072,-0.377987211507714,0.707106781185983));
#6871=DIRECTION('',(0.534554640917873,-0.845133915940642,0.));
#6872=DIRECTION('',(-0.534554640917873,0.845133915940642,0.));
#6873=DIRECTION('center_axis',(-0.482413390714863,-0.875943674250227,0.));
#6874=DIRECTION('ref_axis',(-0.875943674250227,0.482413390714863,0.));
#6875=DIRECTION('center_axis',(-1.,-7.61071248841351E-30,0.));
#6876=DIRECTION('ref_axis',(0.,0.707106781186673,0.707106781186422));
#6877=DIRECTION('',(-1.,-7.61071248841351E-30,0.));
#6878=DIRECTION('',(1.,7.61071248841351E-30,0.));
#6879=DIRECTION('center_axis',(-0.869259305670617,0.494356409390064,-8.78153388921408E-14));
#6880=DIRECTION('ref_axis',(0.494356409390064,0.869259305670617,-1.54411471284035E-13));
#6881=DIRECTION('center_axis',(-0.511223480990519,0.859447818360101,0.));
#6882=DIRECTION('ref_axis',(0.607721380438286,0.361489590110195,0.707106781186651));
#6883=DIRECTION('',(-0.511223480990519,0.859447818360101,0.));
#6884=DIRECTION('',(0.511223480990519,-0.859447818360101,0.));
#6885=DIRECTION('center_axis',(-1.,-6.80459972119482E-30,0.));
#6886=DIRECTION('ref_axis',(6.80459972119482E-30,-1.,4.01603211664479E-16));
#6887=DIRECTION('',(0.,0.,1.));
#6888=DIRECTION('',(-9.43949865167063E-30,1.,6.40949485492072E-31));
#6889=DIRECTION('',(0.,0.,1.));
#6890=DIRECTION('center_axis',(-0.845133915940642,-0.534554640917873,0.));
#6891=DIRECTION('ref_axis',(0.534554640917873,-0.845133915940642,1.41238627076322E-15));
#6892=DIRECTION('',(0.,0.,1.));
#6893=DIRECTION('',(-0.534554640917873,0.845133915940642,-2.19929202791563E-30));
#6894=DIRECTION('center_axis',(-7.61071248841351E-30,1.,0.));
#6895=DIRECTION('ref_axis',(-1.,-7.61071248841351E-30,-2.00723685420165E-15));
#6896=DIRECTION('',(0.,0.,1.));
#6897=DIRECTION('',(1.,1.02456114188893E-29,5.12759588393658E-30));
#6898=DIRECTION('center_axis',(0.859447818360101,0.511223480990519,0.));
#6899=DIRECTION('ref_axis',(-0.511223480990519,0.859447818360101,-1.37130361588887E-15));
#6900=DIRECTION('',(0.,0.,1.));
#6901=DIRECTION('',(0.511223480990519,-0.859447818360101,2.07048477991352E-30));
#6902=DIRECTION('center_axis',(-0.863994846476146,0.503500650707287,0.));
#6903=DIRECTION('ref_axis',(-0.503500650707287,-0.863994846476146,-6.63661957007798E-16));
#6904=DIRECTION('',(0.,0.,1.));
#6905=DIRECTION('',(0.503500650707287,0.863994846476146,3.13552491644276E-30));
#6906=DIRECTION('center_axis',(0.,0.,1.));
#6907=DIRECTION('ref_axis',(1.,0.,0.));
#6908=DIRECTION('center_axis',(7.61071248841351E-30,-1.,0.));
#6909=DIRECTION('ref_axis',(1.,7.61071248841351E-30,2.00723685420165E-15));
#6910=DIRECTION('',(-1.,-1.02456114188893E-29,-5.12759588393658E-30));
#6911=DIRECTION('',(0.,0.,1.));
#6912=DIRECTION('center_axis',(-7.61071248841351E-30,1.,0.));
#6913=DIRECTION('ref_axis',(-1.,-7.61071248841351E-30,-2.00723685420165E-15));
#6914=DIRECTION('',(0.,0.,1.));
#6915=DIRECTION('',(1.,1.02456114188893E-29,5.12759588393658E-30));
#6916=DIRECTION('center_axis',(0.844804134199872,-0.535075672067797,0.));
#6917=DIRECTION('ref_axis',(0.535075672067797,0.844804134199872,7.347475552391E-16));
#6918=DIRECTION('',(0.,0.,1.));
#6919=DIRECTION('',(-0.535075672067797,-0.844804134199872,-3.28512858884642E-30));
#6920=DIRECTION('center_axis',(1.,6.80459972119482E-30,0.));
#6921=DIRECTION('ref_axis',(-6.80459972119482E-30,1.,-4.01603211664479E-16));
#6922=DIRECTION('',(9.43949865167063E-30,-1.,-6.40949485492072E-31));
#6923=DIRECTION('center_axis',(-5.12759588393658E-30,-6.40949485492072E-31,
1.));
#6924=DIRECTION('ref_axis',(1.,1.16784322715775E-29,5.12759588393658E-30));
#6925=DIRECTION('center_axis',(5.12759588393658E-30,6.40949485492072E-31,
-1.));
#6926=DIRECTION('ref_axis',(1.,1.16784322715775E-29,5.12759588393658E-30));
#6927=DIRECTION('center_axis',(-3.94430452610506E-30,-4.43734259186819E-31,
1.));
#6928=DIRECTION('ref_axis',(1.,9.04353334110173E-30,3.94430452610506E-30));
#6929=DIRECTION('center_axis',(-3.94430452610506E-30,-4.43734259186819E-31,
1.));
#6930=DIRECTION('ref_axis',(1.,9.04353334110173E-30,3.94430452610506E-30));
#6931=DIRECTION('',(3.94430452610506E-30,4.43734259186819E-31,-1.));
#6932=DIRECTION('center_axis',(-3.94430452610506E-30,-4.43734259186819E-31,
1.));
#6933=DIRECTION('ref_axis',(1.,9.04353334110173E-30,3.94430452610506E-30));
#6934=DIRECTION('center_axis',(-3.94430452610506E-30,-4.43734259186819E-31,
1.));
#6935=DIRECTION('ref_axis',(1.,9.04353334110173E-30,3.94430452610506E-30));
#6936=DIRECTION('center_axis',(-3.94430452610506E-30,-4.43734259186819E-31,
1.));
#6937=DIRECTION('ref_axis',(1.,9.04353334110173E-30,3.94430452610506E-30));
#6938=DIRECTION('center_axis',(0.,-1.,-6.40949485492072E-31));
#6939=DIRECTION('ref_axis',(-1.,0.,0.));
#6940=DIRECTION('center_axis',(-5.12759588393658E-30,-6.40949485492072E-31,
1.));
#6941=DIRECTION('ref_axis',(1.,1.16784322715775E-29,5.12759588393658E-30));
#6942=DIRECTION('center_axis',(-5.12759588393658E-30,-6.40949485492072E-31,
1.));
#6943=DIRECTION('ref_axis',(1.,1.16784322715775E-29,5.12759588393658E-30));
#6944=DIRECTION('',(5.12759588393658E-30,6.40949485492072E-31,-1.));
#6945=DIRECTION('center_axis',(-3.94430452610506E-30,-4.43734259186819E-31,
1.));
#6946=DIRECTION('ref_axis',(1.,9.04353334110173E-30,3.94430452610506E-30));
#6947=DIRECTION('center_axis',(-3.94430452610506E-30,-4.43734259186819E-31,
1.));
#6948=DIRECTION('ref_axis',(1.,9.04353334110173E-30,3.94430452610506E-30));
#6949=DIRECTION('',(-3.94430452610506E-30,-4.43734259186819E-31,1.));
#6950=DIRECTION('center_axis',(-3.94430452610506E-30,-4.43734259186819E-31,
1.));
#6951=DIRECTION('ref_axis',(1.,9.04353334110173E-30,3.94430452610506E-30));
#6952=DIRECTION('center_axis',(-3.94430452610506E-30,-4.43734259186819E-31,
1.));
#6953=DIRECTION('ref_axis',(1.,9.04353334110173E-30,3.94430452610506E-30));
#6954=DIRECTION('center_axis',(-3.94430452610506E-30,-4.43734259186819E-31,
1.));
#6955=DIRECTION('ref_axis',(1.,9.04353334110173E-30,3.94430452610506E-30));
#6956=DIRECTION('center_axis',(0.342020460897256,0.939692505199243,0.));
#6957=DIRECTION('ref_axis',(0.664462942656466,-0.241844987204904,0.707106781186668));
#6958=DIRECTION('',(-0.342020460897256,-0.939692505199243,0.));
#6959=DIRECTION('center_axis',(-0.573576297933691,0.81915214120985,0.));
#6960=DIRECTION('ref_axis',(-0.81915214120985,-0.573576297933691,0.));
#6961=DIRECTION('',(0.342020460897256,0.939692505199243,0.));
#6962=DIRECTION('center_axis',(0.999994755676688,0.00323861376548036,0.));
#6963=DIRECTION('ref_axis',(-0.00323861376548036,0.999994755676688,0.));
#6964=DIRECTION('center_axis',(-1.,-6.82185158319247E-30,0.));
#6965=DIRECTION('ref_axis',(0.,0.70710678118661,0.707106781186485));
#6966=DIRECTION('',(1.,6.82185158319247E-30,0.));
#6967=DIRECTION('center_axis',(-0.57092037251364,-0.82100543740519,0.));
#6968=DIRECTION('ref_axis',(0.82100543740519,-0.57092037251364,0.));
#6969=DIRECTION('',(-1.,-6.82185158319247E-30,0.));
#6970=DIRECTION('center_axis',(0.348099856497846,-0.937457460318162,0.));
#6971=DIRECTION('ref_axis',(-0.662882527265104,-0.246143769059754,0.707106781186327));
#6972=DIRECTION('',(0.348099856497846,-0.937457460318162,0.));
#6973=DIRECTION('',(-0.348099856497846,0.937457460318162,0.));
#6974=DIRECTION('center_axis',(-0.937457460318162,-0.348099856497846,-2.72563357658681E-30));
#6975=DIRECTION('ref_axis',(0.348099856497846,-0.937457460318162,1.07520478776738E-15));
#6976=DIRECTION('',(-2.76101316827354E-30,-3.94430452610506E-31,1.));
#6977=DIRECTION('',(0.348099856497846,-0.937457460318162,0.));
#6978=DIRECTION('',(-2.76101316827354E-30,-3.94430452610506E-31,1.));
#6979=DIRECTION('center_axis',(0.939692505199243,-0.342020460897256,2.4596000957893E-30));
#6980=DIRECTION('ref_axis',(0.342020460897256,0.939692505199243,3.0913254593895E-16));
#6981=DIRECTION('',(-2.76101316827354E-30,-3.94430452610506E-31,1.));
#6982=DIRECTION('',(0.342020460897256,0.939692505199243,0.));
#6983=DIRECTION('center_axis',(0.,0.,1.));
#6984=DIRECTION('ref_axis',(1.,0.,0.));
#6985=DIRECTION('',(-0.341516351201917,-0.939875833215074,0.));
#6986=DIRECTION('',(-1.,-6.82185158319247E-30,0.));
#6987=DIRECTION('',(-0.358791222200811,0.933417837236705,0.));
#6988=DIRECTION('',(-1.,-6.82185158319247E-30,0.));
#6989=DIRECTION('',(0.371718224915769,-0.928345604430521,0.));
#6990=DIRECTION('',(1.,6.82185158319247E-30,0.));
#6991=DIRECTION('',(0.362936996353089,0.931813681310914,0.));
#6992=DIRECTION('',(-1.,-6.82185158319247E-30,0.));
#6993=DIRECTION('center_axis',(0.341516351201917,0.939875833215074,0.));
#6994=DIRECTION('ref_axis',(0.664592575139338,-0.241488527821192,0.707106781186843));
#6995=DIRECTION('center_axis',(0.818998275700483,0.573795978026716,0.));
#6996=DIRECTION('ref_axis',(0.573795978026716,-0.818998275700483,0.));
#6997=DIRECTION('',(0.341516351201917,0.939875833215074,0.));
#6998=DIRECTION('center_axis',(0.818998275700483,0.573795978026716,5.09633204994067E-14));
#6999=DIRECTION('ref_axis',(-0.573795978026716,0.818998275700483,7.27416594248798E-14));
#7000=DIRECTION('center_axis',(1.,6.82185158319247E-30,0.));
#7001=DIRECTION('ref_axis',(0.,-0.70710678118661,0.707106781186485));
#7002=DIRECTION('center_axis',(0.564385951121692,-0.825511052728225,1.46640220451432E-13));
#7003=DIRECTION('ref_axis',(-0.825511052728225,-0.564385951121692,1.00255084433645E-13));
#7004=DIRECTION('',(1.,6.82185158319247E-30,0.));
#7005=DIRECTION('center_axis',(-0.362936996353089,-0.931813681310914,0.));
#7006=DIRECTION('ref_axis',(-0.658891772857337,0.256635211264748,0.707106781186557));
#7007=DIRECTION('center_axis',(-0.825511052728288,-0.564385951121601,0.));
#7008=DIRECTION('ref_axis',(-0.564385951121601,0.825511052728288,0.));
#7009=DIRECTION('',(-0.362936996353089,-0.931813681310914,0.));
#7010=DIRECTION('center_axis',(-1.,-6.82185158319247E-30,0.));
#7011=DIRECTION('ref_axis',(0.,0.70710678118661,0.707106781186485));
#7012=DIRECTION('center_axis',(-0.828166114048829,0.560482727246133,4.97808662954697E-14));
#7013=DIRECTION('ref_axis',(0.560482727246133,0.828166114048829,7.35559270425098E-14));
#7014=DIRECTION('',(-1.,-6.82185158319247E-30,0.));
#7015=DIRECTION('center_axis',(-0.371718224915769,0.928345604430521,0.));
#7016=DIRECTION('ref_axis',(0.656439472177457,0.262844477528546,0.707106781186638));
#7017=DIRECTION('center_axis',(0.560482727246975,0.828166114048259,0.));
#7018=DIRECTION('ref_axis',(0.828166114048259,-0.560482727246975,0.));
#7019=DIRECTION('',(-0.371718224915769,0.928345604430521,0.));
#7020=DIRECTION('center_axis',(1.,6.82185158319247E-30,0.));
#7021=DIRECTION('ref_axis',(0.,-0.70710678118661,0.707106781186485));
#7022=DIRECTION('',(1.,6.82185158319247E-30,0.));
#7023=DIRECTION('center_axis',(0.824254579059147,-0.566219382306919,5.02903836180951E-14));
#7024=DIRECTION('ref_axis',(-0.566219382306919,-0.824254579059147,7.3208512945936E-14));
#7025=DIRECTION('center_axis',(0.358791222200811,-0.933417837236705,0.));
#7026=DIRECTION('ref_axis',(-0.660026082390729,-0.253703706248483,0.707106781186357));
#7027=DIRECTION('',(0.358791222200811,-0.933417837236705,0.));
#7028=DIRECTION('center_axis',(0.824254579059147,-0.566219382306919,0.));
#7029=DIRECTION('ref_axis',(0.566219382306919,0.824254579059147,0.));
#7030=DIRECTION('center_axis',(1.,6.82185158319247E-30,0.));
#7031=DIRECTION('ref_axis',(0.,-0.70710678118661,0.707106781186485));
#7032=DIRECTION('',(1.,6.82185158319247E-30,0.));
#7033=DIRECTION('center_axis',(6.82185158319247E-30,-1.,0.));
#7034=DIRECTION('ref_axis',(1.,6.82185158319247E-30,2.00723685420165E-15));
#7035=DIRECTION('',(0.,0.,1.));
#7036=DIRECTION('',(-1.,-9.45675051366828E-30,-6.31088724176809E-30));
#7037=DIRECTION('',(0.,0.,1.));
#7038=DIRECTION('center_axis',(-0.933417837236705,-0.358791222200811,0.));
#7039=DIRECTION('ref_axis',(0.358791222200811,-0.933417837236705,1.09504256542469E-15));
#7040=DIRECTION('',(0.,0.,1.));
#7041=DIRECTION('',(-0.358791222200811,0.933417837236705,-1.4819330541115E-30));
#7042=DIRECTION('center_axis',(6.82185158319247E-30,-1.,0.));
#7043=DIRECTION('ref_axis',(1.,6.82185158319247E-30,2.00723685420165E-15));
#7044=DIRECTION('',(0.,0.,1.));
#7045=DIRECTION('',(-1.,-9.45675051366828E-30,-6.31088724176809E-30));
#7046=DIRECTION('center_axis',(0.939875833215074,-0.341516351201917,0.));
#7047=DIRECTION('ref_axis',(0.341516351201917,0.939875833215074,3.08047053259959E-16));
#7048=DIRECTION('',(0.,0.,1.));
#7049=DIRECTION('',(-0.341516351201917,-0.939875833215074,-2.94304194052735E-30));
#7050=DIRECTION('center_axis',(0.,0.,1.));
#7051=DIRECTION('ref_axis',(1.,0.,0.));
#7052=DIRECTION('',(-1.,-6.82185158319247E-30,0.));
#7053=DIRECTION('center_axis',(-6.82185158319247E-30,1.,3.94430452610506E-31));
#7054=DIRECTION('ref_axis',(-1.,-6.82185158319247E-30,-2.00723685420165E-15));
#7055=DIRECTION('center_axis',(0.928345604430521,0.371718224915769,0.));
#7056=DIRECTION('ref_axis',(-0.371718224915769,0.928345604430521,-1.11895309670325E-15));
#7057=DIRECTION('',(0.371718224915769,-0.928345604430521,1.56776527716779E-30));
#7058=DIRECTION('',(0.,0.,1.));
#7059=DIRECTION('center_axis',(6.82185158319247E-30,-1.,0.));
#7060=DIRECTION('ref_axis',(1.,6.82185158319247E-30,2.00723685420165E-15));
#7061=DIRECTION('',(0.,0.,1.));
#7062=DIRECTION('',(-1.,-9.45675051366828E-30,-6.31088724176809E-30));
#7063=DIRECTION('center_axis',(-0.931813681310914,0.362936996353089,0.));
#7064=DIRECTION('ref_axis',(-0.362936996353089,-0.931813681310914,-3.54281147745806E-16));
#7065=DIRECTION('',(0.,0.,1.));
#7066=DIRECTION('',(0.362936996353089,0.931813681310914,3.07146780549511E-30));
#7067=DIRECTION('center_axis',(-6.82185158319247E-30,1.,0.));
#7068=DIRECTION('ref_axis',(-1.,-6.82185158319247E-30,-2.00723685420165E-15));
#7069=DIRECTION('',(1.,9.45675051366828E-30,6.31088724176809E-30));
#7070=DIRECTION('center_axis',(6.31088724176809E-30,8.38164711797325E-31,
-1.));
#7071=DIRECTION('ref_axis',(1.,1.43133312020534E-29,6.31088724176809E-30));
#7072=DIRECTION('center_axis',(0.,-1.,-8.38164711797325E-31));
#7073=DIRECTION('ref_axis',(-1.,0.,0.));
#7074=DIRECTION('center_axis',(-6.31088724176809E-30,-8.38164711797325E-31,
1.));
#7075=DIRECTION('ref_axis',(1.,1.43133312020534E-29,6.31088724176809E-30));
#7076=DIRECTION('center_axis',(6.31088724176809E-30,8.38164711797325E-31,
-1.));
#7077=DIRECTION('ref_axis',(1.,1.43133312020534E-29,6.31088724176809E-30));
#7078=DIRECTION('center_axis',(-6.31088724176809E-30,-8.38164711797325E-31,
1.));
#7079=DIRECTION('ref_axis',(1.,1.43133312020534E-29,6.31088724176809E-30));
#7080=DIRECTION('center_axis',(-5.12759588393658E-30,-6.40949485492072E-31,
1.));
#7081=DIRECTION('ref_axis',(1.,1.16784322715775E-29,5.12759588393658E-30));
#7082=DIRECTION('center_axis',(-5.12759588393658E-30,-6.40949485492072E-31,
1.));
#7083=DIRECTION('ref_axis',(1.,1.16784322715775E-29,5.12759588393658E-30));
#7084=DIRECTION('',(5.12759588393658E-30,6.40949485492072E-31,-1.));
#7085=DIRECTION('center_axis',(-5.12759588393658E-30,-6.40949485492072E-31,
1.));
#7086=DIRECTION('ref_axis',(1.,1.16784322715775E-29,5.12759588393658E-30));
#7087=DIRECTION('center_axis',(-5.12759588393658E-30,-6.40949485492072E-31,
1.));
#7088=DIRECTION('ref_axis',(1.,1.16784322715775E-29,5.12759588393658E-30));
#7089=DIRECTION('center_axis',(-5.12759588393658E-30,-6.40949485492072E-31,
1.));
#7090=DIRECTION('ref_axis',(1.,1.16784322715775E-29,5.12759588393658E-30));
#7091=DIRECTION('center_axis',(-6.31088724176809E-30,-8.38164711797325E-31,
1.));
#7092=DIRECTION('ref_axis',(1.,1.43133312020534E-29,6.31088724176809E-30));
#7093=DIRECTION('',(6.31088724176809E-30,8.38164711797325E-31,-1.));
#7094=DIRECTION('center_axis',(-5.12759588393658E-30,-6.40949485492072E-31,
1.));
#7095=DIRECTION('ref_axis',(1.,1.16784322715775E-29,5.12759588393658E-30));
#7096=DIRECTION('center_axis',(-5.12759588393658E-30,-6.40949485492072E-31,
1.));
#7097=DIRECTION('ref_axis',(1.,1.16784322715775E-29,5.12759588393658E-30));
#7098=DIRECTION('',(-5.12759588393658E-30,-6.40949485492072E-31,1.));
#7099=DIRECTION('center_axis',(-5.12759588393658E-30,-6.40949485492072E-31,
1.));
#7100=DIRECTION('ref_axis',(1.,1.16784322715775E-29,5.12759588393658E-30));
#7101=DIRECTION('center_axis',(-5.12759588393658E-30,-6.40949485492072E-31,
1.));
#7102=DIRECTION('ref_axis',(1.,1.16784322715775E-29,5.12759588393658E-30));
#7103=DIRECTION('center_axis',(-5.12759588393658E-30,-6.40949485492072E-31,
1.));
#7104=DIRECTION('ref_axis',(1.,1.16784322715775E-29,5.12759588393658E-30));
#7105=DIRECTION('center_axis',(1.,6.82185158319247E-30,2.00723685420165E-15));
#7106=DIRECTION('ref_axis',(0.,-0.70710678118661,0.707106781186485));
#7107=DIRECTION('',(-1.,-6.82185158319247E-30,-2.00723685420165E-15));
#7108=DIRECTION('center_axis',(0.707106781186359,0.707106781186736,0.));
#7109=DIRECTION('ref_axis',(-0.707106781186736,0.707106781186359,-2.83866158210632E-15));
#7110=DIRECTION('',(1.,6.82185158319247E-30,2.00723685420165E-15));
#7111=DIRECTION('center_axis',(-6.01573881597378E-30,1.,-4.01603211664479E-16));
#7112=DIRECTION('ref_axis',(0.707106781186296,0.,0.707106781186799));
#7113=DIRECTION('',(-6.01573881597378E-30,1.,-4.01603211664479E-16));
#7114=DIRECTION('',(6.01573881597378E-30,-1.,4.01603211664479E-16));
#7115=DIRECTION('center_axis',(-0.707106781186359,0.707106781186736,0.));
#7116=DIRECTION('ref_axis',(-0.707106781186736,-0.707106781186359,5.67952708628651E-16));
#7117=DIRECTION('center_axis',(-1.,-6.82185158319247E-30,-2.00723685420165E-15));
#7118=DIRECTION('ref_axis',(0.,0.70710678118661,0.707106781186485));
#7119=DIRECTION('',(-1.,-6.82185158319247E-30,-2.00723685420165E-15));
#7120=DIRECTION('',(1.,6.82185158319247E-30,2.00723685420165E-15));
#7121=DIRECTION('',(-1.57772181044202E-30,-3.94430452610506E-31,1.));
#7122=DIRECTION('',(-1.57772181044202E-30,-3.94430452610506E-31,1.));
#7123=DIRECTION('',(-1.57772181044202E-30,-3.94430452610506E-31,1.));
#7124=DIRECTION('',(-1.57772181044202E-30,-3.94430452610506E-31,1.));
#7125=DIRECTION('',(-1.57772181044202E-30,-3.94430452610506E-31,1.));
#7126=DIRECTION('center_axis',(6.82185158319247E-30,-1.,-3.94430452610506E-31));
#7127=DIRECTION('ref_axis',(1.,6.82185158319247E-30,2.00723685420165E-15));
#7128=DIRECTION('',(-1.57772181044202E-30,-3.94430452610506E-31,1.));
#7129=DIRECTION('',(1.,6.82185158319247E-30,3.94430452610506E-30));
#7130=DIRECTION('center_axis',(-2.00723685420165E-15,4.01603211664479E-16,
1.));
#7131=DIRECTION('ref_axis',(-1.,-6.82185158319247E-30,-2.00723685420165E-15));
#7132=DIRECTION('',(1.,6.82185158319247E-30,2.00723685420165E-15));
#7133=DIRECTION('',(-6.01573881597378E-30,1.,-4.01603211664479E-16));
#7134=DIRECTION('',(-1.,-6.82185158319247E-30,-2.00723685420165E-15));
#7135=DIRECTION('',(-1.,-6.82185158319247E-30,-2.00723685420165E-15));
#7136=DIRECTION('',(1.,6.82185158319247E-30,2.00723685420165E-15));
#7137=DIRECTION('',(6.01573881597378E-30,-1.,4.01603211664479E-16));
#7138=DIRECTION('center_axis',(1.,6.82185158319247E-30,2.00723685420165E-15));
#7139=DIRECTION('ref_axis',(0.,-0.707106781186673,0.707106781186422));
#7140=DIRECTION('center_axis',(0.707106781186359,0.707106781186736,0.));
#7141=DIRECTION('ref_axis',(-0.707106781186736,0.707106781186359,-2.83866158210632E-15));
#7142=DIRECTION('',(1.,6.82185158319247E-30,2.00723685420165E-15));
#7143=DIRECTION('center_axis',(-6.01573881597378E-30,1.,-4.01603211664479E-16));
#7144=DIRECTION('ref_axis',(0.707106781186296,0.,0.707106781186799));
#7145=DIRECTION('',(-6.01573881597378E-30,1.,-4.01603211664479E-16));
#7146=DIRECTION('center_axis',(-0.707106781186359,0.707106781186736,0.));
#7147=DIRECTION('ref_axis',(-0.707106781186736,-0.707106781186359,5.67952708628651E-16));
#7148=DIRECTION('center_axis',(-1.,-6.82185158319247E-30,-2.00723685420165E-15));
#7149=DIRECTION('ref_axis',(0.,0.707106781186673,0.707106781186422));
#7150=DIRECTION('',(-1.,-6.82185158319247E-30,-2.00723685420165E-15));
#7151=DIRECTION('',(-1.57772181044202E-30,-3.94430452610506E-31,1.));
#7152=DIRECTION('',(-1.57772181044202E-30,-3.94430452610506E-31,1.));
#7153=DIRECTION('',(-1.57772181044202E-30,-3.94430452610506E-31,1.));
#7154=DIRECTION('',(-1.57772181044202E-30,-3.94430452610506E-31,1.));
#7155=DIRECTION('',(-1.57772181044202E-30,-3.94430452610506E-31,1.));
#7156=DIRECTION('center_axis',(6.82185158319247E-30,-1.,-3.94430452610506E-31));
#7157=DIRECTION('ref_axis',(1.,6.82185158319247E-30,2.00723685420165E-15));
#7158=DIRECTION('',(-1.57772181044202E-30,-3.94430452610506E-31,1.));
#7159=DIRECTION('',(1.,6.82185158319247E-30,3.94430452610506E-30));
#7160=DIRECTION('center_axis',(1.,6.82185158319247E-30,2.00723685420165E-15));
#7161=DIRECTION('ref_axis',(0.,-0.70710678118661,0.707106781186485));
#7162=DIRECTION('center_axis',(0.707106781186359,-0.707106781186736,0.));
#7163=DIRECTION('ref_axis',(-0.707106781186736,-0.707106781186359,-2.83866158210632E-15));
#7164=DIRECTION('',(1.,6.82185158319247E-30,2.00723685420165E-15));
#7165=DIRECTION('center_axis',(6.01573881597378E-30,-1.,4.01603211664479E-16));
#7166=DIRECTION('ref_axis',(-0.707106781186296,0.,0.707106781186799));
#7167=DIRECTION('center_axis',(-0.707106781186359,-0.707106781186736,0.));
#7168=DIRECTION('ref_axis',(-0.707106781186736,0.707106781186359,-5.67952708628651E-16));
#7169=DIRECTION('',(6.01573881597378E-30,-1.,4.01603211664479E-16));
#7170=DIRECTION('center_axis',(-1.,-6.82185158319247E-30,-2.00723685420165E-15));
#7171=DIRECTION('ref_axis',(0.,0.707106781186673,0.707106781186422));
#7172=DIRECTION('',(-1.,-6.82185158319247E-30,-2.00723685420165E-15));
#7173=DIRECTION('',(0.,0.,1.));
#7174=DIRECTION('',(0.,0.,1.));
#7175=DIRECTION('',(0.,0.,1.));
#7176=DIRECTION('',(0.,0.,1.));
#7177=DIRECTION('',(0.,0.,1.));
#7178=DIRECTION('center_axis',(6.82185158319247E-30,-1.,0.));
#7179=DIRECTION('ref_axis',(1.,6.82185158319247E-30,2.00723685420165E-15));
#7180=DIRECTION('',(0.,0.,1.));
#7181=DIRECTION('',(-1.,-9.45675051366828E-30,-5.12759588393658E-30));
#7182=DIRECTION('center_axis',(-1.,-6.01573881597378E-30,0.));
#7183=DIRECTION('ref_axis',(6.01573881597378E-30,-1.,4.01603211664479E-16));
#7184=DIRECTION('',(0.,0.,1.));
#7185=DIRECTION('',(-8.65063774644959E-30,1.,8.38164711797325E-31));
#7186=DIRECTION('center_axis',(-6.82185158319247E-30,1.,0.));
#7187=DIRECTION('ref_axis',(-1.,-6.82185158319247E-30,-2.00723685420165E-15));
#7188=DIRECTION('',(0.,0.,1.));
#7189=DIRECTION('',(1.,9.45675051366828E-30,5.12759588393658E-30));
#7190=DIRECTION('',(0.,0.,1.));
#7191=DIRECTION('center_axis',(-3.94430452610506E-30,-6.40949485492072E-31,
1.));
#7192=DIRECTION('ref_axis',(1.,1.16784322715775E-29,3.94430452610506E-30));
#7193=DIRECTION('',(-6.01573881597378E-30,1.,6.40949485492072E-31));
#7194=DIRECTION('',(-1.,-6.82185158319247E-30,-3.94430452610506E-30));
#7195=DIRECTION('',(-1.57772181044202E-30,-3.94430452610506E-31,1.));
#7196=DIRECTION('',(-1.57772181044202E-30,-3.94430452610506E-31,1.));
#7197=DIRECTION('center_axis',(-6.82185158319247E-30,1.,3.94430452610506E-31));
#7198=DIRECTION('ref_axis',(-1.,-6.82185158319247E-30,-2.00723685420165E-15));
#7199=DIRECTION('',(-1.57772181044202E-30,-3.94430452610506E-31,1.));
#7200=DIRECTION('center_axis',(-3.94430452610506E-30,-6.40949485492072E-31,
1.));
#7201=DIRECTION('ref_axis',(1.,1.16784322715775E-29,3.94430452610506E-30));
#7202=DIRECTION('',(-6.01573881597378E-30,1.,6.40949485492072E-31));
#7203=DIRECTION('',(-1.,-6.82185158319247E-30,-3.94430452610506E-30));
#7204=DIRECTION('',(-1.57772181044202E-30,-3.94430452610506E-31,1.));
#7205=DIRECTION('',(-1.57772181044202E-30,-3.94430452610506E-31,1.));
#7206=DIRECTION('center_axis',(-6.82185158319247E-30,1.,3.94430452610506E-31));
#7207=DIRECTION('ref_axis',(-1.,-6.82185158319247E-30,-2.00723685420165E-15));
#7208=DIRECTION('',(-1.57772181044202E-30,-3.94430452610506E-31,1.));
#7209=DIRECTION('',(0.,0.,1.));
#7210=DIRECTION('',(0.,0.,1.));
#7211=DIRECTION('',(0.,0.,1.));
#7212=DIRECTION('',(0.,0.,1.));
#7213=DIRECTION('',(0.,0.,1.));
#7214=DIRECTION('',(0.,0.,1.));
#7215=DIRECTION('center_axis',(1.,6.01573881597378E-30,1.57772181044202E-30));
#7216=DIRECTION('ref_axis',(-6.01573881597378E-30,1.,-4.01603211664479E-16));
#7217=DIRECTION('center_axis',(1.,6.01573881597378E-30,1.57772181044202E-30));
#7218=DIRECTION('ref_axis',(-6.01573881597378E-30,1.,-4.01603211664479E-16));
#7219=DIRECTION('center_axis',(-5.12759588393658E-30,-8.38164711797325E-31,
1.));
#7220=DIRECTION('ref_axis',(1.,1.43133312020534E-29,5.12759588393658E-30));
#7221=DIRECTION('center_axis',(5.12759588393658E-30,8.38164711797325E-31,
-1.));
#7222=DIRECTION('ref_axis',(1.,1.43133312020534E-29,5.12759588393658E-30));
#7223=DIRECTION('center_axis',(-3.94430452610506E-30,-6.40949485492072E-31,
1.));
#7224=DIRECTION('ref_axis',(1.,1.16784322715775E-29,3.94430452610506E-30));
#7225=DIRECTION('center_axis',(-3.94430452610506E-30,-6.40949485492072E-31,
1.));
#7226=DIRECTION('ref_axis',(1.,1.16784322715775E-29,3.94430452610506E-30));
#7227=DIRECTION('',(3.94430452610506E-30,6.40949485492072E-31,-1.));
#7228=DIRECTION('center_axis',(-3.94430452610506E-30,-6.40949485492072E-31,
1.));
#7229=DIRECTION('ref_axis',(1.,1.16784322715775E-29,3.94430452610506E-30));
#7230=DIRECTION('center_axis',(-3.94430452610506E-30,-6.40949485492072E-31,
1.));
#7231=DIRECTION('ref_axis',(1.,1.16784322715775E-29,3.94430452610506E-30));
#7232=DIRECTION('center_axis',(-3.94430452610506E-30,-6.40949485492072E-31,
1.));
#7233=DIRECTION('ref_axis',(1.,1.16784322715775E-29,3.94430452610506E-30));
#7234=DIRECTION('center_axis',(0.,-1.,-8.38164711797325E-31));
#7235=DIRECTION('ref_axis',(-1.,0.,0.));
#7236=DIRECTION('center_axis',(-5.12759588393658E-30,-8.38164711797325E-31,
1.));
#7237=DIRECTION('ref_axis',(1.,1.43133312020534E-29,5.12759588393658E-30));
#7238=DIRECTION('center_axis',(-5.12759588393658E-30,-8.38164711797325E-31,
1.));
#7239=DIRECTION('ref_axis',(1.,1.43133312020534E-29,5.12759588393658E-30));
#7240=DIRECTION('',(5.12759588393658E-30,8.38164711797325E-31,-1.));
#7241=DIRECTION('center_axis',(-3.94430452610506E-30,-6.40949485492072E-31,
1.));
#7242=DIRECTION('ref_axis',(1.,1.16784322715775E-29,3.94430452610506E-30));
#7243=DIRECTION('center_axis',(-3.94430452610506E-30,-6.40949485492072E-31,
1.));
#7244=DIRECTION('ref_axis',(1.,1.16784322715775E-29,3.94430452610506E-30));
#7245=DIRECTION('',(-3.94430452610506E-30,-6.40949485492072E-31,1.));
#7246=DIRECTION('center_axis',(-3.94430452610506E-30,-6.40949485492072E-31,
1.));
#7247=DIRECTION('ref_axis',(1.,1.16784322715775E-29,3.94430452610506E-30));
#7248=DIRECTION('center_axis',(-3.94430452610506E-30,-6.40949485492072E-31,
1.));
#7249=DIRECTION('ref_axis',(1.,1.16784322715775E-29,3.94430452610506E-30));
#7250=DIRECTION('center_axis',(-3.94430452610506E-30,-6.40949485492072E-31,
1.));
#7251=DIRECTION('ref_axis',(1.,1.16784322715775E-29,3.94430452610506E-30));
#7252=DIRECTION('axis',(0.,0.,1.));
#7253=DIRECTION('refdir',(1.,0.,0.));
#7254=DIRECTION('center_axis',(-2.75949722188831E-16,1.82909243306994E-14,
1.));
#7255=DIRECTION('ref_axis',(-1.,2.2914469736574E-16,-2.75949722188835E-16));
#7256=DIRECTION('center_axis',(2.75949722188831E-16,-1.82909243306994E-14,
-1.));
#7257=DIRECTION('ref_axis',(1.,0.,0.));
#7258=DIRECTION('center_axis',(-0.499990090945861,0.866031124703928,0.));
#7259=DIRECTION('ref_axis',(0.612376480996829,0.35354638383399,0.707106781186441));
#7260=DIRECTION('',(0.499990090945861,-0.866031124703928,0.));
#7261=DIRECTION('center_axis',(0.500009908988756,0.866019682751527,0.));
#7262=DIRECTION('ref_axis',(0.866019682751527,-0.500009908988756,0.));
#7263=DIRECTION('',(-0.499990090945861,0.866031124703928,0.));
#7264=DIRECTION('center_axis',(-0.999999999934541,1.1441952096901E-5,2.03249898634205E-18));
#7265=DIRECTION('ref_axis',(1.1441952096901E-5,0.999999999934541,1.17346383689292E-18));
#7266=DIRECTION('center_axis',(0.999999999934541,-1.14419523564505E-5,0.));
#7267=DIRECTION('ref_axis',(-8.09068191773174E-6,-0.70710678114023,0.707106781186579));
#7268=DIRECTION('',(-0.999999999934541,1.14419523564505E-5,0.));
#7269=DIRECTION('center_axis',(0.499990090945751,-0.866031124703991,7.6919015575073E-14));
#7270=DIRECTION('ref_axis',(-0.866031124703991,-0.499990090945751,4.44092143480563E-14));
#7271=DIRECTION('',(0.999999999934541,-1.14419523564505E-5,0.));
#7272=DIRECTION('center_axis',(-0.500009908988677,-0.866019682751573,0.));
#7273=DIRECTION('ref_axis',(-0.612368390314837,0.353560397306437,0.707106781186356));
#7274=DIRECTION('',(-0.500009908988677,-0.866019682751573,0.));
#7275=DIRECTION('',(0.500009908988677,0.866019682751573,0.));
#7276=DIRECTION('center_axis',(-0.866019682751573,0.500009908988677,0.));
#7277=DIRECTION('ref_axis',(-0.500009908988677,-0.866019682751573,0.));
#7278=DIRECTION('',(0.,0.,1.));
#7279=DIRECTION('',(0.500009908988677,0.866019682751573,0.));
#7280=DIRECTION('',(0.,0.,1.));
#7281=DIRECTION('center_axis',(0.866031124703928,0.499990090945861,0.));
#7282=DIRECTION('ref_axis',(-0.499990090945861,0.866031124703928,0.));
#7283=DIRECTION('',(0.,0.,1.));
#7284=DIRECTION('',(0.499990090945861,-0.866031124703928,0.));
#7285=DIRECTION('center_axis',(0.,0.,1.));
#7286=DIRECTION('ref_axis',(1.,0.,0.));
#7287=DIRECTION('center_axis',(-1.14419523564505E-5,-0.999999999934541,
0.));
#7288=DIRECTION('ref_axis',(0.999999999934541,-1.14419523564505E-5,0.));
#7289=DIRECTION('',(-0.999999999934541,1.14419523564505E-5,0.));
#7290=DIRECTION('center_axis',(0.,0.,-1.));
#7291=DIRECTION('ref_axis',(1.,0.,0.));
#7292=DIRECTION('center_axis',(0.,-1.,0.));
#7293=DIRECTION('ref_axis',(-1.,0.,0.));
#7294=DIRECTION('center_axis',(0.,0.,1.));
#7295=DIRECTION('ref_axis',(1.,0.,0.));
#7296=DIRECTION('center_axis',(0.,0.,1.));
#7297=DIRECTION('ref_axis',(1.,0.,0.));
#7298=DIRECTION('',(0.,0.,-1.));
#7299=DIRECTION('center_axis',(0.,0.,1.));
#7300=DIRECTION('ref_axis',(1.,0.,0.));
#7301=DIRECTION('center_axis',(0.,0.,1.));
#7302=DIRECTION('ref_axis',(1.,0.,0.));
#7303=DIRECTION('center_axis',(0.,0.,1.));
#7304=DIRECTION('ref_axis',(1.,0.,0.));
#7305=DIRECTION('center_axis',(0.,0.,1.));
#7306=DIRECTION('ref_axis',(1.,0.,0.));
#7307=DIRECTION('',(0.,0.,1.));
#7308=DIRECTION('center_axis',(0.,0.,1.));
#7309=DIRECTION('ref_axis',(1.,0.,0.));
#7310=DIRECTION('center_axis',(0.,0.,1.));
#7311=DIRECTION('ref_axis',(1.,0.,0.));
#7312=DIRECTION('',(0.,0.,-1.));
#7313=DIRECTION('center_axis',(0.,0.,1.));
#7314=DIRECTION('ref_axis',(1.,0.,0.));
#7315=DIRECTION('center_axis',(0.,0.,1.));
#7316=DIRECTION('ref_axis',(1.,0.,0.));
#7317=DIRECTION('center_axis',(0.,0.,1.));
#7318=DIRECTION('ref_axis',(1.,0.,0.));
#7319=DIRECTION('center_axis',(-2.75949722188828E-16,1.82909243306994E-14,
1.));
#7320=DIRECTION('ref_axis',(-1.,2.2914469736574E-16,-2.75949722188832E-16));
#7321=DIRECTION('center_axis',(2.75949722188828E-16,-1.82909243306994E-14,
-1.));
#7322=DIRECTION('ref_axis',(1.,0.,0.));
#7323=DIRECTION('center_axis',(-0.866025683184172,-0.499999516065154,0.));
#7324=DIRECTION('ref_axis',(-0.353553048398446,0.612372633261413,0.707106781187006));
#7325=DIRECTION('',(0.866025683184172,0.499999516065154,0.));
#7326=DIRECTION('center_axis',(-0.866025124384222,0.500000483935059,0.));
#7327=DIRECTION('ref_axis',(0.500000483935059,0.866025124384222,0.));
#7328=DIRECTION('',(-0.866025683184172,-0.499999516065154,0.));
#7329=DIRECTION('center_axis',(-5.58799762018249E-7,-0.999999999999844,
-8.88178419700006E-14));
#7330=DIRECTION('ref_axis',(-0.999999999999844,5.58799762018249E-7,-5.12790049702188E-14));
#7331=DIRECTION('center_axis',(5.58799741765753E-7,0.999999999999844,0.));
#7332=DIRECTION('ref_axis',(0.707106781187183,-3.95131101048107E-7,0.707106781185802));
#7333=DIRECTION('',(-5.58799741765753E-7,-0.999999999999844,0.));
#7334=DIRECTION('center_axis',(0.866025683184182,0.499999516065136,6.66133170044354E-14));
#7335=DIRECTION('ref_axis',(0.499999516065136,-0.866025683184182,3.84592165041232E-14));
#7336=DIRECTION('',(5.58799741765753E-7,0.999999999999844,0.));
#7337=DIRECTION('center_axis',(0.866025124384434,-0.500000483934692,0.));
#7338=DIRECTION('ref_axis',(-0.353553732785826,-0.612372238130397,0.707106781186814));
#7339=DIRECTION('',(0.866025124384434,-0.500000483934692,0.));
#7340=DIRECTION('',(-0.866025124384434,0.500000483934692,0.));
#7341=DIRECTION('center_axis',(-0.500000483934692,-0.866025124384434,0.));
#7342=DIRECTION('ref_axis',(0.866025124384434,-0.500000483934692,0.));
#7343=DIRECTION('',(0.,0.,1.));
#7344=DIRECTION('',(-0.866025124384434,0.500000483934692,0.));
#7345=DIRECTION('',(0.,0.,1.));
#7346=DIRECTION('center_axis',(-0.499999516065154,0.866025683184172,0.));
#7347=DIRECTION('ref_axis',(-0.866025683184172,-0.499999516065154,0.));
#7348=DIRECTION('',(0.,0.,1.));
#7349=DIRECTION('',(0.866025683184172,0.499999516065154,0.));
#7350=DIRECTION('center_axis',(0.,0.,1.));
#7351=DIRECTION('ref_axis',(1.,0.,0.));
#7352=DIRECTION('center_axis',(0.999999999999844,-5.58799741765753E-7,0.));
#7353=DIRECTION('ref_axis',(5.58799741765753E-7,0.999999999999844,0.));
#7354=DIRECTION('',(-5.58799741765753E-7,-0.999999999999844,0.));
#7355=DIRECTION('center_axis',(0.,0.,-1.));
#7356=DIRECTION('ref_axis',(1.,0.,0.));
#7357=DIRECTION('center_axis',(0.,-1.,0.));
#7358=DIRECTION('ref_axis',(-1.,0.,0.));
#7359=DIRECTION('center_axis',(0.,0.,1.));
#7360=DIRECTION('ref_axis',(1.,0.,0.));
#7361=DIRECTION('center_axis',(0.,0.,1.));
#7362=DIRECTION('ref_axis',(1.,0.,0.));
#7363=DIRECTION('',(0.,0.,-1.));
#7364=DIRECTION('center_axis',(0.,0.,1.));
#7365=DIRECTION('ref_axis',(1.,0.,0.));
#7366=DIRECTION('center_axis',(0.,0.,1.));
#7367=DIRECTION('ref_axis',(1.,0.,0.));
#7368=DIRECTION('center_axis',(0.,0.,1.));
#7369=DIRECTION('ref_axis',(1.,0.,0.));
#7370=DIRECTION('center_axis',(0.,0.,1.));
#7371=DIRECTION('ref_axis',(1.,0.,0.));
#7372=DIRECTION('',(0.,0.,1.));
#7373=DIRECTION('center_axis',(0.,0.,1.));
#7374=DIRECTION('ref_axis',(1.,0.,0.));
#7375=DIRECTION('center_axis',(0.,0.,1.));
#7376=DIRECTION('ref_axis',(1.,0.,0.));
#7377=DIRECTION('',(0.,0.,-1.));
#7378=DIRECTION('center_axis',(0.,0.,1.));
#7379=DIRECTION('ref_axis',(1.,0.,0.));
#7380=DIRECTION('center_axis',(0.,0.,1.));
#7381=DIRECTION('ref_axis',(1.,0.,0.));
#7382=DIRECTION('center_axis',(0.,0.,1.));
#7383=DIRECTION('ref_axis',(1.,0.,0.));
#7384=DIRECTION('center_axis',(-2.75949722188828E-16,1.82909243306994E-14,
1.));
#7385=DIRECTION('ref_axis',(-1.,2.2914469736574E-16,-2.75949722188832E-16));
#7386=DIRECTION('center_axis',(2.75949722188828E-16,-1.82909243306994E-14,
-1.));
#7387=DIRECTION('ref_axis',(1.,0.,0.));
#7388=DIRECTION('center_axis',(0.867676615739918,0.497129048133503,0.));
#7389=DIRECTION('ref_axis',(0.3515233210601,-0.613540018866642,0.707106781186547));
#7390=DIRECTION('',(-0.867676615739918,-0.497129048133503,0.));
#7391=DIRECTION('center_axis',(0.86436469251259,-0.502865467434001,0.));
#7392=DIRECTION('ref_axis',(-0.502865467434001,-0.86436469251259,0.));
#7393=DIRECTION('',(0.867676615739918,0.497129048133503,0.));
#7394=DIRECTION('center_axis',(0.00331192322722355,0.999994515567229,8.88173548545313E-14));
#7395=DIRECTION('ref_axis',(0.999994515567229,-0.00331192322722355,5.12787237339684E-14));
#7396=DIRECTION('center_axis',(-0.00331192322717827,-0.999994515567229,
0.));
#7397=DIRECTION('ref_axis',(-0.707102903106865,0.00234188337261314,0.707106781186628));
#7398=DIRECTION('',(0.00331192322717827,0.999994515567229,0.));
#7399=DIRECTION('center_axis',(-0.867676615739837,-0.497129048133644,0.));
#7400=DIRECTION('ref_axis',(-0.497129048133644,0.867676615739837,0.));
#7401=DIRECTION('',(-0.00331192322717827,-0.999994515567229,0.));
#7402=DIRECTION('center_axis',(-0.864364692512746,0.502865467433732,0.));
#7403=DIRECTION('ref_axis',(0.355579582046789,0.611198135493832,0.707106781186755));
#7404=DIRECTION('',(-0.864364692512746,0.502865467433732,0.));
#7405=DIRECTION('',(0.864364692512746,-0.502865467433732,0.));
#7406=DIRECTION('center_axis',(0.502865467433732,0.864364692512746,0.));
#7407=DIRECTION('ref_axis',(-0.864364692512746,0.502865467433732,0.));
#7408=DIRECTION('',(0.,0.,1.));
#7409=DIRECTION('',(0.864364692512746,-0.502865467433732,0.));
#7410=DIRECTION('',(0.,0.,1.));
#7411=DIRECTION('center_axis',(0.497129048133503,-0.867676615739918,0.));
#7412=DIRECTION('ref_axis',(0.867676615739918,0.497129048133503,0.));
#7413=DIRECTION('',(0.,0.,1.));
#7414=DIRECTION('',(-0.867676615739918,-0.497129048133503,0.));
#7415=DIRECTION('center_axis',(0.,0.,1.));
#7416=DIRECTION('ref_axis',(1.,0.,0.));
#7417=DIRECTION('center_axis',(-0.999994515567229,0.00331192322717827,0.));
#7418=DIRECTION('ref_axis',(-0.00331192322717827,-0.999994515567229,0.));
#7419=DIRECTION('',(0.00331192322717827,0.999994515567229,0.));
#7420=DIRECTION('center_axis',(0.,0.,-1.));
#7421=DIRECTION('ref_axis',(1.,0.,0.));
#7422=DIRECTION('center_axis',(0.,-1.,0.));
#7423=DIRECTION('ref_axis',(-1.,0.,0.));
#7424=DIRECTION('center_axis',(0.,0.,1.));
#7425=DIRECTION('ref_axis',(1.,0.,0.));
#7426=DIRECTION('center_axis',(0.,0.,1.));
#7427=DIRECTION('ref_axis',(1.,0.,0.));
#7428=DIRECTION('',(0.,0.,-1.));
#7429=DIRECTION('center_axis',(0.,0.,1.));
#7430=DIRECTION('ref_axis',(1.,0.,0.));
#7431=DIRECTION('center_axis',(0.,0.,1.));
#7432=DIRECTION('ref_axis',(1.,0.,0.));
#7433=DIRECTION('center_axis',(0.,0.,1.));
#7434=DIRECTION('ref_axis',(1.,0.,0.));
#7435=DIRECTION('center_axis',(0.,0.,1.));
#7436=DIRECTION('ref_axis',(1.,0.,0.));
#7437=DIRECTION('',(0.,0.,1.));
#7438=DIRECTION('center_axis',(0.,0.,1.));
#7439=DIRECTION('ref_axis',(1.,0.,0.));
#7440=DIRECTION('center_axis',(0.,0.,1.));
#7441=DIRECTION('ref_axis',(1.,0.,0.));
#7442=DIRECTION('',(0.,0.,-1.));
#7443=DIRECTION('center_axis',(0.,0.,1.));
#7444=DIRECTION('ref_axis',(1.,0.,0.));
#7445=DIRECTION('center_axis',(0.,0.,1.));
#7446=DIRECTION('ref_axis',(1.,0.,0.));
#7447=DIRECTION('center_axis',(0.,0.,1.));
#7448=DIRECTION('ref_axis',(1.,0.,0.));
#7449=DIRECTION('center_axis',(-2.75949722188829E-16,1.82909243306994E-14,
1.));
#7450=DIRECTION('ref_axis',(-1.,2.2914469736574E-16,-2.75949722188833E-16));
#7451=DIRECTION('center_axis',(2.75949722188829E-16,-1.82909243306994E-14,
-1.));
#7452=DIRECTION('ref_axis',(1.,0.,0.));
#7453=DIRECTION('center_axis',(0.50000990899975,-0.86601968274518,0.));
#7454=DIRECTION('ref_axis',(-0.612368390309424,-0.353560397314392,0.707106781187067));
#7455=DIRECTION('',(-0.50000990899975,0.86601968274518,0.));
#7456=DIRECTION('center_axis',(-0.499990090934705,-0.866031124710368,0.));
#7457=DIRECTION('ref_axis',(-0.866031124710368,0.499990090934705,0.));
#7458=DIRECTION('',(0.50000990899975,-0.86601968274518,0.));
#7459=DIRECTION('center_axis',(0.999999999934541,1.14419648866738E-5,1.2703132864138E-19));
#7460=DIRECTION('ref_axis',(1.14419648866738E-5,-0.999999999934541,7.33415717865735E-20));
#7461=DIRECTION('center_axis',(-0.999999999934541,-1.14419651387947E-5,
0.));
#7462=DIRECTION('ref_axis',(-8.09068995660459E-6,0.707106781140277,0.707106781186532));
#7463=DIRECTION('',(0.999999999934541,1.14419651387947E-5,0.));
#7464=DIRECTION('center_axis',(-0.50000990899986,0.866019682745116,5.76884994937333E-14));
#7465=DIRECTION('ref_axis',(0.866019682745116,0.50000990899986,3.33064707118623E-14));
#7466=DIRECTION('',(-0.999999999934541,-1.14419651387947E-5,0.));
#7467=DIRECTION('center_axis',(0.499990090934788,0.866031124710321,0.));
#7468=DIRECTION('ref_axis',(0.612376481001112,-0.353546383825962,0.707106781186746));
#7469=DIRECTION('',(0.499990090934788,0.86603112471032,0.));
#7470=DIRECTION('',(-0.499990090934788,-0.86603112471032,0.));
#7471=DIRECTION('center_axis',(0.866031124710321,-0.499990090934788,0.));
#7472=DIRECTION('ref_axis',(0.499990090934788,0.86603112471032,0.));
#7473=DIRECTION('',(0.,0.,1.));
#7474=DIRECTION('',(-0.499990090934788,-0.86603112471032,0.));
#7475=DIRECTION('',(0.,0.,1.));
#7476=DIRECTION('center_axis',(-0.86601968274518,-0.50000990899975,0.));
#7477=DIRECTION('ref_axis',(0.50000990899975,-0.86601968274518,0.));
#7478=DIRECTION('',(0.,0.,1.));
#7479=DIRECTION('',(-0.50000990899975,0.86601968274518,0.));
#7480=DIRECTION('center_axis',(0.,0.,1.));
#7481=DIRECTION('ref_axis',(1.,0.,0.));
#7482=DIRECTION('center_axis',(-1.14419651387947E-5,0.999999999934541,0.));
#7483=DIRECTION('ref_axis',(-0.999999999934541,-1.14419651387947E-5,0.));
#7484=DIRECTION('',(0.999999999934541,1.14419651387947E-5,0.));
#7485=DIRECTION('center_axis',(0.,0.,-1.));
#7486=DIRECTION('ref_axis',(1.,0.,0.));
#7487=DIRECTION('center_axis',(1.55275947500021E-16,-1.,0.));
#7488=DIRECTION('ref_axis',(-1.,-1.55275947500021E-16,0.));
#7489=DIRECTION('center_axis',(0.,0.,1.));
#7490=DIRECTION('ref_axis',(1.,0.,0.));
#7491=DIRECTION('center_axis',(0.,0.,1.));
#7492=DIRECTION('ref_axis',(1.,0.,0.));
#7493=DIRECTION('',(0.,0.,-1.));
#7494=DIRECTION('center_axis',(0.,0.,1.));
#7495=DIRECTION('ref_axis',(1.,0.,0.));
#7496=DIRECTION('center_axis',(0.,0.,1.));
#7497=DIRECTION('ref_axis',(1.,0.,0.));
#7498=DIRECTION('center_axis',(0.,0.,1.));
#7499=DIRECTION('ref_axis',(1.,0.,0.));
#7500=DIRECTION('center_axis',(0.,0.,1.));
#7501=DIRECTION('ref_axis',(1.,0.,0.));
#7502=DIRECTION('',(0.,0.,1.));
#7503=DIRECTION('center_axis',(0.,0.,1.));
#7504=DIRECTION('ref_axis',(1.,0.,0.));
#7505=DIRECTION('center_axis',(0.,0.,1.));
#7506=DIRECTION('ref_axis',(1.,0.,0.));
#7507=DIRECTION('',(0.,0.,-1.));
#7508=DIRECTION('center_axis',(0.,0.,1.));
#7509=DIRECTION('ref_axis',(1.,0.,0.));
#7510=DIRECTION('center_axis',(0.,0.,1.));
#7511=DIRECTION('ref_axis',(1.,0.,0.));
#7512=DIRECTION('center_axis',(0.,0.,1.));
#7513=DIRECTION('ref_axis',(1.,0.,0.));
#7514=DIRECTION('axis',(0.,0.,1.));
#7515=DIRECTION('refdir',(1.,0.,0.));
#7516=DIRECTION('center_axis',(0.,1.,0.));
#7517=DIRECTION('ref_axis',(-1.,0.,0.));
#7518=DIRECTION('',(1.,0.,0.));
#7519=DIRECTION('',(0.,0.,1.));
#7520=DIRECTION('',(1.,0.,0.));
#7521=DIRECTION('',(0.,0.,1.));
#7522=DIRECTION('center_axis',(-1.,0.,0.));
#7523=DIRECTION('ref_axis',(0.,-1.,0.));
#7524=DIRECTION('',(0.,1.,0.));
#7525=DIRECTION('',(0.,0.,1.));
#7526=DIRECTION('',(0.,1.,0.));
#7527=DIRECTION('center_axis',(0.,-1.,0.));
#7528=DIRECTION('ref_axis',(1.,0.,0.));
#7529=DIRECTION('',(-1.,0.,0.));
#7530=DIRECTION('',(0.,0.,1.));
#7531=DIRECTION('',(-1.,0.,0.));
#7532=DIRECTION('center_axis',(1.,0.,0.));
#7533=DIRECTION('ref_axis',(0.,1.,0.));
#7534=DIRECTION('',(0.,-1.,0.));
#7535=DIRECTION('',(0.,0.,1.));
#7536=DIRECTION('',(0.,-1.,0.));
#7537=DIRECTION('center_axis',(1.77635683940025E-15,-1.,0.));
#7538=DIRECTION('ref_axis',(1.,1.77635683940025E-15,0.));
#7539=DIRECTION('',(-1.,-1.77635683940025E-15,0.));
#7540=DIRECTION('',(0.,0.,1.));
#7541=DIRECTION('',(-1.,-1.77635683940025E-15,0.));
#7542=DIRECTION('center_axis',(0.,0.,1.));
#7543=DIRECTION('ref_axis',(-1.,0.,0.));
#7544=DIRECTION('',(0.707106781186539,0.707106781186556,0.));
#7545=DIRECTION('',(0.,1.,0.));
#7546=DIRECTION('',(-1.,6.72113923217486E-15,0.));
#7547=DIRECTION('',(-3.58530738227574E-15,-1.,0.));
#7548=DIRECTION('center_axis',(0.,0.,-1.));
#7549=DIRECTION('ref_axis',(1.,0.,0.));
#7550=DIRECTION('',(-0.707106781186548,-0.707106781186548,0.));
#7551=DIRECTION('center_axis',(0.,0.,-1.));
#7552=DIRECTION('ref_axis',(0.899266619473016,0.437400899749387,0.));
#7553=DIRECTION('',(1.,0.,0.));
#7554=DIRECTION('',(0.,1.,0.));
#7555=DIRECTION('center_axis',(0.,0.,1.));
#7556=DIRECTION('ref_axis',(0.940425435640704,0.339999999999988,0.));
#7557=DIRECTION('center_axis',(-1.,0.,0.));
#7558=DIRECTION('ref_axis',(0.,-1.,0.));
#7559=DIRECTION('',(0.,1.,0.));
#7560=DIRECTION('',(0.,0.,1.));
#7561=DIRECTION('center_axis',(0.,1.,0.));
#7562=DIRECTION('ref_axis',(-1.,0.,0.));
#7563=DIRECTION('',(1.,0.,0.));
#7564=DIRECTION('',(0.,0.,1.));
#7565=DIRECTION('center_axis',(0.,0.,1.));
#7566=DIRECTION('ref_axis',(0.899266619473016,0.437400899749387,0.));
#7567=DIRECTION('center_axis',(0.,0.,-1.));
#7568=DIRECTION('ref_axis',(0.899266619473016,0.437400899749387,0.));
#7569=DIRECTION('',(0.,0.,1.));
#7570=DIRECTION('center_axis',(0.707106781186548,-0.707106781186548,0.));
#7571=DIRECTION('ref_axis',(0.707106781186548,0.707106781186548,0.));
#7572=DIRECTION('',(-0.707106781186548,-0.707106781186548,0.));
#7573=DIRECTION('',(0.,0.,1.));
#7574=DIRECTION('center_axis',(0.,0.,1.));
#7575=DIRECTION('ref_axis',(1.,0.,0.));
#7576=DIRECTION('center_axis',(0.,0.,-1.));
#7577=DIRECTION('ref_axis',(1.,0.,0.));
#7578=DIRECTION('',(0.,0.,1.));
#7579=DIRECTION('center_axis',(1.,-3.58530738227574E-15,0.));
#7580=DIRECTION('ref_axis',(3.58530738227574E-15,1.,0.));
#7581=DIRECTION('',(-3.58530738227574E-15,-1.,0.));
#7582=DIRECTION('',(0.,0.,1.));
#7583=DIRECTION('center_axis',(-6.72113923217486E-15,-1.,0.));
#7584=DIRECTION('ref_axis',(1.,-6.72113923217486E-15,0.));
#7585=DIRECTION('',(-1.,6.72113923217486E-15,0.));
#7586=DIRECTION('',(0.,0.,1.));
#7587=DIRECTION('center_axis',(-1.,0.,0.));
#7588=DIRECTION('ref_axis',(0.,-1.,0.));
#7589=DIRECTION('',(0.,1.,0.));
#7590=DIRECTION('',(0.,0.,1.));
#7591=DIRECTION('center_axis',(-0.707106781186556,0.707106781186539,0.));
#7592=DIRECTION('ref_axis',(-0.707106781186539,-0.707106781186556,0.));
#7593=DIRECTION('',(0.707106781186539,0.707106781186556,0.));
#7594=DIRECTION('',(0.,0.,1.));
#7595=DIRECTION('center_axis',(0.,0.,1.));
#7596=DIRECTION('ref_axis',(0.940425435640704,0.339999999999988,0.));
#7597=DIRECTION('center_axis',(0.,0.,1.));
#7598=DIRECTION('ref_axis',(0.940425435640704,0.339999999999988,0.));
#7599=DIRECTION('center_axis',(0.,0.,-1.));
#7600=DIRECTION('ref_axis',(-1.,0.,0.));
#7601=DIRECTION('center_axis',(0.,0.,-1.));
#7602=DIRECTION('ref_axis',(-1.,0.,0.));
#7603=DIRECTION('center_axis',(0.,0.,-1.));
#7604=DIRECTION('ref_axis',(0.899266619473016,0.437400899749387,0.));
#7605=DIRECTION('',(1.,0.,0.));
#7606=DIRECTION('',(0.,1.,0.));
#7607=DIRECTION('',(1.,0.,0.));
#7608=DIRECTION('',(0.,1.,0.));
#7609=DIRECTION('',(-1.,0.,0.));
#7610=DIRECTION('',(0.,-1.,0.));
#7611=DIRECTION('',(-1.,-1.77635683940025E-15,0.));
#7612=DIRECTION('center_axis',(0.,0.,1.));
#7613=DIRECTION('ref_axis',(0.940425435640704,0.339999999999988,0.));
#7614=DIRECTION('',(0.707106781186539,0.707106781186556,0.));
#7615=DIRECTION('',(0.,1.,0.));
#7616=DIRECTION('',(-1.,6.72113923217486E-15,0.));
#7617=DIRECTION('',(-3.58530738227574E-15,-1.,0.));
#7618=DIRECTION('center_axis',(0.,0.,-1.));
#7619=DIRECTION('ref_axis',(1.,0.,0.));
#7620=DIRECTION('',(-0.707106781186548,-0.707106781186548,0.));
#7621=DIRECTION('center_axis',(1.77635683940025E-15,-1.,0.));
#7622=DIRECTION('ref_axis',(1.,1.77635683940025E-15,0.));
#7623=DIRECTION('',(0.,0.,1.));
#7624=DIRECTION('',(1.,1.77635683940025E-15,0.));
#7625=DIRECTION('',(0.,0.,1.));
#7626=DIRECTION('center_axis',(1.,0.,0.));
#7627=DIRECTION('ref_axis',(0.,1.,0.));
#7628=DIRECTION('',(0.,0.,1.));
#7629=DIRECTION('',(0.,-1.,0.));
#7630=DIRECTION('',(0.,0.,1.));
#7631=DIRECTION('center_axis',(0.,-1.,0.));
#7632=DIRECTION('ref_axis',(1.,0.,0.));
#7633=DIRECTION('',(0.,0.,1.));
#7634=DIRECTION('',(-1.,0.,0.));
#7635=DIRECTION('center_axis',(-1.,0.,0.));
#7636=DIRECTION('ref_axis',(0.,-1.,0.));
#7637=DIRECTION('',(0.,0.,1.));
#7638=DIRECTION('',(0.,1.,0.));
#7639=DIRECTION('center_axis',(0.,1.,0.));
#7640=DIRECTION('ref_axis',(-1.,0.,0.));
#7641=DIRECTION('',(0.,0.,1.));
#7642=DIRECTION('',(-1.,0.,0.));
#7643=DIRECTION('center_axis',(-1.,0.,0.));
#7644=DIRECTION('ref_axis',(0.,-1.,0.));
#7645=DIRECTION('',(0.,0.,1.));
#7646=DIRECTION('',(0.,-1.,0.));
#7647=DIRECTION('',(0.,0.,-1.));
#7648=DIRECTION('',(0.,1.,0.));
#7649=DIRECTION('center_axis',(0.,1.,0.));
#7650=DIRECTION('ref_axis',(-1.,0.,0.));
#7651=DIRECTION('',(0.,0.,1.));
#7652=DIRECTION('',(-1.,0.,0.));
#7653=DIRECTION('center_axis',(0.,0.,1.));
#7654=DIRECTION('ref_axis',(1.,0.,0.));
#7655=DIRECTION('',(0.,0.,1.));
#7656=DIRECTION('center_axis',(0.,0.,-1.));
#7657=DIRECTION('ref_axis',(1.,0.,0.));
#7658=DIRECTION('',(0.,0.,1.));
#7659=DIRECTION('center_axis',(0.,0.,-1.));
#7660=DIRECTION('ref_axis',(1.,0.,0.));
#7661=DIRECTION('center_axis',(1.62224368895E-15,-1.,0.));
#7662=DIRECTION('ref_axis',(1.,1.62224368895E-15,0.));
#7663=DIRECTION('',(1.,1.62224368895E-15,0.));
#7664=DIRECTION('',(1.,1.62224368895E-15,0.));
#7665=DIRECTION('center_axis',(0.,0.,1.));
#7666=DIRECTION('ref_axis',(-1.,0.,0.));
#7667=DIRECTION('center_axis',(0.,0.,1.));
#7668=DIRECTION('ref_axis',(0.899266619473016,0.437400899749387,0.));
#7669=DIRECTION('',(0.707106781186548,0.707106781186548,0.));
#7670=DIRECTION('center_axis',(0.,0.,-1.));
#7671=DIRECTION('ref_axis',(0.940425435640704,0.339999999999988,0.));
#7672=DIRECTION('center_axis',(0.,0.,1.));
#7673=DIRECTION('ref_axis',(0.899266619473016,0.437400899749387,0.));
#7674=DIRECTION('',(0.,0.,1.));
#7675=DIRECTION('center_axis',(0.,0.,1.));
#7676=DIRECTION('ref_axis',(-1.,0.,0.));
#7677=DIRECTION('center_axis',(0.707106781186548,-0.707106781186548,0.));
#7678=DIRECTION('ref_axis',(0.707106781186548,0.707106781186548,0.));
#7679=DIRECTION('',(0.,0.,1.));
#7680=DIRECTION('',(-0.707106781186547,-0.707106781186547,0.));
#7681=DIRECTION('center_axis',(0.,0.,1.));
#7682=DIRECTION('ref_axis',(1.,0.,0.));
#7683=DIRECTION('',(0.,0.,1.));
#7684=DIRECTION('center_axis',(0.,0.,1.));
#7685=DIRECTION('ref_axis',(1.,0.,0.));
#7686=DIRECTION('center_axis',(1.,-3.58530738227574E-15,0.));
#7687=DIRECTION('ref_axis',(3.58530738227574E-15,1.,0.));
#7688=DIRECTION('',(0.,0.,1.));
#7689=DIRECTION('',(-3.58530738227574E-15,-1.,0.));
#7690=DIRECTION('center_axis',(-6.72113923217486E-15,-1.,0.));
#7691=DIRECTION('ref_axis',(1.,-6.72113923217486E-15,0.));
#7692=DIRECTION('',(0.,0.,1.));
#7693=DIRECTION('',(1.,-6.72113923217486E-15,0.));
#7694=DIRECTION('center_axis',(-1.,0.,0.));
#7695=DIRECTION('ref_axis',(0.,-1.,0.));
#7696=DIRECTION('',(0.,0.,1.));
#7697=DIRECTION('',(0.,-1.,0.));
#7698=DIRECTION('center_axis',(-0.707106781186556,0.707106781186539,0.));
#7699=DIRECTION('ref_axis',(-0.707106781186539,-0.707106781186556,0.));
#7700=DIRECTION('',(0.,0.,1.));
#7701=DIRECTION('',(-0.707106781186539,-0.707106781186556,0.));
#7702=DIRECTION('center_axis',(0.,0.,1.));
#7703=DIRECTION('ref_axis',(0.940425435640704,0.339999999999988,0.));
#7704=DIRECTION('center_axis',(0.,0.,1.));
#7705=DIRECTION('ref_axis',(-1.,0.,0.));
#7706=DIRECTION('axis',(0.,0.,1.));
#7707=DIRECTION('refdir',(1.,0.,0.));
#7708=DIRECTION('center_axis',(-0.707106781186586,0.707106781186509,0.));
#7709=DIRECTION('ref_axis',(0.499999999999967,0.499999999999967,0.707106781186594));
#7710=DIRECTION('',(0.707106781186586,-0.707106781186509,0.));
#7711=DIRECTION('center_axis',(9.42055475210409E-14,1.,-8.88178419700144E-14));
#7712=DIRECTION('ref_axis',(1.,-9.42055475210488E-14,-8.88178419699879E-14));
#7713=DIRECTION('',(-0.707106781186586,0.707106781186509,0.));
#7714=DIRECTION('center_axis',(-0.92387953251129,0.382683432365083,-5.0983674930517E-14));
#7715=DIRECTION('ref_axis',(0.382683432365083,0.923879532511289,-1.23085479476878E-13));
#7716=DIRECTION('center_axis',(0.707106781186551,0.707106781186544,0.));
#7717=DIRECTION('ref_axis',(0.499999999999951,-0.500000000000014,0.707106781186572));
#7718=DIRECTION('',(-0.707106781186551,-0.707106781186544,0.));
#7719=DIRECTION('center_axis',(0.923879532511293,0.382683432365076,0.));
#7720=DIRECTION('ref_axis',(0.382683432365076,-0.923879532511292,0.));
#7721=DIRECTION('',(0.707106781186551,0.707106781186544,0.));
#7722=DIRECTION('center_axis',(1.,0.,0.));
#7723=DIRECTION('ref_axis',(0.,-0.707106781186563,0.707106781186532));
#7724=DIRECTION('',(-1.,0.,0.));
#7725=DIRECTION('center_axis',(0.707106781186618,-0.707106781186477,0.));
#7726=DIRECTION('ref_axis',(-0.707106781186477,-0.707106781186618,0.));
#7727=DIRECTION('',(1.,0.,0.));
#7728=DIRECTION('center_axis',(0.,-1.,0.));
#7729=DIRECTION('ref_axis',(-0.707106781186233,0.,0.707106781186861));
#7730=DIRECTION('',(0.,-1.,0.));
#7731=DIRECTION('',(0.,1.,0.));
#7732=DIRECTION('center_axis',(-0.70710678118661,-0.707106781186485,0.));
#7733=DIRECTION('ref_axis',(-0.707106781186485,0.70710678118661,0.));
#7734=DIRECTION('center_axis',(-1.,0.,0.));
#7735=DIRECTION('ref_axis',(0.,0.707106781186548,0.707106781186548));
#7736=DIRECTION('',(-1.,0.,0.));
#7737=DIRECTION('',(1.,0.,0.));
#7738=DIRECTION('center_axis',(-1.,0.,0.));
#7739=DIRECTION('ref_axis',(0.,-1.,0.));
#7740=DIRECTION('',(0.,0.,1.));
#7741=DIRECTION('',(0.,1.,0.));
#7742=DIRECTION('',(0.,0.,1.));
#7743=DIRECTION('center_axis',(0.,1.,0.));
#7744=DIRECTION('ref_axis',(-1.,0.,0.));
#7745=DIRECTION('',(0.,0.,1.));
#7746=DIRECTION('',(1.,0.,0.));
#7747=DIRECTION('center_axis',(0.707106781186509,0.707106781186586,0.));
#7748=DIRECTION('ref_axis',(-0.707106781186586,0.707106781186509,0.));
#7749=DIRECTION('',(0.,0.,1.));
#7750=DIRECTION('',(0.707106781186586,-0.707106781186509,0.));
#7751=DIRECTION('center_axis',(0.,0.,1.));
#7752=DIRECTION('ref_axis',(1.,0.,0.));
#7753=DIRECTION('center_axis',(0.707106781186544,-0.707106781186551,0.));
#7754=DIRECTION('ref_axis',(0.707106781186551,0.707106781186544,0.));
#7755=DIRECTION('',(0.,0.,1.));
#7756=DIRECTION('',(-0.707106781186551,-0.707106781186544,0.));
#7757=DIRECTION('center_axis',(0.,-1.,0.));
#7758=DIRECTION('ref_axis',(1.,0.,0.));
#7759=DIRECTION('',(-1.,0.,0.));
#7760=DIRECTION('center_axis',(-2.75949722188828E-16,1.82909243306994E-14,
1.));
#7761=DIRECTION('ref_axis',(-1.,2.2914469736574E-16,-2.75949722188832E-16));
#7762=DIRECTION('center_axis',(2.75949722188828E-16,-1.82909243306994E-14,
-1.));
#7763=DIRECTION('ref_axis',(1.,0.,0.));
#7764=DIRECTION('center_axis',(0.,0.,-1.));
#7765=DIRECTION('ref_axis',(1.,0.,0.));
#7766=DIRECTION('center_axis',(0.,-1.,0.));
#7767=DIRECTION('ref_axis',(-1.,0.,0.));
#7768=DIRECTION('center_axis',(0.,0.,1.));
#7769=DIRECTION('ref_axis',(1.,0.,0.));
#7770=DIRECTION('center_axis',(0.,0.,1.));
#7771=DIRECTION('ref_axis',(1.,0.,0.));
#7772=DIRECTION('',(0.,0.,-1.));
#7773=DIRECTION('center_axis',(0.,0.,1.));
#7774=DIRECTION('ref_axis',(1.,0.,0.));
#7775=DIRECTION('center_axis',(0.,0.,1.));
#7776=DIRECTION('ref_axis',(1.,0.,0.));
#7777=DIRECTION('center_axis',(0.,0.,1.));
#7778=DIRECTION('ref_axis',(1.,0.,0.));
#7779=DIRECTION('center_axis',(0.,0.,1.));
#7780=DIRECTION('ref_axis',(1.,0.,0.));
#7781=DIRECTION('',(0.,0.,1.));
#7782=DIRECTION('center_axis',(0.,0.,1.));
#7783=DIRECTION('ref_axis',(1.,0.,0.));
#7784=DIRECTION('center_axis',(0.,0.,1.));
#7785=DIRECTION('ref_axis',(1.,0.,0.));
#7786=DIRECTION('',(0.,0.,-1.));
#7787=DIRECTION('center_axis',(0.,0.,1.));
#7788=DIRECTION('ref_axis',(1.,0.,0.));
#7789=DIRECTION('center_axis',(0.,0.,1.));
#7790=DIRECTION('ref_axis',(1.,0.,0.));
#7791=DIRECTION('center_axis',(0.,0.,1.));
#7792=DIRECTION('ref_axis',(1.,0.,0.));
#7793=DIRECTION('center_axis',(1.,0.,0.));
#7794=DIRECTION('ref_axis',(0.,-0.707106781186548,0.707106781186548));
#7795=DIRECTION('',(-1.,0.,0.));
#7796=DIRECTION('center_axis',(0.707106781186618,-0.707106781186477,0.));
#7797=DIRECTION('ref_axis',(-0.707106781186477,-0.707106781186618,0.));
#7798=DIRECTION('',(1.,0.,0.));
#7799=DIRECTION('center_axis',(0.707106781186618,0.707106781186477,0.));
#7800=DIRECTION('ref_axis',(0.707106781186477,-0.707106781186618,0.));
#7801=DIRECTION('center_axis',(0.,-1.,0.));
#7802=DIRECTION('ref_axis',(-0.707106781186736,0.,0.707106781186359));
#7803=DIRECTION('',(0.,1.,0.));
#7804=DIRECTION('center_axis',(-0.70710678118661,-0.707106781186485,0.));
#7805=DIRECTION('ref_axis',(-0.707106781186485,0.70710678118661,0.));
#7806=DIRECTION('',(0.,-1.,0.));
#7807=DIRECTION('center_axis',(-1.,0.,0.));
#7808=DIRECTION('ref_axis',(0.,0.707106781186548,0.707106781186548));
#7809=DIRECTION('',(1.,0.,0.));
#7810=DIRECTION('center_axis',(-0.70710678118661,0.707106781186485,0.));
#7811=DIRECTION('ref_axis',(0.707106781186485,0.70710678118661,0.));
#7812=DIRECTION('',(-1.,0.,0.));
#7813=DIRECTION('center_axis',(0.,1.,0.));
#7814=DIRECTION('ref_axis',(0.707106781186233,0.,0.707106781186861));
#7815=DIRECTION('',(0.,1.,0.));
#7816=DIRECTION('',(0.,-1.,0.));
#7817=DIRECTION('center_axis',(1.,0.,0.));
#7818=DIRECTION('ref_axis',(0.,1.,0.));
#7819=DIRECTION('',(0.,0.,1.));
#7820=DIRECTION('',(0.,-1.,0.));
#7821=DIRECTION('',(0.,0.,1.));
#7822=DIRECTION('center_axis',(0.,-1.,0.));
#7823=DIRECTION('ref_axis',(1.,0.,0.));
#7824=DIRECTION('',(0.,0.,1.));
#7825=DIRECTION('',(-1.,0.,0.));
#7826=DIRECTION('center_axis',(0.,0.,1.));
#7827=DIRECTION('ref_axis',(1.,0.,0.));
#7828=DIRECTION('center_axis',(-1.,0.,0.));
#7829=DIRECTION('ref_axis',(0.,0.707106781186548,0.707106781186548));
#7830=DIRECTION('',(1.,0.,0.));
#7831=DIRECTION('center_axis',(-0.70710678118661,0.707106781186485,0.));
#7832=DIRECTION('ref_axis',(0.707106781186485,0.70710678118661,0.));
#7833=DIRECTION('',(-1.,0.,0.));
#7834=DIRECTION('center_axis',(-0.70710678118661,-0.707106781186485,0.));
#7835=DIRECTION('ref_axis',(-0.707106781186485,0.70710678118661,0.));
#7836=DIRECTION('center_axis',(0.,1.,0.));
#7837=DIRECTION('ref_axis',(0.707106781186736,0.,0.707106781186359));
#7838=DIRECTION('',(0.,-1.,0.));
#7839=DIRECTION('center_axis',(0.707106781186618,0.707106781186477,0.));
#7840=DIRECTION('ref_axis',(0.707106781186477,-0.707106781186618,0.));
#7841=DIRECTION('',(0.,1.,0.));
#7842=DIRECTION('center_axis',(1.,3.70074349806732E-15,0.));
#7843=DIRECTION('ref_axis',(0.,-0.707106781186548,0.707106781186548));
#7844=DIRECTION('',(-1.,-3.70074349806732E-15,0.));
#7845=DIRECTION('center_axis',(0.707106781186618,-0.707106781186477,0.));
#7846=DIRECTION('ref_axis',(-0.707106781186477,-0.707106781186618,0.));
#7847=DIRECTION('',(1.,3.70074349806732E-15,0.));
#7848=DIRECTION('center_axis',(0.,-1.,0.));
#7849=DIRECTION('ref_axis',(-0.707106781186233,0.,0.707106781186861));
#7850=DIRECTION('',(0.,-1.,0.));
#7851=DIRECTION('',(0.,1.,0.));
#7852=DIRECTION('center_axis',(-1.,0.,0.));
#7853=DIRECTION('ref_axis',(0.,-1.,0.));
#7854=DIRECTION('',(0.,0.,1.));
#7855=DIRECTION('',(0.,1.,0.));
#7856=DIRECTION('',(0.,0.,1.));
#7857=DIRECTION('center_axis',(0.,1.,0.));
#7858=DIRECTION('ref_axis',(-1.,0.,0.));
#7859=DIRECTION('',(0.,0.,1.));
#7860=DIRECTION('',(1.,0.,0.));
#7861=DIRECTION('center_axis',(0.,0.,1.));
#7862=DIRECTION('ref_axis',(1.,0.,0.));
#7863=DIRECTION('center_axis',(0.,-1.,0.));
#7864=DIRECTION('ref_axis',(-0.707106781186736,0.,0.707106781186359));
#7865=DIRECTION('',(0.,1.,0.));
#7866=DIRECTION('center_axis',(-0.70710678118661,-0.707106781186485,0.));
#7867=DIRECTION('ref_axis',(-0.707106781186485,0.70710678118661,0.));
#7868=DIRECTION('',(0.,-1.,0.));
#7869=DIRECTION('center_axis',(0.707106781186618,-0.707106781186477,0.));
#7870=DIRECTION('ref_axis',(-0.707106781186477,-0.707106781186618,0.));
#7871=DIRECTION('center_axis',(-1.,0.,0.));
#7872=DIRECTION('ref_axis',(0.,0.707106781186548,0.707106781186548));
#7873=DIRECTION('',(1.,0.,0.));
#7874=DIRECTION('center_axis',(-0.70710678118661,0.707106781186485,0.));
#7875=DIRECTION('ref_axis',(0.707106781186485,0.70710678118661,0.));
#7876=DIRECTION('',(-1.,0.,0.));
#7877=DIRECTION('center_axis',(0.,1.,0.));
#7878=DIRECTION('ref_axis',(0.707106781186233,0.,0.707106781186861));
#7879=DIRECTION('',(0.,-1.,0.));
#7880=DIRECTION('center_axis',(0.707106781186618,0.707106781186477,0.));
#7881=DIRECTION('ref_axis',(0.707106781186477,-0.707106781186618,0.));
#7882=DIRECTION('',(0.,1.,0.));
#7883=DIRECTION('center_axis',(1.,-3.70074349806732E-15,0.));
#7884=DIRECTION('ref_axis',(0.,-0.707106781186563,0.707106781186532));
#7885=DIRECTION('',(1.,-3.70074349806732E-15,0.));
#7886=DIRECTION('',(-1.,3.70074349806732E-15,0.));
#7887=DIRECTION('center_axis',(-3.70074349806732E-15,-1.,0.));
#7888=DIRECTION('ref_axis',(1.,-3.70074349806732E-15,0.));
#7889=DIRECTION('',(0.,0.,1.));
#7890=DIRECTION('',(-1.,3.70074349806732E-15,0.));
#7891=DIRECTION('',(0.,0.,1.));
#7892=DIRECTION('center_axis',(-1.,0.,0.));
#7893=DIRECTION('ref_axis',(0.,-1.,0.));
#7894=DIRECTION('',(0.,0.,1.));
#7895=DIRECTION('',(0.,1.,0.));
#7896=DIRECTION('center_axis',(0.,0.,1.));
#7897=DIRECTION('ref_axis',(1.,0.,0.));
#7898=DIRECTION('center_axis',(-1.,0.,0.));
#7899=DIRECTION('ref_axis',(0.,-1.,0.));
#7900=DIRECTION('',(0.,0.,1.));
#7901=DIRECTION('',(0.,1.,0.));
#7902=DIRECTION('center_axis',(0.,1.,0.));
#7903=DIRECTION('ref_axis',(-1.,0.,0.));
#7904=DIRECTION('',(1.,0.,0.));
#7905=DIRECTION('center_axis',(3.70074349806732E-15,-1.,0.));
#7906=DIRECTION('ref_axis',(1.,3.70074349806732E-15,0.));
#7907=DIRECTION('',(-1.,-3.70074349806732E-15,0.));
#7908=DIRECTION('',(0.,0.,1.));
#7909=DIRECTION('center_axis',(1.,0.,0.));
#7910=DIRECTION('ref_axis',(0.,1.,0.));
#7911=DIRECTION('',(0.,-1.,0.));
#7912=DIRECTION('center_axis',(0.,1.,0.));
#7913=DIRECTION('ref_axis',(-1.,0.,0.));
#7914=DIRECTION('',(0.,0.,1.));
#7915=DIRECTION('',(1.,0.,0.));
#7916=DIRECTION('center_axis',(1.,0.,0.));
#7917=DIRECTION('ref_axis',(0.,1.,0.));
#7918=DIRECTION('',(0.,-1.,0.));
#7919=DIRECTION('center_axis',(-2.75949722188828E-16,1.82909243306994E-14,
1.));
#7920=DIRECTION('ref_axis',(-1.,2.2914469736574E-16,-2.75949722188832E-16));
#7921=DIRECTION('center_axis',(2.75949722188828E-16,-1.82909243306994E-14,
-1.));
#7922=DIRECTION('ref_axis',(1.,0.,0.));
#7923=DIRECTION('center_axis',(0.,0.,-1.));
#7924=DIRECTION('ref_axis',(1.,0.,0.));
#7925=DIRECTION('center_axis',(0.,-1.,0.));
#7926=DIRECTION('ref_axis',(-1.,0.,0.));
#7927=DIRECTION('center_axis',(0.,0.,1.));
#7928=DIRECTION('ref_axis',(1.,0.,0.));
#7929=DIRECTION('center_axis',(0.,0.,1.));
#7930=DIRECTION('ref_axis',(1.,0.,0.));
#7931=DIRECTION('',(0.,0.,-1.));
#7932=DIRECTION('center_axis',(0.,0.,1.));
#7933=DIRECTION('ref_axis',(1.,0.,0.));
#7934=DIRECTION('center_axis',(0.,0.,1.));
#7935=DIRECTION('ref_axis',(1.,0.,0.));
#7936=DIRECTION('center_axis',(0.,0.,1.));
#7937=DIRECTION('ref_axis',(1.,0.,0.));
#7938=DIRECTION('center_axis',(0.,0.,1.));
#7939=DIRECTION('ref_axis',(1.,0.,0.));
#7940=DIRECTION('',(0.,0.,1.));
#7941=DIRECTION('center_axis',(0.,0.,1.));
#7942=DIRECTION('ref_axis',(1.,0.,0.));
#7943=DIRECTION('center_axis',(0.,0.,1.));
#7944=DIRECTION('ref_axis',(1.,0.,0.));
#7945=DIRECTION('',(0.,0.,-1.));
#7946=DIRECTION('center_axis',(0.,0.,1.));
#7947=DIRECTION('ref_axis',(1.,0.,0.));
#7948=DIRECTION('center_axis',(0.,0.,1.));
#7949=DIRECTION('ref_axis',(1.,0.,0.));
#7950=DIRECTION('center_axis',(0.,0.,1.));
#7951=DIRECTION('ref_axis',(1.,0.,0.));
#7952=DIRECTION('center_axis',(-1.,0.,0.));
#7953=DIRECTION('ref_axis',(0.,0.707106781186548,0.707106781186548));
#7954=DIRECTION('',(1.,0.,0.));
#7955=DIRECTION('center_axis',(-0.500000000000086,0.866025403784389,3.84592537276699E-14));
#7956=DIRECTION('ref_axis',(0.866025403784389,0.500000000000086,2.22044604925074E-14));
#7957=DIRECTION('',(-1.,0.,0.));
#7958=DIRECTION('center_axis',(-0.499999999999932,-0.866025403784478,0.));
#7959=DIRECTION('ref_axis',(-0.866025403784478,0.499999999999933,0.));
#7960=DIRECTION('center_axis',(0.499999999999994,0.866025403784442,0.));
#7961=DIRECTION('ref_axis',(0.612372435696034,-0.353553390593141,0.707106781186407));
#7962=DIRECTION('',(-0.499999999999994,-0.866025403784442,0.));
#7963=DIRECTION('center_axis',(1.,0.,0.));
#7964=DIRECTION('ref_axis',(0.,-1.,0.));
#7965=DIRECTION('',(0.499999999999994,0.866025403784442,0.));
#7966=DIRECTION('center_axis',(0.500000000000006,-0.866025403784435,0.));
#7967=DIRECTION('ref_axis',(-0.612372435696034,-0.353553390593141,0.707106781186407));
#7968=DIRECTION('',(0.500000000000006,-0.866025403784435,0.));
#7969=DIRECTION('',(-0.500000000000006,0.866025403784435,0.));
#7970=DIRECTION('center_axis',(-0.866025403784435,-0.500000000000006,0.));
#7971=DIRECTION('ref_axis',(0.500000000000006,-0.866025403784435,0.));
#7972=DIRECTION('',(0.,0.,1.));
#7973=DIRECTION('',(-0.500000000000006,0.866025403784435,0.));
#7974=DIRECTION('',(0.,0.,1.));
#7975=DIRECTION('center_axis',(0.,1.,0.));
#7976=DIRECTION('ref_axis',(-1.,0.,0.));
#7977=DIRECTION('',(0.,0.,1.));
#7978=DIRECTION('',(1.,0.,0.));
#7979=DIRECTION('center_axis',(0.,0.,1.));
#7980=DIRECTION('ref_axis',(1.,0.,0.));
#7981=DIRECTION('center_axis',(0.866025403784442,-0.499999999999994,0.));
#7982=DIRECTION('ref_axis',(0.499999999999994,0.866025403784442,0.));
#7983=DIRECTION('',(-0.499999999999994,-0.866025403784442,0.));
#7984=DIRECTION('center_axis',(-2.75949722188831E-16,1.82909243306994E-14,
1.));
#7985=DIRECTION('ref_axis',(-1.,2.2914469736574E-16,-2.75949722188835E-16));
#7986=DIRECTION('center_axis',(2.75949722188831E-16,-1.82909243306994E-14,
-1.));
#7987=DIRECTION('ref_axis',(1.,0.,0.));
#7988=DIRECTION('center_axis',(0.,0.,-1.));
#7989=DIRECTION('ref_axis',(1.,0.,0.));
#7990=DIRECTION('center_axis',(0.,-1.,0.));
#7991=DIRECTION('ref_axis',(-1.,0.,0.));
#7992=DIRECTION('center_axis',(0.,0.,1.));
#7993=DIRECTION('ref_axis',(1.,0.,0.));
#7994=DIRECTION('center_axis',(0.,0.,1.));
#7995=DIRECTION('ref_axis',(1.,0.,0.));
#7996=DIRECTION('',(0.,0.,-1.));
#7997=DIRECTION('center_axis',(0.,0.,1.));
#7998=DIRECTION('ref_axis',(1.,0.,0.));
#7999=DIRECTION('center_axis',(0.,0.,1.));
#8000=DIRECTION('ref_axis',(1.,0.,0.));
#8001=DIRECTION('center_axis',(0.,0.,1.));
#8002=DIRECTION('ref_axis',(1.,0.,0.));
#8003=DIRECTION('center_axis',(0.,0.,1.));
#8004=DIRECTION('ref_axis',(1.,0.,0.));
#8005=DIRECTION('',(0.,0.,1.));
#8006=DIRECTION('center_axis',(0.,0.,1.));
#8007=DIRECTION('ref_axis',(1.,0.,0.));
#8008=DIRECTION('center_axis',(0.,0.,1.));
#8009=DIRECTION('ref_axis',(1.,0.,0.));
#8010=DIRECTION('',(0.,0.,-1.));
#8011=DIRECTION('center_axis',(0.,0.,1.));
#8012=DIRECTION('ref_axis',(1.,0.,0.));
#8013=DIRECTION('center_axis',(0.,0.,1.));
#8014=DIRECTION('ref_axis',(1.,0.,0.));
#8015=DIRECTION('center_axis',(0.,0.,1.));
#8016=DIRECTION('ref_axis',(1.,0.,0.));
#8017=DIRECTION('axis',(0.,0.,1.));
#8018=DIRECTION('refdir',(1.,0.,0.));
#8019=DIRECTION('axis',(0.,0.,1.));
#8020=DIRECTION('refdir',(1.,0.,0.));
#8021=DIRECTION('center_axis',(1.73472347597681E-17,-1.,0.));
#8022=DIRECTION('ref_axis',(1.,1.73472347597681E-17,0.));
#8023=DIRECTION('',(-1.,-1.73472347597681E-17,0.));
#8024=DIRECTION('',(0.,0.,1.));
#8025=DIRECTION('',(1.,1.73472347597681E-17,0.));
#8026=DIRECTION('',(0.,0.,1.));
#8027=DIRECTION('center_axis',(-1.,0.,0.));
#8028=DIRECTION('ref_axis',(0.,-1.,0.));
#8029=DIRECTION('',(0.,1.,0.));
#8030=DIRECTION('',(0.,-1.,0.));
#8031=DIRECTION('',(0.,0.,1.));
#8032=DIRECTION('center_axis',(-2.60208521396521E-17,1.,0.));
#8033=DIRECTION('ref_axis',(-1.,-2.60208521396521E-17,0.));
#8034=DIRECTION('',(1.,2.60208521396521E-17,0.));
#8035=DIRECTION('',(-1.,-2.60208521396521E-17,0.));
#8036=DIRECTION('',(0.,0.,1.));
#8037=DIRECTION('center_axis',(1.,0.,0.));
#8038=DIRECTION('ref_axis',(0.,1.,0.));
#8039=DIRECTION('',(0.,-1.,0.));
#8040=DIRECTION('',(0.,1.,0.));
#8041=DIRECTION('center_axis',(0.,0.,1.));
#8042=DIRECTION('ref_axis',(1.,0.,0.));
#8043=DIRECTION('center_axis',(0.,0.,1.));
#8044=DIRECTION('ref_axis',(1.,0.,0.));
#8045=DIRECTION('center_axis',(0.,0.,1.));
#8046=DIRECTION('ref_axis',(1.,0.,0.));
#8047=DIRECTION('',(0.,0.,1.));
#8048=DIRECTION('center_axis',(0.,0.,1.));
#8049=DIRECTION('ref_axis',(1.,0.,0.));
#8050=DIRECTION('center_axis',(0.,0.,-1.));
#8051=DIRECTION('ref_axis',(1.,0.,0.));
#8052=DIRECTION('center_axis',(0.,0.,1.));
#8053=DIRECTION('ref_axis',(1.,0.,0.));
#8054=DIRECTION('center_axis',(0.,0.,-1.));
#8055=DIRECTION('ref_axis',(-1.,0.,0.));
#8056=DIRECTION('center_axis',(1.22464679914735E-16,-1.,0.));
#8057=DIRECTION('ref_axis',(-1.,-1.22464679914735E-16,0.));
#8058=DIRECTION('center_axis',(0.,0.,1.));
#8059=DIRECTION('ref_axis',(-1.,0.,0.));
#8060=DIRECTION('center_axis',(0.,0.,1.));
#8061=DIRECTION('ref_axis',(-1.,0.,0.));
#8062=DIRECTION('center_axis',(0.,0.,1.));
#8063=DIRECTION('ref_axis',(-1.,0.,0.));
#8064=DIRECTION('',(0.,0.,-1.));
#8065=DIRECTION('center_axis',(0.,0.,-1.));
#8066=DIRECTION('ref_axis',(-1.,0.,0.));
#8067=DIRECTION('center_axis',(0.,0.,1.));
#8068=DIRECTION('ref_axis',(-1.,0.,0.));
#8069=DIRECTION('center_axis',(0.,0.,1.));
#8070=DIRECTION('ref_axis',(1.,0.,0.));
#8071=DIRECTION('center_axis',(0.,0.,1.));
#8072=DIRECTION('ref_axis',(1.,0.,0.));
#8073=DIRECTION('',(0.,0.,-1.));
#8074=DIRECTION('center_axis',(0.,0.,1.));
#8075=DIRECTION('ref_axis',(1.,0.,0.));
#8076=DIRECTION('center_axis',(0.,0.,1.));
#8077=DIRECTION('ref_axis',(1.,0.,0.));
#8078=DIRECTION('center_axis',(0.,0.,1.));
#8079=DIRECTION('ref_axis',(1.,0.,0.));
#8080=DIRECTION('axis',(0.,0.,1.));
#8081=DIRECTION('refdir',(1.,0.,0.));
#8082=DIRECTION('center_axis',(0.,-1.,0.));
#8083=DIRECTION('ref_axis',(1.,0.,0.));
#8084=DIRECTION('',(-1.,0.,0.));
#8085=DIRECTION('',(0.,0.,1.));
#8086=DIRECTION('',(1.,0.,0.));
#8087=DIRECTION('',(0.,0.,1.));
#8088=DIRECTION('center_axis',(-1.,-1.11022302462516E-15,0.));
#8089=DIRECTION('ref_axis',(1.11022302462516E-15,-1.,0.));
#8090=DIRECTION('',(-1.11022302462516E-15,1.,0.));
#8091=DIRECTION('',(1.11022302462516E-15,-1.,0.));
#8092=DIRECTION('',(0.,0.,1.));
#8093=DIRECTION('center_axis',(-1.73472347597681E-17,-1.,0.));
#8094=DIRECTION('ref_axis',(1.,-1.73472347597681E-17,0.));
#8095=DIRECTION('',(-1.,1.73472347597681E-17,0.));
#8096=DIRECTION('',(1.,-1.73472347597681E-17,0.));
#8097=DIRECTION('',(0.,0.,1.));
#8098=DIRECTION('center_axis',(-1.,0.,0.));
#8099=DIRECTION('ref_axis',(0.,-1.,0.));
#8100=DIRECTION('',(0.,1.,0.));
#8101=DIRECTION('',(0.,-1.,0.));
#8102=DIRECTION('',(0.,0.,1.));
#8103=DIRECTION('center_axis',(0.,1.,0.));
#8104=DIRECTION('ref_axis',(-1.,0.,0.));
#8105=DIRECTION('',(1.,0.,0.));
#8106=DIRECTION('',(-1.,0.,0.));
#8107=DIRECTION('',(0.,0.,1.));
#8108=DIRECTION('center_axis',(-1.,-1.11022302462516E-15,0.));
#8109=DIRECTION('ref_axis',(1.11022302462516E-15,-1.,0.));
#8110=DIRECTION('',(-1.11022302462516E-15,1.,0.));
#8111=DIRECTION('',(1.11022302462516E-15,-1.,0.));
#8112=DIRECTION('',(0.,0.,1.));
#8113=DIRECTION('center_axis',(-5.55111512312575E-16,1.,0.));
#8114=DIRECTION('ref_axis',(-1.,-5.55111512312575E-16,0.));
#8115=DIRECTION('',(1.,5.55111512312575E-16,0.));
#8116=DIRECTION('',(-1.,-5.55111512312575E-16,0.));
#8117=DIRECTION('',(0.,0.,1.));
#8118=DIRECTION('center_axis',(1.,0.,0.));
#8119=DIRECTION('ref_axis',(0.,1.,0.));
#8120=DIRECTION('',(0.,-1.,0.));
#8121=DIRECTION('',(0.,1.,0.));
#8122=DIRECTION('',(0.,0.,1.));
#8123=DIRECTION('center_axis',(0.,1.,0.));
#8124=DIRECTION('ref_axis',(-1.,0.,0.));
#8125=DIRECTION('',(1.,0.,0.));
#8126=DIRECTION('',(-1.,0.,0.));
#8127=DIRECTION('',(0.,0.,1.));
#8128=DIRECTION('center_axis',(1.,0.,0.));
#8129=DIRECTION('ref_axis',(0.,1.,0.));
#8130=DIRECTION('',(0.,-1.,0.));
#8131=DIRECTION('',(0.,1.,0.));
#8132=DIRECTION('',(0.,0.,1.));
#8133=DIRECTION('center_axis',(-1.73472347597681E-17,-1.,0.));
#8134=DIRECTION('ref_axis',(1.,-1.73472347597681E-17,0.));
#8135=DIRECTION('',(-1.,1.73472347597681E-17,0.));
#8136=DIRECTION('',(1.,-1.73472347597681E-17,0.));
#8137=DIRECTION('',(0.,0.,1.));
#8138=DIRECTION('center_axis',(1.,0.,0.));
#8139=DIRECTION('ref_axis',(0.,1.,0.));
#8140=DIRECTION('',(0.,-1.,0.));
#8141=DIRECTION('',(0.,1.,0.));
#8142=DIRECTION('center_axis',(0.,0.,1.));
#8143=DIRECTION('ref_axis',(1.,0.,0.));
#8144=DIRECTION('center_axis',(0.,0.,1.));
#8145=DIRECTION('ref_axis',(1.,0.,0.));
#8146=DIRECTION('center_axis',(0.,0.,1.));
#8147=DIRECTION('ref_axis',(1.,0.,0.));
#8148=DIRECTION('',(0.,0.,1.));
#8149=DIRECTION('center_axis',(0.,0.,1.));
#8150=DIRECTION('ref_axis',(1.,0.,0.));
#8151=DIRECTION('center_axis',(0.,0.,-1.));
#8152=DIRECTION('ref_axis',(1.,0.,0.));
#8153=DIRECTION('center_axis',(0.,0.,1.));
#8154=DIRECTION('ref_axis',(1.,0.,0.));
#8155=DIRECTION('center_axis',(0.,0.,-1.));
#8156=DIRECTION('ref_axis',(-1.,0.,0.));
#8157=DIRECTION('center_axis',(1.22464679914735E-16,-1.,0.));
#8158=DIRECTION('ref_axis',(-1.,-1.22464679914735E-16,0.));
#8159=DIRECTION('center_axis',(0.,0.,1.));
#8160=DIRECTION('ref_axis',(-1.,0.,0.));
#8161=DIRECTION('center_axis',(0.,0.,1.));
#8162=DIRECTION('ref_axis',(-1.,0.,0.));
#8163=DIRECTION('center_axis',(0.,0.,1.));
#8164=DIRECTION('ref_axis',(-1.,0.,0.));
#8165=DIRECTION('',(0.,0.,-1.));
#8166=DIRECTION('center_axis',(0.,0.,-1.));
#8167=DIRECTION('ref_axis',(-1.,0.,0.));
#8168=DIRECTION('center_axis',(0.,0.,1.));
#8169=DIRECTION('ref_axis',(-1.,0.,0.));
#8170=DIRECTION('center_axis',(0.,0.,1.));
#8171=DIRECTION('ref_axis',(1.,0.,0.));
#8172=DIRECTION('center_axis',(0.,0.,1.));
#8173=DIRECTION('ref_axis',(1.,0.,0.));
#8174=DIRECTION('',(0.,0.,-1.));
#8175=DIRECTION('center_axis',(0.,0.,1.));
#8176=DIRECTION('ref_axis',(1.,0.,0.));
#8177=DIRECTION('center_axis',(0.,0.,1.));
#8178=DIRECTION('ref_axis',(1.,0.,0.));
#8179=DIRECTION('center_axis',(0.,0.,1.));
#8180=DIRECTION('ref_axis',(1.,0.,0.));
#8181=DIRECTION('axis',(0.,0.,1.));
#8182=DIRECTION('refdir',(1.,0.,0.));
#8183=DIRECTION('center_axis',(-1.,0.,0.));
#8184=DIRECTION('ref_axis',(0.,-1.,0.));
#8185=DIRECTION('',(0.,1.,0.));
#8186=DIRECTION('',(0.,0.,1.));
#8187=DIRECTION('',(0.,-1.,0.));
#8188=DIRECTION('',(0.,0.,1.));
#8189=DIRECTION('center_axis',(0.,1.,0.));
#8190=DIRECTION('ref_axis',(-1.,0.,0.));
#8191=DIRECTION('',(1.,0.,0.));
#8192=DIRECTION('',(-1.,0.,0.));
#8193=DIRECTION('',(0.,0.,1.));
#8194=DIRECTION('center_axis',(1.,1.1842378929335E-15,0.));
#8195=DIRECTION('ref_axis',(-1.1842378929335E-15,1.,0.));
#8196=DIRECTION('',(1.1842378929335E-15,-1.,0.));
#8197=DIRECTION('',(-1.1842378929335E-15,1.,0.));
#8198=DIRECTION('',(0.,0.,1.));
#8199=DIRECTION('center_axis',(-5.55111512312575E-16,-1.,0.));
#8200=DIRECTION('ref_axis',(1.,-5.55111512312575E-16,0.));
#8201=DIRECTION('',(-1.,5.55111512312575E-16,0.));
#8202=DIRECTION('',(1.,-5.55111512312575E-16,0.));
#8203=DIRECTION('center_axis',(0.,0.,1.));
#8204=DIRECTION('ref_axis',(1.,0.,0.));
#8205=DIRECTION('center_axis',(0.866025403784437,0.500000000000002,0.));
#8206=DIRECTION('ref_axis',(-0.500000000000002,0.866025403784437,0.));
#8207=DIRECTION('',(0.500000000000002,-0.866025403784437,0.));
#8208=DIRECTION('',(0.,0.,1.));
#8209=DIRECTION('',(-0.500000000000002,0.866025403784437,0.));
#8210=DIRECTION('',(0.,0.,1.));
#8211=DIRECTION('center_axis',(0.,0.,1.));
#8212=DIRECTION('ref_axis',(1.49307989451785E-15,-1.,0.));
#8213=DIRECTION('center_axis',(0.,0.,1.));
#8214=DIRECTION('ref_axis',(-1.,0.,0.));
#8215=DIRECTION('center_axis',(0.,0.,-1.));
#8216=DIRECTION('ref_axis',(-1.,0.,0.));
#8217=DIRECTION('',(0.,0.,1.));
#8218=DIRECTION('center_axis',(-0.866025403784439,0.5,0.));
#8219=DIRECTION('ref_axis',(-0.5,-0.866025403784439,0.));
#8220=DIRECTION('',(0.5,0.866025403784439,0.));
#8221=DIRECTION('',(-0.5,-0.866025403784439,0.));
#8222=DIRECTION('',(0.,0.,1.));
#8223=DIRECTION('center_axis',(0.,0.,1.));
#8224=DIRECTION('ref_axis',(8.26946079742758E-16,-1.,0.));
#8225=DIRECTION('center_axis',(0.,0.,-1.));
#8226=DIRECTION('ref_axis',(-1.,0.,0.));
#8227=DIRECTION('center_axis',(0.,0.,1.));
#8228=DIRECTION('ref_axis',(-1.,0.,0.));
#8229=DIRECTION('center_axis',(0.,0.,1.));
#8230=DIRECTION('ref_axis',(-1.,0.,0.));
#8231=DIRECTION('center_axis',(0.,0.,1.));
#8232=DIRECTION('ref_axis',(1.,0.,0.));
#8233=DIRECTION('center_axis',(0.,0.,1.));
#8234=DIRECTION('ref_axis',(1.,0.,0.));
#8235=DIRECTION('',(0.,0.,1.));
#8236=DIRECTION('center_axis',(0.,0.,1.));
#8237=DIRECTION('ref_axis',(1.,0.,0.));
#8238=DIRECTION('center_axis',(0.,0.,-1.));
#8239=DIRECTION('ref_axis',(1.,0.,0.));
#8240=DIRECTION('center_axis',(0.,0.,1.));
#8241=DIRECTION('ref_axis',(1.,0.,0.));
#8242=DIRECTION('center_axis',(0.,0.,-1.));
#8243=DIRECTION('ref_axis',(-1.,0.,0.));
#8244=DIRECTION('center_axis',(1.22464679914735E-16,-1.,0.));
#8245=DIRECTION('ref_axis',(-1.,-1.22464679914735E-16,0.));
#8246=DIRECTION('center_axis',(0.,0.,1.));
#8247=DIRECTION('ref_axis',(-1.,0.,0.));
#8248=DIRECTION('center_axis',(0.,0.,1.));
#8249=DIRECTION('ref_axis',(-1.,0.,0.));
#8250=DIRECTION('center_axis',(0.,0.,1.));
#8251=DIRECTION('ref_axis',(-1.,0.,0.));
#8252=DIRECTION('',(0.,0.,-1.));
#8253=DIRECTION('center_axis',(0.,0.,-1.));
#8254=DIRECTION('ref_axis',(-1.,0.,0.));
#8255=DIRECTION('center_axis',(0.,0.,1.));
#8256=DIRECTION('ref_axis',(-1.,0.,0.));
#8257=DIRECTION('center_axis',(0.,0.,1.));
#8258=DIRECTION('ref_axis',(1.,0.,0.));
#8259=DIRECTION('center_axis',(0.,0.,1.));
#8260=DIRECTION('ref_axis',(1.,0.,0.));
#8261=DIRECTION('',(0.,0.,-1.));
#8262=DIRECTION('center_axis',(0.,0.,1.));
#8263=DIRECTION('ref_axis',(1.,0.,0.));
#8264=DIRECTION('center_axis',(0.,0.,1.));
#8265=DIRECTION('ref_axis',(1.,0.,0.));
#8266=DIRECTION('center_axis',(0.,0.,1.));
#8267=DIRECTION('ref_axis',(1.,0.,0.));
#8268=DIRECTION('',(0.,0.,1.));
#8269=DIRECTION('',(1.,0.,0.));
#8270=DIRECTION('',(0.,0.,1.));
#8271=DIRECTION('',(1.,0.,0.));
#8272=DIRECTION('',(0.,0.,1.));
#8273=DIRECTION('',(1.,0.,0.));
#8274=DIRECTION('',(7.66335097677651E-46,-2.16493489801904E-15,0.999999999999996));
#8275=DIRECTION('',(1.,3.81761830977951E-74,1.09476442525376E-46));
#8276=DIRECTION('',(0.,2.94902990916057E-17,1.));
#8277=DIRECTION('',(1.,0.,0.));
#8278=DIRECTION('',(0.,0.,0.999999999999997));
#8279=DIRECTION('',(0.999999999999999,0.,0.));
#8280=DIRECTION('',(4.16333634234431E-17,0.,0.999999999999995));
#8281=DIRECTION('',(0.999999999999998,0.,-4.16333634234433E-17));
#8282=DIRECTION('',(0.,0.,1.));
#8283=DIRECTION('',(1.,0.,0.));
#8284=DIRECTION('',(0.,0.,1.));
#8285=DIRECTION('',(1.,0.,0.));
#8286=CARTESIAN_POINT('',(0.,0.,0.));
#8287=CARTESIAN_POINT('',(0.,0.,0.));
#8288=CARTESIAN_POINT('Origin',(155.384014214331,21.0571570548831,35.075));
#8289=CARTESIAN_POINT('',(155.361167357815,21.0571560895536,35.1));
#8290=CARTESIAN_POINT('',(155.812006696658,21.0571751384979,35.1));
#8291=CARTESIAN_POINT('',(155.384014214331,21.0571570548831,35.1));
#8292=CARTESIAN_POINT('',(155.857704578476,21.0821770693552,35.075));
#8293=CARTESIAN_POINT('Origin',(155.812006696658,21.0571751384979,35.075));
#8294=CARTESIAN_POINT('',(155.347149669225,21.0821554972981,35.075));
#8295=CARTESIAN_POINT('',(155.384013158026,21.0821570548608,35.075));
#8296=CARTESIAN_POINT('Origin',(155.361167357815,21.0571560895536,35.075));
#8297=CARTESIAN_POINT('Origin',(155.111778093993,19.9637340071176,35.075));
#8298=CARTESIAN_POINT('',(155.149145667697,20.0220852968428,35.1));
#8299=CARTESIAN_POINT('',(155.111778093993,19.9637340071176,35.1));
#8300=CARTESIAN_POINT('',(155.178994313448,20.0223378722035,35.075));
#8301=CARTESIAN_POINT('Origin',(155.149145667697,20.0220852968428,35.075));
#8302=CARTESIAN_POINT('',(155.132831151737,19.9502518426163,35.075));
#8303=CARTESIAN_POINT('Origin',(155.497129769707,19.4984207580579,35.075));
#8304=CARTESIAN_POINT('',(155.878151178527,18.9250399651871,35.1));
#8305=CARTESIAN_POINT('',(155.497129769707,19.4984207580579,35.1));
#8306=CARTESIAN_POINT('',(155.924779286205,18.9000419353039,35.075));
#8307=CARTESIAN_POINT('Origin',(155.878151178527,18.9250399651871,35.075));
#8308=CARTESIAN_POINT('',(155.517951660421,19.5122572629303,35.075));
#8309=CARTESIAN_POINT('Origin',(155.151898613058,18.9250092794341,35.075));
#8310=CARTESIAN_POINT('',(155.407054174247,18.9250200603124,35.1));
#8311=CARTESIAN_POINT('',(155.151898613058,18.9250092794341,35.1));
#8312=CARTESIAN_POINT('',(155.393385401066,18.9000194827546,35.075));
#8313=CARTESIAN_POINT('Origin',(155.407054174247,18.9250200603124,35.075));
#8314=CARTESIAN_POINT('',(155.151899669363,18.9000092794564,35.075));
#8315=CARTESIAN_POINT('Origin',(154.854329246262,19.7871903705984,35.075));
#8316=CARTESIAN_POINT('',(154.909621842908,19.7009419804987,35.1));
#8317=CARTESIAN_POINT('',(154.854329246262,19.7871903705984,35.1));
#8318=CARTESIAN_POINT('',(154.909591489281,19.6546674566743,35.075));
#8319=CARTESIAN_POINT('Origin',(154.909621842908,19.7009419804987,35.075));
#8320=CARTESIAN_POINT('',(154.833282840666,19.7736978240815,35.075));
#8321=CARTESIAN_POINT('Origin',(154.722580738479,19.4100258232436,35.075));
#8322=CARTESIAN_POINT('',(154.410724950567,18.9249779632322,35.1));
#8323=CARTESIAN_POINT('',(154.722580738479,19.4100258232436,35.1));
#8324=CARTESIAN_POINT('',(154.424373171297,18.8999785398769,35.075));
#8325=CARTESIAN_POINT('Origin',(154.410724950567,18.9249779632322,35.075));
#8326=CARTESIAN_POINT('',(154.743609425185,19.3965056777033,35.075));
#8327=CARTESIAN_POINT('Origin',(154.403184107101,18.9249776446151,35.075));
#8328=CARTESIAN_POINT('',(153.942212002048,18.9249581675395,35.1));
#8329=CARTESIAN_POINT('',(154.403184107101,18.9249776446151,35.1));
#8330=CARTESIAN_POINT('',(153.895956389151,18.8999562131168,35.075));
#8331=CARTESIAN_POINT('Origin',(153.942212002048,18.9249581675395,35.075));
#8332=CARTESIAN_POINT('',(154.403185163405,18.8999776446375,35.075));
#8333=CARTESIAN_POINT('Origin',(154.691972230315,20.06990696557,35.075));
#8334=CARTESIAN_POINT('',(154.641645828537,20.0386885639938,35.075));
#8335=CARTESIAN_POINT('',(154.671057532057,20.0836027823322,35.075));
#8336=CARTESIAN_POINT('',(154.671480175676,20.0386138235187,35.1));
#8337=CARTESIAN_POINT('',(154.691972230315,20.06990696557,35.1));
#8338=CARTESIAN_POINT('Origin',(154.671480175676,20.0386138235187,35.075));
#8339=CARTESIAN_POINT('Origin',(154.375291166895,20.4959029744509,35.075));
#8340=CARTESIAN_POINT('',(153.965823650694,21.0820971332646,35.075));
#8341=CARTESIAN_POINT('',(154.354308110552,20.4823121191974,35.075));
#8342=CARTESIAN_POINT('',(154.011800984202,21.0570990758848,35.1));
#8343=CARTESIAN_POINT('',(154.375291166895,20.4959029744509,35.1));
#8344=CARTESIAN_POINT('Origin',(154.011800984202,21.0570990758848,35.075));
#8345=CARTESIAN_POINT('Origin',(154.695583846045,21.0571279672003,35.075));
#8346=CARTESIAN_POINT('',(154.480843841904,21.0821188939896,35.075));
#8347=CARTESIAN_POINT('',(154.69558278974,21.082127967178,35.075));
#8348=CARTESIAN_POINT('',(154.4669793508,21.0571183081624,35.1));
#8349=CARTESIAN_POINT('',(154.695583846045,21.0571279672003,35.1));
#8350=CARTESIAN_POINT('Origin',(154.4669793508,21.0571183081624,35.075));
#8351=CARTESIAN_POINT('Origin',(154.983738367293,20.229327540816,35.075));
#8352=CARTESIAN_POINT('',(154.918491957804,20.3810550361266,35.075));
#8353=CARTESIAN_POINT('',(155.004945347939,20.2425662708111,35.075));
#8354=CARTESIAN_POINT('',(154.918713235288,20.3334906075484,35.1));
#8355=CARTESIAN_POINT('',(154.983738367293,20.229327540816,35.1));
#8356=CARTESIAN_POINT('Origin',(154.918713235288,20.3334906075484,35.075));
#8357=CARTESIAN_POINT('Origin',(155.06626414294,20.57482070997,35.075));
#8358=CARTESIAN_POINT('',(155.044934905425,20.5878615545367,35.075));
#8359=CARTESIAN_POINT('',(155.06626414294,20.57482070997,35.1));
#8360=CARTESIAN_POINT('Origin',(154.641645828537,20.0386885639938,31.1));
#8361=CARTESIAN_POINT('',(154.641645828537,20.0386885639938,35.));
#8362=CARTESIAN_POINT('',(154.641645828537,20.0386885639938,31.1));
#8363=CARTESIAN_POINT('',(153.895956389151,18.8999562131168,35.));
#8364=CARTESIAN_POINT('',(154.674550476998,20.0889368117475,35.));
#8365=CARTESIAN_POINT('',(153.895956389151,18.8999562131168,31.1));
#8366=CARTESIAN_POINT('Origin',(153.965823650694,21.0820971332646,31.1));
#8367=CARTESIAN_POINT('',(153.965823650694,21.0820971332646,35.));
#8368=CARTESIAN_POINT('',(153.965823650694,21.0820971332646,31.1));
#8369=CARTESIAN_POINT('',(154.353693643965,20.4832608002607,35.));
#8370=CARTESIAN_POINT('Origin',(154.480843841904,21.0821188939896,31.1));
#8371=CARTESIAN_POINT('',(154.480843841904,21.0821188939896,35.));
#8372=CARTESIAN_POINT('',(154.480843841904,21.0821188939896,31.1));
#8373=CARTESIAN_POINT('',(154.700400214466,21.0821281707247,35.));
#8374=CARTESIAN_POINT('Origin',(154.918491957804,20.3810550361266,31.1));
#8375=CARTESIAN_POINT('',(154.918491957804,20.3810550361266,35.));
#8376=CARTESIAN_POINT('',(154.918491957804,20.3810550361266,31.1));
#8377=CARTESIAN_POINT('',(155.004289684341,20.24361657135,35.));
#8378=CARTESIAN_POINT('Origin',(155.347149669225,21.0821554972981,31.1));
#8379=CARTESIAN_POINT('',(155.347149669225,21.0821554972981,35.));
#8380=CARTESIAN_POINT('',(155.347149669225,21.0821554972981,31.1));
#8381=CARTESIAN_POINT('',(155.04823361042,20.5932568233772,35.));
#8382=CARTESIAN_POINT('Origin',(155.857704578476,21.0821770693552,31.1));
#8383=CARTESIAN_POINT('',(155.857704578476,21.0821770693552,35.));
#8384=CARTESIAN_POINT('',(155.857704578476,21.0821770693552,31.1));
#8385=CARTESIAN_POINT('',(155.388830582752,21.0821572584075,35.));
#8386=CARTESIAN_POINT('Origin',(154.910367837678,19.991066641236,35.1));
#8387=CARTESIAN_POINT('Origin',(153.895956389151,18.8999562131168,31.1));
#8388=CARTESIAN_POINT('',(154.424373171297,18.8999785398769,35.));
#8389=CARTESIAN_POINT('',(154.408002588131,18.8999778481841,35.));
#8390=CARTESIAN_POINT('',(154.424373171297,18.8999785398769,31.1));
#8391=CARTESIAN_POINT('Origin',(155.178994313448,20.0223378722035,31.1));
#8392=CARTESIAN_POINT('',(155.178994313448,20.0223378722035,35.));
#8393=CARTESIAN_POINT('',(155.178994313448,20.0223378722035,31.1));
#8394=CARTESIAN_POINT('',(155.136260737501,19.9556073081376,35.));
#8395=CARTESIAN_POINT('Origin',(155.924779286205,18.9000419353039,31.1));
#8396=CARTESIAN_POINT('',(155.924779286205,18.9000419353039,35.));
#8397=CARTESIAN_POINT('',(155.924779286205,18.9000419353039,31.1));
#8398=CARTESIAN_POINT('',(155.517368222536,19.5131352505427,35.));
#8399=CARTESIAN_POINT('Origin',(155.393385401066,18.9000194827546,31.1));
#8400=CARTESIAN_POINT('',(155.393385401066,18.9000194827546,35.));
#8401=CARTESIAN_POINT('',(155.393385401066,18.9000194827546,31.1));
#8402=CARTESIAN_POINT('',(155.156717094089,18.9000094830031,35.));
#8403=CARTESIAN_POINT('Origin',(154.909591489281,19.6546674566743,31.1));
#8404=CARTESIAN_POINT('',(154.909591489281,19.6546674566743,35.));
#8405=CARTESIAN_POINT('',(154.909591489281,19.6546674566743,31.1));
#8406=CARTESIAN_POINT('',(154.832656486406,19.7746748454159,35.));
#8407=CARTESIAN_POINT('Origin',(154.424373171297,18.8999785398769,31.1));
#8408=CARTESIAN_POINT('',(154.747050275546,19.4018574369743,35.));
#8409=CARTESIAN_POINT('Origin',(154.92000230968,20.0000002980232,22.));
#8410=CARTESIAN_POINT('',(149.92000230968,20.0000002980232,23.));
#8411=CARTESIAN_POINT('Origin',(154.92000230968,20.0000002980232,23.));
#8412=CARTESIAN_POINT('',(149.92000230968,20.0000002980232,22.));
#8413=CARTESIAN_POINT('',(149.92000230968,20.0000002980232,22.));
#8414=CARTESIAN_POINT('Origin',(154.92000230968,20.0000002980232,22.));
#8415=CARTESIAN_POINT('Origin',(154.92000230968,20.0000002980232,23.));
#8416=CARTESIAN_POINT('',(151.34500230968,20.0000002980232,23.));
#8417=CARTESIAN_POINT('Origin',(154.92000230968,20.0000002980232,23.));
#8418=CARTESIAN_POINT('Ctrl Pts',(151.34500230968,20.0000002980232,33.));
#8419=CARTESIAN_POINT('Ctrl Pts',(151.34500230968,16.4250002980232,33.));
#8420=CARTESIAN_POINT('Ctrl Pts',(154.92000230968,16.4250002980232,33.));
#8421=CARTESIAN_POINT('Ctrl Pts',(158.49500230968,16.4250002980232,33.));
#8422=CARTESIAN_POINT('Ctrl Pts',(158.49500230968,20.0000002980232,33.));
#8423=CARTESIAN_POINT('Ctrl Pts',(158.49500230968,23.5750002980232,33.));
#8424=CARTESIAN_POINT('Ctrl Pts',(154.92000230968,23.5750002980232,33.));
#8425=CARTESIAN_POINT('Ctrl Pts',(151.34500230968,23.5750002980232,33.));
#8426=CARTESIAN_POINT('Ctrl Pts',(151.34500230968,20.0000002980232,33.));
#8427=CARTESIAN_POINT('Ctrl Pts',(151.34500230968,20.0000002980232,35.));
#8428=CARTESIAN_POINT('Ctrl Pts',(151.34500230968,16.4250002980232,35.));
#8429=CARTESIAN_POINT('Ctrl Pts',(154.92000230968,16.4250002980232,35.));
#8430=CARTESIAN_POINT('Ctrl Pts',(158.49500230968,16.4250002980232,35.));
#8431=CARTESIAN_POINT('Ctrl Pts',(158.49500230968,20.0000002980232,35.));
#8432=CARTESIAN_POINT('Ctrl Pts',(158.49500230968,23.5750002980232,35.));
#8433=CARTESIAN_POINT('Ctrl Pts',(154.92000230968,23.5750002980232,35.));
#8434=CARTESIAN_POINT('Ctrl Pts',(151.34500230968,23.5750002980232,35.));
#8435=CARTESIAN_POINT('Ctrl Pts',(151.34500230968,20.0000002980232,35.));
#8436=CARTESIAN_POINT('Ctrl Pts',(153.34500230968,20.0000002980232,35.));
#8437=CARTESIAN_POINT('Ctrl Pts',(153.34500230968,18.4250002980232,35.));
#8438=CARTESIAN_POINT('Ctrl Pts',(154.92000230968,18.4250002980232,35.));
#8439=CARTESIAN_POINT('Ctrl Pts',(156.49500230968,18.4250002980232,35.));
#8440=CARTESIAN_POINT('Ctrl Pts',(156.49500230968,20.0000002980232,35.));
#8441=CARTESIAN_POINT('Ctrl Pts',(156.49500230968,21.5750002980232,35.));
#8442=CARTESIAN_POINT('Ctrl Pts',(154.92000230968,21.5750002980232,35.));
#8443=CARTESIAN_POINT('Ctrl Pts',(153.34500230968,21.5750002980232,35.));
#8444=CARTESIAN_POINT('Ctrl Pts',(153.34500230968,20.0000002980232,35.));
#8445=CARTESIAN_POINT('',(153.34500230968,20.0000002980232,35.));
#8446=CARTESIAN_POINT('Origin',(154.92000230968,20.0000002980232,35.));
#8447=CARTESIAN_POINT('',(151.34500230968,20.0000002980232,33.));
#8448=CARTESIAN_POINT('Origin',(153.34500230968,20.0000002980232,33.));
#8449=CARTESIAN_POINT('Origin',(154.92000230968,20.0000002980232,33.));
#8450=CARTESIAN_POINT('Origin',(154.92000230968,20.0000002980232,26.));
#8451=CARTESIAN_POINT('',(151.34500230968,20.0000002980232,26.));
#8452=CARTESIAN_POINT('Origin',(154.92000230968,20.0000002980232,35.));
#8453=CARTESIAN_POINT('Origin',(154.92000230968,20.0000002980232,22.));
#8454=CARTESIAN_POINT('',(153.17000230968,20.0000002980232,22.));
#8455=CARTESIAN_POINT('Origin',(154.92000230968,20.0000002980232,22.));
#8456=CARTESIAN_POINT('',(153.17000230968,20.0000002980232,28.));
#8457=CARTESIAN_POINT('',(153.17000230968,20.0000002980232,22.));
#8458=CARTESIAN_POINT('Origin',(154.92000230968,20.0000002980232,28.));
#8459=CARTESIAN_POINT('Origin',(154.92000230968,20.0000002980232,28.));
#8460=CARTESIAN_POINT('Origin',(154.92000230968,20.0000002980232,22.));
#8461=CARTESIAN_POINT('Origin',(162.727606610144,27.9507788921761,35.075));
#8462=CARTESIAN_POINT('',(162.505433797699,27.5695357602943,35.1));
#8463=CARTESIAN_POINT('',(163.022691762856,28.4571378231048,35.1));
#8464=CARTESIAN_POINT('',(162.727606610144,27.9507788921761,35.1));
#8465=CARTESIAN_POINT('',(163.008325376548,28.4821378231048,35.075));
#8466=CARTESIAN_POINT('Origin',(163.022691762856,28.4571378231048,35.075));
#8467=CARTESIAN_POINT('',(162.505213000812,27.6188092470169,35.075));
#8468=CARTESIAN_POINT('',(162.706006738982,27.9633664084438,35.075));
#8469=CARTESIAN_POINT('Origin',(162.505433797699,27.5695357602943,35.075));
#8470=CARTESIAN_POINT('Origin',(163.005720355548,28.4571378231048,35.075));
#8471=CARTESIAN_POINT('',(163.470476064553,28.4571378231048,35.1));
#8472=CARTESIAN_POINT('',(163.005720355548,28.4571378231048,35.1));
#8473=CARTESIAN_POINT('',(163.515903034247,28.4821378231048,35.075));
#8474=CARTESIAN_POINT('Origin',(163.470476064553,28.4571378231048,35.075));
#8475=CARTESIAN_POINT('',(163.005720355548,28.4821378231048,35.075));
#8476=CARTESIAN_POINT('Origin',(162.700964229882,27.2421941932925,35.075));
#8477=CARTESIAN_POINT('',(162.688602759875,27.2226772884669,35.1));
#8478=CARTESIAN_POINT('',(162.700964229882,27.2421941932925,35.1));
#8479=CARTESIAN_POINT('',(162.713602759875,27.2154261708259,35.075));
#8480=CARTESIAN_POINT('Origin',(162.688602759875,27.2226772884669,35.075));
#8481=CARTESIAN_POINT('',(162.722084333237,27.2288173014908,35.075));
#8482=CARTESIAN_POINT('Origin',(162.688602759875,26.8455343484878,35.075));
#8483=CARTESIAN_POINT('',(162.688602759875,26.3249998569488,35.1));
#8484=CARTESIAN_POINT('',(162.688602759875,26.8455343484878,35.1));
#8485=CARTESIAN_POINT('',(162.713602759875,26.2999998569488,35.075));
#8486=CARTESIAN_POINT('Origin',(162.688602759875,26.3249998569488,35.075));
#8487=CARTESIAN_POINT('',(162.713602759875,26.8455343484878,35.075));
#8488=CARTESIAN_POINT('Origin',(162.385016658343,26.3249998569488,35.075));
#8489=CARTESIAN_POINT('',(162.299495639838,26.3249998569488,35.1));
#8490=CARTESIAN_POINT('',(162.385016658343,26.3249998569488,35.1));
#8491=CARTESIAN_POINT('',(162.274495639838,26.2999998569488,35.075));
#8492=CARTESIAN_POINT('Origin',(162.299495639838,26.3249998569488,35.075));
#8493=CARTESIAN_POINT('',(162.385016658343,26.2999998569488,35.075));
#8494=CARTESIAN_POINT('Origin',(162.299495639838,27.304735982418,35.075));
#8495=CARTESIAN_POINT('',(162.274495639838,27.2184031248092,35.075));
#8496=CARTESIAN_POINT('',(162.274495639838,27.304735982418,35.075));
#8497=CARTESIAN_POINT('',(162.299495639838,27.225645886924,35.1));
#8498=CARTESIAN_POINT('',(162.299495639838,27.304735982418,35.1));
#8499=CARTESIAN_POINT('Origin',(162.299495639838,27.225645886924,35.075));
#8500=CARTESIAN_POINT('Origin',(161.888540943672,27.8753675899269,35.075));
#8501=CARTESIAN_POINT('',(161.475172319449,28.4821378231048,35.075));
#8502=CARTESIAN_POINT('',(161.867412595773,27.862003723904,35.075));
#8503=CARTESIAN_POINT('',(161.520566150296,28.4571378231048,35.1));
#8504=CARTESIAN_POINT('',(161.888540943672,27.8753675899269,35.1));
#8505=CARTESIAN_POINT('Origin',(161.520566150296,28.4571378231048,35.075));
#8506=CARTESIAN_POINT('Origin',(162.243609406985,28.4571378231048,35.075));
#8507=CARTESIAN_POINT('',(161.991681137122,28.4821378231048,35.075));
#8508=CARTESIAN_POINT('',(162.243609406985,28.4821378231048,35.075));
#8509=CARTESIAN_POINT('',(161.97746338857,28.4571378231048,35.1));
#8510=CARTESIAN_POINT('',(162.243609406985,28.4571378231048,35.1));
#8511=CARTESIAN_POINT('Origin',(161.97746338857,28.4571378231048,35.075));
#8512=CARTESIAN_POINT('Origin',(162.532493625608,27.5240438943564,35.075));
#8513=CARTESIAN_POINT('',(162.553979821067,27.5368244813812,35.075));
#8514=CARTESIAN_POINT('',(162.532493625608,27.5240438943564,35.1));
#8515=CARTESIAN_POINT('Origin',(162.274495639838,27.2184031248092,31.1));
#8516=CARTESIAN_POINT('',(162.274495639838,27.2184031248092,35.));
#8517=CARTESIAN_POINT('',(162.274495639838,27.2184031248092,31.1));
#8518=CARTESIAN_POINT('',(162.274495639838,26.2999998569488,35.));
#8519=CARTESIAN_POINT('',(162.274495639838,27.3592017114162,35.));
#8520=CARTESIAN_POINT('',(162.274495639838,26.2999998569488,31.1));
#8521=CARTESIAN_POINT('Origin',(161.475172319449,28.4821378231048,31.1));
#8522=CARTESIAN_POINT('',(161.475172319449,28.4821378231048,35.));
#8523=CARTESIAN_POINT('',(161.475172319449,28.4821378231048,31.1));
#8524=CARTESIAN_POINT('',(161.843444480822,27.8998974494395,35.));
#8525=CARTESIAN_POINT('Origin',(161.991681137122,28.4821378231048,31.1));
#8526=CARTESIAN_POINT('',(161.991681137122,28.4821378231048,35.));
#8527=CARTESIAN_POINT('',(161.991681137122,28.4821378231048,31.1));
#8528=CARTESIAN_POINT('',(162.245841723401,28.4821378231048,35.));
#8529=CARTESIAN_POINT('Origin',(162.505213000812,27.6188092470169,31.1));
#8530=CARTESIAN_POINT('',(162.505213000812,27.6188092470169,35.));
#8531=CARTESIAN_POINT('',(162.505213000812,27.6188092470169,31.1));
#8532=CARTESIAN_POINT('',(162.530632633529,27.5760748095447,35.));
#8533=CARTESIAN_POINT('Origin',(163.008325376548,28.4821378231048,31.1));
#8534=CARTESIAN_POINT('',(163.008325376548,28.4821378231048,35.));
#8535=CARTESIAN_POINT('',(163.008325376548,28.4821378231048,31.1));
#8536=CARTESIAN_POINT('',(162.730266448588,28.0049954789255,35.));
#8537=CARTESIAN_POINT('Origin',(162.495537676848,27.3910688400268,35.1));
#8538=CARTESIAN_POINT('Origin',(162.274495639838,26.2999998569488,31.1));
#8539=CARTESIAN_POINT('',(162.713602759875,26.2999998569488,35.));
#8540=CARTESIAN_POINT('',(162.387248974759,26.2999998569488,35.));
#8541=CARTESIAN_POINT('',(162.713602759875,26.2999998569488,31.1));
#8542=CARTESIAN_POINT('Origin',(163.515903034247,28.4821378231048,31.1));
#8543=CARTESIAN_POINT('',(163.515903034247,28.4821378231048,35.));
#8544=CARTESIAN_POINT('',(163.515903034247,28.4821378231048,31.1));
#8545=CARTESIAN_POINT('',(163.007952671964,28.4821378231048,35.));
#8546=CARTESIAN_POINT('Origin',(162.713602759875,27.2154261708259,31.1));
#8547=CARTESIAN_POINT('',(162.713602759875,27.2154261708259,35.));
#8548=CARTESIAN_POINT('',(162.713602759875,27.2154261708259,31.1));
#8549=CARTESIAN_POINT('',(162.747343827725,27.2686982500838,35.));
#8550=CARTESIAN_POINT('Origin',(162.713602759875,26.2999998569488,31.1));
#8551=CARTESIAN_POINT('',(162.713602759875,26.900000077486,35.));
#8552=CARTESIAN_POINT('Origin',(162.50000230968,27.5000002980232,35.));
#8553=CARTESIAN_POINT('',(160.92500230968,27.5000002980232,35.));
#8554=CARTESIAN_POINT('Origin',(162.50000230968,27.5000002980232,35.));
#8555=CARTESIAN_POINT('Origin',(162.50000230968,27.5000002980232,22.));
#8556=CARTESIAN_POINT('',(157.50000230968,27.5000002980232,23.));
#8557=CARTESIAN_POINT('Origin',(162.50000230968,27.5000002980232,23.));
#8558=CARTESIAN_POINT('',(157.50000230968,27.5000002980232,22.));
#8559=CARTESIAN_POINT('',(157.50000230968,27.5000002980232,22.));
#8560=CARTESIAN_POINT('Origin',(162.50000230968,27.5000002980232,22.));
#8561=CARTESIAN_POINT('Origin',(162.50000230968,27.5000002980232,23.));
#8562=CARTESIAN_POINT('',(158.92500230968,27.5000002980232,23.));
#8563=CARTESIAN_POINT('Origin',(162.50000230968,27.5000002980232,23.));
#8564=CARTESIAN_POINT('Ctrl Pts',(158.92500230968,27.5000002980232,33.));
#8565=CARTESIAN_POINT('Ctrl Pts',(158.92500230968,23.9250002980232,33.));
#8566=CARTESIAN_POINT('Ctrl Pts',(162.50000230968,23.9250002980232,33.));
#8567=CARTESIAN_POINT('Ctrl Pts',(166.07500230968,23.9250002980232,33.));
#8568=CARTESIAN_POINT('Ctrl Pts',(166.07500230968,27.5000002980232,33.));
#8569=CARTESIAN_POINT('Ctrl Pts',(166.07500230968,31.0750002980232,33.));
#8570=CARTESIAN_POINT('Ctrl Pts',(162.50000230968,31.0750002980232,33.));
#8571=CARTESIAN_POINT('Ctrl Pts',(158.92500230968,31.0750002980232,33.));
#8572=CARTESIAN_POINT('Ctrl Pts',(158.92500230968,27.5000002980232,33.));
#8573=CARTESIAN_POINT('Ctrl Pts',(158.92500230968,27.5000002980232,35.));
#8574=CARTESIAN_POINT('Ctrl Pts',(158.92500230968,23.9250002980232,35.));
#8575=CARTESIAN_POINT('Ctrl Pts',(162.50000230968,23.9250002980232,35.));
#8576=CARTESIAN_POINT('Ctrl Pts',(166.07500230968,23.9250002980232,35.));
#8577=CARTESIAN_POINT('Ctrl Pts',(166.07500230968,27.5000002980232,35.));
#8578=CARTESIAN_POINT('Ctrl Pts',(166.07500230968,31.0750002980232,35.));
#8579=CARTESIAN_POINT('Ctrl Pts',(162.50000230968,31.0750002980232,35.));
#8580=CARTESIAN_POINT('Ctrl Pts',(158.92500230968,31.0750002980232,35.));
#8581=CARTESIAN_POINT('Ctrl Pts',(158.92500230968,27.5000002980232,35.));
#8582=CARTESIAN_POINT('Ctrl Pts',(160.92500230968,27.5000002980232,35.));
#8583=CARTESIAN_POINT('Ctrl Pts',(160.92500230968,25.9250002980232,35.));
#8584=CARTESIAN_POINT('Ctrl Pts',(162.50000230968,25.9250002980232,35.));
#8585=CARTESIAN_POINT('Ctrl Pts',(164.07500230968,25.9250002980232,35.));
#8586=CARTESIAN_POINT('Ctrl Pts',(164.07500230968,27.5000002980232,35.));
#8587=CARTESIAN_POINT('Ctrl Pts',(164.07500230968,29.0750002980232,35.));
#8588=CARTESIAN_POINT('Ctrl Pts',(162.50000230968,29.0750002980232,35.));
#8589=CARTESIAN_POINT('Ctrl Pts',(160.92500230968,29.0750002980232,35.));
#8590=CARTESIAN_POINT('Ctrl Pts',(160.92500230968,27.5000002980232,35.));
#8591=CARTESIAN_POINT('',(158.92500230968,27.5000002980232,33.));
#8592=CARTESIAN_POINT('Origin',(160.92500230968,27.5000002980232,33.));
#8593=CARTESIAN_POINT('Origin',(162.50000230968,27.5000002980232,33.));
#8594=CARTESIAN_POINT('Origin',(162.50000230968,27.5000002980232,26.));
#8595=CARTESIAN_POINT('',(158.92500230968,27.5000002980232,26.));
#8596=CARTESIAN_POINT('Origin',(162.50000230968,27.5000002980232,22.));
#8597=CARTESIAN_POINT('',(160.75000230968,27.5000002980232,22.));
#8598=CARTESIAN_POINT('Origin',(162.50000230968,27.5000002980232,22.));
#8599=CARTESIAN_POINT('',(160.75000230968,27.5000002980232,28.));
#8600=CARTESIAN_POINT('',(160.75000230968,27.5000002980232,22.));
#8601=CARTESIAN_POINT('Origin',(162.50000230968,27.5000002980232,28.));
#8602=CARTESIAN_POINT('Origin',(162.50000230968,27.5000002980232,28.));
#8603=CARTESIAN_POINT('Origin',(162.50000230968,27.5000002980232,22.));
#8604=CARTESIAN_POINT('Origin',(162.296900122266,12.465706941501,35.075));
#8605=CARTESIAN_POINT('',(162.560044014087,13.1886880821153,35.1));
#8606=CARTESIAN_POINT('',(162.229852324417,12.2814948245883,35.1));
#8607=CARTESIAN_POINT('',(162.296900122266,12.465706941501,35.1));
#8608=CARTESIAN_POINT('',(162.265556037426,12.3064948245883,35.075));
#8609=CARTESIAN_POINT('Origin',(162.229852324417,12.2814948245883,35.075));
#8610=CARTESIAN_POINT('',(162.560278654099,13.1162377074361,35.075));
#8611=CARTESIAN_POINT('',(162.320392434896,12.4571564299786,35.075));
#8612=CARTESIAN_POINT('Origin',(162.560044014087,13.1886880821153,35.075));
#8613=CARTESIAN_POINT('Origin',(162.719175714999,12.2814948245883,35.075));
#8614=CARTESIAN_POINT('',(162.896906065037,12.2814948245883,35.1));
#8615=CARTESIAN_POINT('',(162.719175714999,12.2814948245883,35.1));
#8616=CARTESIAN_POINT('',(162.860955104232,12.3064948245883,35.075));
#8617=CARTESIAN_POINT('Origin',(162.896906065037,12.2814948245883,35.075));
#8618=CARTESIAN_POINT('',(162.719175714999,12.3064948245883,35.075));
#8619=CARTESIAN_POINT('Origin',(162.679714318185,12.866407514454,35.075));
#8620=CARTESIAN_POINT('',(162.656277881677,12.8577050180416,35.075));
#8621=CARTESIAN_POINT('',(162.679714318185,12.866407514454,35.1));
#8622=CARTESIAN_POINT('Origin',(162.560278654099,13.1162377074361,31.));
#8623=CARTESIAN_POINT('',(162.560278654099,13.1162377074361,35.));
#8624=CARTESIAN_POINT('',(162.560278654099,13.1162377074361,31.));
#8625=CARTESIAN_POINT('',(162.860955104232,12.3064948245883,35.));
#8626=CARTESIAN_POINT('',(162.657174715432,12.855289781499,35.));
#8627=CARTESIAN_POINT('',(162.860955104232,12.3064948245883,31.));
#8628=CARTESIAN_POINT('Origin',(162.265556037426,12.3064948245883,31.));
#8629=CARTESIAN_POINT('',(162.265556037426,12.3064948245883,35.));
#8630=CARTESIAN_POINT('',(162.265556037426,12.3064948245883,31.));
#8631=CARTESIAN_POINT('',(162.310364320167,12.4296044401718,35.));
#8632=CARTESIAN_POINT('Origin',(162.577396325767,12.5342350080609,35.1));
#8633=CARTESIAN_POINT('',(162.112587517414,11.9638358667493,35.1));
#8634=CARTESIAN_POINT('',(161.93247930548,11.4681660249829,35.1));
#8635=CARTESIAN_POINT('',(162.138192875738,12.0343035248995,35.1));
#8636=CARTESIAN_POINT('',(163.01953633383,11.9638358667493,35.1));
#8637=CARTESIAN_POINT('',(162.353749509901,11.9638358667493,35.1));
#8638=CARTESIAN_POINT('',(163.21006407097,11.4681660249829,35.1));
#8639=CARTESIAN_POINT('',(162.898644680067,12.2783430759905,35.1));
#8640=CARTESIAN_POINT('',(163.635246679693,11.4681660249829,35.1));
#8641=CARTESIAN_POINT('',(162.88514335826,11.4681660249829,35.1));
#8642=CARTESIAN_POINT('',(162.781518783237,13.6003039911389,35.1));
#8643=CARTESIAN_POINT('',(163.385087218738,12.0929253733785,35.1));
#8644=CARTESIAN_POINT('',(162.349630487421,13.6003039911389,35.1));
#8645=CARTESIAN_POINT('',(162.68791725114,13.6003039911389,35.1));
#8646=CARTESIAN_POINT('',(161.519172891909,11.4681660249829,35.1));
#8647=CARTESIAN_POINT('',(162.187466427045,13.1839598553959,35.1));
#8648=CARTESIAN_POINT('',(162.030001219362,11.4681660249829,35.1));
#8649=CARTESIAN_POINT('Origin',(162.138192875738,12.0343035248995,35.075));
#8650=CARTESIAN_POINT('',(161.9499944821,11.4431660249829,35.075));
#8651=CARTESIAN_POINT('Origin',(161.93247930548,11.4681660249829,35.075));
#8652=CARTESIAN_POINT('',(162.130102694035,11.9388358667493,35.075));
#8653=CARTESIAN_POINT('',(162.161689771568,12.0257656161195,35.075));
#8654=CARTESIAN_POINT('Origin',(162.112587517414,11.9638358667493,35.075));
#8655=CARTESIAN_POINT('Origin',(162.030001219362,11.4681660249829,35.075));
#8656=CARTESIAN_POINT('',(161.482606112957,11.4431660249829,35.075));
#8657=CARTESIAN_POINT('Origin',(161.519172891909,11.4681660249829,35.075));
#8658=CARTESIAN_POINT('',(162.030001219362,11.4431660249829,35.075));
#8659=CARTESIAN_POINT('Origin',(162.187466427045,13.1839598553959,35.075));
#8660=CARTESIAN_POINT('',(162.332538470626,13.6253039911389,35.075));
#8661=CARTESIAN_POINT('Origin',(162.349630487421,13.6003039911389,35.075));
#8662=CARTESIAN_POINT('',(162.164171085012,13.1930332803047,35.075));
#8663=CARTESIAN_POINT('Origin',(162.68791725114,13.6003039911389,35.075));
#8664=CARTESIAN_POINT('',(162.798438176513,13.6253039911389,35.075));
#8665=CARTESIAN_POINT('Origin',(162.781518783237,13.6003039911389,35.075));
#8666=CARTESIAN_POINT('',(162.68791725114,13.6253039911389,35.075));
#8667=CARTESIAN_POINT('Origin',(163.385087218738,12.0929253733785,35.075));
#8668=CARTESIAN_POINT('',(163.672186538577,11.4431660249829,35.075));
#8669=CARTESIAN_POINT('Origin',(163.635246679693,11.4681660249829,35.075));
#8670=CARTESIAN_POINT('',(163.408295858848,12.1022183290014,35.075));
#8671=CARTESIAN_POINT('Origin',(162.88514335826,11.4681660249829,35.075));
#8672=CARTESIAN_POINT('',(163.192890390754,11.4431660249829,35.075));
#8673=CARTESIAN_POINT('',(162.88514335826,11.4431660249829,35.075));
#8674=CARTESIAN_POINT('Origin',(163.21006407097,11.4681660249829,35.075));
#8675=CARTESIAN_POINT('Origin',(162.898644680067,12.2783430759905,35.075));
#8676=CARTESIAN_POINT('',(163.002362653613,11.9388358667493,35.075));
#8677=CARTESIAN_POINT('',(162.875309234136,12.2693732954355,35.075));
#8678=CARTESIAN_POINT('Origin',(163.01953633383,11.9638358667493,35.075));
#8679=CARTESIAN_POINT('Origin',(162.353749509901,11.9638358667493,35.075));
#8680=CARTESIAN_POINT('',(162.353749509901,11.9388358667493,35.075));
#8681=CARTESIAN_POINT('Origin',(163.192890390754,11.4431660249829,31.1));
#8682=CARTESIAN_POINT('',(163.192890390754,11.4431660249829,35.));
#8683=CARTESIAN_POINT('',(163.192890390754,11.4431660249829,31.1));
#8684=CARTESIAN_POINT('',(163.667789242013,11.4431660249829,35.));
#8685=CARTESIAN_POINT('',(162.846446350217,11.4431660249829,35.));
#8686=CARTESIAN_POINT('',(163.672186538577,11.4431660249829,35.));
#8687=CARTESIAN_POINT('Ctrl Pts',(163.667789242013,11.4431660249829,35.));
#8688=CARTESIAN_POINT('Ctrl Pts',(163.669253737356,11.4431660249829,35.));
#8689=CARTESIAN_POINT('Ctrl Pts',(163.670719506714,11.4431660249829,34.9999991156891));
#8690=CARTESIAN_POINT('Ctrl Pts',(163.672186535351,11.4431660249829,34.9999973379773));
#8691=CARTESIAN_POINT('',(163.672186538577,11.4431660249829,31.1));
#8692=CARTESIAN_POINT('Origin',(163.002362653613,11.9388358667493,31.1));
#8693=CARTESIAN_POINT('',(163.002362653613,11.9388358667493,35.));
#8694=CARTESIAN_POINT('',(163.002362653613,11.9388358667493,31.1));
#8695=CARTESIAN_POINT('',(162.876060362731,12.2674191873499,35.));
#8696=CARTESIAN_POINT('Origin',(162.130102694035,11.9388358667493,31.1));
#8697=CARTESIAN_POINT('',(162.130102694035,11.9388358667493,35.));
#8698=CARTESIAN_POINT('',(162.130102694035,11.9388358667493,31.1));
#8699=CARTESIAN_POINT('',(162.315052501857,11.9388358667493,35.));
#8700=CARTESIAN_POINT('Origin',(161.9499944821,11.4431660249829,31.1));
#8701=CARTESIAN_POINT('',(161.9499944821,11.4431660249829,35.));
#8702=CARTESIAN_POINT('',(161.9499944821,11.4431660249829,31.1));
#8703=CARTESIAN_POINT('',(162.151682027879,11.998223636342,35.));
#8704=CARTESIAN_POINT('Origin',(162.50000230968,12.5000002980232,35.));
#8705=CARTESIAN_POINT('',(162.680478706956,12.3064948245883,35.));
#8706=CARTESIAN_POINT('Origin',(162.860955104232,12.3064948245883,31.));
#8707=CARTESIAN_POINT('Origin',(163.672186538577,11.4431660249829,31.1));
#8708=CARTESIAN_POINT('',(163.67083502607,11.4465413523443,35.));
#8709=CARTESIAN_POINT('Ctrl Pts',(163.672186537128,11.4431660286026,34.9999973379791));
#8710=CARTESIAN_POINT('Ctrl Pts',(163.67173566737,11.444292050761,34.9999991145463));
#8711=CARTESIAN_POINT('Ctrl Pts',(163.671285162305,11.4454171621194,35.));
#8712=CARTESIAN_POINT('Ctrl Pts',(163.67083502607,11.4465413523443,35.));
#8713=CARTESIAN_POINT('',(162.798438176513,13.6253039911389,35.));
#8714=CARTESIAN_POINT('',(163.408855829364,12.1008198337648,35.));
#8715=CARTESIAN_POINT('',(162.798438176513,13.6253039911389,31.1));
#8716=CARTESIAN_POINT('Origin',(161.482606112957,11.4431660249829,31.1));
#8717=CARTESIAN_POINT('',(161.482606112957,11.4431660249829,35.));
#8718=CARTESIAN_POINT('',(161.482606112957,11.4431660249829,31.1));
#8719=CARTESIAN_POINT('',(161.991304211319,11.4431660249829,35.));
#8720=CARTESIAN_POINT('Origin',(162.332538470626,13.6253039911389,31.1));
#8721=CARTESIAN_POINT('',(162.332538470626,13.6253039911389,35.));
#8722=CARTESIAN_POINT('',(162.332538470626,13.6253039911389,31.1));
#8723=CARTESIAN_POINT('',(162.153284876381,13.1650837512072,35.));
#8724=CARTESIAN_POINT('Origin',(162.798438176513,13.6253039911389,31.1));
#8725=CARTESIAN_POINT('',(162.649220243096,13.6253039911389,35.));
#8726=CARTESIAN_POINT('Ctrl Pts',(158.92500230968,12.5000002980232,33.));
#8727=CARTESIAN_POINT('Ctrl Pts',(158.92500230968,8.92500029802324,33.));
#8728=CARTESIAN_POINT('Ctrl Pts',(162.50000230968,8.92500029802324,33.));
#8729=CARTESIAN_POINT('Ctrl Pts',(166.07500230968,8.92500029802324,33.));
#8730=CARTESIAN_POINT('Ctrl Pts',(166.07500230968,12.5000002980232,33.));
#8731=CARTESIAN_POINT('Ctrl Pts',(166.07500230968,16.0750002980232,33.));
#8732=CARTESIAN_POINT('Ctrl Pts',(162.50000230968,16.0750002980232,33.));
#8733=CARTESIAN_POINT('Ctrl Pts',(158.92500230968,16.0750002980232,33.));
#8734=CARTESIAN_POINT('Ctrl Pts',(158.92500230968,12.5000002980232,33.));
#8735=CARTESIAN_POINT('Ctrl Pts',(158.92500230968,12.5000002980232,35.));
#8736=CARTESIAN_POINT('Ctrl Pts',(158.92500230968,8.92500029802324,35.));
#8737=CARTESIAN_POINT('Ctrl Pts',(162.50000230968,8.92500029802324,35.));
#8738=CARTESIAN_POINT('Ctrl Pts',(166.07500230968,8.92500029802324,35.));
#8739=CARTESIAN_POINT('Ctrl Pts',(166.07500230968,12.5000002980232,35.));
#8740=CARTESIAN_POINT('Ctrl Pts',(166.07500230968,16.0750002980232,35.));
#8741=CARTESIAN_POINT('Ctrl Pts',(162.50000230968,16.0750002980232,35.));
#8742=CARTESIAN_POINT('Ctrl Pts',(158.92500230968,16.0750002980232,35.));
#8743=CARTESIAN_POINT('Ctrl Pts',(158.92500230968,12.5000002980232,35.));
#8744=CARTESIAN_POINT('Ctrl Pts',(160.92500230968,12.5000002980232,35.));
#8745=CARTESIAN_POINT('Ctrl Pts',(160.92500230968,10.9250002980233,35.));
#8746=CARTESIAN_POINT('Ctrl Pts',(162.50000230968,10.9250002980233,35.));
#8747=CARTESIAN_POINT('Ctrl Pts',(164.07500230968,10.9250002980233,35.));
#8748=CARTESIAN_POINT('Ctrl Pts',(164.07500230968,12.5000002980232,35.));
#8749=CARTESIAN_POINT('Ctrl Pts',(164.07500230968,14.0750002980232,35.));
#8750=CARTESIAN_POINT('Ctrl Pts',(162.50000230968,14.0750002980232,35.));
#8751=CARTESIAN_POINT('Ctrl Pts',(160.92500230968,14.0750002980232,35.));
#8752=CARTESIAN_POINT('Ctrl Pts',(160.92500230968,12.5000002980232,35.));
#8753=CARTESIAN_POINT('',(160.92500230968,12.5000002980232,35.));
#8754=CARTESIAN_POINT('Origin',(162.50000230968,12.5000002980232,35.));
#8755=CARTESIAN_POINT('',(158.92500230968,12.5000002980232,33.));
#8756=CARTESIAN_POINT('Origin',(160.92500230968,12.5000002980232,33.));
#8757=CARTESIAN_POINT('Origin',(162.50000230968,12.5000002980232,33.));
#8758=CARTESIAN_POINT('Origin',(162.50000230968,12.5000002980232,35.));
#8759=CARTESIAN_POINT('Origin',(162.50000230968,12.5000002980232,35.));
#8760=CARTESIAN_POINT('Origin',(162.50000230968,12.5000002980232,22.));
#8761=CARTESIAN_POINT('',(157.50000230968,12.5000002980232,23.));
#8762=CARTESIAN_POINT('Origin',(162.50000230968,12.5000002980232,23.));
#8763=CARTESIAN_POINT('',(157.50000230968,12.5000002980232,22.));
#8764=CARTESIAN_POINT('',(157.50000230968,12.5000002980232,22.));
#8765=CARTESIAN_POINT('Origin',(162.50000230968,12.5000002980232,22.));
#8766=CARTESIAN_POINT('Origin',(162.50000230968,12.5000002980232,23.));
#8767=CARTESIAN_POINT('',(158.92500230968,12.5000002980232,23.));
#8768=CARTESIAN_POINT('Origin',(162.50000230968,12.5000002980232,23.));
#8769=CARTESIAN_POINT('Origin',(162.50000230968,12.5000002980232,26.));
#8770=CARTESIAN_POINT('',(158.92500230968,12.5000002980232,26.));
#8771=CARTESIAN_POINT('Origin',(162.50000230968,12.5000002980232,22.));
#8772=CARTESIAN_POINT('',(160.75000230968,12.5000002980232,22.));
#8773=CARTESIAN_POINT('Origin',(162.50000230968,12.5000002980232,22.));
#8774=CARTESIAN_POINT('',(160.75000230968,12.5000002980232,28.));
#8775=CARTESIAN_POINT('',(160.75000230968,12.5000002980232,22.));
#8776=CARTESIAN_POINT('Origin',(162.50000230968,12.5000002980232,28.));
#8777=CARTESIAN_POINT('Origin',(162.50000230968,12.5000002980232,28.));
#8778=CARTESIAN_POINT('Origin',(162.50000230968,12.5000002980232,22.));
#8779=CARTESIAN_POINT('Ctrl Pts',(170.700875051096,19.5547564122876,35.0749999999999));
#8780=CARTESIAN_POINT('Ctrl Pts',(170.700852312349,19.5543210298515,35.0749999999999));
#8781=CARTESIAN_POINT('Ctrl Pts',(170.700829301885,19.5538853722778,35.0749999999999));
#8782=CARTESIAN_POINT('Ctrl Pts',(170.69887321817,19.5157925803783,35.0749999999998));
#8783=CARTESIAN_POINT('Ctrl Pts',(170.69655499986,19.4801680362259,35.0749999999999));
#8784=CARTESIAN_POINT('Ctrl Pts',(170.67550417009,19.421603703452,35.0749999999999));
#8785=CARTESIAN_POINT('Ctrl Pts',(170.657967674865,19.3955357455048,35.0749999999998));
#8786=CARTESIAN_POINT('Ctrl Pts',(170.638524135614,19.3673940038453,35.0749999999999));
#8787=CARTESIAN_POINT('Ctrl Pts',(170.638014366274,19.3666541244533,35.0749999999999));
#8788=CARTESIAN_POINT('Ctrl Pts',(170.637504440888,19.3659148468216,35.0749999999999));
#8789=CARTESIAN_POINT('Ctrl Pts',(170.700875051096,19.5547564122876,35.0824799825084));
#8790=CARTESIAN_POINT('Ctrl Pts',(170.700852312349,19.5543210298515,35.0824799825084));
#8791=CARTESIAN_POINT('Ctrl Pts',(170.700829301885,19.5538853722778,35.0824799825084));
#8792=CARTESIAN_POINT('Ctrl Pts',(170.69887321817,19.5157925803783,35.0824799825084));
#8793=CARTESIAN_POINT('Ctrl Pts',(170.69655499986,19.4801680362259,35.0824799825084));
#8794=CARTESIAN_POINT('Ctrl Pts',(170.67550417009,19.421603703452,35.0824799825084));
#8795=CARTESIAN_POINT('Ctrl Pts',(170.657967674865,19.3955357455048,35.0824799825084));
#8796=CARTESIAN_POINT('Ctrl Pts',(170.638524135614,19.3673940038453,35.0824799825084));
#8797=CARTESIAN_POINT('Ctrl Pts',(170.638014366274,19.3666541244533,35.0824799825084));
#8798=CARTESIAN_POINT('Ctrl Pts',(170.637504440888,19.3659148468216,35.0824799825084));
#8799=CARTESIAN_POINT('Ctrl Pts',(170.707149241514,19.5544287297303,35.095424584428));
#8800=CARTESIAN_POINT('Ctrl Pts',(170.707127542695,19.5539926733618,35.095424584428));
#8801=CARTESIAN_POINT('Ctrl Pts',(170.707102520129,19.5535582845121,35.095424584428));
#8802=CARTESIAN_POINT('Ctrl Pts',(170.705170704036,19.5154583065027,35.0954245844279));
#8803=CARTESIAN_POINT('Ctrl Pts',(170.702874150783,19.4791641656924,35.095424584428));
#8804=CARTESIAN_POINT('Ctrl Pts',(170.68106009059,19.4184882669128,35.095424584428));
#8805=CARTESIAN_POINT('Ctrl Pts',(170.663158438999,19.3919566500024,35.095424584428));
#8806=CARTESIAN_POINT('Ctrl Pts',(170.643694661813,19.3638272523054,35.0954245844279));
#8807=CARTESIAN_POINT('Ctrl Pts',(170.643187474976,19.3630863238156,35.095424584428));
#8808=CARTESIAN_POINT('Ctrl Pts',(170.642676216581,19.3623475540905,35.095424584428));
#8809=CARTESIAN_POINT('Ctrl Pts',(170.720238673447,19.5537451071042,35.0999999999999));
#8810=CARTESIAN_POINT('Ctrl Pts',(170.720216561631,19.5533093183819,35.0999999999999));
#8811=CARTESIAN_POINT('Ctrl Pts',(170.720192442799,19.5528743482387,35.0999999999999));
#8812=CARTESIAN_POINT('Ctrl Pts',(170.718237405794,19.5147871646208,35.0999999999999));
#8813=CARTESIAN_POINT('Ctrl Pts',(170.716055586389,19.4771104279702,35.0999999999999));
#8814=CARTESIAN_POINT('Ctrl Pts',(170.692639260808,19.4119588619788,35.0999999999999));
#8815=CARTESIAN_POINT('Ctrl Pts',(170.673928124081,19.3845213060649,35.1));
#8816=CARTESIAN_POINT('Ctrl Pts',(170.654484917941,19.3563847920395,35.0999999999999));
#8817=CARTESIAN_POINT('Ctrl Pts',(170.653976481988,19.3556443166858,35.0999999999999));
#8818=CARTESIAN_POINT('Ctrl Pts',(170.653465752985,19.3549053452502,35.0999999999999));
#8819=CARTESIAN_POINT('Ctrl Pts',(170.725841024859,19.5534525127271,35.0999999999999));
#8820=CARTESIAN_POINT('Ctrl Pts',(170.725818286112,19.553017130291,35.0999999999999));
#8821=CARTESIAN_POINT('Ctrl Pts',(170.725795443325,19.5525813486478,35.0999999999999));
#8822=CARTESIAN_POINT('Ctrl Pts',(170.723817594942,19.5145044845702,35.0999999999999));
#8823=CARTESIAN_POINT('Ctrl Pts',(170.721697003098,19.476238488607,35.0999999999999));
#8824=CARTESIAN_POINT('Ctrl Pts',(170.697593157816,19.4091590320997,35.0999999999999));
#8825=CARTESIAN_POINT('Ctrl Pts',(170.678527245089,19.3813444252752,35.0999999999999));
#8826=CARTESIAN_POINT('Ctrl Pts',(170.659103788853,19.3531991360282,35.0999999999999));
#8827=CARTESIAN_POINT('Ctrl Pts',(170.6585936614,19.3524593151151,35.0999999999999));
#8828=CARTESIAN_POINT('Ctrl Pts',(170.658083736013,19.3517200374833,35.0999999999999));
#8829=CARTESIAN_POINT('',(170.658083736013,19.3517200374833,35.0999999999999));
#8830=CARTESIAN_POINT('',(170.725840656866,19.5534525319463,35.0999999999999));
#8831=CARTESIAN_POINT('Ctrl Pts',(170.658083736013,19.3517200374833,35.0999999999999));
#8832=CARTESIAN_POINT('Ctrl Pts',(170.6585936614,19.3524593151151,35.0999999999999));
#8833=CARTESIAN_POINT('Ctrl Pts',(170.659103788853,19.3531991360282,35.0999999999999));
#8834=CARTESIAN_POINT('Ctrl Pts',(170.678527245089,19.3813444252752,35.0999999999999));
#8835=CARTESIAN_POINT('Ctrl Pts',(170.697593157816,19.4091590320997,35.0999999999999));
#8836=CARTESIAN_POINT('Ctrl Pts',(170.721697003098,19.476238488607,35.0999999999999));
#8837=CARTESIAN_POINT('Ctrl Pts',(170.723817594942,19.5145044845702,35.0999999999999));
#8838=CARTESIAN_POINT('Ctrl Pts',(170.725795443325,19.5525813486478,35.0999999999999));
#8839=CARTESIAN_POINT('Ctrl Pts',(170.725818286112,19.553017130291,35.0999999999999));
#8840=CARTESIAN_POINT('Ctrl Pts',(170.725841024859,19.5534525127271,35.0999999999999));
#8841=CARTESIAN_POINT('',(170.700806837529,19.5534503161907,35.0749999999999));
#8842=CARTESIAN_POINT('Ctrl Pts',(170.725840656484,19.5534454595251,35.0999999999999));
#8843=CARTESIAN_POINT('Ctrl Pts',(170.725779877284,19.5534466413717,35.0999999999999));
#8844=CARTESIAN_POINT('Ctrl Pts',(170.725719159007,19.5534490020893,35.0999997699943));
#8845=CARTESIAN_POINT('Ctrl Pts',(170.725658318324,19.5534490050877,35.0999993105199));
#8846=CARTESIAN_POINT('Ctrl Pts',(170.722853850254,19.5534491433005,35.09997813092));
#8847=CARTESIAN_POINT('Ctrl Pts',(170.720073776486,19.553449264648,35.0994740184576));
#8848=CARTESIAN_POINT('Ctrl Pts',(170.717434610171,19.5534495953976,35.0985357079333));
#8849=CARTESIAN_POINT('Ctrl Pts',(170.71695295669,19.5534496557602,35.0983644642616));
#8850=CARTESIAN_POINT('Ctrl Pts',(170.716476027266,19.553449719475,35.0981786224526));
#8851=CARTESIAN_POINT('Ctrl Pts',(170.716004597262,19.5534497822753,35.0979783048811));
#8852=CARTESIAN_POINT('Ctrl Pts',(170.713924754003,19.5534500593361,35.097094548762));
#8853=CARTESIAN_POINT('Ctrl Pts',(170.711978515025,19.5534503707928,35.0959421921753));
#8854=CARTESIAN_POINT('Ctrl Pts',(170.710228042083,19.5534500709707,35.0945410177316));
#8855=CARTESIAN_POINT('Ctrl Pts',(170.709452598365,19.5534499381523,35.0939203100963));
#8856=CARTESIAN_POINT('Ctrl Pts',(170.708715701864,19.5534496786587,35.0932505056927));
#8857=CARTESIAN_POINT('Ctrl Pts',(170.708019797883,19.5534493939203,35.09253612824));
#8858=CARTESIAN_POINT('Ctrl Pts',(170.706056533264,19.5534485906246,35.0905207467854));
#8859=CARTESIAN_POINT('Ctrl Pts',(170.704448712587,19.553447770732,35.0881861737713));
#8860=CARTESIAN_POINT('Ctrl Pts',(170.703244182823,19.5534479509732,35.0856421341141));
#8861=CARTESIAN_POINT('Ctrl Pts',(170.70305990002,19.5534479785486,35.0852529176981));
#8862=CARTESIAN_POINT('Ctrl Pts',(170.702885140048,19.5534480252568,35.0848587448166));
#8863=CARTESIAN_POINT('Ctrl Pts',(170.702720171405,19.5534480896847,35.0844599631812));
#8864=CARTESIAN_POINT('Ctrl Pts',(170.701651946405,19.5534485068758,35.0818777238964));
#8865=CARTESIAN_POINT('Ctrl Pts',(170.70100779712,19.5534498783933,35.0791456653515));
#8866=CARTESIAN_POINT('Ctrl Pts',(170.700846585447,19.5534503393222,35.0763639850568));
#8867=CARTESIAN_POINT('Ctrl Pts',(170.700820305071,19.5534504144618,35.0759105215822));
#8868=CARTESIAN_POINT('Ctrl Pts',(170.700806968905,19.5534504596333,35.0754557182656));
#8869=CARTESIAN_POINT('Ctrl Pts',(170.700806968905,19.5534504596333,35.0749999999999));
#8870=CARTESIAN_POINT('',(170.6390340738,19.3681324720383,35.0749999999999));
#8871=CARTESIAN_POINT('Ctrl Pts',(170.700806961213,19.5534503098395,35.0749999999999));
#8872=CARTESIAN_POINT('Ctrl Pts',(170.698873212022,19.5157924859078,35.0749999999998));
#8873=CARTESIAN_POINT('Ctrl Pts',(170.696554985038,19.4801679949906,35.0749999999998));
#8874=CARTESIAN_POINT('Ctrl Pts',(170.675504194753,19.4216037720668,35.0749999999999));
#8875=CARTESIAN_POINT('Ctrl Pts',(170.657967762486,19.3955358757543,35.0749999999998));
#8876=CARTESIAN_POINT('Ctrl Pts',(170.639034263493,19.3681323409764,35.0749999999999));
#8877=CARTESIAN_POINT('Ctrl Pts',(170.658083736013,19.3517200374833,35.0999999999999));
#8878=CARTESIAN_POINT('Ctrl Pts',(170.6580374393,19.3517599248974,35.0999999999999));
#8879=CARTESIAN_POINT('Ctrl Pts',(170.657991142201,19.3517998126279,35.0999997699966));
#8880=CARTESIAN_POINT('Ctrl Pts',(170.657944845656,19.351839699919,35.0999993105267));
#8881=CARTESIAN_POINT('Ctrl Pts',(170.655812578614,19.3536767777177,35.0999781488476));
#8882=CARTESIAN_POINT('Ctrl Pts',(170.65369836207,19.3554981495215,35.0994748541892));
#8883=CARTESIAN_POINT('Ctrl Pts',(170.651690549638,19.3572275270274,35.0985374898066));
#8884=CARTESIAN_POINT('Ctrl Pts',(170.651304966698,19.3575596389581,35.0983574771178));
#8885=CARTESIAN_POINT('Ctrl Pts',(170.650923338567,19.3578883386153,35.0981613060736));
#8886=CARTESIAN_POINT('Ctrl Pts',(170.650546359773,19.35821304011,35.0979491137122));
#8887=CARTESIAN_POINT('Ctrl Pts',(170.648983730083,19.3595589731023,35.0970695467731));
#8888=CARTESIAN_POINT('Ctrl Pts',(170.647520307078,19.3608194222491,35.0959273925405));
#8889=CARTESIAN_POINT('Ctrl Pts',(170.646202859746,19.3619556489465,35.0945410177315));
#8890=CARTESIAN_POINT('Ctrl Pts',(170.645598690731,19.3624767118742,35.0939052392215));
#8891=CARTESIAN_POINT('Ctrl Pts',(170.64502533369,19.3629715728216,35.0932178278477));
#8892=CARTESIAN_POINT('Ctrl Pts',(170.644484699956,19.3634382877679,35.0924835829533));
#8893=CARTESIAN_POINT('Ctrl Pts',(170.642997889221,19.3647218125442,35.0904643171868));
#8894=CARTESIAN_POINT('Ctrl Pts',(170.641780446882,19.3657730919913,35.0881263987933));
#8895=CARTESIAN_POINT('Ctrl Pts',(170.6408686731,19.366558213876,35.0855782089819));
#8896=CARTESIAN_POINT('Ctrl Pts',(170.640732243078,19.3666756927926,35.0851969196763));
#8897=CARTESIAN_POINT('Ctrl Pts',(170.640602723696,19.3667871664204,35.0848108733601));
#8898=CARTESIAN_POINT('Ctrl Pts',(170.640480312536,19.3668924687456,35.0844203931805));
#8899=CARTESIAN_POINT('Ctrl Pts',(170.639671487767,19.3675882478587,35.0818403176456));
#8900=CARTESIAN_POINT('Ctrl Pts',(170.639183200286,19.3680052284828,35.079110823587));
#8901=CARTESIAN_POINT('Ctrl Pts',(170.639062989977,19.3681075749949,35.0763314917576));
#8902=CARTESIAN_POINT('Ctrl Pts',(170.639043843443,19.3681238762677,35.0758888128104));
#8903=CARTESIAN_POINT('Ctrl Pts',(170.63903412159,19.3681321355918,35.0754448505557));
#8904=CARTESIAN_POINT('Ctrl Pts',(170.63903412159,19.3681321355918,35.0749999999999));
#8905=CARTESIAN_POINT('Ctrl Pts',(170.641001046026,19.3699733030216,35.0749999999999));
#8906=CARTESIAN_POINT('Ctrl Pts',(170.640345335964,19.3693596434178,35.0749999999999));
#8907=CARTESIAN_POINT('Ctrl Pts',(170.639689036104,19.3687460617298,35.0749999999999));
#8908=CARTESIAN_POINT('Ctrl Pts',(170.615461718897,19.3460377694676,35.0749999999998));
#8909=CARTESIAN_POINT('Ctrl Pts',(170.592985564236,19.3254846645175,35.0749999999998));
#8910=CARTESIAN_POINT('Ctrl Pts',(170.542294091468,19.2974459383024,35.0749999999998));
#8911=CARTESIAN_POINT('Ctrl Pts',(170.511626966583,19.2892873518844,35.0749999999998));
#8912=CARTESIAN_POINT('Ctrl Pts',(170.478451632803,19.280911487622,35.0749999999999));
#8913=CARTESIAN_POINT('Ctrl Pts',(170.47788213475,19.280766903441,35.0749999999999));
#8914=CARTESIAN_POINT('Ctrl Pts',(170.477312840561,19.2806226934791,35.0749999999999));
#8915=CARTESIAN_POINT('Ctrl Pts',(170.641001046026,19.3699733030216,35.0824799825084));
#8916=CARTESIAN_POINT('Ctrl Pts',(170.640345335964,19.3693596434178,35.0824799825084));
#8917=CARTESIAN_POINT('Ctrl Pts',(170.639689036104,19.3687460617298,35.0824799825084));
#8918=CARTESIAN_POINT('Ctrl Pts',(170.615461718897,19.3460377694676,35.0824799825084));
#8919=CARTESIAN_POINT('Ctrl Pts',(170.592985564236,19.3254846645175,35.0824799825084));
#8920=CARTESIAN_POINT('Ctrl Pts',(170.542294091468,19.2974459383024,35.0824799825084));
#8921=CARTESIAN_POINT('Ctrl Pts',(170.511626966583,19.2892873518844,35.0824799825083));
#8922=CARTESIAN_POINT('Ctrl Pts',(170.478451632803,19.280911487622,35.0824799825084));
#8923=CARTESIAN_POINT('Ctrl Pts',(170.47788213475,19.280766903441,35.0824799825084));
#8924=CARTESIAN_POINT('Ctrl Pts',(170.477312840561,19.2806226934791,35.0824799825084));
#8925=CARTESIAN_POINT('Ctrl Pts',(170.6452940902,19.3653860819611,35.0954245859476));
#8926=CARTESIAN_POINT('Ctrl Pts',(170.644638891536,19.3647713683818,35.0954245859476));
#8927=CARTESIAN_POINT('Ctrl Pts',(170.643981551138,19.3641598165918,35.0954245859476));
#8928=CARTESIAN_POINT('Ctrl Pts',(170.619765948842,19.3414361964136,35.0954245859476));
#8929=CARTESIAN_POINT('Ctrl Pts',(170.59690282579,19.3204707614294,35.0954245859476));
#8930=CARTESIAN_POINT('Ctrl Pts',(170.544423770262,19.2914421611979,35.0954245859476));
#8931=CARTESIAN_POINT('Ctrl Pts',(170.513176937115,19.2831796668481,35.0954245859475));
#8932=CARTESIAN_POINT('Ctrl Pts',(170.479993854514,19.2748219043846,35.0954245859476));
#8933=CARTESIAN_POINT('Ctrl Pts',(170.479425532065,19.27467569844,35.0954245859476));
#8934=CARTESIAN_POINT('Ctrl Pts',(170.478855615461,19.2745323182076,35.0954245859476));
#8935=CARTESIAN_POINT('Ctrl Pts',(170.654250389344,19.3558160606918,35.0999999999999));
#8936=CARTESIAN_POINT('Ctrl Pts',(170.653594987608,19.3552017656377,35.0999999999999));
#8937=CARTESIAN_POINT('Ctrl Pts',(170.652938120118,19.3545892126546,35.0999999999999));
#8938=CARTESIAN_POINT('Ctrl Pts',(170.628714474787,19.331882283654,35.0999999999998));
#8939=CARTESIAN_POINT('Ctrl Pts',(170.605094584439,19.310026525664,35.0999999999998));
#8940=CARTESIAN_POINT('Ctrl Pts',(170.548840073052,19.2789113690111,35.0999999999998));
#8941=CARTESIAN_POINT('Ctrl Pts',(170.516384608238,19.2704894291661,35.0999999999997));
#8942=CARTESIAN_POINT('Ctrl Pts',(170.483212760826,19.2621155324131,35.0999999999999));
#8943=CARTESIAN_POINT('Ctrl Pts',(170.48264387595,19.2619700736786,35.0999999999999));
#8944=CARTESIAN_POINT('Ctrl Pts',(170.482074206502,19.2618263639672,35.0999999999999));
#8945=CARTESIAN_POINT('Ctrl Pts',(170.658083736013,19.3517200374833,35.0999999999999));
#8946=CARTESIAN_POINT('Ctrl Pts',(170.657428025951,19.3511063778795,35.0999999999999));
#8947=CARTESIAN_POINT('Ctrl Pts',(170.656771821781,19.3504924835142,35.0999999999999));
#8948=CARTESIAN_POINT('Ctrl Pts',(170.63253907079,19.327801183493,35.0999999999998));
#8949=CARTESIAN_POINT('Ctrl Pts',(170.608604091001,19.3055591135182,35.0999999999998));
#8950=CARTESIAN_POINT('Ctrl Pts',(170.550725619314,19.273547159863,35.0999999999998));
#8951=CARTESIAN_POINT('Ctrl Pts',(170.517752988608,19.2650669716741,35.0999999999997));
#8952=CARTESIAN_POINT('Ctrl Pts',(170.484590727099,19.256676772465,35.0999999999999));
#8953=CARTESIAN_POINT('Ctrl Pts',(170.484021075853,19.2565323536796,35.0999999999999));
#8954=CARTESIAN_POINT('Ctrl Pts',(170.483451781664,19.2563881437177,35.0999999999999));
#8955=CARTESIAN_POINT('',(170.479020636529,19.2810553014278,35.0749999999999));
#8956=CARTESIAN_POINT('Ctrl Pts',(170.639034227093,19.3681323084909,35.0749999999999));
#8957=CARTESIAN_POINT('Ctrl Pts',(170.61546161272,19.3460376723748,35.0749999999998));
#8958=CARTESIAN_POINT('Ctrl Pts',(170.592985505571,19.3254846320681,35.0749999999998));
#8959=CARTESIAN_POINT('Ctrl Pts',(170.542294132158,19.2974459608091,35.0749999999998));
#8960=CARTESIAN_POINT('Ctrl Pts',(170.511627063112,19.2892873775648,35.0749999999998));
#8961=CARTESIAN_POINT('Ctrl Pts',(170.479020673538,19.2810551548412,35.0749999999999));
#8962=CARTESIAN_POINT('',(170.483451781664,19.2563881437177,35.0999999999999));
#8963=CARTESIAN_POINT('Ctrl Pts',(170.479020673538,19.2810551548412,35.0749999999999));
#8964=CARTESIAN_POINT('Ctrl Pts',(170.478695330362,19.2809730145762,35.0824799430214));
#8965=CARTESIAN_POINT('Ctrl Pts',(170.479251519018,19.2774105730317,35.0898768839862));
#8966=CARTESIAN_POINT('Ctrl Pts',(170.480355174338,19.2716875166565,35.0945410184759));
#8967=CARTESIAN_POINT('Ctrl Pts',(170.481182913534,19.2673952362711,35.0980391096482));
#8968=CARTESIAN_POINT('Ctrl Pts',(170.482318191521,19.2618881595262,35.0999999999999));
#8969=CARTESIAN_POINT('Ctrl Pts',(170.483451781664,19.2563881437177,35.0999999999999));
#8970=CARTESIAN_POINT('Ctrl Pts',(170.483451781664,19.2563881437177,35.0999999999999));
#8971=CARTESIAN_POINT('Ctrl Pts',(170.484021075853,19.2565323536796,35.0999999999999));
#8972=CARTESIAN_POINT('Ctrl Pts',(170.484590727099,19.256676772465,35.0999999999999));
#8973=CARTESIAN_POINT('Ctrl Pts',(170.517752988608,19.2650669716741,35.0999999999997));
#8974=CARTESIAN_POINT('Ctrl Pts',(170.550725619314,19.273547159863,35.0999999999998));
#8975=CARTESIAN_POINT('Ctrl Pts',(170.608604091001,19.3055591135182,35.0999999999998));
#8976=CARTESIAN_POINT('Ctrl Pts',(170.63253907079,19.327801183493,35.0999999999998));
#8977=CARTESIAN_POINT('Ctrl Pts',(170.656771821781,19.3504924835142,35.0999999999999));
#8978=CARTESIAN_POINT('Ctrl Pts',(170.657428025951,19.3511063778795,35.0999999999999));
#8979=CARTESIAN_POINT('Ctrl Pts',(170.658083736013,19.3517200374833,35.0999999999999));
#8980=CARTESIAN_POINT('Ctrl Pts',(170.652003884333,19.7222471496569,35.0749999999999));
#8981=CARTESIAN_POINT('Ctrl Pts',(170.652394224354,19.7215520960114,35.0749999999999));
#8982=CARTESIAN_POINT('Ctrl Pts',(170.652784380402,19.7208566287504,35.0749999999999));
#8983=CARTESIAN_POINT('Ctrl Pts',(170.667804648858,19.6941533488093,35.075));
#8984=CARTESIAN_POINT('Ctrl Pts',(170.681320865164,19.6694876391014,35.0749999999999));
#8985=CARTESIAN_POINT('Ctrl Pts',(170.697190018767,19.6166916502168,35.0749999999999));
#8986=CARTESIAN_POINT('Ctrl Pts',(170.699134936545,19.5859880948594,35.0749999999999));
#8987=CARTESIAN_POINT('Ctrl Pts',(170.700829241893,19.5530163360634,35.0749999999999));
#8988=CARTESIAN_POINT('Ctrl Pts',(170.700852098098,19.5525819460498,35.0749999999999));
#8989=CARTESIAN_POINT('Ctrl Pts',(170.700874729502,19.5521477395069,35.0749999999999));
#8990=CARTESIAN_POINT('Ctrl Pts',(170.652003884333,19.7222471496569,35.0824799825084));
#8991=CARTESIAN_POINT('Ctrl Pts',(170.652394224354,19.7215520960114,35.0824799825084));
#8992=CARTESIAN_POINT('Ctrl Pts',(170.652784380402,19.7208566287504,35.0824799825084));
#8993=CARTESIAN_POINT('Ctrl Pts',(170.667804648858,19.6941533488093,35.0824799825085));
#8994=CARTESIAN_POINT('Ctrl Pts',(170.681320865164,19.6694876391014,35.0824799825084));
#8995=CARTESIAN_POINT('Ctrl Pts',(170.697190018767,19.6166916502168,35.0824799825084));
#8996=CARTESIAN_POINT('Ctrl Pts',(170.699134936545,19.5859880948594,35.0824799825084));
#8997=CARTESIAN_POINT('Ctrl Pts',(170.700829241893,19.5530163360634,35.0824799825084));
#8998=CARTESIAN_POINT('Ctrl Pts',(170.700852098098,19.5525819460498,35.0824799825084));
#8999=CARTESIAN_POINT('Ctrl Pts',(170.700874729502,19.5521477395069,35.0824799825084));
#9000=CARTESIAN_POINT('Ctrl Pts',(170.657481881167,19.725323576081,35.0954245837017));
#9001=CARTESIAN_POINT('Ctrl Pts',(170.657873087148,19.724628779402,35.0954245837017));
#9002=CARTESIAN_POINT('Ctrl Pts',(170.65826156307,19.7239327770617,35.0954245837017));
#9003=CARTESIAN_POINT('Ctrl Pts',(170.673295496063,19.697236399339,35.0954245837018));
#9004=CARTESIAN_POINT('Ctrl Pts',(170.687082366242,19.6721463919641,35.0954245837018));
#9005=CARTESIAN_POINT('Ctrl Pts',(170.703487927279,19.6175717343618,35.0954245837017));
#9006=CARTESIAN_POINT('Ctrl Pts',(170.705424211186,19.5863182033758,35.0954245837018));
#9007=CARTESIAN_POINT('Ctrl Pts',(170.707102812365,19.5533430490524,35.0954245837017));
#9008=CARTESIAN_POINT('Ctrl Pts',(170.707127022181,19.5529093180858,35.0954245837017));
#9009=CARTESIAN_POINT('Ctrl Pts',(170.707148955057,19.5524747602154,35.0954245837017));
#9010=CARTESIAN_POINT('Ctrl Pts',(170.668910265023,19.7317417218271,35.0999999999999));
#9011=CARTESIAN_POINT('Ctrl Pts',(170.669301127076,19.7310468230901,35.0999999999999));
#9012=CARTESIAN_POINT('Ctrl Pts',(170.669690416876,19.7303510527439,35.0999999999999));
#9013=CARTESIAN_POINT('Ctrl Pts',(170.684710619961,19.7036507304524,35.1));
#9014=CARTESIAN_POINT('Ctrl Pts',(170.69909495956,19.6777098714373,35.0999999999999));
#9015=CARTESIAN_POINT('Ctrl Pts',(170.716624692847,19.6193859894523,35.0999999999999));
#9016=CARTESIAN_POINT('Ctrl Pts',(170.718499053231,19.5869942034536,35.1));
#9017=CARTESIAN_POINT('Ctrl Pts',(170.720192653746,19.5540254585764,35.0999999999998));
#9018=CARTESIAN_POINT('Ctrl Pts',(170.720216248124,19.5535914203082,35.0999999999998));
#9019=CARTESIAN_POINT('Ctrl Pts',(170.72023845843,19.5531570019725,35.0999999999998));
#9020=CARTESIAN_POINT('Ctrl Pts',(170.673801678624,19.7344887248844,35.0999999999999));
#9021=CARTESIAN_POINT('Ctrl Pts',(170.674192018645,19.7337936712389,35.0999999999999));
#9022=CARTESIAN_POINT('Ctrl Pts',(170.674582409579,19.7330982351902,35.0999999999999));
#9023=CARTESIAN_POINT('Ctrl Pts',(170.689589374374,19.7063930272725,35.1));
#9024=CARTESIAN_POINT('Ctrl Pts',(170.704235155066,19.6800939829425,35.0999999999999));
#9025=CARTESIAN_POINT('Ctrl Pts',(170.722246929545,19.6201587002115,35.0999999999999));
#9026=CARTESIAN_POINT('Ctrl Pts',(170.724087132739,19.5872813246509,35.1));
#9027=CARTESIAN_POINT('Ctrl Pts',(170.725795477779,19.5543176748875,35.0999999999998));
#9028=CARTESIAN_POINT('Ctrl Pts',(170.725818209273,19.5538832118863,35.0999999999998));
#9029=CARTESIAN_POINT('Ctrl Pts',(170.725840840677,19.5534490053434,35.0999999999998));
#9030=CARTESIAN_POINT('',(170.673801678624,19.7344887248844,35.0999999999999));
#9031=CARTESIAN_POINT('Ctrl Pts',(170.725840656864,19.5534525319522,35.0999999999998));
#9032=CARTESIAN_POINT('Ctrl Pts',(170.725818086192,19.5538855643386,35.0999999999998));
#9033=CARTESIAN_POINT('Ctrl Pts',(170.725795416917,19.5543188492558,35.0999999999998));
#9034=CARTESIAN_POINT('Ctrl Pts',(170.724087132739,19.5872813246509,35.1));
#9035=CARTESIAN_POINT('Ctrl Pts',(170.722246929545,19.6201587002115,35.0999999999999));
#9036=CARTESIAN_POINT('Ctrl Pts',(170.704235155066,19.6800939829425,35.0999999999999));
#9037=CARTESIAN_POINT('Ctrl Pts',(170.689589374374,19.7063930272725,35.1));
#9038=CARTESIAN_POINT('Ctrl Pts',(170.674582409579,19.7330982351902,35.0999999999999));
#9039=CARTESIAN_POINT('Ctrl Pts',(170.674192018645,19.7337936712389,35.0999999999999));
#9040=CARTESIAN_POINT('Ctrl Pts',(170.673801678624,19.7344887248844,35.0999999999999));
#9041=CARTESIAN_POINT('',(170.653174828738,19.7201621234417,35.0749999999999));
#9042=CARTESIAN_POINT('Ctrl Pts',(170.673801678624,19.7344887248844,35.0999999999999));
#9043=CARTESIAN_POINT('Ctrl Pts',(170.673751548737,19.7344539066301,35.0999999999999));
#9044=CARTESIAN_POINT('Ctrl Pts',(170.673701418366,19.734419088103,35.0999997699956));
#9045=CARTESIAN_POINT('Ctrl Pts',(170.67365128852,19.7343842699264,35.0999993105237));
#9046=CARTESIAN_POINT('Ctrl Pts',(170.671340579267,19.7327793441269,35.0999781314028));
#9047=CARTESIAN_POINT('Ctrl Pts',(170.669049520047,19.731188242516,35.0994740346297));
#9048=CARTESIAN_POINT('Ctrl Pts',(170.666874212047,19.7296777519886,35.0985353394652));
#9049=CARTESIAN_POINT('Ctrl Pts',(170.666463722333,19.7293927161109,35.0983582037631));
#9050=CARTESIAN_POINT('Ctrl Pts',(170.666057383786,19.7291105663544,35.0981654469465));
#9051=CARTESIAN_POINT('Ctrl Pts',(170.665655908701,19.7288317878796,35.0979572006323));
#9052=CARTESIAN_POINT('Ctrl Pts',(170.663957947608,19.7276527483296,35.097076463191));
#9053=CARTESIAN_POINT('Ctrl Pts',(170.66236816329,19.7265488408837,35.0959314849776));
#9054=CARTESIAN_POINT('Ctrl Pts',(170.660937308692,19.7255540462807,35.0945410173758));
#9055=CARTESIAN_POINT('Ctrl Pts',(170.660287341215,19.7251021595977,35.0939093957422));
#9056=CARTESIAN_POINT('Ctrl Pts',(170.659670285782,19.7246728537082,35.0932268477491));
#9057=CARTESIAN_POINT('Ctrl Pts',(170.659088196832,19.7242677961483,35.0924980959462));
#9058=CARTESIAN_POINT('Ctrl Pts',(170.657476323204,19.7231461435245,35.0904800954124));
#9059=CARTESIAN_POINT('Ctrl Pts',(170.656156355412,19.7222273750638,35.0881433570482));
#9060=CARTESIAN_POINT('Ctrl Pts',(170.655167660424,19.7215409991964,35.0855966010138));
#9061=CARTESIAN_POINT('Ctrl Pts',(170.655018692131,19.7214375818202,35.0852128771104));
#9062=CARTESIAN_POINT('Ctrl Pts',(170.654877315819,19.7213394803424,35.0848243350007));
#9063=CARTESIAN_POINT('Ctrl Pts',(170.654743747967,19.7212468416486,35.0844313051261));
#9064=CARTESIAN_POINT('Ctrl Pts',(170.653866638931,19.7206385048803,35.0818503693004));
#9065=CARTESIAN_POINT('Ctrl Pts',(170.65333733376,19.7202739069516,35.0791198748178));
#9066=CARTESIAN_POINT('Ctrl Pts',(170.653206500347,19.7201840413851,35.076339601919));
#9067=CARTESIAN_POINT('Ctrl Pts',(170.653185542176,19.7201696458436,35.0758942307337));
#9068=CARTESIAN_POINT('Ctrl Pts',(170.653174902293,19.7201623525202,35.0754475626492));
#9069=CARTESIAN_POINT('Ctrl Pts',(170.653174902293,19.7201623525202,35.0749999999999));
#9070=CARTESIAN_POINT('Ctrl Pts',(170.653174982498,19.7201622099299,35.0749999999999));
#9071=CARTESIAN_POINT('Ctrl Pts',(170.667804698258,19.6941532586587,35.075));
#9072=CARTESIAN_POINT('Ctrl Pts',(170.681320879027,19.6694875929803,35.0749999999999));
#9073=CARTESIAN_POINT('Ctrl Pts',(170.697190010037,19.6166916792595,35.0749999999999));
#9074=CARTESIAN_POINT('Ctrl Pts',(170.699134932445,19.5859881595748,35.0749999999999));
#9075=CARTESIAN_POINT('Ctrl Pts',(170.700806940873,19.5534503215012,35.0749999999999));
#9076=CARTESIAN_POINT('Ctrl Pts',(170.480789842248,19.2812447687602,35.0749999999999));
#9077=CARTESIAN_POINT('Ctrl Pts',(170.480200105796,19.2811816128529,35.0749999999999));
#9078=CARTESIAN_POINT('Ctrl Pts',(170.479610359057,19.2811184691981,35.0749999999999));
#9079=CARTESIAN_POINT('Ctrl Pts',(170.442882719568,19.2771840607706,35.0750000000001));
#9080=CARTESIAN_POINT('Ctrl Pts',(170.407077478067,19.2733634722448,35.0749999999999));
#9081=CARTESIAN_POINT('Ctrl Pts',(170.30730769844,19.2667614303768,35.0749999999999));
#9082=CARTESIAN_POINT('Ctrl Pts',(170.242363122307,19.2671895656373,35.0749999999999));
#9083=CARTESIAN_POINT('Ctrl Pts',(170.176855485886,19.2676588594913,35.0749999999999));
#9084=CARTESIAN_POINT('Ctrl Pts',(170.480789842248,19.2812447687602,35.0824799825084));
#9085=CARTESIAN_POINT('Ctrl Pts',(170.480200105796,19.2811816128529,35.0824799825084));
#9086=CARTESIAN_POINT('Ctrl Pts',(170.479610359057,19.2811184691981,35.0824799825084));
#9087=CARTESIAN_POINT('Ctrl Pts',(170.442882719568,19.2771840607706,35.0824799825087));
#9088=CARTESIAN_POINT('Ctrl Pts',(170.407077478067,19.2733634722448,35.0824799825085));
#9089=CARTESIAN_POINT('Ctrl Pts',(170.30730769844,19.2667614303768,35.0824799825085));
#9090=CARTESIAN_POINT('Ctrl Pts',(170.242363122307,19.2671895656373,35.0824799825084));
#9091=CARTESIAN_POINT('Ctrl Pts',(170.176855485886,19.2676588594913,35.0824799825084));
#9092=CARTESIAN_POINT('Ctrl Pts',(170.481458846403,19.2749977500075,35.095424587426));
#9093=CARTESIAN_POINT('Ctrl Pts',(170.480869119701,19.2749345387609,35.095424587426));
#9094=CARTESIAN_POINT('Ctrl Pts',(170.480279353822,19.2748715023316,35.095424587426));
#9095=CARTESIAN_POINT('Ctrl Pts',(170.44355186431,19.2709363426874,35.0954245874262));
#9096=CARTESIAN_POINT('Ctrl Pts',(170.407660644539,19.2671056796731,35.095424587426));
#9097=CARTESIAN_POINT('Ctrl Pts',(170.307418789439,19.2604718347014,35.0954245874261));
#9098=CARTESIAN_POINT('Ctrl Pts',(170.242318354458,19.2609049119677,35.095424587426));
#9099=CARTESIAN_POINT('Ctrl Pts',(170.176810477772,19.2613762816664,35.095424587426));
#9100=CARTESIAN_POINT('Ctrl Pts',(170.482854546714,19.2619649968682,35.0999999999999));
#9101=CARTESIAN_POINT('Ctrl Pts',(170.48226481614,19.2619018075937,35.0999999999999));
#9102=CARTESIAN_POINT('Ctrl Pts',(170.481675058375,19.2618387240557,35.0999999999999));
#9103=CARTESIAN_POINT('Ctrl Pts',(170.444947463527,19.2579042629078,35.1));
#9104=CARTESIAN_POINT('Ctrl Pts',(170.408877557,19.2540500219329,35.0999999999999));
#9105=CARTESIAN_POINT('Ctrl Pts',(170.307649864604,19.2473520697991,35.0999999999999));
#9106=CARTESIAN_POINT('Ctrl Pts',(170.242224361531,19.2477987984272,35.0999999999999));
#9107=CARTESIAN_POINT('Ctrl Pts',(170.176716580241,19.2482693439234,35.0999999999999));
#9108=CARTESIAN_POINT('Ctrl Pts',(170.483451914281,19.2563869053667,35.0999999999999));
#9109=CARTESIAN_POINT('Ctrl Pts',(170.482862177829,19.2563237494594,35.0999999999999));
#9110=CARTESIAN_POINT('Ctrl Pts',(170.482272431914,19.256260598537,35.0999999999999));
#9111=CARTESIAN_POINT('Ctrl Pts',(170.445544719055,19.2523268314297,35.1));
#9112=CARTESIAN_POINT('Ctrl Pts',(170.409398452895,19.2484620525234,35.0999999999999));
#9113=CARTESIAN_POINT('Ctrl Pts',(170.307748646305,19.2417370530414,35.0999999999999));
#9114=CARTESIAN_POINT('Ctrl Pts',(170.242184027992,19.242190207141,35.0999999999999));
#9115=CARTESIAN_POINT('Ctrl Pts',(170.176676391571,19.2426595009951,35.0999999999999));
#9116=CARTESIAN_POINT('',(170.176855485886,19.2676588594913,35.0749999999999));
#9117=CARTESIAN_POINT('Ctrl Pts',(170.479020641717,19.2810552963694,35.0749999999999));
#9118=CARTESIAN_POINT('Ctrl Pts',(170.442882719568,19.2771840607706,35.0750000000001));
#9119=CARTESIAN_POINT('Ctrl Pts',(170.407077478067,19.2733634722448,35.0749999999999));
#9120=CARTESIAN_POINT('Ctrl Pts',(170.30730769844,19.2667614303768,35.0749999999999));
#9121=CARTESIAN_POINT('Ctrl Pts',(170.242363122307,19.2671895656373,35.0749999999999));
#9122=CARTESIAN_POINT('Ctrl Pts',(170.176855485886,19.2676588594913,35.0749999999999));
#9123=CARTESIAN_POINT('',(170.176765936431,19.2426588595,35.0999999999999));
#9124=CARTESIAN_POINT('Ctrl Pts',(170.176855485886,19.2676588594913,35.0749999999999));
#9125=CARTESIAN_POINT('Ctrl Pts',(170.176872542043,19.2676587373018,35.0824799825084));
#9126=CARTESIAN_POINT('Ctrl Pts',(170.176863879291,19.2640685700888,35.0898768996042));
#9127=CARTESIAN_POINT('Ctrl Pts',(170.176839252683,19.2582500404512,35.0945410191999));
#9128=CARTESIAN_POINT('Ctrl Pts',(170.176820782728,19.253886143223,35.0980391088968));
#9129=CARTESIAN_POINT('Ctrl Pts',(170.176793333085,19.2482687923716,35.0999999999999));
#9130=CARTESIAN_POINT('Ctrl Pts',(170.176765936431,19.2426588595103,35.0999999999999));
#9131=CARTESIAN_POINT('Ctrl Pts',(170.176765936472,19.24265885951,35.0999999999999));
#9132=CARTESIAN_POINT('Ctrl Pts',(170.242243776457,19.2421897951774,35.0999999999999));
#9133=CARTESIAN_POINT('Ctrl Pts',(170.307778435255,19.2417390238338,35.0999999999999));
#9134=CARTESIAN_POINT('Ctrl Pts',(170.409398452895,19.2484620525234,35.0999999999999));
#9135=CARTESIAN_POINT('Ctrl Pts',(170.445544719055,19.2523268314297,35.1));
#9136=CARTESIAN_POINT('Ctrl Pts',(170.482272431914,19.256260598537,35.0999999999999));
#9137=CARTESIAN_POINT('Ctrl Pts',(170.482862177829,19.2563237494594,35.0999999999999));
#9138=CARTESIAN_POINT('Ctrl Pts',(170.483451914281,19.2563869053667,35.0999999999999));
#9139=CARTESIAN_POINT('Ctrl Pts',(170.513116358365,19.82087097424,35.0749999999999));
#9140=CARTESIAN_POINT('Ctrl Pts',(170.513907242463,19.8205444839432,35.0749999999999));
#9141=CARTESIAN_POINT('Ctrl Pts',(170.514698290705,19.820217435156,35.0749999999999));
#9142=CARTESIAN_POINT('Ctrl Pts',(170.544939382329,19.8077612707155,35.0749999999999));
#9143=CARTESIAN_POINT('Ctrl Pts',(170.572508557991,19.7959888601721,35.0749999999999));
#9144=CARTESIAN_POINT('Ctrl Pts',(170.61581238756,19.7638457978998,35.0749999999999));
#9145=CARTESIAN_POINT('Ctrl Pts',(170.634044776073,19.7427966358669,35.0749999999998));
#9146=CARTESIAN_POINT('Ctrl Pts',(170.653689258207,19.7195537611275,35.0749999999999));
#9147=CARTESIAN_POINT('Ctrl Pts',(170.654204774508,19.7189453397312,35.0749999999999));
#9148=CARTESIAN_POINT('Ctrl Pts',(170.654719802188,19.7183368831415,35.0749999999999));
#9149=CARTESIAN_POINT('Ctrl Pts',(170.513116358365,19.82087097424,35.0824799825084));
#9150=CARTESIAN_POINT('Ctrl Pts',(170.513907242463,19.8205444839432,35.0824799825084));
#9151=CARTESIAN_POINT('Ctrl Pts',(170.514698290705,19.820217435156,35.0824799825084));
#9152=CARTESIAN_POINT('Ctrl Pts',(170.544939382329,19.8077612707155,35.0824799825084));
#9153=CARTESIAN_POINT('Ctrl Pts',(170.572508557991,19.7959888601721,35.0824799825084));
#9154=CARTESIAN_POINT('Ctrl Pts',(170.61581238756,19.7638457978998,35.0824799825084));
#9155=CARTESIAN_POINT('Ctrl Pts',(170.634044776073,19.7427966358669,35.0824799825084));
#9156=CARTESIAN_POINT('Ctrl Pts',(170.653689258207,19.7195537611275,35.0824799825084));
#9157=CARTESIAN_POINT('Ctrl Pts',(170.654204774508,19.7189453397312,35.0824799825084));
#9158=CARTESIAN_POINT('Ctrl Pts',(170.654719802188,19.7183368831415,35.0824799825084));
#9159=CARTESIAN_POINT('Ctrl Pts',(170.515513734731,19.8266783347135,35.0954245836778));
#9160=CARTESIAN_POINT('Ctrl Pts',(170.516305349622,19.8263525821327,35.0954245836778));
#9161=CARTESIAN_POINT('Ctrl Pts',(170.517095013972,19.826024074798,35.0954245836778));
#9162=CARTESIAN_POINT('Ctrl Pts',(170.547345120699,19.81358260974,35.0954245836778));
#9163=CARTESIAN_POINT('Ctrl Pts',(170.575453414233,19.8016297389482,35.0954245836778));
#9164=CARTESIAN_POINT('Ctrl Pts',(170.620301935626,19.7683381992344,35.0954245836778));
#9165=CARTESIAN_POINT('Ctrl Pts',(170.638851613085,19.7468664206627,35.0954245836778));
#9166=CARTESIAN_POINT('Ctrl Pts',(170.658484146729,19.7236121409194,35.0954245836778));
#9167=CARTESIAN_POINT('Ctrl Pts',(170.659000802732,19.723005251303,35.0954245836778));
#9168=CARTESIAN_POINT('Ctrl Pts',(170.659515262575,19.7223959974278,35.0954245836778));
#9169=CARTESIAN_POINT('Ctrl Pts',(170.52051522306,19.8387938481716,35.0999999999999));
#9170=CARTESIAN_POINT('Ctrl Pts',(170.521306547706,19.8384678025957,35.0999999999999));
#9171=CARTESIAN_POINT('Ctrl Pts',(170.522096910642,19.8381399964098,35.0999999999999));
#9172=CARTESIAN_POINT('Ctrl Pts',(170.552335116456,19.825685720649,35.0999999999998));
#9173=CARTESIAN_POINT('Ctrl Pts',(170.581574279124,19.8134044638423,35.0999999999999));
#9174=CARTESIAN_POINT('Ctrl Pts',(170.629682757703,19.777696117942,35.0999999999998));
#9175=CARTESIAN_POINT('Ctrl Pts',(170.648847425448,19.7553224114812,35.0999999999998));
#9176=CARTESIAN_POINT('Ctrl Pts',(170.668488899524,19.7320808413453,35.0999999999999));
#9177=CARTESIAN_POINT('Ctrl Pts',(170.669005030197,19.7314731972941,35.0999999999999));
#9178=CARTESIAN_POINT('Ctrl Pts',(170.669519715565,19.7308642600729,35.0999999999999));
#9179=CARTESIAN_POINT('Ctrl Pts',(170.52265588865,19.8439793571766,35.0999999999999));
#9180=CARTESIAN_POINT('Ctrl Pts',(170.523446772748,19.8436528668797,35.0999999999999));
#9181=CARTESIAN_POINT('Ctrl Pts',(170.524238059659,19.8433260133564,35.0999999999999));
#9182=CARTESIAN_POINT('Ctrl Pts',(170.554465819446,19.8308586766735,35.0999999999998));
#9183=CARTESIAN_POINT('Ctrl Pts',(170.584190071273,19.8184452517602,35.0999999999999));
#9184=CARTESIAN_POINT('Ctrl Pts',(170.633700343319,19.7816988713138,35.0999999999998));
#9185=CARTESIAN_POINT('Ctrl Pts',(170.653120047455,19.7589356049227,35.0999999999998));
#9186=CARTESIAN_POINT('Ctrl Pts',(170.672771251098,19.7357058369112,35.0999999999999));
#9187=CARTESIAN_POINT('Ctrl Pts',(170.673286650944,19.7350971814741,35.0999999999999));
#9188=CARTESIAN_POINT('Ctrl Pts',(170.673801678624,19.7344887248844,35.0999999999999));
#9189=CARTESIAN_POINT('',(170.52265588865,19.8439793571766,35.0999999999999));
#9190=CARTESIAN_POINT('Ctrl Pts',(170.673801678624,19.7344887248844,35.0999999999999));
#9191=CARTESIAN_POINT('Ctrl Pts',(170.673286650944,19.7350971814741,35.0999999999999));
#9192=CARTESIAN_POINT('Ctrl Pts',(170.672771251098,19.7357058369112,35.0999999999999));
#9193=CARTESIAN_POINT('Ctrl Pts',(170.653120047455,19.7589356049227,35.0999999999998));
#9194=CARTESIAN_POINT('Ctrl Pts',(170.633700343319,19.7816988713138,35.0999999999998));
#9195=CARTESIAN_POINT('Ctrl Pts',(170.584190071273,19.8184452517602,35.0999999999999));
#9196=CARTESIAN_POINT('Ctrl Pts',(170.554465819446,19.8308586766735,35.0999999999998));
#9197=CARTESIAN_POINT('Ctrl Pts',(170.524238059659,19.8433260133564,35.0999999999999));
#9198=CARTESIAN_POINT('Ctrl Pts',(170.523446772748,19.8436528668797,35.0999999999999));
#9199=CARTESIAN_POINT('Ctrl Pts',(170.52265588865,19.8439793571766,35.0999999999999));
#9200=CARTESIAN_POINT('',(170.515488844365,19.8198915719986,35.0749999999999));
#9201=CARTESIAN_POINT('Ctrl Pts',(170.52265588865,19.8439793571766,35.0999999999999));
#9202=CARTESIAN_POINT('Ctrl Pts',(170.522638470438,19.8439208161461,35.0999999999999));
#9203=CARTESIAN_POINT('Ctrl Pts',(170.522621052077,19.8438622745798,35.099999769996));
#9204=CARTESIAN_POINT('Ctrl Pts',(170.522603633902,19.8438037336297,35.0999993105246));
#9205=CARTESIAN_POINT('Ctrl Pts',(170.521800897218,19.8411058065563,35.0999781352605));
#9206=CARTESIAN_POINT('Ctrl Pts',(170.521004881284,19.8384308630579,35.0994742152148));
#9207=CARTESIAN_POINT('Ctrl Pts',(170.520248848227,19.835891125769,35.0985357586804));
#9208=CARTESIAN_POINT('Ctrl Pts',(170.520105010954,19.8354079340851,35.098357214862));
#9209=CARTESIAN_POINT('Ctrl Pts',(170.519962635313,19.8349296673682,35.098162794938));
#9210=CARTESIAN_POINT('Ctrl Pts',(170.519821981828,19.8344571702742,35.0979526329359));
#9211=CARTESIAN_POINT('Ctrl Pts',(170.519232979365,19.832478534959,35.0970725556516));
#9212=CARTESIAN_POINT('Ctrl Pts',(170.518681411109,19.830625746094,35.0959291726553));
#9213=CARTESIAN_POINT('Ctrl Pts',(170.518185714895,19.8289568014182,35.0945410173641));
#9214=CARTESIAN_POINT('Ctrl Pts',(170.51795933014,19.8281945933973,35.0939070460212));
#9215=CARTESIAN_POINT('Ctrl Pts',(170.517744650929,19.8274708564186,35.0932217496209));
#9216=CARTESIAN_POINT('Ctrl Pts',(170.517542237781,19.826788221947,35.0924898940472));
#9217=CARTESIAN_POINT('Ctrl Pts',(170.516983931688,19.8249053453264,35.0904712533157));
#9218=CARTESIAN_POINT('Ctrl Pts',(170.516526912365,19.8233632759733,35.088133946668));
#9219=CARTESIAN_POINT('Ctrl Pts',(170.516183445449,19.8222099509743,35.0855864909137));
#9220=CARTESIAN_POINT('Ctrl Pts',(170.516131881918,19.8220368061777,35.0852040499637));
#9221=CARTESIAN_POINT('Ctrl Pts',(170.516082908741,19.8218724983251,35.0848168229741));
#9222=CARTESIAN_POINT('Ctrl Pts',(170.51603660292,19.821717275599,35.0844251364931));
#9223=CARTESIAN_POINT('Ctrl Pts',(170.515731529041,19.8206946309794,35.0818446118333));
#9224=CARTESIAN_POINT('Ctrl Pts',(170.515545770616,19.8200796839084,35.0791145991362));
#9225=CARTESIAN_POINT('Ctrl Pts',(170.51549980227,19.8199282844646,35.0763347743574));
#9226=CARTESIAN_POINT('Ctrl Pts',(170.515492463924,19.8199041151912,35.0758910055852));
#9227=CARTESIAN_POINT('Ctrl Pts',(170.515488728591,19.8198918574817,35.0754459481451));
#9228=CARTESIAN_POINT('Ctrl Pts',(170.515488728591,19.8198918574817,35.0749999999999));
#9229=CARTESIAN_POINT('Ctrl Pts',(170.515488928105,19.8198917753028,35.0749999999999));
#9230=CARTESIAN_POINT('Ctrl Pts',(170.544939506841,19.8077612175472,35.0749999999999));
#9231=CARTESIAN_POINT('Ctrl Pts',(170.572508608649,19.7959888225706,35.0749999999999));
#9232=CARTESIAN_POINT('Ctrl Pts',(170.615812346241,19.7638458285696,35.0749999999999));
#9233=CARTESIAN_POINT('Ctrl Pts',(170.634044703882,19.742796719211,35.0749999999998));
#9234=CARTESIAN_POINT('Ctrl Pts',(170.653174975731,19.7201622476779,35.0749999999999));
#9235=CARTESIAN_POINT('Origin',(170.00567824766,19.8761500358582,35.0749999999999));
#9236=CARTESIAN_POINT('',(170.12475804612,19.8511500358582,35.0749999999999));
#9237=CARTESIAN_POINT('',(170.124636394313,19.8761500358582,35.0999999999999));
#9238=CARTESIAN_POINT('Ctrl Pts',(170.12475804612,19.8511500358582,35.0749999999999));
#9239=CARTESIAN_POINT('Ctrl Pts',(170.124749404053,19.8511500358582,35.0777897094872));
#9240=CARTESIAN_POINT('Ctrl Pts',(170.124740761985,19.8516212967141,35.0805788381429));
#9241=CARTESIAN_POINT('Ctrl Pts',(170.124732119917,19.8525378483878,35.083213683879));
#9242=CARTESIAN_POINT('Ctrl Pts',(170.124723465517,19.8534557080434,35.0858522897198));
#9243=CARTESIAN_POINT('Ctrl Pts',(170.124714811117,19.8548197583093,35.0883350653098));
#9244=CARTESIAN_POINT('Ctrl Pts',(170.124706156716,19.8565546185589,35.0905248066289));
#9245=CARTESIAN_POINT('Ctrl Pts',(170.124697512017,19.858287533997,35.0927120932061));
#9246=CARTESIAN_POINT('Ctrl Pts',(170.124688867319,19.860389697307,35.0946060946452));
#9247=CARTESIAN_POINT('Ctrl Pts',(170.12468022262,19.8627451940064,35.0961023746276));
#9248=CARTESIAN_POINT('Ctrl Pts',(170.124671571563,19.8651024231034,35.0975997550794));
#9249=CARTESIAN_POINT('Ctrl Pts',(170.124662920507,19.8677123771666,35.0986981980967));
#9250=CARTESIAN_POINT('Ctrl Pts',(170.12465426945,19.8704309335822,35.0993370472562));
#9251=CARTESIAN_POINT('Ctrl Pts',(170.124648311071,19.8723033279796,35.0997770519514));
#9252=CARTESIAN_POINT('Ctrl Pts',(170.124642352692,19.8742266365468,35.0999999999999));
#9253=CARTESIAN_POINT('Ctrl Pts',(170.124636394313,19.8761500358582,35.0999999999999));
#9254=CARTESIAN_POINT('',(169.744007053226,19.8761500358582,35.0999999999999));
#9255=CARTESIAN_POINT('',(170.00567824766,19.8761500358582,35.0999999999999));
#9256=CARTESIAN_POINT('',(169.769007053226,19.8511500358582,35.0749999999999));
#9257=CARTESIAN_POINT('Origin',(169.744007053226,19.8761500358582,35.0749999999999));
#9258=CARTESIAN_POINT('',(170.00567824766,19.8511500358582,35.0749999999999));
#9259=CARTESIAN_POINT('Origin',(169.744007053226,19.6293638348579,35.0749999999999));
#9260=CARTESIAN_POINT('',(169.769007053226,19.2676588594913,35.0749999999999));
#9261=CARTESIAN_POINT('',(169.769007053226,19.6293638348579,35.0749999999999));
#9262=CARTESIAN_POINT('',(169.744007053226,19.2426588594913,35.0999999999999));
#9263=CARTESIAN_POINT('',(169.744007053226,19.6293638348579,35.0999999999999));
#9264=CARTESIAN_POINT('Origin',(169.744007053226,19.2426588594913,35.0749999999999));
#9265=CARTESIAN_POINT('Ctrl Pts',(170.124744104981,19.8511499001746,35.0749999999999));
#9266=CARTESIAN_POINT('Ctrl Pts',(170.208552971622,19.8519655788145,35.0749999999999));
#9267=CARTESIAN_POINT('Ctrl Pts',(170.29151950615,19.8526831510825,35.0749999999999));
#9268=CARTESIAN_POINT('Ctrl Pts',(170.420112716172,19.8378921790711,35.0749999999999));
#9269=CARTESIAN_POINT('Ctrl Pts',(170.46752042279,19.8289653327497,35.0749999999999));
#9270=CARTESIAN_POINT('Ctrl Pts',(170.51632945367,19.8197325783408,35.0749999999999));
#9271=CARTESIAN_POINT('Ctrl Pts',(170.517170174852,19.8195736418401,35.0749999999999));
#9272=CARTESIAN_POINT('Ctrl Pts',(170.51801084527,19.8194146757824,35.0749999999999));
#9273=CARTESIAN_POINT('Ctrl Pts',(170.124744104981,19.8511499001746,35.0824799825084));
#9274=CARTESIAN_POINT('Ctrl Pts',(170.208552971622,19.8519655788145,35.0824799825084));
#9275=CARTESIAN_POINT('Ctrl Pts',(170.29151950615,19.8526831510825,35.0824799825084));
#9276=CARTESIAN_POINT('Ctrl Pts',(170.420112716172,19.8378921790711,35.0824799825084));
#9277=CARTESIAN_POINT('Ctrl Pts',(170.46752042279,19.8289653327497,35.0824799825085));
#9278=CARTESIAN_POINT('Ctrl Pts',(170.51632945367,19.8197325783408,35.0824799825084));
#9279=CARTESIAN_POINT('Ctrl Pts',(170.517170174852,19.8195736418401,35.0824799825084));
#9280=CARTESIAN_POINT('Ctrl Pts',(170.51801084527,19.8194146757824,35.0824799825084));
#9281=CARTESIAN_POINT('Ctrl Pts',(170.124682960428,19.8574323445832,35.0954245839362));
#9282=CARTESIAN_POINT('Ctrl Pts',(170.208493095956,19.858254101833,35.0954245839362));
#9283=CARTESIAN_POINT('Ctrl Pts',(170.291724374398,19.8589850768356,35.0954245839362));
#9284=CARTESIAN_POINT('Ctrl Pts',(170.421129279076,19.8440991733407,35.0954245839362));
#9285=CARTESIAN_POINT('Ctrl Pts',(170.468688453398,19.8351407844049,35.0954245839363));
#9286=CARTESIAN_POINT('Ctrl Pts',(170.517496752473,19.8259057610105,35.0954245839361));
#9287=CARTESIAN_POINT('Ctrl Pts',(170.518337566261,19.8257471543214,35.0954245839362));
#9288=CARTESIAN_POINT('Ctrl Pts',(170.519178189626,19.8255880179533,35.0954245839362));
#9289=CARTESIAN_POINT('Ctrl Pts',(170.124555398569,19.8705389950123,35.0999999999999));
#9290=CARTESIAN_POINT('Ctrl Pts',(170.20836503015,19.8713583381013,35.0999999999999));
#9291=CARTESIAN_POINT('Ctrl Pts',(170.292148522901,19.8721274507771,35.0999999999999));
#9292=CARTESIAN_POINT('Ctrl Pts',(170.42325147715,19.8570494639756,35.0999999999999));
#9293=CARTESIAN_POINT('Ctrl Pts',(170.471123320913,19.8480177391086,35.1000000000001));
#9294=CARTESIAN_POINT('Ctrl Pts',(170.519932126897,19.8387848772944,35.0999999999999));
#9295=CARTESIAN_POINT('Ctrl Pts',(170.5207729013,19.8386261242901,35.0999999999999));
#9296=CARTESIAN_POINT('Ctrl Pts',(170.521613543353,19.8384670555619,35.0999999999999));
#9297=CARTESIAN_POINT('Ctrl Pts',(170.124500801366,19.8761487162135,35.0999999999999));
#9298=CARTESIAN_POINT('Ctrl Pts',(170.208309668006,19.8769643948535,35.0999999999999));
#9299=CARTESIAN_POINT('Ctrl Pts',(170.292329493594,19.8777516044346,35.0999999999999));
#9300=CARTESIAN_POINT('Ctrl Pts',(170.424160035765,19.8625924447625,35.0999999999999));
#9301=CARTESIAN_POINT('Ctrl Pts',(170.472165123818,19.8535280190972,35.1000000000001));
#9302=CARTESIAN_POINT('Ctrl Pts',(170.520974501225,19.8442972842957,35.0999999999999));
#9303=CARTESIAN_POINT('Ctrl Pts',(170.521815218232,19.8441383232343,35.0999999999999));
#9304=CARTESIAN_POINT('Ctrl Pts',(170.52265588865,19.8439793571766,35.0999999999999));
#9305=CARTESIAN_POINT('Ctrl Pts',(170.52265588865,19.8439793571766,35.0999999999999));
#9306=CARTESIAN_POINT('Ctrl Pts',(170.521815218232,19.8441383232343,35.0999999999999));
#9307=CARTESIAN_POINT('Ctrl Pts',(170.520974501225,19.8442972842957,35.0999999999999));
#9308=CARTESIAN_POINT('Ctrl Pts',(170.472165123818,19.8535280190972,35.1000000000001));
#9309=CARTESIAN_POINT('Ctrl Pts',(170.424160035765,19.8625924447625,35.0999999999999));
#9310=CARTESIAN_POINT('Ctrl Pts',(170.292374418938,19.877746438481,35.0999999999999));
#9311=CARTESIAN_POINT('Ctrl Pts',(170.208400290651,19.8769652409141,35.0999999999999));
#9312=CARTESIAN_POINT('Ctrl Pts',(170.124636394523,19.87615003586,35.0999999999999));
#9313=CARTESIAN_POINT('Ctrl Pts',(170.124758046113,19.8511500358573,35.0749999999999));
#9314=CARTESIAN_POINT('Ctrl Pts',(170.208562172298,19.8519656583597,35.0749999999999));
#9315=CARTESIAN_POINT('Ctrl Pts',(170.29152401177,19.8526826328399,35.0749999999999));
#9316=CARTESIAN_POINT('Ctrl Pts',(170.420112709136,19.8378921798804,35.0749999999999));
#9317=CARTESIAN_POINT('Ctrl Pts',(170.467520408696,19.8289653354036,35.0749999999999));
#9318=CARTESIAN_POINT('Ctrl Pts',(170.515488847407,19.8198915880783,35.0749999999999));
#9319=CARTESIAN_POINT('Origin',(170.20960246399,19.2426588594913,35.0749999999999));
#9320=CARTESIAN_POINT('',(170.20960246399,19.2676588594913,35.0749999999999));
#9321=CARTESIAN_POINT('',(170.20960246399,19.2426588594913,35.0999999999999));
#9322=CARTESIAN_POINT('Ctrl Pts',(170.700806837529,19.5534503161907,30.9999999999999));
#9323=CARTESIAN_POINT('Ctrl Pts',(170.700806837529,19.5534503161907,35.0999999999999));
#9324=CARTESIAN_POINT('Ctrl Pts',(170.698930499982,19.517523780596,30.9999999999999));
#9325=CARTESIAN_POINT('Ctrl Pts',(170.698930499982,19.517523780596,35.0999999999999));
#9326=CARTESIAN_POINT('Ctrl Pts',(170.695395802319,19.4498443582168,30.9999999999999));
#9327=CARTESIAN_POINT('Ctrl Pts',(170.695395802319,19.4498443582168,35.0999999999999));
#9328=CARTESIAN_POINT('Ctrl Pts',(170.657032726348,19.3942264880839,30.9999999999999));
#9329=CARTESIAN_POINT('Ctrl Pts',(170.657032726348,19.3942264880839,35.0999999999999));
#9330=CARTESIAN_POINT('Ctrl Pts',(170.6390340738,19.3681324720383,30.9999999999999));
#9331=CARTESIAN_POINT('Ctrl Pts',(170.6390340738,19.3681324720383,35.0999999999999));
#9332=CARTESIAN_POINT('',(170.700806837529,19.5534503161907,34.9999999999999));
#9333=CARTESIAN_POINT('',(170.700806837529,19.5534503161907,30.9999999999999));
#9334=CARTESIAN_POINT('',(170.6390340738,19.3681324720383,34.9999999999999));
#9335=CARTESIAN_POINT('Ctrl Pts',(170.700806837529,19.5534503161907,34.9999999999999));
#9336=CARTESIAN_POINT('Ctrl Pts',(170.698930499982,19.517523780596,34.9999999999999));
#9337=CARTESIAN_POINT('Ctrl Pts',(170.697054162435,19.4815972450013,34.9999999999999));
#9338=CARTESIAN_POINT('Ctrl Pts',(170.685363721102,19.4490694701672,34.9999999999999));
#9339=CARTESIAN_POINT('Ctrl Pts',(170.675031378895,19.4203205041296,34.9999999999999));
#9340=CARTESIAN_POINT('Ctrl Pts',(170.657032726348,19.3942264880839,34.9999999999999));
#9341=CARTESIAN_POINT('Ctrl Pts',(170.6390340738,19.3681324720383,34.9999999999999));
#9342=CARTESIAN_POINT('',(170.6390340738,19.3681324720383,30.9999999999999));
#9343=CARTESIAN_POINT('Ctrl Pts',(170.653174828738,19.7201621234417,30.9999999999999));
#9344=CARTESIAN_POINT('Ctrl Pts',(170.653174828738,19.7201621234417,35.0999999999999));
#9345=CARTESIAN_POINT('Ctrl Pts',(170.667060237171,19.6954372599297,30.9999999999999));
#9346=CARTESIAN_POINT('Ctrl Pts',(170.667060237171,19.6954372599297,35.0999999999999));
#9347=CARTESIAN_POINT('Ctrl Pts',(170.696101596592,19.6437251586012,30.9999999999999));
#9348=CARTESIAN_POINT('Ctrl Pts',(170.696101596592,19.6437251586012,35.0999999999999));
#9349=CARTESIAN_POINT('Ctrl Pts',(170.699193336609,19.5844069756423,30.9999999999999));
#9350=CARTESIAN_POINT('Ctrl Pts',(170.699193336609,19.5844069756423,35.0999999999999));
#9351=CARTESIAN_POINT('Ctrl Pts',(170.700806837529,19.5534503161907,30.9999999999999));
#9352=CARTESIAN_POINT('Ctrl Pts',(170.700806837529,19.5534503161907,35.0999999999999));
#9353=CARTESIAN_POINT('',(170.653174828738,19.7201621234417,34.9999999999999));
#9354=CARTESIAN_POINT('',(170.653174828738,19.7201621234417,30.9999999999999));
#9355=CARTESIAN_POINT('Ctrl Pts',(170.653174828738,19.7201621234417,34.9999999999999));
#9356=CARTESIAN_POINT('Ctrl Pts',(170.667060237171,19.6954372599297,34.9999999999999));
#9357=CARTESIAN_POINT('Ctrl Pts',(170.680945645605,19.6707123964177,34.9999999999999));
#9358=CARTESIAN_POINT('Ctrl Pts',(170.688898872584,19.6442487537861,34.9999999999999));
#9359=CARTESIAN_POINT('Ctrl Pts',(170.697579835688,19.6153636350939,34.9999999999999));
#9360=CARTESIAN_POINT('Ctrl Pts',(170.699193336609,19.5844069756423,34.9999999999999));
#9361=CARTESIAN_POINT('Ctrl Pts',(170.700806837529,19.5534503161907,34.9999999999999));
#9362=CARTESIAN_POINT('Ctrl Pts',(170.515488844365,19.8198915719986,30.9999999999999));
#9363=CARTESIAN_POINT('Ctrl Pts',(170.515488844365,19.8198915719986,35.0999999999999));
#9364=CARTESIAN_POINT('Ctrl Pts',(170.543428379617,19.8083576605425,30.9999999999999));
#9365=CARTESIAN_POINT('Ctrl Pts',(170.543428379617,19.8083576605425,35.0999999999999));
#9366=CARTESIAN_POINT('Ctrl Pts',(170.597370795506,19.7860893213239,30.9999999999999));
#9367=CARTESIAN_POINT('Ctrl Pts',(170.597370795506,19.7860893213239,35.0999999999999));
#9368=CARTESIAN_POINT('Ctrl Pts',(170.635024097197,19.7416054994974,30.9999999999999));
#9369=CARTESIAN_POINT('Ctrl Pts',(170.635024097197,19.7416054994974,35.0999999999999));
#9370=CARTESIAN_POINT('Ctrl Pts',(170.653174828738,19.7201621234417,30.9999999999999));
#9371=CARTESIAN_POINT('Ctrl Pts',(170.653174828738,19.7201621234417,35.0999999999999));
#9372=CARTESIAN_POINT('',(170.515488844365,19.8198915719986,34.9999999999999));
#9373=CARTESIAN_POINT('',(170.515488844365,19.8198915719986,30.9999999999999));
#9374=CARTESIAN_POINT('Ctrl Pts',(170.515488844365,19.8198915719986,34.9999999999999));
#9375=CARTESIAN_POINT('Ctrl Pts',(170.543428379617,19.8083576605425,34.9999999999999));
#9376=CARTESIAN_POINT('Ctrl Pts',(170.571367914868,19.7968237490865,34.9999999999999));
#9377=CARTESIAN_POINT('Ctrl Pts',(170.594937514514,19.7793300151825,34.9999999999999));
#9378=CARTESIAN_POINT('Ctrl Pts',(170.616873365656,19.763048875553,34.9999999999999));
#9379=CARTESIAN_POINT('Ctrl Pts',(170.635024097197,19.7416054994974,34.9999999999999));
#9380=CARTESIAN_POINT('Ctrl Pts',(170.653174828738,19.7201621234417,34.9999999999999));
#9381=CARTESIAN_POINT('Ctrl Pts',(170.12475804612,19.8511500358582,30.9999999999999));
#9382=CARTESIAN_POINT('Ctrl Pts',(170.12475804612,19.8511500358582,35.0999999999999));
#9383=CARTESIAN_POINT('Ctrl Pts',(170.207764353321,19.8519579035037,30.9999999999999));
#9384=CARTESIAN_POINT('Ctrl Pts',(170.207764353321,19.8519579035037,35.0999999999999));
#9385=CARTESIAN_POINT('Ctrl Pts',(170.339148136928,19.8532366100443,30.9999999999999));
#9386=CARTESIAN_POINT('Ctrl Pts',(170.339148136928,19.8532366100443,35.0999999999999));
#9387=CARTESIAN_POINT('Ctrl Pts',(170.468031909468,19.8288654120306,30.9999999999999));
#9388=CARTESIAN_POINT('Ctrl Pts',(170.468031909468,19.8288654120306,35.0999999999999));
#9389=CARTESIAN_POINT('Ctrl Pts',(170.515488844365,19.8198915719986,30.9999999999999));
#9390=CARTESIAN_POINT('Ctrl Pts',(170.515488844365,19.8198915719986,35.0999999999999));
#9391=CARTESIAN_POINT('',(170.12475804612,19.8511500358582,34.9999999999999));
#9392=CARTESIAN_POINT('',(170.12475804612,19.8511500358582,30.9999999999999));
#9393=CARTESIAN_POINT('Ctrl Pts',(170.12475804612,19.8511500358582,34.9999999999999));
#9394=CARTESIAN_POINT('Ctrl Pts',(170.207764353321,19.8519579035037,34.9999999999999));
#9395=CARTESIAN_POINT('Ctrl Pts',(170.290770660522,19.8527657711493,34.9999999999999));
#9396=CARTESIAN_POINT('Ctrl Pts',(170.372779082507,19.8433354198933,34.9999999999999));
#9397=CARTESIAN_POINT('Ctrl Pts',(170.420574974571,19.8378392520626,34.9999999999999));
#9398=CARTESIAN_POINT('Ctrl Pts',(170.468031909468,19.8288654120306,34.9999999999999));
#9399=CARTESIAN_POINT('Ctrl Pts',(170.515488844365,19.8198915719986,34.9999999999999));
#9400=CARTESIAN_POINT('Origin',(169.769007053226,19.8511500358582,30.9999999999999));
#9401=CARTESIAN_POINT('',(169.769007053226,19.8511500358582,34.9999999999999));
#9402=CARTESIAN_POINT('',(169.769007053226,19.8511500358582,30.9999999999999));
#9403=CARTESIAN_POINT('',(169.884504681453,19.8511500358582,34.9999999999999));
#9404=CARTESIAN_POINT('Origin',(170.242349442095,19.9910688102245,35.0999999999999));
#9405=CARTESIAN_POINT('',(170.200653214397,21.0571377933025,35.0999999999999));
#9406=CARTESIAN_POINT('',(170.582800526731,21.0358685661946,35.0999999999999));
#9407=CARTESIAN_POINT('Ctrl Pts',(170.200653214398,21.057137793303,35.0999999999999));
#9408=CARTESIAN_POINT('Ctrl Pts',(170.275478830921,21.0570279508,35.0999999999999));
#9409=CARTESIAN_POINT('Ctrl Pts',(170.350357649883,21.0569413047236,35.0999999999999));
#9410=CARTESIAN_POINT('Ctrl Pts',(170.477769774881,21.0481694617215,35.0999999999999));
#9411=CARTESIAN_POINT('Ctrl Pts',(170.530292615266,21.0420215788543,35.0999999999999));
#9412=CARTESIAN_POINT('Ctrl Pts',(170.582800489474,21.0358682826111,35.0999999999999));
#9413=CARTESIAN_POINT('',(169.353411679715,21.0571377933025,35.0999999999999));
#9414=CARTESIAN_POINT('',(170.221510503441,21.0571377933025,35.0999999999999));
#9415=CARTESIAN_POINT('',(169.353411679715,18.9249998271465,35.0999999999999));
#9416=CARTESIAN_POINT('',(169.353411679715,20.5366033017635,35.0999999999999));
#9417=CARTESIAN_POINT('',(170.071128947446,18.9249998271465,35.0999999999999));
#9418=CARTESIAN_POINT('',(169.785380560905,18.9249998271465,35.0999999999999));
#9419=CARTESIAN_POINT('',(170.599956667377,18.9397756678169,35.0999999999999));
#9420=CARTESIAN_POINT('Ctrl Pts',(170.599956667,18.9397756675733,35.0999999999999));
#9421=CARTESIAN_POINT('Ctrl Pts',(170.537884579261,18.9361803816642,35.0999999999999));
#9422=CARTESIAN_POINT('Ctrl Pts',(170.475809984774,18.9325904591536,35.0999999999999));
#9423=CARTESIAN_POINT('Ctrl Pts',(170.299556033423,18.9257835988383,35.0999999999999));
#9424=CARTESIAN_POINT('Ctrl Pts',(170.185330888078,18.9253943446194,35.0999999999999));
#9425=CARTESIAN_POINT('Ctrl Pts',(170.071128947447,18.9249998271466,35.0999999999999));
#9426=CARTESIAN_POINT('',(170.883777682533,19.0389607885492,35.0999999999999));
#9427=CARTESIAN_POINT('Ctrl Pts',(170.883777742838,19.0389606853703,35.0999999999999));
#9428=CARTESIAN_POINT('Ctrl Pts',(170.842366678466,19.0147573815168,35.0999999999999));
#9429=CARTESIAN_POINT('Ctrl Pts',(170.800839430156,18.9903509526026,35.0999999999999));
#9430=CARTESIAN_POINT('Ctrl Pts',(170.705576756187,18.95565965611,35.0999999999999));
#9431=CARTESIAN_POINT('Ctrl Pts',(170.652600460857,18.9477951201472,35.0999999999999));
#9432=CARTESIAN_POINT('Ctrl Pts',(170.599956637891,18.9397758612597,35.0999999999999));
#9433=CARTESIAN_POINT('',(171.06462754073,19.2541862930045,35.0999999999999));
#9434=CARTESIAN_POINT('Ctrl Pts',(171.064627595261,19.2541862624484,35.0999999999999));
#9435=CARTESIAN_POINT('Ctrl Pts',(171.041023215611,19.2120614017925,35.0999999999999));
#9436=CARTESIAN_POINT('Ctrl Pts',(171.017448327876,19.1696292263034,35.0999999999999));
#9437=CARTESIAN_POINT('Ctrl Pts',(170.956092625138,19.0973508885379,35.0999999999999));
#9438=CARTESIAN_POINT('Ctrl Pts',(170.919813423232,19.0681359520456,35.0999999999999));
#9439=CARTESIAN_POINT('Ctrl Pts',(170.883777766422,19.0389606849348,35.0999999999999));
#9440=CARTESIAN_POINT('',(171.131235577466,19.5325333577696,35.0999999999999));
#9441=CARTESIAN_POINT('Ctrl Pts',(171.131235651864,19.532533353219,35.0999999999999));
#9442=CARTESIAN_POINT('Ctrl Pts',(171.128342309273,19.4852296893235,35.0999999999999));
#9443=CARTESIAN_POINT('Ctrl Pts',(171.125541860856,19.4377348718242,35.0999999999999));
#9444=CARTESIAN_POINT('Ctrl Pts',(171.103435505761,19.3439768377582,35.0999999999999));
#9445=CARTESIAN_POINT('Ctrl Pts',(171.083930202792,19.2990117033022,35.0999999999999));
#9446=CARTESIAN_POINT('Ctrl Pts',(171.064627247672,19.2541864191728,35.0999999999999));
#9447=CARTESIAN_POINT('',(171.029270644649,19.8461823576679,35.0999999999999));
#9448=CARTESIAN_POINT('Ctrl Pts',(171.029270906405,19.8461825238191,35.0999999999999));
#9449=CARTESIAN_POINT('Ctrl Pts',(171.05859793128,19.7999805763642,35.0999999999999));
#9450=CARTESIAN_POINT('Ctrl Pts',(171.088447634555,19.7535371943824,35.0999999999999));
#9451=CARTESIAN_POINT('Ctrl Pts',(171.123867149153,19.6471188829259,35.0999999999999));
#9452=CARTESIAN_POINT('Ctrl Pts',(171.127369314858,19.589532625824,35.0999999999999));
#9453=CARTESIAN_POINT('Ctrl Pts',(171.131234974606,19.532533316677,35.0999999999999));
#9454=CARTESIAN_POINT('',(170.680582752831,20.0547464859121,35.0999999999999));
#9455=CARTESIAN_POINT('Ctrl Pts',(170.680582752831,20.0547464859121,35.0999999999999));
#9456=CARTESIAN_POINT('Ctrl Pts',(170.698467149501,20.0484775602619,35.0999999999999));
#9457=CARTESIAN_POINT('Ctrl Pts',(170.716367136561,20.0422158204152,35.0999999999999));
#9458=CARTESIAN_POINT('Ctrl Pts',(170.793045295894,20.0152702377277,35.0999999999999));
#9459=CARTESIAN_POINT('Ctrl Pts',(170.852870044573,19.9949378879132,35.0999999999999));
#9460=CARTESIAN_POINT('Ctrl Pts',(170.952018112787,19.9288898873324,35.0999999999999));
#9461=CARTESIAN_POINT('Ctrl Pts',(170.990702800896,19.8872886173791,35.0999999999999));
#9462=CARTESIAN_POINT('Ctrl Pts',(171.029270828079,19.846182529772,35.0999999999999));
#9463=CARTESIAN_POINT('',(170.945461195808,20.2651689628329,35.0999999999999));
#9464=CARTESIAN_POINT('Ctrl Pts',(170.945461317583,20.2651688713434,35.0999999999999));
#9465=CARTESIAN_POINT('Ctrl Pts',(170.917116980186,20.2274419094885,35.0999999999999));
#9466=CARTESIAN_POINT('Ctrl Pts',(170.888739474432,20.1893299899559,35.0999999999999));
#9467=CARTESIAN_POINT('Ctrl Pts',(170.816218641012,20.1269810331262,35.0999999999999));
#9468=CARTESIAN_POINT('Ctrl Pts',(170.773142512701,20.1043579275762,35.0999999999999));
#9469=CARTESIAN_POINT('Ctrl Pts',(170.714007536722,20.0726357113895,35.0999999999999));
#9470=CARTESIAN_POINT('Ctrl Pts',(170.697289279104,20.0636939922779,35.0999999999999));
#9471=CARTESIAN_POINT('Ctrl Pts',(170.680582752831,20.0547464859115,35.0999999999999));
#9472=CARTESIAN_POINT('',(171.024067412606,20.5330341509812,35.0999999999999));
#9473=CARTESIAN_POINT('Ctrl Pts',(171.024067537819,20.5330341424388,35.0999999999999));
#9474=CARTESIAN_POINT('Ctrl Pts',(171.020850716738,20.4858819691985,35.0999999999999));
#9475=CARTESIAN_POINT('Ctrl Pts',(171.01784711631,20.4383857991735,35.0999999999999));
#9476=CARTESIAN_POINT('Ctrl Pts',(170.991178381443,20.3477355860311,35.0999999999999));
#9477=CARTESIAN_POINT('Ctrl Pts',(170.968151514964,20.3063657495321,35.0999999999999));
#9478=CARTESIAN_POINT('Ctrl Pts',(170.945460365491,20.2651694198331,35.0999999999999));
#9479=CARTESIAN_POINT('',(170.960378020054,20.7757531501924,35.0999999999999));
#9480=CARTESIAN_POINT('Ctrl Pts',(170.96037812029,20.7757531997645,35.0999999999999));
#9481=CARTESIAN_POINT('Ctrl Pts',(170.978794897703,20.738514009575,35.0999999999999));
#9482=CARTESIAN_POINT('Ctrl Pts',(170.997462334319,20.7011487065018,35.0999999999999));
#9483=CARTESIAN_POINT('Ctrl Pts',(171.019369236394,20.6192726791863,35.0999999999998));
#9484=CARTESIAN_POINT('Ctrl Pts',(171.021639310766,20.5760238267014,35.0999999999998));
#9485=CARTESIAN_POINT('Ctrl Pts',(171.024066878401,20.5330341206556,35.0999999999998));
#9486=CARTESIAN_POINT('',(170.800529408246,20.9498338004596,35.0999999999999));
#9487=CARTESIAN_POINT('Ctrl Pts',(170.800529458012,20.9498338645396,35.0999999999999));
#9488=CARTESIAN_POINT('Ctrl Pts',(170.831193305541,20.9260197822555,35.0999999999999));
#9489=CARTESIAN_POINT('Ctrl Pts',(170.862015461777,20.9021869094087,35.0999999999999));
#9490=CARTESIAN_POINT('Ctrl Pts',(170.916061353686,20.8438988566127,35.0999999999999));
#9491=CARTESIAN_POINT('Ctrl Pts',(170.938224920299,20.8097352493299,35.0999999999999));
#9492=CARTESIAN_POINT('Ctrl Pts',(170.960377622633,20.7757528910143,35.0999999999999));
#9493=CARTESIAN_POINT('Ctrl Pts',(170.582800537816,21.035868616946,35.0999999999999));
#9494=CARTESIAN_POINT('Ctrl Pts',(170.621850265228,21.0273390534468,35.0999999999999));
#9495=CARTESIAN_POINT('Ctrl Pts',(170.661068073038,21.0188737263007,35.0999999999999));
#9496=CARTESIAN_POINT('Ctrl Pts',(170.734162139564,20.9896854414501,35.0999999999999));
#9497=CARTESIAN_POINT('Ctrl Pts',(170.767381994111,20.9696955938632,35.0999999999999));
#9498=CARTESIAN_POINT('Ctrl Pts',(170.800529142057,20.9498333560507,35.0999999999999));
#9499=CARTESIAN_POINT('',(170.021993690892,20.7439443409443,35.0999999999999));
#9500=CARTESIAN_POINT('',(169.744007053226,20.7439443409443,35.0999999999999));
#9501=CARTESIAN_POINT('',(170.00567824766,20.7439443409443,35.0999999999999));
#9502=CARTESIAN_POINT('',(170.401343484453,20.7363977228859,35.0999999999999));
#9503=CARTESIAN_POINT('Ctrl Pts',(170.401343484453,20.7363977228858,35.0999999999999));
#9504=CARTESIAN_POINT('Ctrl Pts',(170.400860317264,20.7364219560404,35.0999999999999));
#9505=CARTESIAN_POINT('Ctrl Pts',(170.400377148587,20.7364461883114,35.0999999999999));
#9506=CARTESIAN_POINT('Ctrl Pts',(170.357453944513,20.7385991165653,35.1000000000001));
#9507=CARTESIAN_POINT('Ctrl Pts',(170.315012171949,20.7407263440955,35.0999999999999));
#9508=CARTESIAN_POINT('Ctrl Pts',(170.189054634301,20.7447146604799,35.0999999999999));
#9509=CARTESIAN_POINT('Ctrl Pts',(170.105515048862,20.7443320634392,35.0999999999999));
#9510=CARTESIAN_POINT('Ctrl Pts',(170.021993690896,20.7439443409448,35.0999999999999));
#9511=CARTESIAN_POINT('',(170.583355430798,20.6516803213759,35.0999999999999));
#9512=CARTESIAN_POINT('Ctrl Pts',(170.583355430798,20.6516803213759,35.0999999999999));
#9513=CARTESIAN_POINT('Ctrl Pts',(170.582563742836,20.6523663079049,35.0999999999999));
#9514=CARTESIAN_POINT('Ctrl Pts',(170.581771487369,20.6530525358739,35.0999999999999));
#9515=CARTESIAN_POINT('Ctrl Pts',(170.557687648176,20.6739323605778,35.1));
#9516=CARTESIAN_POINT('Ctrl Pts',(170.534038705227,20.6942807850597,35.0999999999999));
#9517=CARTESIAN_POINT('Ctrl Pts',(170.474073829644,20.7240460190923,35.0999999999999));
#9518=CARTESIAN_POINT('Ctrl Pts',(170.43814334422,20.7302267073012,35.1));
#9519=CARTESIAN_POINT('Ctrl Pts',(170.402304674175,20.7362366771815,35.0999999999999));
#9520=CARTESIAN_POINT('Ctrl Pts',(170.401823913402,20.7363175730812,35.0999999999999));
#9521=CARTESIAN_POINT('Ctrl Pts',(170.401343579201,20.7363982867342,35.0999999999999));
#9522=CARTESIAN_POINT('',(170.645476359263,20.4702472257337,35.0999999999999));
#9523=CARTESIAN_POINT('Ctrl Pts',(170.645476359263,20.4702472257337,35.0999999999999));
#9524=CARTESIAN_POINT('Ctrl Pts',(170.645446335996,20.470767050552,35.0999999999999));
#9525=CARTESIAN_POINT('Ctrl Pts',(170.645416161341,20.4712873191109,35.0999999999999));
#9526=CARTESIAN_POINT('Ctrl Pts',(170.643472510052,20.5051504635769,35.1));
#9527=CARTESIAN_POINT('Ctrl Pts',(170.641369437098,20.5390207858238,35.0999999999999));
#9528=CARTESIAN_POINT('Ctrl Pts',(170.619718050717,20.599092259509,35.0999999999999));
#9529=CARTESIAN_POINT('Ctrl Pts',(170.602376653909,20.624292129085,35.0999999999999));
#9530=CARTESIAN_POINT('Ctrl Pts',(170.584550215215,20.6499585338209,35.0999999999999));
#9531=CARTESIAN_POINT('Ctrl Pts',(170.583952732163,20.6508197509072,35.0999999999999));
#9532=CARTESIAN_POINT('Ctrl Pts',(170.583355430798,20.6516803213759,35.0999999999999));
#9533=CARTESIAN_POINT('',(170.573509530008,20.2821692075638,35.0999999999999));
#9534=CARTESIAN_POINT('Ctrl Pts',(170.573509530008,20.2821692075638,35.0999999999999));
#9535=CARTESIAN_POINT('Ctrl Pts',(170.574110355611,20.2829314059537,35.0999999999999));
#9536=CARTESIAN_POINT('Ctrl Pts',(170.57471149288,20.2836943126657,35.0999999999999));
#9537=CARTESIAN_POINT('Ctrl Pts',(170.595280033438,20.3097710943117,35.0999999999998));
#9538=CARTESIAN_POINT('Ctrl Pts',(170.615465583152,20.3355663355038,35.0999999999999));
#9539=CARTESIAN_POINT('Ctrl Pts',(170.640482441121,20.3982753602656,35.0999999999999));
#9540=CARTESIAN_POINT('Ctrl Pts',(170.643021787208,20.4338022582374,35.1));
#9541=CARTESIAN_POINT('Ctrl Pts',(170.645406080386,20.4691994885977,35.0999999999999));
#9542=CARTESIAN_POINT('Ctrl Pts',(170.64544168056,20.4697235959162,35.0999999999999));
#9543=CARTESIAN_POINT('Ctrl Pts',(170.645477125461,20.470247173864,35.0999999999999));
#9544=CARTESIAN_POINT('',(170.380612291921,20.1969065356662,35.0999999999999));
#9545=CARTESIAN_POINT('Ctrl Pts',(170.38061229193,20.1969065356701,35.0999999999999));
#9546=CARTESIAN_POINT('Ctrl Pts',(170.381063284857,20.1969826895854,35.0999999999999));
#9547=CARTESIAN_POINT('Ctrl Pts',(170.381514603527,20.1970589810438,35.0999999999999));
#9548=CARTESIAN_POINT('Ctrl Pts',(170.418535259365,20.2033000006826,35.0999999999997));
#9549=CARTESIAN_POINT('Ctrl Pts',(170.455588041283,20.2096790618211,35.0999999999998));
#9550=CARTESIAN_POINT('Ctrl Pts',(170.519326784128,20.2392354921574,35.0999999999998));
#9551=CARTESIAN_POINT('Ctrl Pts',(170.545447075651,20.2598633640827,35.0999999999998));
#9552=CARTESIAN_POINT('Ctrl Pts',(170.571989326168,20.2809615723915,35.0999999999999));
#9553=CARTESIAN_POINT('Ctrl Pts',(170.572749670979,20.2815654879409,35.0999999999999));
#9554=CARTESIAN_POINT('Ctrl Pts',(170.573509530008,20.2821692075639,35.0999999999999));
#9555=CARTESIAN_POINT('',(170.057719249758,20.1893434882178,35.0999999999999));
#9556=CARTESIAN_POINT('Ctrl Pts',(170.057719249763,20.189343488219,35.0999999999999));
#9557=CARTESIAN_POINT('Ctrl Pts',(170.127630766148,20.1890278400013,35.0999999999999));
#9558=CARTESIAN_POINT('Ctrl Pts',(170.197560788045,20.1887184649106,35.0999999999999));
#9559=CARTESIAN_POINT('Ctrl Pts',(170.304724804701,20.1925553816784,35.0999999999999));
#9560=CARTESIAN_POINT('Ctrl Pts',(170.341980615429,20.1946902221978,35.0999999999999));
#9561=CARTESIAN_POINT('Ctrl Pts',(170.379693580445,20.1968533879038,35.0999999999999));
#9562=CARTESIAN_POINT('Ctrl Pts',(170.380152950245,20.1968797333021,35.0999999999999));
#9563=CARTESIAN_POINT('Ctrl Pts',(170.380612318055,20.1969060800086,35.0999999999999));
#9564=CARTESIAN_POINT('',(169.744007053226,20.1893434882164,35.0999999999999));
#9565=CARTESIAN_POINT('',(170.15006256476,20.1893434882164,35.0999999999999));
#9566=CARTESIAN_POINT('',(169.744007053226,20.1027061492205,35.0999999999999));
#9567=CARTESIAN_POINT('Ctrl Pts',(170.562817637718,20.6374255307642,35.0749999999999));
#9568=CARTESIAN_POINT('Ctrl Pts',(170.563414939083,20.6365649602954,35.0749999999999));
#9569=CARTESIAN_POINT('Ctrl Pts',(170.564011974014,20.6357036779644,35.0749999999999));
#9570=CARTESIAN_POINT('Ctrl Pts',(170.581858072476,20.6100404734916,35.0749999999999));
#9571=CARTESIAN_POINT('Ctrl Pts',(170.597640787821,20.586626865069,35.0749999999999));
#9572=CARTESIAN_POINT('Ctrl Pts',(170.616267737023,20.5349611465177,35.0749999999999));
#9573=CARTESIAN_POINT('Ctrl Pts',(170.618534029893,20.5037235161487,35.0749999999999));
#9574=CARTESIAN_POINT('Ctrl Pts',(170.620457546925,20.46984565431,35.0749999999999));
#9575=CARTESIAN_POINT('Ctrl Pts',(170.620487929642,20.4693255401456,35.0749999999999));
#9576=CARTESIAN_POINT('Ctrl Pts',(170.620517952908,20.4688057153273,35.0749999999999));
#9577=CARTESIAN_POINT('Ctrl Pts',(170.562817637718,20.6374255307642,35.0824799825084));
#9578=CARTESIAN_POINT('Ctrl Pts',(170.563414939083,20.6365649602954,35.0824799825084));
#9579=CARTESIAN_POINT('Ctrl Pts',(170.564011974014,20.6357036779644,35.0824799825084));
#9580=CARTESIAN_POINT('Ctrl Pts',(170.581858072476,20.6100404734916,35.0824799825085));
#9581=CARTESIAN_POINT('Ctrl Pts',(170.597640787821,20.586626865069,35.0824799825084));
#9582=CARTESIAN_POINT('Ctrl Pts',(170.616267737023,20.5349611465177,35.0824799825084));
#9583=CARTESIAN_POINT('Ctrl Pts',(170.618534029893,20.5037235161487,35.0824799825085));
#9584=CARTESIAN_POINT('Ctrl Pts',(170.620457546925,20.46984565431,35.0824799825084));
#9585=CARTESIAN_POINT('Ctrl Pts',(170.620487929642,20.4693255401456,35.0824799825084));
#9586=CARTESIAN_POINT('Ctrl Pts',(170.620517952908,20.4688057153273,35.0824799825084));
#9587=CARTESIAN_POINT('Ctrl Pts',(170.567978987218,20.6410078999168,35.0954245790662));
#9588=CARTESIAN_POINT('Ctrl Pts',(170.568577686828,20.6401478385327,35.0954245790661));
#9589=CARTESIAN_POINT('Ctrl Pts',(170.569172010417,20.6392854863746,35.0954245790662));
#9590=CARTESIAN_POINT('Ctrl Pts',(170.587037471067,20.6136339277733,35.0954245790662));
#9591=CARTESIAN_POINT('Ctrl Pts',(170.603194113638,20.5897481468205,35.0954245790662));
#9592=CARTESIAN_POINT('Ctrl Pts',(170.622576189147,20.5359964846022,35.0954245790662));
#9593=CARTESIAN_POINT('Ctrl Pts',(170.62482826382,20.5040917108579,35.0954245790662));
#9594=CARTESIAN_POINT('Ctrl Pts',(170.626728849764,20.4702073497948,35.0954245790662));
#9595=CARTESIAN_POINT('Ctrl Pts',(170.626761272986,20.4696884587101,35.0954245790661));
#9596=CARTESIAN_POINT('Ctrl Pts',(170.626790246024,20.4691679810774,35.0954245790662));
#9597=CARTESIAN_POINT('Ctrl Pts',(170.578746760808,20.6484815538427,35.0999999999999));
#9598=CARTESIAN_POINT('Ctrl Pts',(170.579344904877,20.6476212901925,35.0999999999999));
#9599=CARTESIAN_POINT('Ctrl Pts',(170.579940585408,20.6467594038129,35.0999999999999));
#9600=CARTESIAN_POINT('Ctrl Pts',(170.597786082764,20.6211012207399,35.0999999999999));
#9601=CARTESIAN_POINT('Ctrl Pts',(170.614766993631,20.5962881642047,35.0999999999999));
#9602=CARTESIAN_POINT('Ctrl Pts',(170.635736717902,20.5381189119571,35.0999999999999));
#9603=CARTESIAN_POINT('Ctrl Pts',(170.637892569666,20.504836036351,35.1));
#9604=CARTESIAN_POINT('Ctrl Pts',(170.639814833023,20.4709634432101,35.0999999999999));
#9605=CARTESIAN_POINT('Ctrl Pts',(170.639846315665,20.4704439698157,35.0999999999999));
#9606=CARTESIAN_POINT('Ctrl Pts',(170.639875705974,20.4699237515549,35.0999999999999));
#9607=CARTESIAN_POINT('Ctrl Pts',(170.583355430798,20.6516803213759,35.0999999999999));
#9608=CARTESIAN_POINT('Ctrl Pts',(170.583952732163,20.6508197509072,35.0999999999999));
#9609=CARTESIAN_POINT('Ctrl Pts',(170.584550215215,20.6499585338209,35.0999999999999));
#9610=CARTESIAN_POINT('Ctrl Pts',(170.602376653909,20.624292129085,35.0999999999999));
#9611=CARTESIAN_POINT('Ctrl Pts',(170.619718050717,20.599092259509,35.0999999999999));
#9612=CARTESIAN_POINT('Ctrl Pts',(170.641369437098,20.5390207858238,35.0999999999999));
#9613=CARTESIAN_POINT('Ctrl Pts',(170.643472510052,20.5051504635769,35.1));
#9614=CARTESIAN_POINT('Ctrl Pts',(170.645416161341,20.4712873191109,35.0999999999999));
#9615=CARTESIAN_POINT('Ctrl Pts',(170.645446335996,20.470767050552,35.0999999999999));
#9616=CARTESIAN_POINT('Ctrl Pts',(170.645476359263,20.4702472257337,35.0999999999999));
#9617=CARTESIAN_POINT('',(170.620427887887,20.4703651070595,35.0749999999999));
#9618=CARTESIAN_POINT('Ctrl Pts',(170.620428052908,20.4703651164291,35.0749999999999));
#9619=CARTESIAN_POINT('Ctrl Pts',(170.620444917575,20.4700680884565,35.0824799393391));
#9620=CARTESIAN_POINT('Ctrl Pts',(170.624046025663,20.4699779674277,35.0898768786763));
#9621=CARTESIAN_POINT('Ctrl Pts',(170.629872366396,20.4700165973161,35.0945410151053));
#9622=CARTESIAN_POINT('Ctrl Pts',(170.634242108706,20.4700455696446,35.0980391068281));
#9623=CARTESIAN_POINT('Ctrl Pts',(170.639862848579,20.4701465337942,35.0999999999999));
#9624=CARTESIAN_POINT('Ctrl Pts',(170.645476359263,20.4702472257337,35.0999999999999));
#9625=CARTESIAN_POINT('',(170.564609330147,20.6348441243172,35.0749999999999));
#9626=CARTESIAN_POINT('Ctrl Pts',(170.583355430798,20.6516803213759,35.0999999999999));
#9627=CARTESIAN_POINT('Ctrl Pts',(170.583309871956,20.6516394041919,35.0999999999999));
#9628=CARTESIAN_POINT('Ctrl Pts',(170.583264312758,20.6515984866694,35.0999997699976));
#9629=CARTESIAN_POINT('Ctrl Pts',(170.583218754075,20.6515575696183,35.0999993105294));
#9630=CARTESIAN_POINT('Ctrl Pts',(170.581121085553,20.6496736167943,35.0999781551366));
#9631=CARTESIAN_POINT('Ctrl Pts',(170.57904094847,20.647805593472,35.0994751463326));
#9632=CARTESIAN_POINT('Ctrl Pts',(170.577065230616,20.646031731721,35.0985380452427));
#9633=CARTESIAN_POINT('Ctrl Pts',(170.576677212064,20.6456833564371,35.0983540044865));
#9634=CARTESIAN_POINT('Ctrl Pts',(170.576293253612,20.6453386337424,35.0981530642084));
#9635=CARTESIAN_POINT('Ctrl Pts',(170.575914088329,20.6449982059678,35.0979353682313));
#9636=CARTESIAN_POINT('Ctrl Pts',(170.574385623228,20.6436258968548,35.097057807129));
#9637=CARTESIAN_POINT('Ctrl Pts',(170.572953674872,20.6423402732813,35.0959204473091));
#9638=CARTESIAN_POINT('Ctrl Pts',(170.571663810199,20.6411804469505,35.0945410151053));
#9639=CARTESIAN_POINT('Ctrl Pts',(170.571062736549,20.6406399708367,35.0938982032145));
#9640=CARTESIAN_POINT('Ctrl Pts',(170.570492631598,20.6401268913472,35.0932025509901));
#9641=CARTESIAN_POINT('Ctrl Pts',(170.569955436341,20.639643313948,35.0924589889997));
#9642=CARTESIAN_POINT('Ctrl Pts',(170.568495398002,20.6383290031228,35.0904380683057));
#9643=CARTESIAN_POINT('Ctrl Pts',(170.567299893685,20.6372524971631,35.0880987872587));
#9644=CARTESIAN_POINT('Ctrl Pts',(170.566404930272,20.6364492396489,35.0855488808065));
#9645=CARTESIAN_POINT('Ctrl Pts',(170.566272347614,20.6363302425874,35.0851711297496));
#9646=CARTESIAN_POINT('Ctrl Pts',(170.566146426684,20.6362172881327,35.084788709075));
#9647=CARTESIAN_POINT('Ctrl Pts',(170.566027358576,20.6361105428997,35.0844019313492));
#9648=CARTESIAN_POINT('Ctrl Pts',(170.565233408298,20.6353987619794,35.0818228840419));
#9649=CARTESIAN_POINT('Ctrl Pts',(170.56475422182,20.6349727934459,35.0790946045305));
#9650=CARTESIAN_POINT('Ctrl Pts',(170.56463721042,20.634869138131,35.0763163857152));
#9651=CARTESIAN_POINT('Ctrl Pts',(170.564618777098,20.6348528088522,35.0758787206544));
#9652=CARTESIAN_POINT('Ctrl Pts',(170.564609417065,20.6348445376208,35.0754397982135));
#9653=CARTESIAN_POINT('Ctrl Pts',(170.564609417065,20.6348445376208,35.0749999999999));
#9654=CARTESIAN_POINT('Ctrl Pts',(170.564609582462,20.6348442997756,35.0749999999999));
#9655=CARTESIAN_POINT('Ctrl Pts',(170.581858173369,20.6100403238167,35.0749999999999));
#9656=CARTESIAN_POINT('Ctrl Pts',(170.59764081609,20.5866267866591,35.0749999999999));
#9657=CARTESIAN_POINT('Ctrl Pts',(170.616267720691,20.5349611918179,35.0749999999999));
#9658=CARTESIAN_POINT('Ctrl Pts',(170.618534022326,20.5037236204496,35.0749999999999));
#9659=CARTESIAN_POINT('Ctrl Pts',(170.620428052908,20.4703651164291,35.0749999999999));
#9660=CARTESIAN_POINT('Ctrl Pts',(170.379180813787,20.2218650622701,35.0749999999999));
#9661=CARTESIAN_POINT('Ctrl Pts',(170.378721445977,20.2218387155636,35.0749999999999));
#9662=CARTESIAN_POINT('Ctrl Pts',(170.378262076075,20.2218123717467,35.0749999999999));
#9663=CARTESIAN_POINT('Ctrl Pts',(170.340549123087,20.219649021832,35.0749999999997));
#9664=CARTESIAN_POINT('Ctrl Pts',(170.303473653458,20.2175267015385,35.0749999999998));
#9665=CARTESIAN_POINT('Ctrl Pts',(170.197316034755,20.213725372982,35.0749999999998));
#9666=CARTESIAN_POINT('Ctrl Pts',(170.127706006019,20.2140277518886,35.0749999999999));
#9667=CARTESIAN_POINT('Ctrl Pts',(170.057775687426,20.2143434882164,35.0749999999999));
#9668=CARTESIAN_POINT('Ctrl Pts',(170.379180813787,20.2218650622701,35.0824799825084));
#9669=CARTESIAN_POINT('Ctrl Pts',(170.378721445977,20.2218387155636,35.0824799825084));
#9670=CARTESIAN_POINT('Ctrl Pts',(170.378262076075,20.2218123717467,35.0824799825084));
#9671=CARTESIAN_POINT('Ctrl Pts',(170.340549123087,20.219649021832,35.0824799825082));
#9672=CARTESIAN_POINT('Ctrl Pts',(170.303473653458,20.2175267015385,35.0824799825084));
#9673=CARTESIAN_POINT('Ctrl Pts',(170.197316034755,20.213725372982,35.0824799825083));
#9674=CARTESIAN_POINT('Ctrl Pts',(170.127706006019,20.2140277518886,35.0824799825084));
#9675=CARTESIAN_POINT('Ctrl Pts',(170.057775687426,20.2143434882164,35.0824799825084));
#9676=CARTESIAN_POINT('Ctrl Pts',(170.379540564723,20.2155926274449,35.0954245826979));
#9677=CARTESIAN_POINT('Ctrl Pts',(170.379081198485,20.2155662649577,35.0954245826979));
#9678=CARTESIAN_POINT('Ctrl Pts',(170.378621825512,20.2155399516713,35.0954245826979));
#9679=CARTESIAN_POINT('Ctrl Pts',(170.340908897327,20.2133763784859,35.0954245826978));
#9680=CARTESIAN_POINT('Ctrl Pts',(170.303788060398,20.2112512248505,35.0954245826979));
#9681=CARTESIAN_POINT('Ctrl Pts',(170.197372866289,20.2074404896023,35.0954245826979));
#9682=CARTESIAN_POINT('Ctrl Pts',(170.127677679261,20.2077444401961,35.0954245826979));
#9683=CARTESIAN_POINT('Ctrl Pts',(170.057747321046,20.2080608092718,35.0954245826979));
#9684=CARTESIAN_POINT('Ctrl Pts',(170.380291089248,20.202506862531,35.0999999999999));
#9685=CARTESIAN_POINT('Ctrl Pts',(170.379831722387,20.2024805063118,35.0999999999999));
#9686=CARTESIAN_POINT('Ctrl Pts',(170.379372350697,20.2024541799119,35.0999999999999));
#9687=CARTESIAN_POINT('Ctrl Pts',(170.341659405153,20.2002908103753,35.0999999999999));
#9688=CARTESIAN_POINT('Ctrl Pts',(170.304444035247,20.1981589681334,35.0999999999999));
#9689=CARTESIAN_POINT('Ctrl Pts',(170.197491311956,20.1943293380985,35.0999999999999));
#9690=CARTESIAN_POINT('Ctrl Pts',(170.127618484626,20.1946375549804,35.0999999999999));
#9691=CARTESIAN_POINT('Ctrl Pts',(170.057688142149,20.1949536727309,35.0999999999999));
#9692=CARTESIAN_POINT('Ctrl Pts',(170.380612318055,20.1969060800086,35.0999999999999));
#9693=CARTESIAN_POINT('Ctrl Pts',(170.380152950245,20.1968797333021,35.0999999999999));
#9694=CARTESIAN_POINT('Ctrl Pts',(170.379693580445,20.1968533879038,35.0999999999999));
#9695=CARTESIAN_POINT('Ctrl Pts',(170.341980615429,20.1946902221978,35.0999999999999));
#9696=CARTESIAN_POINT('Ctrl Pts',(170.304724804701,20.1925553816784,35.0999999999999));
#9697=CARTESIAN_POINT('Ctrl Pts',(170.197541986783,20.1887177917474,35.0999999999999));
#9698=CARTESIAN_POINT('Ctrl Pts',(170.127593131834,20.1890280067016,35.0999999999999));
#9699=CARTESIAN_POINT('Ctrl Pts',(170.057662813241,20.1893437430293,35.0999999999999));
#9700=CARTESIAN_POINT('',(170.37780271098,20.2217860221863,35.0749999999999));
#9701=CARTESIAN_POINT('',(170.057775687426,20.2143434882164,35.0749999999999));
#9702=CARTESIAN_POINT('Ctrl Pts',(170.377802712008,20.2217860209803,35.0749999999999));
#9703=CARTESIAN_POINT('Ctrl Pts',(170.340549123087,20.219649021832,35.0749999999997));
#9704=CARTESIAN_POINT('Ctrl Pts',(170.303473653458,20.2175267015385,35.0749999999998));
#9705=CARTESIAN_POINT('Ctrl Pts',(170.197316034755,20.213725372982,35.0749999999998));
#9706=CARTESIAN_POINT('Ctrl Pts',(170.127706006019,20.2140277518886,35.0749999999999));
#9707=CARTESIAN_POINT('Ctrl Pts',(170.057775687426,20.2143434882164,35.0749999999999));
#9708=CARTESIAN_POINT('Ctrl Pts',(170.057775687426,20.2143434882164,35.0749999999999));
#9709=CARTESIAN_POINT('Ctrl Pts',(170.057786437238,20.2143434396809,35.0824799825084));
#9710=CARTESIAN_POINT('Ctrl Pts',(170.057780977687,20.2107532887917,35.0898768969024));
#9711=CARTESIAN_POINT('Ctrl Pts',(170.057765456911,20.2049347435849,35.0945410168841));
#9712=CARTESIAN_POINT('Ctrl Pts',(170.05775381633,20.2005708346799,35.0980391068704));
#9713=CARTESIAN_POINT('Ctrl Pts',(170.057736516309,20.1949534540145,35.0999999999999));
#9714=CARTESIAN_POINT('Ctrl Pts',(170.057719249758,20.189343488219,35.0999999999999));
#9715=CARTESIAN_POINT('Ctrl Pts',(170.380604040803,20.196905605273,35.0999999999999));
#9716=CARTESIAN_POINT('Ctrl Pts',(170.380598606284,20.1969661516538,35.0999999999999));
#9717=CARTESIAN_POINT('Ctrl Pts',(170.380594555456,20.1970267780689,35.0999997699942));
#9718=CARTESIAN_POINT('Ctrl Pts',(170.380587737296,20.1970872452304,35.0999993105196));
#9719=CARTESIAN_POINT('Ctrl Pts',(170.380273036097,20.1998781869549,35.0999781028629));
#9720=CARTESIAN_POINT('Ctrl Pts',(170.379961190035,20.2026449936314,35.0994726931761));
#9721=CARTESIAN_POINT('Ctrl Pts',(170.37966527514,20.2052710238528,35.0985319568019));
#9722=CARTESIAN_POINT('Ctrl Pts',(170.379611645032,20.2057469521919,35.0983614625339));
#9723=CARTESIAN_POINT('Ctrl Pts',(170.37955853978,20.2062182290714,35.0981765343432));
#9724=CARTESIAN_POINT('Ctrl Pts',(170.379506040828,20.2066840973194,35.0979772922199));
#9725=CARTESIAN_POINT('Ctrl Pts',(170.379273214864,20.2087501618897,35.0970936795387));
#9726=CARTESIAN_POINT('Ctrl Pts',(170.379055341535,20.2106834970423,35.0959416769887));
#9727=CARTESIAN_POINT('Ctrl Pts',(170.378858768313,20.212422439086,35.0945410168842));
#9728=CARTESIAN_POINT('Ctrl Pts',(170.378771582399,20.2131937102195,35.0939197835829));
#9729=CARTESIAN_POINT('Ctrl Pts',(170.3786885941,20.2139266098981,35.0932493662535));
#9730=CARTESIAN_POINT('Ctrl Pts',(170.378610187655,20.2146187144841,35.0925342980934));
#9731=CARTESIAN_POINT('Ctrl Pts',(170.37838926157,20.2165688597187,35.0905194483249));
#9732=CARTESIAN_POINT('Ctrl Pts',(170.378208181318,20.2181661617763,35.0881856360764));
#9733=CARTESIAN_POINT('Ctrl Pts',(170.378073352205,20.2193630677163,35.0856424347219));
#9734=CARTESIAN_POINT('Ctrl Pts',(170.378052688766,20.2195465013385,35.0852526725686));
#9735=CARTESIAN_POINT('Ctrl Pts',(170.378033116446,20.2197204470692,35.0848579387215));
#9736=CARTESIAN_POINT('Ctrl Pts',(170.378014663899,20.2198846361333,35.0844585822787));
#9737=CARTESIAN_POINT('Ctrl Pts',(170.377895316549,20.220946577891,35.081875625337));
#9738=CARTESIAN_POINT('Ctrl Pts',(170.377824550783,20.2215869304671,35.0791427716511));
#9739=CARTESIAN_POINT('Ctrl Pts',(170.377807003742,20.2217468412658,35.0763602879218));
#9740=CARTESIAN_POINT('Ctrl Pts',(170.377804151818,20.2217728316071,35.0759080501586));
#9741=CARTESIAN_POINT('Ctrl Pts',(170.377802712008,20.2217860209803,35.0754544803722));
#9742=CARTESIAN_POINT('Ctrl Pts',(170.377802712008,20.2217860209803,35.0749999999999));
#9743=CARTESIAN_POINT('Ctrl Pts',(170.397200749832,20.7117439369187,35.0749999999999));
#9744=CARTESIAN_POINT('Ctrl Pts',(170.397681084033,20.7116632232657,35.0749999999999));
#9745=CARTESIAN_POINT('Ctrl Pts',(170.398161676223,20.711582153119,35.0749999999999));
#9746=CARTESIAN_POINT('Ctrl Pts',(170.434018817196,20.7055915138993,35.075));
#9747=CARTESIAN_POINT('Ctrl Pts',(170.467268947982,20.6995250450843,35.0749999999999));
#9748=CARTESIAN_POINT('Ctrl Pts',(170.519224895243,20.6737269535177,35.0749999999999));
#9749=CARTESIAN_POINT('Ctrl Pts',(170.541321933166,20.6550561615326,35.0749999999999));
#9750=CARTESIAN_POINT('Ctrl Pts',(170.56540005272,20.6341582135034,35.0749999999999));
#9751=CARTESIAN_POINT('Ctrl Pts',(170.566192428882,20.6334723914396,35.0749999999999));
#9752=CARTESIAN_POINT('Ctrl Pts',(170.566984116844,20.6327864049106,35.0749999999999));
#9753=CARTESIAN_POINT('Ctrl Pts',(170.397200749832,20.7117439369187,35.0824799825084));
#9754=CARTESIAN_POINT('Ctrl Pts',(170.397681084033,20.7116632232657,35.0824799825084));
#9755=CARTESIAN_POINT('Ctrl Pts',(170.398161676223,20.711582153119,35.0824799825084));
#9756=CARTESIAN_POINT('Ctrl Pts',(170.434018817196,20.7055915138993,35.0824799825085));
#9757=CARTESIAN_POINT('Ctrl Pts',(170.467268947982,20.6995250450843,35.0824799825084));
#9758=CARTESIAN_POINT('Ctrl Pts',(170.519224895243,20.6737269535177,35.0824799825085));
#9759=CARTESIAN_POINT('Ctrl Pts',(170.541321933166,20.6550561615326,35.0824799825085));
#9760=CARTESIAN_POINT('Ctrl Pts',(170.56540005272,20.6341582135034,35.0824799825084));
#9761=CARTESIAN_POINT('Ctrl Pts',(170.566192428882,20.6334723914396,35.0824799825084));
#9762=CARTESIAN_POINT('Ctrl Pts',(170.566984116844,20.6327864049106,35.0824799825084));
#9763=CARTESIAN_POINT('Ctrl Pts',(170.398241883619,20.7179398176343,35.0954245790662));
#9764=CARTESIAN_POINT('Ctrl Pts',(170.398723030937,20.7178600458495,35.0954245790662));
#9765=CARTESIAN_POINT('Ctrl Pts',(170.399202088615,20.7177771458905,35.0954245790662));
#9766=CARTESIAN_POINT('Ctrl Pts',(170.435069165067,20.7118089670003,35.0954245790663));
#9767=CARTESIAN_POINT('Ctrl Pts',(170.468995462894,20.7056866317763,35.0954245790662));
#9768=CARTESIAN_POINT('Ctrl Pts',(170.522936610849,20.6788977552331,35.0954245790662));
#9769=CARTESIAN_POINT('Ctrl Pts',(170.545449815287,20.6598207008191,35.0954245790663));
#9770=CARTESIAN_POINT('Ctrl Pts',(170.569513563973,20.6389052374147,35.0954245790662));
#9771=CARTESIAN_POINT('Ctrl Pts',(170.570307424499,20.638221904633,35.0954245790662));
#9772=CARTESIAN_POINT('Ctrl Pts',(170.57109838914,20.6375346320407,35.0954245790662));
#9773=CARTESIAN_POINT('Ctrl Pts',(170.400413930464,20.7308658635728,35.0999999999999));
#9774=CARTESIAN_POINT('Ctrl Pts',(170.40089475472,20.7307857175711,35.0999999999999));
#9775=CARTESIAN_POINT('Ctrl Pts',(170.4013745273,20.7307036533755,35.0999999999999));
#9776=CARTESIAN_POINT('Ctrl Pts',(170.437226127818,20.7247144856665,35.1));
#9777=CARTESIAN_POINT('Ctrl Pts',(170.472556690492,20.7185430580866,35.0999999999999));
#9778=CARTESIAN_POINT('Ctrl Pts',(170.53070777974,20.6896717835681,35.0999999999999));
#9779=CARTESIAN_POINT('Ctrl Pts',(170.554024240796,20.669709066034,35.1));
#9780=CARTESIAN_POINT('Ctrl Pts',(170.578097269074,20.648811873206,35.0999999999999));
#9781=CARTESIAN_POINT('Ctrl Pts',(170.578890464512,20.6481272980576,35.0999999999999));
#9782=CARTESIAN_POINT('Ctrl Pts',(170.579681716538,20.6474405364355,35.0999999999999));
#9783=CARTESIAN_POINT('Ctrl Pts',(170.401343579201,20.7363982867342,35.0999999999999));
#9784=CARTESIAN_POINT('Ctrl Pts',(170.401823913402,20.7363175730812,35.0999999999999));
#9785=CARTESIAN_POINT('Ctrl Pts',(170.402304674175,20.7362366771815,35.0999999999999));
#9786=CARTESIAN_POINT('Ctrl Pts',(170.43814334422,20.7302267073012,35.1));
#9787=CARTESIAN_POINT('Ctrl Pts',(170.474073829644,20.7240460190923,35.0999999999999));
#9788=CARTESIAN_POINT('Ctrl Pts',(170.534038705227,20.6942807850597,35.0999999999999));
#9789=CARTESIAN_POINT('Ctrl Pts',(170.557687648176,20.6739323605778,35.1));
#9790=CARTESIAN_POINT('Ctrl Pts',(170.581771487369,20.6530525358739,35.0999999999999));
#9791=CARTESIAN_POINT('Ctrl Pts',(170.582563742836,20.6523663079049,35.0999999999999));
#9792=CARTESIAN_POINT('Ctrl Pts',(170.583355430798,20.6516803213759,35.0999999999999));
#9793=CARTESIAN_POINT('',(170.398641686886,20.7115018069744,35.0749999999999));
#9794=CARTESIAN_POINT('Ctrl Pts',(170.401353259076,20.7363966601474,35.0999999999999));
#9795=CARTESIAN_POINT('Ctrl Pts',(170.401345062218,20.7363364276189,35.0999999999999));
#9796=CARTESIAN_POINT('Ctrl Pts',(170.401335246448,20.7362764664639,35.0999997699941));
#9797=CARTESIAN_POINT('Ctrl Pts',(170.40132866846,20.7362159619692,35.0999993105194));
#9798=CARTESIAN_POINT('Ctrl Pts',(170.401025460096,20.7334270442056,35.0999781313112));
#9799=CARTESIAN_POINT('Ctrl Pts',(170.400724895436,20.7306623337438,35.0994740368642));
#9800=CARTESIAN_POINT('Ctrl Pts',(170.40043933078,20.7280377393435,35.0985357170047));
#9801=CARTESIAN_POINT('Ctrl Pts',(170.400387023411,20.7275569878783,35.0983638433441));
#9802=CARTESIAN_POINT('Ctrl Pts',(170.400335226589,20.7270809680461,35.0981772633544));
#9803=CARTESIAN_POINT('Ctrl Pts',(170.400284029789,20.7266104591028,35.0979761004108));
#9804=CARTESIAN_POINT('Ctrl Pts',(170.400059189656,20.7245441328581,35.0970926564814));
#9805=CARTESIAN_POINT('Ctrl Pts',(170.399848726716,20.7226104364471,35.0959410702631));
#9806=CARTESIAN_POINT('Ctrl Pts',(170.399660053258,20.7208709775511,35.0945410151053));
#9807=CARTESIAN_POINT('Ctrl Pts',(170.399576251665,20.7200983758871,35.0939191637083));
#9808=CARTESIAN_POINT('Ctrl Pts',(170.399496770271,20.7193642221433,35.0932480255938));
#9809=CARTESIAN_POINT('Ctrl Pts',(170.399421762106,20.7186709791594,35.0925321451116));
#9810=CARTESIAN_POINT('Ctrl Pts',(170.39921056613,20.7167190565926,35.0905164835026));
#9811=CARTESIAN_POINT('Ctrl Pts',(170.399037780703,20.7151205050479,35.0881816770675));
#9812=CARTESIAN_POINT('Ctrl Pts',(170.39890746552,20.7139231473464,35.0856373455898));
#9813=CARTESIAN_POINT('Ctrl Pts',(170.398887560424,20.713740255994,35.0852487096587));
#9814=CARTESIAN_POINT('Ctrl Pts',(170.398868659933,20.7135668070745,35.0848551319779));
#9815=CARTESIAN_POINT('Ctrl Pts',(170.398850794558,20.7134030666064,35.0844569584018));
#9816=CARTESIAN_POINT('Ctrl Pts',(170.39873494168,20.7123412470561,35.0818748936732));
#9817=CARTESIAN_POINT('Ctrl Pts',(170.398663847193,20.7117011877011,35.0791430414748));
#9818=CARTESIAN_POINT('Ctrl Pts',(170.398645947242,20.711541222736,35.0763615508116));
#9819=CARTESIAN_POINT('Ctrl Pts',(170.398643034232,20.7115151902822,35.0759088952753));
#9820=CARTESIAN_POINT('Ctrl Pts',(170.39864154826,20.7115019810761,35.0754549041376));
#9821=CARTESIAN_POINT('Ctrl Pts',(170.39864154826,20.7115019810761,35.0749999999999));
#9822=CARTESIAN_POINT('Ctrl Pts',(170.398641711419,20.7115019538172,35.0749999999999));
#9823=CARTESIAN_POINT('Ctrl Pts',(170.434018919428,20.705591495247,35.075));
#9824=CARTESIAN_POINT('Ctrl Pts',(170.467268990936,20.6995250237558,35.0749999999999));
#9825=CARTESIAN_POINT('Ctrl Pts',(170.519224823217,20.6737269892811,35.0749999999999));
#9826=CARTESIAN_POINT('Ctrl Pts',(170.54132180062,20.6550562735269,35.0749999999999));
#9827=CARTESIAN_POINT('Ctrl Pts',(170.564609515933,20.6348443383751,35.0749999999999));
#9828=CARTESIAN_POINT('Origin',(170.00567824766,20.7439443409443,35.0749999999999));
#9829=CARTESIAN_POINT('',(170.022051718086,20.7189443409443,35.0749999999999));
#9830=CARTESIAN_POINT('Ctrl Pts',(170.022051718086,20.7189443409443,35.0749999999999));
#9831=CARTESIAN_POINT('Ctrl Pts',(170.022047595871,20.7189443409443,35.0777897094872));
#9832=CARTESIAN_POINT('Ctrl Pts',(170.022043473655,20.7194156018002,35.0805788381429));
#9833=CARTESIAN_POINT('Ctrl Pts',(170.02203935144,20.720332153474,35.083213683879));
#9834=CARTESIAN_POINT('Ctrl Pts',(170.022035223342,20.7212500131295,35.0858522897198));
#9835=CARTESIAN_POINT('Ctrl Pts',(170.022031095244,20.7226140633954,35.0883350653098));
#9836=CARTESIAN_POINT('Ctrl Pts',(170.022026967146,20.7243489236451,35.0905248066289));
#9837=CARTESIAN_POINT('Ctrl Pts',(170.022022843676,20.7260818390831,35.0927120932061));
#9838=CARTESIAN_POINT('Ctrl Pts',(170.022018720206,20.7281840023932,35.0946060946452));
#9839=CARTESIAN_POINT('Ctrl Pts',(170.022014596736,20.7305394990925,35.0961023746276));
#9840=CARTESIAN_POINT('Ctrl Pts',(170.022010470233,20.7328967281895,35.0975997550794));
#9841=CARTESIAN_POINT('Ctrl Pts',(170.02200634373,20.7355066822528,35.0986981980967));
#9842=CARTESIAN_POINT('Ctrl Pts',(170.022002217227,20.7382252386684,35.0993370472562));
#9843=CARTESIAN_POINT('Ctrl Pts',(170.021999375115,20.7400976330658,35.0997770519514));
#9844=CARTESIAN_POINT('Ctrl Pts',(170.021996533003,20.7420209416329,35.0999999999999));
#9845=CARTESIAN_POINT('Ctrl Pts',(170.021993690892,20.7439443409443,35.0999999999999));
#9846=CARTESIAN_POINT('',(169.769007053226,20.7189443409443,35.0749999999999));
#9847=CARTESIAN_POINT('Origin',(169.744007053226,20.7439443409443,35.0749999999999));
#9848=CARTESIAN_POINT('',(170.00567824766,20.7189443409443,35.0749999999999));
#9849=CARTESIAN_POINT('Origin',(169.744007053226,20.1027061492205,35.0749999999999));
#9850=CARTESIAN_POINT('',(169.769007053226,20.2143434882164,35.0749999999999));
#9851=CARTESIAN_POINT('',(169.769007053226,20.1027061492205,35.0749999999999));
#9852=CARTESIAN_POINT('Origin',(169.744007053226,20.1893434882164,35.0749999999999));
#9853=CARTESIAN_POINT('Ctrl Pts',(170.022045067648,20.7189443100715,35.0749999999999));
#9854=CARTESIAN_POINT('Ctrl Pts',(170.10558797541,20.7193321350933,35.0749999999999));
#9855=CARTESIAN_POINT('Ctrl Pts',(170.188844685201,20.719709072576,35.0749999999999));
#9856=CARTESIAN_POINT('Ctrl Pts',(170.313914451546,20.7157484931004,35.0749999999999));
#9857=CARTESIAN_POINT('Ctrl Pts',(170.356201656194,20.7136306377722,35.075));
#9858=CARTESIAN_POINT('Ctrl Pts',(170.399126486091,20.7114774898851,35.0749999999999));
#9859=CARTESIAN_POINT('Ctrl Pts',(170.399611288718,20.7114531767737,35.0749999999999));
#9860=CARTESIAN_POINT('Ctrl Pts',(170.400096089765,20.7114288616668,35.0749999999999));
#9861=CARTESIAN_POINT('Ctrl Pts',(170.022045067648,20.7189443100715,35.0824799825084));
#9862=CARTESIAN_POINT('Ctrl Pts',(170.10558797541,20.7193321350933,35.0824799825084));
#9863=CARTESIAN_POINT('Ctrl Pts',(170.188844685201,20.719709072576,35.0824799825085));
#9864=CARTESIAN_POINT('Ctrl Pts',(170.313914451546,20.7157484931004,35.0824799825084));
#9865=CARTESIAN_POINT('Ctrl Pts',(170.356201656194,20.7136306377722,35.0824799825085));
#9866=CARTESIAN_POINT('Ctrl Pts',(170.399126486091,20.7114774898851,35.0824799825084));
#9867=CARTESIAN_POINT('Ctrl Pts',(170.399611288718,20.7114531767737,35.0824799825084));
#9868=CARTESIAN_POINT('Ctrl Pts',(170.400096089765,20.7114288616668,35.0824799825084));
#9869=CARTESIAN_POINT('Ctrl Pts',(170.02201590204,20.7252269879302,35.09542457961));
#9870=CARTESIAN_POINT('Ctrl Pts',(170.105558845054,20.7256153231599,35.09542457961));
#9871=CARTESIAN_POINT('Ctrl Pts',(170.188892067291,20.7259935918032,35.0954245796101));
#9872=CARTESIAN_POINT('Ctrl Pts',(170.314190305999,20.7220256213222,35.09542457961));
#9873=CARTESIAN_POINT('Ctrl Pts',(170.35651638698,20.7199056576756,35.0954245796102));
#9874=CARTESIAN_POINT('Ctrl Pts',(170.399441199398,20.717752336853,35.09542457961));
#9875=CARTESIAN_POINT('Ctrl Pts',(170.399926004181,20.7177280471802,35.09542457961));
#9876=CARTESIAN_POINT('Ctrl Pts',(170.400410804123,20.7177037199586,35.09542457961));
#9877=CARTESIAN_POINT('Ctrl Pts',(170.021955055803,20.7383341142635,35.0999999999999));
#9878=CARTESIAN_POINT('Ctrl Pts',(170.105497984812,20.7387222467897,35.0999999999999));
#9879=CARTESIAN_POINT('Ctrl Pts',(170.188990829397,20.7391040681743,35.0999999999999));
#9880=CARTESIAN_POINT('Ctrl Pts',(170.314765835951,20.7351212966586,35.0999999999999));
#9881=CARTESIAN_POINT('Ctrl Pts',(170.35717294278,20.7329963211184,35.1000000000001));
#9882=CARTESIAN_POINT('Ctrl Pts',(170.400097767157,20.7308431549349,35.0999999999999));
#9883=CARTESIAN_POINT('Ctrl Pts',(170.400582571044,20.7308188552662,35.0999999999999));
#9884=CARTESIAN_POINT('Ctrl Pts',(170.401067371425,20.7307945328577,35.0999999999999));
#9885=CARTESIAN_POINT('Ctrl Pts',(170.021929013259,20.7439440406976,35.0999999999999));
#9886=CARTESIAN_POINT('Ctrl Pts',(170.105471921022,20.7443318657194,35.0999999999999));
#9887=CARTESIAN_POINT('Ctrl Pts',(170.189033084832,20.7447153428217,35.0999999999999));
#9888=CARTESIAN_POINT('Ctrl Pts',(170.315012171949,20.7407263440955,35.0999999999999));
#9889=CARTESIAN_POINT('Ctrl Pts',(170.357453944513,20.7385991165653,35.1000000000001));
#9890=CARTESIAN_POINT('Ctrl Pts',(170.400378782446,20.7364461063608,35.0999999999999));
#9891=CARTESIAN_POINT('Ctrl Pts',(170.400863585009,20.7364217921538,35.0999999999999));
#9892=CARTESIAN_POINT('Ctrl Pts',(170.401348386056,20.7363974770469,35.0999999999999));
#9893=CARTESIAN_POINT('Ctrl Pts',(170.022051718085,20.7189443409443,35.0749999999999));
#9894=CARTESIAN_POINT('Ctrl Pts',(170.105592393847,20.7193321550953,35.0749999999999));
#9895=CARTESIAN_POINT('Ctrl Pts',(170.188846885018,20.7197090029144,35.0749999999999));
#9896=CARTESIAN_POINT('Ctrl Pts',(170.313914451546,20.7157484931004,35.0749999999999));
#9897=CARTESIAN_POINT('Ctrl Pts',(170.356201656194,20.7136306377722,35.075));
#9898=CARTESIAN_POINT('Ctrl Pts',(170.398641687631,20.7115018078098,35.0749999999999));
#9899=CARTESIAN_POINT('Origin',(170.15006256476,20.1893434882164,35.0749999999999));
#9900=CARTESIAN_POINT('',(170.15006256476,20.2143434882164,35.0749999999999));
#9901=CARTESIAN_POINT('Ctrl Pts',(170.557957703474,20.3017431875233,35.0749999999999));
#9902=CARTESIAN_POINT('Ctrl Pts',(170.557197844445,20.3011394679004,35.0749999999999));
#9903=CARTESIAN_POINT('Ctrl Pts',(170.556437414697,20.3005358644296,35.0749999999999));
#9904=CARTESIAN_POINT('Ctrl Pts',(170.529899760465,20.2794216251112,35.0749999999999));
#9905=CARTESIAN_POINT('Ctrl Pts',(170.505295011099,20.2602823097735,35.0749999999998));
#9906=CARTESIAN_POINT('Ctrl Pts',(170.44903538735,20.2341887185674,35.0749999999998));
#9907=CARTESIAN_POINT('Ctrl Pts',(170.414386537116,20.2279346436959,35.0749999999995));
#9908=CARTESIAN_POINT('Ctrl Pts',(170.377350621599,20.2217099230714,35.0749999999999));
#9909=CARTESIAN_POINT('Ctrl Pts',(170.376898052397,20.2216332640486,35.0749999999999));
#9910=CARTESIAN_POINT('Ctrl Pts',(170.376445698927,20.2215568808973,35.0749999999999));
#9911=CARTESIAN_POINT('Ctrl Pts',(170.557957703474,20.3017431875233,35.0824799825084));
#9912=CARTESIAN_POINT('Ctrl Pts',(170.557197844445,20.3011394679004,35.0824799825084));
#9913=CARTESIAN_POINT('Ctrl Pts',(170.556437414697,20.3005358644296,35.0824799825084));
#9914=CARTESIAN_POINT('Ctrl Pts',(170.529899760465,20.2794216251112,35.0824799825084));
#9915=CARTESIAN_POINT('Ctrl Pts',(170.505295011099,20.2602823097735,35.0824799825083));
#9916=CARTESIAN_POINT('Ctrl Pts',(170.44903538735,20.2341887185674,35.0824799825084));
#9917=CARTESIAN_POINT('Ctrl Pts',(170.414386537116,20.2279346436959,35.082479982508));
#9918=CARTESIAN_POINT('Ctrl Pts',(170.377350621599,20.2217099230714,35.0824799825084));
#9919=CARTESIAN_POINT('Ctrl Pts',(170.376898052397,20.2216332640486,35.0824799825084));
#9920=CARTESIAN_POINT('Ctrl Pts',(170.376445698927,20.2215568808973,35.0824799825084));
#9921=CARTESIAN_POINT('Ctrl Pts',(170.561866029417,20.2968240551294,35.0954245811877));
#9922=CARTESIAN_POINT('Ctrl Pts',(170.561106693832,20.2962192602172,35.0954245811877));
#9923=CARTESIAN_POINT('Ctrl Pts',(170.5603451944,20.2956177378553,35.0954245811877));
#9924=CARTESIAN_POINT('Ctrl Pts',(170.533818883078,20.2744878244647,35.0954245811877));
#9925=CARTESIAN_POINT('Ctrl Pts',(170.508812614982,20.2549884738101,35.0954245811876));
#9926=CARTESIAN_POINT('Ctrl Pts',(170.450694578162,20.228029558371,35.0954245811877));
#9927=CARTESIAN_POINT('Ctrl Pts',(170.415439617741,20.221721175354,35.0954245811875));
#9928=CARTESIAN_POINT('Ctrl Pts',(170.378396160733,20.2155156343997,35.0954245811877));
#9929=CARTESIAN_POINT('Ctrl Pts',(170.377944736853,20.2154374119299,35.0954245811877));
#9930=CARTESIAN_POINT('Ctrl Pts',(170.377491777208,20.2153618348588,35.0954245811877));
#9931=CARTESIAN_POINT('Ctrl Pts',(170.570019708294,20.2865615983955,35.0999999999999));
#9932=CARTESIAN_POINT('Ctrl Pts',(170.569260164774,20.2859572306367,35.0999999999999));
#9933=CARTESIAN_POINT('Ctrl Pts',(170.56849914328,20.2853546867891,35.0999999999999));
#9934=CARTESIAN_POINT('Ctrl Pts',(170.541965457397,20.2642410051596,35.0999999999998));
#9935=CARTESIAN_POINT('Ctrl Pts',(170.516172806949,20.2439556353639,35.0999999999998));
#9936=CARTESIAN_POINT('Ctrl Pts',(170.454125130379,20.2151792305106,35.0999999999998));
#9937=CARTESIAN_POINT('Ctrl Pts',(170.417610596817,20.2088144144201,35.0999999999997));
#9938=CARTESIAN_POINT('Ctrl Pts',(170.380578810187,20.2025909386698,35.0999999999999));
#9939=CARTESIAN_POINT('Ctrl Pts',(170.380126859168,20.2025134221527,35.0999999999999));
#9940=CARTESIAN_POINT('Ctrl Pts',(170.379674140323,20.2024375248701,35.0999999999999));
#9941=CARTESIAN_POINT('Ctrl Pts',(170.573509530008,20.2821692075639,35.0999999999999));
#9942=CARTESIAN_POINT('Ctrl Pts',(170.572749670979,20.2815654879409,35.0999999999999));
#9943=CARTESIAN_POINT('Ctrl Pts',(170.571989326168,20.2809615723915,35.0999999999999));
#9944=CARTESIAN_POINT('Ctrl Pts',(170.545447075651,20.2598633640827,35.0999999999998));
#9945=CARTESIAN_POINT('Ctrl Pts',(170.519326784128,20.2392354921574,35.0999999999998));
#9946=CARTESIAN_POINT('Ctrl Pts',(170.455588041283,20.2096790618211,35.0999999999998));
#9947=CARTESIAN_POINT('Ctrl Pts',(170.418535259365,20.2033000006826,35.0999999999997));
#9948=CARTESIAN_POINT('Ctrl Pts',(170.381513242656,20.1970587516253,35.0999999999999));
#9949=CARTESIAN_POINT('Ctrl Pts',(170.381060557826,20.1969822286029,35.0999999999999));
#9950=CARTESIAN_POINT('Ctrl Pts',(170.380608204357,20.1969058454515,35.0999999999999));
#9951=CARTESIAN_POINT('',(170.555678319186,20.2999321818352,35.0749999999999));
#9952=CARTESIAN_POINT('Ctrl Pts',(170.555678455124,20.2999320109799,35.0749999999999));
#9953=CARTESIAN_POINT('Ctrl Pts',(170.52989964453,20.2794215349284,35.0749999999999));
#9954=CARTESIAN_POINT('Ctrl Pts',(170.505294948763,20.2602822808617,35.0749999999998));
#9955=CARTESIAN_POINT('Ctrl Pts',(170.449035423471,20.2341887353203,35.0749999999998));
#9956=CARTESIAN_POINT('Ctrl Pts',(170.41438662111,20.2279346588566,35.0749999999995));
#9957=CARTESIAN_POINT('Ctrl Pts',(170.377802729827,20.2217859100524,35.0749999999999));
#9958=CARTESIAN_POINT('Ctrl Pts',(170.573509530008,20.2821692075639,35.0999999999999));
#9959=CARTESIAN_POINT('Ctrl Pts',(170.573466194562,20.2822123771731,35.0999999999999));
#9960=CARTESIAN_POINT('Ctrl Pts',(170.573422858758,20.2822555471543,35.099999769997));
#9961=CARTESIAN_POINT('Ctrl Pts',(170.573379523445,20.2822987166852,35.0999993105276));
#9962=CARTESIAN_POINT('Ctrl Pts',(170.571383193959,20.2842874090707,35.0999781441365));
#9963=CARTESIAN_POINT('Ctrl Pts',(170.569403839236,20.2862594137456,35.0994746300925));
#9964=CARTESIAN_POINT('Ctrl Pts',(170.567524419226,20.2881321910076,35.0985367337714));
#9965=CARTESIAN_POINT('Ctrl Pts',(170.567160491827,20.2884948321166,35.0983551212706));
#9966=CARTESIAN_POINT('Ctrl Pts',(170.566800333378,20.2888537234834,35.0981570688218));
#9967=CARTESIAN_POINT('Ctrl Pts',(170.566444597776,20.2892081989585,35.0979427157781));
#9968=CARTESIAN_POINT('Ctrl Pts',(170.564986432633,20.2906611988218,35.0970640796942));
#9969=CARTESIAN_POINT('Ctrl Pts',(170.563620643451,20.2920221693548,35.095924157597));
#9970=CARTESIAN_POINT('Ctrl Pts',(170.562389119669,20.2932476179504,35.0945410161444));
#9971=CARTESIAN_POINT('Ctrl Pts',(170.561820114939,20.2938138157442,35.0939019590337));
#9972=CARTESIAN_POINT('Ctrl Pts',(170.561279858205,20.2943509747544,35.0932107081132));
#9973=CARTESIAN_POINT('Ctrl Pts',(170.560770492013,20.2948573091022,35.0924721236891));
#9974=CARTESIAN_POINT('Ctrl Pts',(170.559377435182,20.2962420741954,35.0904521818594));
#9975=CARTESIAN_POINT('Ctrl Pts',(170.558236430613,20.2973759690022,35.088113754283));
#9976=CARTESIAN_POINT('Ctrl Pts',(170.557384448525,20.2982251909338,35.0855649057197));
#9977=CARTESIAN_POINT('Ctrl Pts',(170.557257509392,20.2983517188241,35.0851851458251));
#9978=CARTESIAN_POINT('Ctrl Pts',(170.557137036521,20.2984718640149,35.0848006666027));
#9979=CARTESIAN_POINT('Ctrl Pts',(170.557023209014,20.2985854431822,35.084411786543));
#9980=CARTESIAN_POINT('Ctrl Pts',(170.556268085452,20.2993389192778,35.0818319839619));
#9981=CARTESIAN_POINT('Ctrl Pts',(170.555815614439,20.2997939430001,35.0791028261345));
#9982=CARTESIAN_POINT('Ctrl Pts',(170.555705025483,20.2999055131845,35.0763237829289));
#9983=CARTESIAN_POINT('Ctrl Pts',(170.555687511368,20.2999231826977,35.0758836622934));
#9984=CARTESIAN_POINT('Ctrl Pts',(170.555678637326,20.2999321559457,35.075442271939));
#9985=CARTESIAN_POINT('Ctrl Pts',(170.555678637326,20.2999321559457,35.0749999999999));
#9986=CARTESIAN_POINT('Ctrl Pts',(170.620534216142,20.471935745659,35.0749999999999));
#9987=CARTESIAN_POINT('Ctrl Pts',(170.620498771241,20.4714121677112,35.0749999999999));
#9988=CARTESIAN_POINT('Ctrl Pts',(170.620462930833,20.4708882542636,35.0749999999999));
#9989=CARTESIAN_POINT('Ctrl Pts',(170.618102777626,20.4354718244311,35.0750000000001));
#9990=CARTESIAN_POINT('Ctrl Pts',(170.615377957086,20.4027866263225,35.0749999999999));
#9991=CARTESIAN_POINT('Ctrl Pts',(170.593997219216,20.3492057916204,35.0749999999999));
#9992=CARTESIAN_POINT('Ctrl Pts',(170.575671364284,20.3252435854898,35.0749999999999));
#9993=CARTESIAN_POINT('Ctrl Pts',(170.55507752679,20.2991710524847,35.0749999999999));
#9994=CARTESIAN_POINT('Ctrl Pts',(170.55447689186,20.2984080690672,35.0749999999999));
#9995=CARTESIAN_POINT('Ctrl Pts',(170.553876066256,20.2976458706772,35.0749999999999));
#9996=CARTESIAN_POINT('Ctrl Pts',(170.620534216142,20.471935745659,35.0824799825084));
#9997=CARTESIAN_POINT('Ctrl Pts',(170.620498771241,20.4714121677112,35.0824799825084));
#9998=CARTESIAN_POINT('Ctrl Pts',(170.620462930833,20.4708882542636,35.0824799825084));
#9999=CARTESIAN_POINT('Ctrl Pts',(170.618102777626,20.4354718244311,35.0824799825086));
#10000=CARTESIAN_POINT('Ctrl Pts',(170.615377957086,20.4027866263225,35.0824799825085));
#10001=CARTESIAN_POINT('Ctrl Pts',(170.593997219216,20.3492057916204,35.0824799825084));
#10002=CARTESIAN_POINT('Ctrl Pts',(170.575671364284,20.3252435854898,35.0824799825084));
#10003=CARTESIAN_POINT('Ctrl Pts',(170.55507752679,20.2991710524847,35.0824799825084));
#10004=CARTESIAN_POINT('Ctrl Pts',(170.55447689186,20.2984080690672,35.0824799825084));
#10005=CARTESIAN_POINT('Ctrl Pts',(170.553876066256,20.2976458706772,35.0824799825084));
#10006=CARTESIAN_POINT('Ctrl Pts',(170.626802614146,20.4715113909883,35.0954245797332));
#10007=CARTESIAN_POINT('Ctrl Pts',(170.626768457997,20.4709869661265,35.0954245797332));
#10008=CARTESIAN_POINT('Ctrl Pts',(170.626730112677,20.470464641636,35.0954245797332));
#10009=CARTESIAN_POINT('Ctrl Pts',(170.624398226556,20.4350394715119,35.0954245797333));
#10010=CARTESIAN_POINT('Ctrl Pts',(170.621685743212,20.4016335489018,35.0954245797332));
#10011=CARTESIAN_POINT('Ctrl Pts',(170.599400026782,20.3457929272523,35.0954245797332));
#10012=CARTESIAN_POINT('Ctrl Pts',(170.580627885012,20.3213396881106,35.0954245797331));
#10013=CARTESIAN_POINT('Ctrl Pts',(170.560010042487,20.2952822896636,35.0954245797332));
#10014=CARTESIAN_POINT('Ctrl Pts',(170.559412654129,20.2945180102959,35.0954245797332));
#10015=CARTESIAN_POINT('Ctrl Pts',(170.55881014846,20.2937564332854,35.0954245797332));
#10016=CARTESIAN_POINT('Ctrl Pts',(170.639879949699,20.4706260884887,35.0999999999999));
#10017=CARTESIAN_POINT('Ctrl Pts',(170.639845281539,20.4701020000991,35.0999999999999));
#10018=CARTESIAN_POINT('Ctrl Pts',(170.639808081338,20.4695789233272,35.0999999999999));
#10019=CARTESIAN_POINT('Ctrl Pts',(170.637449898352,20.4341692086958,35.1));
#10020=CARTESIAN_POINT('Ctrl Pts',(170.634848274467,20.3992760224149,35.0999999999999));
#10021=CARTESIAN_POINT('Ctrl Pts',(170.610652672281,20.338635981474,35.0999999999999));
#10022=CARTESIAN_POINT('Ctrl Pts',(170.590897137797,20.3132337661544,35.0999999999998));
#10023=CARTESIAN_POINT('Ctrl Pts',(170.570304620958,20.2871677031472,35.0999999999999));
#10024=CARTESIAN_POINT('Ctrl Pts',(170.569705629237,20.2864039865248,35.0999999999999));
#10025=CARTESIAN_POINT('Ctrl Pts',(170.569103791044,20.2856421626452,35.0999999999999));
#10026=CARTESIAN_POINT('Ctrl Pts',(170.645477125461,20.470247173864,35.0999999999999));
#10027=CARTESIAN_POINT('Ctrl Pts',(170.64544168056,20.4697235959162,35.0999999999999));
#10028=CARTESIAN_POINT('Ctrl Pts',(170.645406080386,20.4691994885977,35.0999999999999));
#10029=CARTESIAN_POINT('Ctrl Pts',(170.643021787208,20.4338022582374,35.1));
#10030=CARTESIAN_POINT('Ctrl Pts',(170.640482441121,20.3982753602656,35.0999999999999));
#10031=CARTESIAN_POINT('Ctrl Pts',(170.615465583152,20.3355663355038,35.0999999999999));
#10032=CARTESIAN_POINT('Ctrl Pts',(170.595280033438,20.3097710943117,35.0999999999998));
#10033=CARTESIAN_POINT('Ctrl Pts',(170.57471149288,20.2836943126657,35.0999999999999));
#10034=CARTESIAN_POINT('Ctrl Pts',(170.574110355611,20.2829314059537,35.0999999999999));
#10035=CARTESIAN_POINT('Ctrl Pts',(170.573509530008,20.2821692075638,35.0999999999999));
#10036=CARTESIAN_POINT('Ctrl Pts',(170.620428067472,20.470365095092,35.0749999999999));
#10037=CARTESIAN_POINT('Ctrl Pts',(170.6181027675,20.4354717029648,35.0750000000001));
#10038=CARTESIAN_POINT('Ctrl Pts',(170.615377936419,20.4027865745279,35.0749999999999));
#10039=CARTESIAN_POINT('Ctrl Pts',(170.593997253032,20.3492058763648,35.0749999999999));
#10040=CARTESIAN_POINT('Ctrl Pts',(170.575671485112,20.32524374348,35.0749999999999));
#10041=CARTESIAN_POINT('Ctrl Pts',(170.555678564695,20.2999319879159,35.0749999999999));
#10042=CARTESIAN_POINT('Ctrl Pts',(170.620427887887,20.4703651070595,30.9999999999999));
#10043=CARTESIAN_POINT('Ctrl Pts',(170.620427887887,20.4703651070595,35.0999999999999));
#10044=CARTESIAN_POINT('Ctrl Pts',(170.618190709858,20.4373184051816,30.9999999999999));
#10045=CARTESIAN_POINT('Ctrl Pts',(170.618190709858,20.4373184051816,35.0999999999999));
#10046=CARTESIAN_POINT('Ctrl Pts',(170.613889157012,20.3737775815848,30.9999999999999));
#10047=CARTESIAN_POINT('Ctrl Pts',(170.613889157012,20.3737775815848,35.0999999999999));
#10048=CARTESIAN_POINT('Ctrl Pts',(170.574555220407,20.3238791368825,30.9999999999999));
#10049=CARTESIAN_POINT('Ctrl Pts',(170.574555220407,20.3238791368825,35.0999999999999));
#10050=CARTESIAN_POINT('Ctrl Pts',(170.555678319186,20.2999321818352,30.9999999999999));
#10051=CARTESIAN_POINT('Ctrl Pts',(170.555678319186,20.2999321818352,35.0999999999999));
#10052=CARTESIAN_POINT('',(170.620427887887,20.4703651070595,34.9999999999999));
#10053=CARTESIAN_POINT('',(170.620427887887,20.4703651070595,30.9999999999999));
#10054=CARTESIAN_POINT('',(170.555678319186,20.2999321818352,34.9999999999999));
#10055=CARTESIAN_POINT('Ctrl Pts',(170.620427887887,20.4703651070595,34.9999999999999));
#10056=CARTESIAN_POINT('Ctrl Pts',(170.618190709858,20.4373184051816,34.9999999999999));
#10057=CARTESIAN_POINT('Ctrl Pts',(170.615953531829,20.4042717033038,34.9999999999999));
#10058=CARTESIAN_POINT('Ctrl Pts',(170.604240458459,20.3749151229858,34.9999999999999));
#10059=CARTESIAN_POINT('Ctrl Pts',(170.593432121628,20.3478260919298,34.9999999999999));
#10060=CARTESIAN_POINT('Ctrl Pts',(170.574555220407,20.3238791368825,34.9999999999999));
#10061=CARTESIAN_POINT('Ctrl Pts',(170.555678319186,20.2999321818352,34.9999999999999));
#10062=CARTESIAN_POINT('',(170.555678319186,20.2999321818352,30.9999999999999));
#10063=CARTESIAN_POINT('Ctrl Pts',(170.564609330147,20.6348441243172,30.9999999999999));
#10064=CARTESIAN_POINT('Ctrl Pts',(170.564609330147,20.6348441243172,35.0999999999999));
#10065=CARTESIAN_POINT('Ctrl Pts',(170.580878637197,20.6114038879185,30.9999999999999));
#10066=CARTESIAN_POINT('Ctrl Pts',(170.580878637197,20.6114038879185,35.0999999999999));
#10067=CARTESIAN_POINT('Ctrl Pts',(170.615132352362,20.5620523587759,30.9999999999999));
#10068=CARTESIAN_POINT('Ctrl Pts',(170.615132352362,20.5620523587759,35.0999999999999));
#10069=CARTESIAN_POINT('Ctrl Pts',(170.618604754396,20.5019309606983,30.9999999999999));
#10070=CARTESIAN_POINT('Ctrl Pts',(170.618604754396,20.5019309606983,35.0999999999999));
#10071=CARTESIAN_POINT('Ctrl Pts',(170.620427887887,20.4703651070595,30.9999999999999));
#10072=CARTESIAN_POINT('Ctrl Pts',(170.620427887887,20.4703651070595,35.0999999999999));
#10073=CARTESIAN_POINT('',(170.564609330147,20.6348441243172,34.9999999999999));
#10074=CARTESIAN_POINT('',(170.564609330147,20.6348441243172,30.9999999999999));
#10075=CARTESIAN_POINT('Ctrl Pts',(170.564609330147,20.6348441243172,34.9999999999999));
#10076=CARTESIAN_POINT('Ctrl Pts',(170.580878637197,20.6114038879185,34.9999999999999));
#10077=CARTESIAN_POINT('Ctrl Pts',(170.597147944247,20.5879636515199,34.9999999999999));
#10078=CARTESIAN_POINT('Ctrl Pts',(170.606473248452,20.5620938241482,34.9999999999999));
#10079=CARTESIAN_POINT('Ctrl Pts',(170.616781620905,20.5334968143371,34.9999999999999));
#10080=CARTESIAN_POINT('Ctrl Pts',(170.618604754396,20.5019309606983,34.9999999999999));
#10081=CARTESIAN_POINT('Ctrl Pts',(170.620427887887,20.4703651070595,34.9999999999999));
#10082=CARTESIAN_POINT('Ctrl Pts',(170.398641686886,20.7115018069744,30.9999999999999));
#10083=CARTESIAN_POINT('Ctrl Pts',(170.398641686886,20.7115018069744,35.0999999999999));
#10084=CARTESIAN_POINT('Ctrl Pts',(170.432254562298,20.7058536187864,30.9999999999999));
#10085=CARTESIAN_POINT('Ctrl Pts',(170.432254562298,20.7058536187864,35.0999999999999));
#10086=CARTESIAN_POINT('Ctrl Pts',(170.494784573561,20.6953462978065,30.9999999999999));
#10087=CARTESIAN_POINT('Ctrl Pts',(170.494784573561,20.6953462978065,35.0999999999999));
#10088=CARTESIAN_POINT('Ctrl Pts',(170.542529560185,20.6539759356998,30.9999999999999));
#10089=CARTESIAN_POINT('Ctrl Pts',(170.542529560185,20.6539759356998,35.0999999999999));
#10090=CARTESIAN_POINT('Ctrl Pts',(170.564609330147,20.6348441243172,30.9999999999999));
#10091=CARTESIAN_POINT('Ctrl Pts',(170.564609330147,20.6348441243172,35.0999999999999));
#10092=CARTESIAN_POINT('',(170.398641686886,20.7115018069744,34.9999999999999));
#10093=CARTESIAN_POINT('',(170.398641686886,20.7115018069744,30.9999999999999));
#10094=CARTESIAN_POINT('Ctrl Pts',(170.398641686886,20.7115018069744,34.9999999999999));
#10095=CARTESIAN_POINT('Ctrl Pts',(170.432254562298,20.7058536187864,34.9999999999999));
#10096=CARTESIAN_POINT('Ctrl Pts',(170.46586743771,20.7002054305984,34.9999999999999));
#10097=CARTESIAN_POINT('Ctrl Pts',(170.495208065957,20.685639128089,34.9999999999999));
#10098=CARTESIAN_POINT('Ctrl Pts',(170.520449790223,20.6731077470825,34.9999999999999));
#10099=CARTESIAN_POINT('Ctrl Pts',(170.542529560185,20.6539759356998,34.9999999999999));
#10100=CARTESIAN_POINT('Ctrl Pts',(170.564609330147,20.6348441243172,34.9999999999999));
#10101=CARTESIAN_POINT('Ctrl Pts',(170.022051718086,20.7189443409443,30.9999999999999));
#10102=CARTESIAN_POINT('Ctrl Pts',(170.022051718086,20.7189443409443,35.0999999999999));
#10103=CARTESIAN_POINT('Ctrl Pts',(170.10530945363,20.7193308421324,30.9999999999999));
#10104=CARTESIAN_POINT('Ctrl Pts',(170.10530945363,20.7193308421324,35.0999999999999));
#10105=CARTESIAN_POINT('Ctrl Pts',(170.230918221954,20.7199139463673,30.9999999999999));
#10106=CARTESIAN_POINT('Ctrl Pts',(170.230918221954,20.7199139463673,35.0999999999999));
#10107=CARTESIAN_POINT('Ctrl Pts',(170.356350246228,20.7136229263663,30.9999999999999));
#10108=CARTESIAN_POINT('Ctrl Pts',(170.356350246228,20.7136229263663,35.0999999999999));
#10109=CARTESIAN_POINT('Ctrl Pts',(170.398641686886,20.7115018069744,30.9999999999999));
#10110=CARTESIAN_POINT('Ctrl Pts',(170.398641686886,20.7115018069744,35.0999999999999));
#10111=CARTESIAN_POINT('',(170.022051718086,20.7189443409443,34.9999999999999));
#10112=CARTESIAN_POINT('',(170.022051718086,20.7189443409443,30.9999999999999));
#10113=CARTESIAN_POINT('Ctrl Pts',(170.022051718086,20.7189443409443,34.9999999999999));
#10114=CARTESIAN_POINT('Ctrl Pts',(170.10530945363,20.7193308421324,34.9999999999999));
#10115=CARTESIAN_POINT('Ctrl Pts',(170.188567189174,20.7197173433204,34.9999999999999));
#10116=CARTESIAN_POINT('Ctrl Pts',(170.271747272462,20.7170837074518,34.9999999999999));
#10117=CARTESIAN_POINT('Ctrl Pts',(170.31405880557,20.7157440457582,34.9999999999999));
#10118=CARTESIAN_POINT('Ctrl Pts',(170.356350246228,20.7136229263663,34.9999999999999));
#10119=CARTESIAN_POINT('Ctrl Pts',(170.398641686886,20.7115018069744,34.9999999999999));
#10120=CARTESIAN_POINT('Origin',(169.769007053226,20.7189443409443,30.9999999999999));
#10121=CARTESIAN_POINT('',(169.769007053226,20.7189443409443,34.9999999999999));
#10122=CARTESIAN_POINT('',(169.769007053226,20.7189443409443,30.9999999999999));
#10123=CARTESIAN_POINT('',(169.884504681453,20.7189443409443,34.9999999999999));
#10124=CARTESIAN_POINT('Ctrl Pts',(171.049115370959,19.8615695238113,35.0749999999999));
#10125=CARTESIAN_POINT('Ctrl Pts',(171.010010361118,19.9032335639613,35.0749999999999));
#10126=CARTESIAN_POINT('Ctrl Pts',(170.969959360891,19.9469674192546,35.0749999999999));
#10127=CARTESIAN_POINT('Ctrl Pts',(170.862978826931,20.0182297816452,35.0749999999999));
#10128=CARTESIAN_POINT('Ctrl Pts',(170.801297204446,20.0388322920189,35.0749999999999));
#10129=CARTESIAN_POINT('Ctrl Pts',(170.724641424639,20.0658145666493,35.0749999999999));
#10130=CARTESIAN_POINT('Ctrl Pts',(170.706736940686,20.0720701555781,35.0749999999999));
#10131=CARTESIAN_POINT('Ctrl Pts',(170.688852544017,20.0783390812283,35.0749999999999));
#10132=CARTESIAN_POINT('Ctrl Pts',(171.049115370959,19.8615695238113,35.0824799825084));
#10133=CARTESIAN_POINT('Ctrl Pts',(171.010010361118,19.9032335639613,35.0824799825084));
#10134=CARTESIAN_POINT('Ctrl Pts',(170.969959360891,19.9469674192546,35.0824799825084));
#10135=CARTESIAN_POINT('Ctrl Pts',(170.862978826931,20.0182297816452,35.0824799825084));
#10136=CARTESIAN_POINT('Ctrl Pts',(170.801297204446,20.0388322920189,35.0824799825084));
#10137=CARTESIAN_POINT('Ctrl Pts',(170.724641424639,20.0658145666493,35.0824799825084));
#10138=CARTESIAN_POINT('Ctrl Pts',(170.706736940686,20.0720701555781,35.0824799825084));
#10139=CARTESIAN_POINT('Ctrl Pts',(170.688852544017,20.0783390812283,35.0824799825084));
#10140=CARTESIAN_POINT('Ctrl Pts',(171.044534343155,19.8572698654795,35.0954245809656));
#10141=CARTESIAN_POINT('Ctrl Pts',(171.005402354272,19.8989050329764,35.0954245809656));
#10142=CARTESIAN_POINT('Ctrl Pts',(170.965620760143,19.9423102828017,35.0954245809656));
#10143=CARTESIAN_POINT('Ctrl Pts',(170.860426455543,20.0123728481386,35.0954245809656));
#10144=CARTESIAN_POINT('Ctrl Pts',(170.79921233105,20.0328876824152,35.0954245809656));
#10145=CARTESIAN_POINT('Ctrl Pts',(170.722565155645,20.0598905434624,35.0954245809656));
#10146=CARTESIAN_POINT('Ctrl Pts',(170.70465516234,20.0661348155902,35.0954245809656));
#10147=CARTESIAN_POINT('Ctrl Pts',(170.686774264638,20.0724100313602,35.0954245809656));
#10148=CARTESIAN_POINT('Ctrl Pts',(171.034977251817,19.8482997764182,35.0999999999999));
#10149=CARTESIAN_POINT('Ctrl Pts',(170.995855980422,19.8899464136438,35.0999999999999));
#10150=CARTESIAN_POINT('Ctrl Pts',(170.956556648207,19.9326046367482,35.0999999999999));
#10151=CARTESIAN_POINT('Ctrl Pts',(170.855131255906,20.000162495425,35.0999999999999));
#10152=CARTESIAN_POINT('Ctrl Pts',(170.794890336518,20.0205435455082,35.0999999999999));
#10153=CARTESIAN_POINT('Ctrl Pts',(170.718225775391,20.0475153282259,35.0999999999999));
#10154=CARTESIAN_POINT('Ctrl Pts',(170.700320777309,20.0537679349157,35.0999999999999));
#10155=CARTESIAN_POINT('Ctrl Pts',(170.682438489634,20.060040651921,35.0999999999999));
#10156=CARTESIAN_POINT('Ctrl Pts',(171.030886761397,19.8444605263703,35.0999999999999));
#10157=CARTESIAN_POINT('Ctrl Pts',(170.991781751556,19.8861245665202,35.0999999999999));
#10158=CARTESIAN_POINT('Ctrl Pts',(170.952674929057,19.9284523457633,35.0999999999999));
#10159=CARTESIAN_POINT('Ctrl Pts',(170.852870044573,19.9949378879132,35.0999999999999));
#10160=CARTESIAN_POINT('Ctrl Pts',(170.793045295894,20.0152702377277,35.0999999999999));
#10161=CARTESIAN_POINT('Ctrl Pts',(170.716367136561,20.0422158204152,35.0999999999999));
#10162=CARTESIAN_POINT('Ctrl Pts',(170.698467149501,20.0484775602619,35.0999999999999));
#10163=CARTESIAN_POINT('Ctrl Pts',(170.680582752831,20.0547464859121,35.0999999999999));
#10164=CARTESIAN_POINT('',(171.049115370959,19.8615695238113,35.0749999999999));
#10165=CARTESIAN_POINT('Ctrl Pts',(171.029270598024,19.8461827749658,35.0999999999999));
#10166=CARTESIAN_POINT('Ctrl Pts',(171.029318820724,19.8462201614122,35.0999999999999));
#10167=CARTESIAN_POINT('Ctrl Pts',(171.029367044005,19.8462575484522,35.0999997699954));
#10168=CARTESIAN_POINT('Ctrl Pts',(171.029415266909,19.846294935346,35.099999310523));
#10169=CARTESIAN_POINT('Ctrl Pts',(171.031640799002,19.8480203754276,35.0999781054431));
#10170=CARTESIAN_POINT('Ctrl Pts',(171.033847441843,19.8497315416275,35.0994728090935));
#10171=CARTESIAN_POINT('Ctrl Pts',(171.035942097744,19.8513560478024,35.0985318995721));
#10172=CARTESIAN_POINT('Ctrl Pts',(171.036333865188,19.851659882256,35.0983559194898));
#10173=CARTESIAN_POINT('Ctrl Pts',(171.03672169356,19.8519606649405,35.098164557684));
#10174=CARTESIAN_POINT('Ctrl Pts',(171.03710492225,19.8522578739066,35.0979579427081));
#10175=CARTESIAN_POINT('Ctrl Pts',(171.038738709499,19.853524940367,35.0970770981306));
#10176=CARTESIAN_POINT('Ctrl Pts',(171.040268387329,19.8547112686923,35.0959318603266));
#10177=CARTESIAN_POINT('Ctrl Pts',(171.041646322364,19.8557786392405,35.0945410160357));
#10178=CARTESIAN_POINT('Ctrl Pts',(171.042271700996,19.8562630675457,35.093909778511));
#10179=CARTESIAN_POINT('Ctrl Pts',(171.042865724802,19.8567229000312,35.0932276795882));
#10180=CARTESIAN_POINT('Ctrl Pts',(171.04342619312,19.8571566768906,35.0924994347103));
#10181=CARTESIAN_POINT('Ctrl Pts',(171.044979356616,19.8583587544409,35.0904813307014));
#10182=CARTESIAN_POINT('Ctrl Pts',(171.04625153444,19.8593431188697,35.0881444116191));
#10183=CARTESIAN_POINT('Ctrl Pts',(171.047202721986,19.860080965426,35.0855974632399));
#10184=CARTESIAN_POINT('Ctrl Pts',(171.047346010574,19.8601921159468,35.0852137863949));
#10185=CARTESIAN_POINT('Ctrl Pts',(171.047481955277,19.8602976162232,35.0848252929178));
#10186=CARTESIAN_POINT('Ctrl Pts',(171.047610351076,19.8603973036982,35.0844323132079));
#10187=CARTESIAN_POINT('Ctrl Pts',(171.048453772349,19.8610521423921,35.0818508623283));
#10188=CARTESIAN_POINT('Ctrl Pts',(171.048960336672,19.8614480217041,35.0791197894439));
#10189=CARTESIAN_POINT('Ctrl Pts',(171.049085240204,19.8615458976011,35.0763389430151));
#10190=CARTESIAN_POINT('Ctrl Pts',(171.049105234553,19.8615615654111,35.0758937897673));
#10191=CARTESIAN_POINT('Ctrl Pts',(171.049115370959,19.8615695238113,35.0754473415134));
#10192=CARTESIAN_POINT('Ctrl Pts',(171.049115370959,19.8615695238113,35.0749999999999));
#10193=CARTESIAN_POINT('',(170.742484789342,20.0595396459103,35.0749999999999));
#10194=CARTESIAN_POINT('Ctrl Pts',(171.049115370959,19.8615695238113,35.0749999999999));
#10195=CARTESIAN_POINT('Ctrl Pts',(171.010010361118,19.9032335639613,35.0749999999999));
#10196=CARTESIAN_POINT('Ctrl Pts',(170.969959360891,19.9469674192546,35.0749999999999));
#10197=CARTESIAN_POINT('Ctrl Pts',(170.862981565062,20.0182279577093,35.0749999999999));
#10198=CARTESIAN_POINT('Ctrl Pts',(170.801303250629,20.0388302724662,35.0749999999999));
#10199=CARTESIAN_POINT('Ctrl Pts',(170.742482968704,20.0595344734534,35.0749999999999));
#10200=CARTESIAN_POINT('Ctrl Pts',(170.680582752831,20.0547464859121,35.0999999999999));
#10201=CARTESIAN_POINT('Ctrl Pts',(170.6807328067,20.0547581047899,35.0999999999999));
#10202=CARTESIAN_POINT('Ctrl Pts',(170.680882862604,20.0547697239644,35.0999997711804));
#10203=CARTESIAN_POINT('Ctrl Pts',(170.681032917609,20.054781343306,35.0999993140588));
#10204=CARTESIAN_POINT('Ctrl Pts',(170.687701689251,20.0552977321817,35.0999789985788));
#10205=CARTESIAN_POINT('Ctrl Pts',(170.694270872472,20.0558078938592,35.0995127004062));
#10206=CARTESIAN_POINT('Ctrl Pts',(170.700508453536,20.0562945924856,35.0986556295928));
#10207=CARTESIAN_POINT('Ctrl Pts',(170.705737471553,20.0567025961429,35.097937139736));
#10208=CARTESIAN_POINT('Ctrl Pts',(170.710733620153,20.0570948460622,35.0969427015));
#10209=CARTESIAN_POINT('Ctrl Pts',(170.715356836691,20.0574507337056,35.0956789592476));
#10210=CARTESIAN_POINT('Ctrl Pts',(170.716672065334,20.0575519778542,35.0953194454772));
#10211=CARTESIAN_POINT('Ctrl Pts',(170.717949746944,20.0576497126533,35.094939941923));
#10212=CARTESIAN_POINT('Ctrl Pts',(170.719187361723,20.0577433870273,35.0945410160357));
#10213=CARTESIAN_POINT('Ctrl Pts',(170.724365935633,20.0581353504052,35.0928717832276));
#10214=CARTESIAN_POINT('Ctrl Pts',(170.728843630062,20.0584584567373,35.0908649811418));
#10215=CARTESIAN_POINT('Ctrl Pts',(170.732456763001,20.0587281807956,35.0886150833474));
#10216=CARTESIAN_POINT('Ctrl Pts',(170.734563533272,20.0588854533446,35.0873031975507));
#10217=CARTESIAN_POINT('Ctrl Pts',(170.736640737352,20.0590433138732,35.0857444744508));
#10218=CARTESIAN_POINT('Ctrl Pts',(170.738361383725,20.0591819819001,35.083934650555));
#10219=CARTESIAN_POINT('Ctrl Pts',(170.738601182637,20.0592013074526,35.0836824233641));
#10220=CARTESIAN_POINT('Ctrl Pts',(170.738834039765,20.0592202101833,35.0834253837645));
#10221=CARTESIAN_POINT('Ctrl Pts',(170.739059053677,20.0592385872226,35.0831635877418));
#10222=CARTESIAN_POINT('Ctrl Pts',(170.740155412902,20.0593281276268,35.0818880111244));
#10223=CARTESIAN_POINT('Ctrl Pts',(170.741095428371,20.0594092854484,35.0804623176929));
#10224=CARTESIAN_POINT('Ctrl Pts',(170.741711320792,20.0594653475176,35.0788982746644));
#10225=CARTESIAN_POINT('Ctrl Pts',(170.742203539419,20.059510152087,35.0776482980689));
#10226=CARTESIAN_POINT('Ctrl Pts',(170.742474319721,20.0595375178245,35.07634566455));
#10227=CARTESIAN_POINT('Ctrl Pts',(170.742474319721,20.0595375178245,35.0749999999999));
#10228=CARTESIAN_POINT('Ctrl Pts',(170.692385809223,20.032708158847,35.0749999999999));
#10229=CARTESIAN_POINT('Ctrl Pts',(170.709092335496,20.0416556652134,35.0749999999999));
#10230=CARTESIAN_POINT('Ctrl Pts',(170.72581564609,20.050591739171,35.0749999999999));
#10231=CARTESIAN_POINT('Ctrl Pts',(170.784930325887,20.0823417598187,35.0749999999999));
#10232=CARTESIAN_POINT('Ctrl Pts',(170.829546211595,20.1054791753331,35.0749999999999));
#10233=CARTESIAN_POINT('Ctrl Pts',(170.908414012056,20.1732871775548,35.0749999999999));
#10234=CARTESIAN_POINT('Ctrl Pts',(170.937806647016,20.213370993775,35.0749999999999));
#10235=CARTESIAN_POINT('Ctrl Pts',(170.966503631324,20.2515560090542,35.0749999999999));
#10236=CARTESIAN_POINT('Ctrl Pts',(170.692385809223,20.032708158847,35.0824799825084));
#10237=CARTESIAN_POINT('Ctrl Pts',(170.709092335496,20.0416556652134,35.0824799825084));
#10238=CARTESIAN_POINT('Ctrl Pts',(170.72581564609,20.050591739171,35.0824799825084));
#10239=CARTESIAN_POINT('Ctrl Pts',(170.784930325887,20.0823417598187,35.0824799825084));
#10240=CARTESIAN_POINT('Ctrl Pts',(170.829546211595,20.1054791753331,35.0824799825084));
#10241=CARTESIAN_POINT('Ctrl Pts',(170.908414012056,20.1732871775548,35.0824799825084));
#10242=CARTESIAN_POINT('Ctrl Pts',(170.937806647016,20.213370993775,35.0824799825084));
#10243=CARTESIAN_POINT('Ctrl Pts',(170.966503631324,20.2515560090542,35.0824799825084));
#10244=CARTESIAN_POINT('Ctrl Pts',(170.689419585053,20.0382466072147,35.0954245791861));
#10245=CARTESIAN_POINT('Ctrl Pts',(170.706122476299,20.0471994733392,35.0954245791861));
#10246=CARTESIAN_POINT('Ctrl Pts',(170.722851400449,20.0561260192194,35.0954245791861));
#10247=CARTESIAN_POINT('Ctrl Pts',(170.781957908199,20.0878908646868,35.0954245791861));
#10248=CARTESIAN_POINT('Ctrl Pts',(170.826188740881,20.1108839904657,35.0954245791861));
#10249=CARTESIAN_POINT('Ctrl Pts',(170.903584111145,20.1774196747191,35.0954245791861));
#10250=CARTESIAN_POINT('Ctrl Pts',(170.932759032382,20.2171676059841,35.0954245791861));
#10251=CARTESIAN_POINT('Ctrl Pts',(170.961481112883,20.2553305560021,35.0954245791861));
#10252=CARTESIAN_POINT('Ctrl Pts',(170.683231352492,20.0498010968827,35.0999999999999));
#10253=CARTESIAN_POINT('Ctrl Pts',(170.699935687969,20.058751833524,35.0999999999999));
#10254=CARTESIAN_POINT('Ctrl Pts',(170.716659228043,20.0676856883586,35.0999999999999));
#10255=CARTESIAN_POINT('Ctrl Pts',(170.775781650254,20.0994272899487,35.0999999999999));
#10256=CARTESIAN_POINT('Ctrl Pts',(170.819204446329,20.1221567427751,35.0999999999999));
#10257=CARTESIAN_POINT('Ctrl Pts',(170.893501611127,20.1860298845624,35.0999999999999));
#10258=CARTESIAN_POINT('Ctrl Pts',(170.922290863331,20.2250334208628,35.0999999999999));
#10259=CARTESIAN_POINT('Ctrl Pts',(170.951002972873,20.2632051376205,35.0999999999999));
#10260=CARTESIAN_POINT('Ctrl Pts',(170.680582752831,20.0547464859115,35.0999999999999));
#10261=CARTESIAN_POINT('Ctrl Pts',(170.697289279104,20.0636939922779,35.0999999999999));
#10262=CARTESIAN_POINT('Ctrl Pts',(170.714007536722,20.0726357113895,35.0999999999999));
#10263=CARTESIAN_POINT('Ctrl Pts',(170.773142512701,20.1043579275762,35.0999999999999));
#10264=CARTESIAN_POINT('Ctrl Pts',(170.816218641012,20.1269810331262,35.0999999999999));
#10265=CARTESIAN_POINT('Ctrl Pts',(170.889185161349,20.1897131641839,35.0999999999999));
#10266=CARTESIAN_POINT('Ctrl Pts',(170.917821283475,20.2283904892429,35.0999999999999));
#10267=CARTESIAN_POINT('Ctrl Pts',(170.946518267782,20.2665755045221,35.0999999999999));
#10268=CARTESIAN_POINT('',(170.966503631324,20.2515560090542,35.0749999999999));
#10269=CARTESIAN_POINT('Ctrl Pts',(170.742482723269,20.0595434927124,35.0749999999999));
#10270=CARTESIAN_POINT('Ctrl Pts',(170.784934596547,20.0823439745771,35.0749999999999));
#10271=CARTESIAN_POINT('Ctrl Pts',(170.829548108308,20.1054808060666,35.0749999999999));
#10272=CARTESIAN_POINT('Ctrl Pts',(170.908414012056,20.1732871775548,35.0749999999999));
#10273=CARTESIAN_POINT('Ctrl Pts',(170.937806647016,20.213370993775,35.0749999999999));
#10274=CARTESIAN_POINT('Ctrl Pts',(170.966503631324,20.2515560090542,35.0749999999999));
#10275=CARTESIAN_POINT('Ctrl Pts',(170.966503631324,20.2515560090542,35.0749999999999));
#10276=CARTESIAN_POINT('Ctrl Pts',(170.966302276518,20.2512880806813,35.0824802032122));
#10277=CARTESIAN_POINT('Ctrl Pts',(170.963230717272,20.2531770269823,35.08987684901));
#10278=CARTESIAN_POINT('Ctrl Pts',(170.958377702369,20.2564049008457,35.0945410151641));
#10279=CARTESIAN_POINT('Ctrl Pts',(170.954738191771,20.2588256395758,35.0980388989509));
#10280=CARTESIAN_POINT('Ctrl Pts',(170.950096702294,20.2619994667399,35.0999999999999));
#10281=CARTESIAN_POINT('Ctrl Pts',(170.945461317568,20.2651688713238,35.0999999999999));
#10282=CARTESIAN_POINT('Ctrl Pts',(171.087072055787,19.2430986166,35.0749999999999));
#10283=CARTESIAN_POINT('Ctrl Pts',(171.10654313473,19.2883220539646,35.0749999999999));
#10284=CARTESIAN_POINT('Ctrl Pts',(171.126961912708,19.3348269609609,35.0749999999998));
#10285=CARTESIAN_POINT('Ctrl Pts',(171.150682915747,19.4354297484451,35.0749999999999));
#10286=CARTESIAN_POINT('Ctrl Pts',(171.153357925031,19.4847769644105,35.0749999999999));
#10287=CARTESIAN_POINT('Ctrl Pts',(171.156287204474,19.532611489296,35.0749999999999));
#10288=CARTESIAN_POINT('Ctrl Pts',(171.087072055787,19.2430986166,35.0824799825084));
#10289=CARTESIAN_POINT('Ctrl Pts',(171.10654313473,19.2883220539646,35.0824799825084));
#10290=CARTESIAN_POINT('Ctrl Pts',(171.126961912708,19.3348269609609,35.0824799825084));
#10291=CARTESIAN_POINT('Ctrl Pts',(171.150682915747,19.4354297484451,35.0824799825084));
#10292=CARTESIAN_POINT('Ctrl Pts',(171.153357925031,19.4847769644105,35.0824799825084));
#10293=CARTESIAN_POINT('Ctrl Pts',(171.156287204474,19.532611489296,35.0824799825084));
#10294=CARTESIAN_POINT('Ctrl Pts',(171.081301451356,19.2455831666689,35.0954245822044));
#10295=CARTESIAN_POINT('Ctrl Pts',(171.100754324962,19.2908127514644,35.0954245822044));
#10296=CARTESIAN_POINT('Ctrl Pts',(171.12102027956,19.3370177509302,35.0954245822043));
#10297=CARTESIAN_POINT('Ctrl Pts',(171.144393542907,19.4361436306987,35.0954245822044));
#10298=CARTESIAN_POINT('Ctrl Pts',(171.147068373504,19.4851632865112,35.0954245822044));
#10299=CARTESIAN_POINT('Ctrl Pts',(171.150016208397,19.5329955110865,35.0954245822044));
#10300=CARTESIAN_POINT('Ctrl Pts',(171.069262623089,19.2507665182502,35.0999999999999));
#10301=CARTESIAN_POINT('Ctrl Pts',(171.088722728082,19.2959936612095,35.0999999999999));
#10302=CARTESIAN_POINT('Ctrl Pts',(171.108634669556,19.3415928745849,35.0999999999999));
#10303=CARTESIAN_POINT('Ctrl Pts',(171.131277808513,19.4376250324349,35.0999999999999));
#10304=CARTESIAN_POINT('Ctrl Pts',(171.133992981877,19.4859635319227,35.0999999999999));
#10305=CARTESIAN_POINT('Ctrl Pts',(171.136933446313,19.5337966702099,35.0999999999999));
#10306=CARTESIAN_POINT('Ctrl Pts',(171.064109935301,19.2529850225598,35.0999999999999));
#10307=CARTESIAN_POINT('Ctrl Pts',(171.083581014244,19.2982084599244,35.0999999999999));
#10308=CARTESIAN_POINT('Ctrl Pts',(171.103335304042,19.3435518596844,35.0999999999999));
#10309=CARTESIAN_POINT('Ctrl Pts',(171.125665133796,19.4382577001424,35.0999999999999));
#10310=CARTESIAN_POINT('Ctrl Pts',(171.128404669401,19.4863050460403,35.0999999999999));
#10311=CARTESIAN_POINT('Ctrl Pts',(171.131333948844,19.5341395709258,35.0999999999999));
#10312=CARTESIAN_POINT('',(171.156287204474,19.532611489296,35.0749999999999));
#10313=CARTESIAN_POINT('Ctrl Pts',(171.156287204474,19.532611489296,35.0749999999999));
#10314=CARTESIAN_POINT('Ctrl Pts',(171.156268468504,19.5323055347937,35.0824800958693));
#10315=CARTESIAN_POINT('Ctrl Pts',(171.15266622482,19.5322189482296,35.0898768730551));
#10316=CARTESIAN_POINT('Ctrl Pts',(171.146839678651,19.532268629484,35.0945410166424));
#10317=CARTESIAN_POINT('Ctrl Pts',(171.142469923552,19.5323058891072,35.0980390006339));
#10318=CARTESIAN_POINT('Ctrl Pts',(171.136849053238,19.5324198032127,35.0999999999999));
#10319=CARTESIAN_POINT('Ctrl Pts',(171.131235651864,19.5325333532125,35.0999999999999));
#10320=CARTESIAN_POINT('',(171.087072055787,19.2430986166,35.0749999999999));
#10321=CARTESIAN_POINT('Ctrl Pts',(171.064624478382,19.2541799883311,35.0999999999999));
#10322=CARTESIAN_POINT('Ctrl Pts',(171.064679494749,19.2541541366141,35.0999999999999));
#10323=CARTESIAN_POINT('Ctrl Pts',(171.064734979731,19.2541293713434,35.0999997699943));
#10324=CARTESIAN_POINT('Ctrl Pts',(171.06478952838,19.2541024329149,35.0999993105199));
#10325=CARTESIAN_POINT('Ctrl Pts',(171.067307412884,19.2528589951217,35.0999781018648));
#10326=CARTESIAN_POINT('Ctrl Pts',(171.069803645551,19.2516264092731,35.0994726459632));
#10327=CARTESIAN_POINT('Ctrl Pts',(171.072172897988,19.2504565995595,35.0985318433155));
#10328=CARTESIAN_POINT('Ctrl Pts',(171.072601455673,19.2502450007721,35.0983616680322));
#10329=CARTESIAN_POINT('Ctrl Pts',(171.073025833638,19.2500354667462,35.0981771141147));
#10330=CARTESIAN_POINT('Ctrl Pts',(171.073445351239,19.2498283294474,35.097978301019));
#10331=CARTESIAN_POINT('Ctrl Pts',(171.075310173693,19.2489075712124,35.0970945451913));
#10332=CARTESIAN_POINT('Ctrl Pts',(171.077055166459,19.2480459788583,35.0959421895657));
#10333=CARTESIAN_POINT('Ctrl Pts',(171.078624434211,19.2472705151117,35.0945410166424));
#10334=CARTESIAN_POINT('Ctrl Pts',(171.079319607872,19.2469269905784,35.0939203077096));
#10335=CARTESIAN_POINT('Ctrl Pts',(171.079980176798,19.2466004197717,35.0932505018083));
#10336=CARTESIAN_POINT('Ctrl Pts',(171.080603996081,19.2462919778233,35.0925361226697));
#10337=CARTESIAN_POINT('Ctrl Pts',(171.08236347557,19.2454220186911,35.0905212195131));
#10338=CARTESIAN_POINT('Ctrl Pts',(171.083804539479,19.2447093642802,35.0881872754281));
#10339=CARTESIAN_POINT('Ctrl Pts',(171.084884648332,19.2441761172988,35.0856439402642));
#10340=CARTESIAN_POINT('Ctrl Pts',(171.085050191223,19.2440943891967,35.0852541359834));
#10341=CARTESIAN_POINT('Ctrl Pts',(171.085207178388,19.2440169084787,35.0848593593163));
#10342=CARTESIAN_POINT('Ctrl Pts',(171.08535536692,19.2439437933597,35.084459959597));
#10343=CARTESIAN_POINT('Ctrl Pts',(171.086313707353,19.2434709553227,35.0818770276178));
#10344=CARTESIAN_POINT('Ctrl Pts',(171.086892017307,19.2431868825396,35.0791441963649));
#10345=CARTESIAN_POINT('Ctrl Pts',(171.087036592679,19.2431159964912,35.0763617426317));
#10346=CARTESIAN_POINT('Ctrl Pts',(171.08706011588,19.2431044629444,35.0759090222269));
#10347=CARTESIAN_POINT('Ctrl Pts',(171.087072055787,19.2430986166,35.075454967083));
#10348=CARTESIAN_POINT('Ctrl Pts',(171.087072055787,19.2430986166001,35.0749999999999));
#10349=CARTESIAN_POINT('Ctrl Pts',(171.087072055787,19.2430986166,35.0749999999999));
#10350=CARTESIAN_POINT('Ctrl Pts',(171.10654313473,19.2883220539646,35.0749999999999));
#10351=CARTESIAN_POINT('Ctrl Pts',(171.126961912708,19.3348269609609,35.0749999999998));
#10352=CARTESIAN_POINT('Ctrl Pts',(171.150682915747,19.4354297484451,35.0749999999999));
#10353=CARTESIAN_POINT('Ctrl Pts',(171.153357925031,19.4847769644105,35.0749999999999));
#10354=CARTESIAN_POINT('Ctrl Pts',(171.156287204474,19.532611489296,35.0749999999999));
#10355=CARTESIAN_POINT('Ctrl Pts',(170.966223589136,20.2510473300927,35.0749999999999));
#10356=CARTESIAN_POINT('Ctrl Pts',(170.989279678348,20.2929272611212,35.0749999999999));
#10357=CARTESIAN_POINT('Ctrl Pts',(171.013834765749,20.3361791491339,35.0749999999999));
#10358=CARTESIAN_POINT('Ctrl Pts',(171.043077526075,20.435576642373,35.0749999999999));
#10359=CARTESIAN_POINT('Ctrl Pts',(171.045857210568,20.4852201119307,35.0749999999999));
#10360=CARTESIAN_POINT('Ctrl Pts',(171.049115370959,20.5328820347786,35.0749999999999));
#10361=CARTESIAN_POINT('Ctrl Pts',(170.966223589136,20.2510473300927,35.0824799825084));
#10362=CARTESIAN_POINT('Ctrl Pts',(170.989279678348,20.2929272611212,35.0824799825084));
#10363=CARTESIAN_POINT('Ctrl Pts',(171.013834765749,20.3361791491339,35.0824799825084));
#10364=CARTESIAN_POINT('Ctrl Pts',(171.043077526075,20.435576642373,35.0824799825084));
#10365=CARTESIAN_POINT('Ctrl Pts',(171.045857210568,20.4852201119307,35.0824799825084));
#10366=CARTESIAN_POINT('Ctrl Pts',(171.049115370959,20.5328820347786,35.0824799825084));
#10367=CARTESIAN_POINT('Ctrl Pts',(170.960719774144,20.2540773362635,35.0954245772091));
#10368=CARTESIAN_POINT('Ctrl Pts',(170.983743465272,20.2959670819883,35.0954245772091));
#10369=CARTESIAN_POINT('Ctrl Pts',(171.00807816158,20.3388896151622,35.0954245772091));
#10370=CARTESIAN_POINT('Ctrl Pts',(171.036769577398,20.4364137533442,35.0954245772091));
#10371=CARTESIAN_POINT('Ctrl Pts',(171.039556373175,20.4856533294623,35.0954245772091));
#10372=CARTESIAN_POINT('Ctrl Pts',(171.042847251996,20.5333105222527,35.0954245772091));
#10373=CARTESIAN_POINT('Ctrl Pts',(170.949237542198,20.2603986304398,35.0999999999999));
#10374=CARTESIAN_POINT('Ctrl Pts',(170.972274107456,20.3022844760675,35.0999999999999));
#10375=CARTESIAN_POINT('Ctrl Pts',(170.996085858343,20.3445539543755,35.0999999999999));
#10376=CARTESIAN_POINT('Ctrl Pts',(171.023620115523,20.4381458173441,35.0999999999999));
#10377=CARTESIAN_POINT('Ctrl Pts',(171.026492627669,20.4865453739101,35.0999999999999));
#10378=CARTESIAN_POINT('Ctrl Pts',(171.029770505064,20.5342044462985,35.0999999999999));
#10379=CARTESIAN_POINT('Ctrl Pts',(170.944323079278,20.2631041815887,35.0999999999999));
#10380=CARTESIAN_POINT('Ctrl Pts',(170.967379168491,20.3049841126172,35.0999999999999));
#10381=CARTESIAN_POINT('Ctrl Pts',(170.99095609585,20.3469800107685,35.0999999999999));
#10382=CARTESIAN_POINT('Ctrl Pts',(171.017993876006,20.4388846528978,35.0999999999999));
#10383=CARTESIAN_POINT('Ctrl Pts',(171.020915419944,20.4869251282087,35.0999999999999));
#10384=CARTESIAN_POINT('Ctrl Pts',(171.024173580336,20.5345870510566,35.0999999999999));
#10385=CARTESIAN_POINT('',(171.049115370959,20.5328820347786,35.0749999999999));
#10386=CARTESIAN_POINT('Ctrl Pts',(170.966503658654,20.2515559940041,35.0749999999999));
#10387=CARTESIAN_POINT('Ctrl Pts',(170.98947831608,20.2932775386321,35.0749999999999));
#10388=CARTESIAN_POINT('Ctrl Pts',(171.013893974364,20.336380401953,35.0749999999999));
#10389=CARTESIAN_POINT('Ctrl Pts',(171.043077526075,20.435576642373,35.0749999999999));
#10390=CARTESIAN_POINT('Ctrl Pts',(171.045857210568,20.4852201119307,35.0749999999999));
#10391=CARTESIAN_POINT('Ctrl Pts',(171.049115370959,20.5328820347786,35.0749999999999));
#10392=CARTESIAN_POINT('Ctrl Pts',(171.049115370959,20.5328820347786,35.0749999999999));
#10393=CARTESIAN_POINT('Ctrl Pts',(171.049095149846,20.5325862307063,35.0824801773039));
#10394=CARTESIAN_POINT('Ctrl Pts',(171.045493007687,20.532535186422,35.0898768532681));
#10395=CARTESIAN_POINT('Ctrl Pts',(171.039667550671,20.5326362052707,35.0945410141957));
#10396=CARTESIAN_POINT('Ctrl Pts',(171.035298723392,20.5327119648035,35.098038922333));
#10397=CARTESIAN_POINT('Ctrl Pts',(171.029679375355,20.5328732587076,35.0999999999999));
#10398=CARTESIAN_POINT('Ctrl Pts',(171.024067537818,20.53303414242,35.0999999999999));
#10399=CARTESIAN_POINT('Ctrl Pts',(170.898032795638,19.0183353126049,35.0749999999999));
#10400=CARTESIAN_POINT('Ctrl Pts',(170.934553251486,19.0479096089595,35.0749999999999));
#10401=CARTESIAN_POINT('Ctrl Pts',(170.972608565268,19.0781781981666,35.0749999999999));
#10402=CARTESIAN_POINT('Ctrl Pts',(171.038995040759,19.1563848740039,35.0749999999999));
#10403=CARTESIAN_POINT('Ctrl Pts',(171.063254515132,19.2006014718921,35.0749999999999));
#10404=CARTESIAN_POINT('Ctrl Pts',(171.087072055787,19.2430986166001,35.0749999999999));
#10405=CARTESIAN_POINT('Ctrl Pts',(170.898032795638,19.0183353126049,35.0824799825084));
#10406=CARTESIAN_POINT('Ctrl Pts',(170.934553251486,19.0479096089595,35.0824799825084));
#10407=CARTESIAN_POINT('Ctrl Pts',(170.972608565268,19.0781781981666,35.0824799825084));
#10408=CARTESIAN_POINT('Ctrl Pts',(171.038995040759,19.1563848740039,35.0824799825084));
#10409=CARTESIAN_POINT('Ctrl Pts',(171.063254515132,19.2006014718921,35.0824799825084));
#10410=CARTESIAN_POINT('Ctrl Pts',(171.087072055787,19.2430986166001,35.0824799825084));
#10411=CARTESIAN_POINT('Ctrl Pts',(170.894078888545,19.0232178798075,35.0954245841859));
#10412=CARTESIAN_POINT('Ctrl Pts',(170.930583701327,19.0528093535287,35.0954245841859));
#10413=CARTESIAN_POINT('Ctrl Pts',(170.968349874886,19.0828743789987,35.0954245841859));
#10414=CARTESIAN_POINT('Ctrl Pts',(171.033649726813,19.1598022346552,35.0954245841859));
#10415=CARTESIAN_POINT('Ctrl Pts',(171.057753899401,19.2036866160494,35.0954245841859));
#10416=CARTESIAN_POINT('Ctrl Pts',(171.081591378426,19.2461702642779,35.0954245841859));
#10417=CARTESIAN_POINT('Ctrl Pts',(170.885830111911,19.0334040590229,35.0999999999999));
#10418=CARTESIAN_POINT('Ctrl Pts',(170.922341137317,19.0629887107754,35.0999999999999));
#10419=CARTESIAN_POINT('Ctrl Pts',(170.959477144902,19.0926727806101,35.0999999999999));
#10420=CARTESIAN_POINT('Ctrl Pts',(171.022500795309,19.1669174917306,35.0999999999999));
#10421=CARTESIAN_POINT('Ctrl Pts',(171.046327840751,19.2100894327116,35.0999999999999));
#10422=CARTESIAN_POINT('Ctrl Pts',(171.070157401278,19.2525784410493,35.0999999999999));
#10423=CARTESIAN_POINT('Ctrl Pts',(170.882299588481,19.0377638018043,35.0999999999999));
#10424=CARTESIAN_POINT('Ctrl Pts',(170.918820044329,19.0673380981589,35.0999999999999));
#10425=CARTESIAN_POINT('Ctrl Pts',(170.955681639429,19.0968667385316,35.0999999999999));
#10426=CARTESIAN_POINT('Ctrl Pts',(171.017729450248,19.1699603945044,35.0999999999999));
#10427=CARTESIAN_POINT('Ctrl Pts',(171.041446053212,19.2128240325362,35.0999999999999));
#10428=CARTESIAN_POINT('Ctrl Pts',(171.065263593867,19.2553211772442,35.0999999999999));
#10429=CARTESIAN_POINT('',(170.898032795638,19.0183353126049,35.0749999999999));
#10430=CARTESIAN_POINT('Ctrl Pts',(170.88377789445,19.0389607885889,35.0999999999999));
#10431=CARTESIAN_POINT('Ctrl Pts',(170.883812534163,19.0389106662088,35.0999999999999));
#10432=CARTESIAN_POINT('Ctrl Pts',(170.883847174374,19.0388605432537,35.0999997699954));
#10433=CARTESIAN_POINT('Ctrl Pts',(170.883881814396,19.0388104207097,35.099999310523));
#10434=CARTESIAN_POINT('Ctrl Pts',(170.885480614787,19.0364970288997,35.0999781037069));
#10435=CARTESIAN_POINT('Ctrl Pts',(170.887065960683,19.0342034804833,35.0994727288756));
#10436=CARTESIAN_POINT('Ctrl Pts',(170.888570856443,19.0320265020187,35.0985318770529));
#10437=CARTESIAN_POINT('Ctrl Pts',(170.888847651933,19.0316260903522,35.0983588261695));
#10438=CARTESIAN_POINT('Ctrl Pts',(170.889121707844,19.0312296444274,35.0981709039489));
#10439=CARTESIAN_POINT('Ctrl Pts',(170.889392565516,19.0308378177087,35.0979682343349));
#10440=CARTESIAN_POINT('Ctrl Pts',(170.890571744155,19.0291320004313,35.0970859123476));
#10441=CARTESIAN_POINT('Ctrl Pts',(170.891675459832,19.0275353459153,35.0959370783324));
#10442=CARTESIAN_POINT('Ctrl Pts',(170.892668033615,19.026098025569,35.094541017613));
#10443=CARTESIAN_POINT('Ctrl Pts',(170.893113055754,19.0254536005534,35.093915091421));
#10444=CARTESIAN_POINT('Ctrl Pts',(170.893535652433,19.0248413080996,35.093239198158));
#10445=CARTESIAN_POINT('Ctrl Pts',(170.893934508649,19.0242633221644,35.0925179560933));
#10446=CARTESIAN_POINT('Ctrl Pts',(170.895049635524,19.0226473823275,35.090501499094));
#10447=CARTESIAN_POINT('Ctrl Pts',(170.89596283235,19.0213237706033,35.088166124612));
#10448=CARTESIAN_POINT('Ctrl Pts',(170.896647645035,19.0203332636896,35.0856210486699));
#10449=CARTESIAN_POINT('Ctrl Pts',(170.89675172632,19.020182721455,35.0852342351967));
#10450=CARTESIAN_POINT('Ctrl Pts',(170.896850479942,19.0200399380857,35.0848425256225));
#10451=CARTESIAN_POINT('Ctrl Pts',(170.896943752772,19.0199051311248,35.084446259921));
#10452=CARTESIAN_POINT('Ctrl Pts',(170.897551556031,19.0190266747698,35.0818640332945));
#10453=CARTESIAN_POINT('Ctrl Pts',(170.89791911571,19.0184983330942,35.0791320420277));
#10454=CARTESIAN_POINT('Ctrl Pts',(170.898010544588,19.0183672072061,35.0763503536525));
#10455=CARTESIAN_POINT('Ctrl Pts',(170.89802530042,19.0183460446193,35.0759014131527));
#10456=CARTESIAN_POINT('Ctrl Pts',(170.898032795638,19.0183353126049,35.0754511578706));
#10457=CARTESIAN_POINT('Ctrl Pts',(170.898032795638,19.0183353126049,35.0749999999999));
#10458=CARTESIAN_POINT('Ctrl Pts',(170.898032795638,19.0183353126049,35.0749999999999));
#10459=CARTESIAN_POINT('Ctrl Pts',(170.934553251486,19.0479096089595,35.0749999999999));
#10460=CARTESIAN_POINT('Ctrl Pts',(170.972608565268,19.0781781981666,35.0749999999999));
#10461=CARTESIAN_POINT('Ctrl Pts',(171.038995040759,19.1563848740039,35.0749999999999));
#10462=CARTESIAN_POINT('Ctrl Pts',(171.063254515132,19.2006014718921,35.0749999999999));
#10463=CARTESIAN_POINT('Ctrl Pts',(171.087072055787,19.2430986166001,35.0749999999999));
#10464=CARTESIAN_POINT('Ctrl Pts',(171.049144490241,20.5323680421298,35.0749999999999));
#10465=CARTESIAN_POINT('Ctrl Pts',(171.046670212437,20.5760422163294,35.0749999999999));
#10466=CARTESIAN_POINT('Ctrl Pts',(171.044645016551,20.6215158674783,35.0749999999999));
#10467=CARTESIAN_POINT('Ctrl Pts',(171.020571131459,20.7114992494535,35.0749999999999));
#10468=CARTESIAN_POINT('Ctrl Pts',(171.000761137185,20.7504807576082,35.0749999999999));
#10469=CARTESIAN_POINT('Ctrl Pts',(170.982132863253,20.7881594896317,35.0749999999999));
#10470=CARTESIAN_POINT('Ctrl Pts',(171.049144490241,20.5323680421298,35.0824799825084));
#10471=CARTESIAN_POINT('Ctrl Pts',(171.046670212437,20.5760422163294,35.0824799825084));
#10472=CARTESIAN_POINT('Ctrl Pts',(171.044645016551,20.6215158674783,35.0824799825084));
#10473=CARTESIAN_POINT('Ctrl Pts',(171.020571131459,20.7114992494535,35.0824799825084));
#10474=CARTESIAN_POINT('Ctrl Pts',(171.000761137185,20.7504807576082,35.0824799825084));
#10475=CARTESIAN_POINT('Ctrl Pts',(170.982132863253,20.7881594896317,35.0824799825084));
#10476=CARTESIAN_POINT('Ctrl Pts',(171.042871800094,20.5320126747236,35.0954245761752));
#10477=CARTESIAN_POINT('Ctrl Pts',(171.040369468633,20.5756789213548,35.0954245761751));
#10478=CARTESIAN_POINT('Ctrl Pts',(171.038334084263,20.620777298356,35.0954245761752));
#10479=CARTESIAN_POINT('Ctrl Pts',(171.014726841981,20.7090200691681,35.0954245761752));
#10480=CARTESIAN_POINT('Ctrl Pts',(170.995104053548,20.7476853236964,35.0954245761752));
#10481=CARTESIAN_POINT('Ctrl Pts',(170.976500837739,20.7853750298469,35.0954245761752));
#10482=CARTESIAN_POINT('Ctrl Pts',(171.029785519268,20.5312712962138,35.0999999999998));
#10483=CARTESIAN_POINT('Ctrl Pts',(171.027294336511,20.5749406933117,35.0999999999998));
#10484=CARTESIAN_POINT('Ctrl Pts',(171.025178138019,20.6192511677707,35.0999999999998));
#10485=CARTESIAN_POINT('Ctrl Pts',(171.002546018137,20.703842879275,35.0999999999999));
#10486=CARTESIAN_POINT('Ctrl Pts',(170.98336430542,20.741880658481,35.0999999999999));
#10487=CARTESIAN_POINT('Ctrl Pts',(170.964751131353,20.7795660034429,35.0999999999999));
#10488=CARTESIAN_POINT('Ctrl Pts',(171.02418451361,20.530953981823,35.0999999999998));
#10489=CARTESIAN_POINT('Ctrl Pts',(171.021710235806,20.5746281560226,35.0999999999998));
#10490=CARTESIAN_POINT('Ctrl Pts',(171.019549076842,20.6186005338782,35.0999999999998));
#10491=CARTESIAN_POINT('Ctrl Pts',(170.997334593343,20.7016261324586,35.0999999999999));
#10492=CARTESIAN_POINT('Ctrl Pts',(170.978350461398,20.7394009737316,35.0999999999999));
#10493=CARTESIAN_POINT('Ctrl Pts',(170.959722187466,20.7770797057551,35.0999999999999));
#10494=CARTESIAN_POINT('',(170.982132863253,20.7881594896317,35.0749999999999));
#10495=CARTESIAN_POINT('Ctrl Pts',(171.049115395661,20.5328820361757,35.0749999999999));
#10496=CARTESIAN_POINT('Ctrl Pts',(171.04665416782,20.5763989463269,35.0749999999999));
#10497=CARTESIAN_POINT('Ctrl Pts',(171.044596861876,20.6216958600508,35.0749999999999));
#10498=CARTESIAN_POINT('Ctrl Pts',(171.020571131459,20.7114992494535,35.0749999999999));
#10499=CARTESIAN_POINT('Ctrl Pts',(171.000761137185,20.7504807576082,35.0749999999999));
#10500=CARTESIAN_POINT('Ctrl Pts',(170.982132863253,20.7881594896317,35.0749999999999));
#10501=CARTESIAN_POINT('Ctrl Pts',(170.982132863253,20.7881594896317,35.0749999999999));
#10502=CARTESIAN_POINT('Ctrl Pts',(170.982257791048,20.7879068027252,35.0824801562859));
#10503=CARTESIAN_POINT('Ctrl Pts',(170.979164355264,20.7860628578984,35.0898768570478));
#10504=CARTESIAN_POINT('Ctrl Pts',(170.974073202573,20.7832313233705,35.0945410136893));
#10505=CARTESIAN_POINT('Ctrl Pts',(170.970255045038,20.7811077875924,35.0980389415462));
#10506=CARTESIAN_POINT('Ctrl Pts',(170.965313242847,20.778428777946,35.0999999999999));
#10507=CARTESIAN_POINT('Ctrl Pts',(170.960378120297,20.77575319975,35.0999999999999));
#10508=CARTESIAN_POINT('Ctrl Pts',(170.602565865964,18.9148848950863,35.0749999999999));
#10509=CARTESIAN_POINT('Ctrl Pts',(170.65559037852,18.9229657730279,35.0749999999999));
#10510=CARTESIAN_POINT('Ctrl Pts',(170.710481492682,18.9308434943387,35.0749999999999));
#10511=CARTESIAN_POINT('Ctrl Pts',(170.812966127776,18.9681611044987,35.0749999999999));
#10512=CARTESIAN_POINT('Ctrl Pts',(170.856076824489,18.9938189606804,35.0749999999999));
#10513=CARTESIAN_POINT('Ctrl Pts',(170.898032795638,19.018335312605,35.0749999999999));
#10514=CARTESIAN_POINT('Ctrl Pts',(170.602565865964,18.9148848950863,35.0824799825084));
#10515=CARTESIAN_POINT('Ctrl Pts',(170.65559037852,18.9229657730279,35.0824799825084));
#10516=CARTESIAN_POINT('Ctrl Pts',(170.710481492682,18.9308434943387,35.0824799825084));
#10517=CARTESIAN_POINT('Ctrl Pts',(170.812966127776,18.9681611044987,35.0824799825084));
#10518=CARTESIAN_POINT('Ctrl Pts',(170.856076824489,18.9938189606804,35.0824799825084));
#10519=CARTESIAN_POINT('Ctrl Pts',(170.898032795638,19.018335312605,35.0824799825084));
#10520=CARTESIAN_POINT('Ctrl Pts',(170.601619312216,18.9210959220825,35.0954245864246));
#10521=CARTESIAN_POINT('Ctrl Pts',(170.654637459962,18.9292003147948,35.0954245864246));
#10522=CARTESIAN_POINT('Ctrl Pts',(170.709151062834,18.9370501774684,35.0954245864246));
#10523=CARTESIAN_POINT('Ctrl Pts',(170.81007079818,18.9737956195396,35.0954245864246));
#10524=CARTESIAN_POINT('Ctrl Pts',(170.852896727999,18.999262986631,35.0954245864246));
#10525=CARTESIAN_POINT('Ctrl Pts',(170.894863050955,19.0237598438277,35.0954245864246));
#10526=CARTESIAN_POINT('Ctrl Pts',(170.599644578446,18.9340535853905,35.0999999999999));
#10527=CARTESIAN_POINT('Ctrl Pts',(170.652665253509,18.9421486409368,35.0999999999999));
#10528=CARTESIAN_POINT('Ctrl Pts',(170.706389189764,18.9499894521166,35.0999999999999));
#10529=CARTESIAN_POINT('Ctrl Pts',(170.804024844686,18.9855421461841,35.0999999999999));
#10530=CARTESIAN_POINT('Ctrl Pts',(170.846288005444,19.0105720938505,35.0999999999999));
#10531=CARTESIAN_POINT('Ctrl Pts',(170.888250217939,19.0350766919481,35.0999999999999));
#10532=CARTESIAN_POINT('Ctrl Pts',(170.598799381254,18.9395995383758,35.0999999999999));
#10533=CARTESIAN_POINT('Ctrl Pts',(170.65182389381,18.9476804163175,35.0999999999999));
#10534=CARTESIAN_POINT('Ctrl Pts',(170.705209484028,18.9555259085798,35.0999999999999));
#10535=CARTESIAN_POINT('Ctrl Pts',(170.801436163514,18.9905682617857,35.0999999999999));
#10536=CARTESIAN_POINT('Ctrl Pts',(170.84346391696,19.0154040148534,35.0999999999999));
#10537=CARTESIAN_POINT('Ctrl Pts',(170.885419888108,19.0399203667779,35.0999999999999));
#10538=CARTESIAN_POINT('',(170.602565865964,18.9148848950863,35.0749999999999));
#10539=CARTESIAN_POINT('Ctrl Pts',(170.599951680049,18.9397751060288,35.0999999999999));
#10540=CARTESIAN_POINT('Ctrl Pts',(170.59995885332,18.9397147429553,35.0999999999999));
#10541=CARTESIAN_POINT('Ctrl Pts',(170.599966853542,18.9396545051355,35.0999997699943));
#10542=CARTESIAN_POINT('Ctrl Pts',(170.599973200095,18.9395940158907,35.0999993105198));
#10543=CARTESIAN_POINT('Ctrl Pts',(170.600266152693,18.9368018728735,35.0999781014853));
#10544=CARTESIAN_POINT('Ctrl Pts',(170.600556703184,18.9340338534989,35.0994726284506));
#10545=CARTESIAN_POINT('Ctrl Pts',(170.600832526737,18.931406712735,35.0985318289299));
#10546=CARTESIAN_POINT('Ctrl Pts',(170.600882269211,18.9309329298331,35.0983621635913));
#10547=CARTESIAN_POINT('Ctrl Pts',(170.600931528642,18.9304637555398,35.0981782061929));
#10548=CARTESIAN_POINT('Ctrl Pts',(170.600980223456,18.9299999356136,35.0979800753944));
#10549=CARTESIAN_POINT('Ctrl Pts',(170.601197486714,18.9279304949214,35.0970960686632));
#10550=CARTESIAN_POINT('Ctrl Pts',(170.601400779296,18.9259941240698,35.0959430928325));
#10551=CARTESIAN_POINT('Ctrl Pts',(170.601583103298,18.9242525777974,35.0945410187095));
#10552=CARTESIAN_POINT('Ctrl Pts',(170.601663699751,18.9234827260411,35.093921230856));
#10553=CARTESIAN_POINT('Ctrl Pts',(170.601740179114,18.9227510735013,35.0932524987206));
#10554=CARTESIAN_POINT('Ctrl Pts',(170.601812380323,18.9220600442762,35.0925393294558));
#10555=CARTESIAN_POINT('Ctrl Pts',(170.60201634468,18.920107925558,35.0905246663699));
#10556=CARTESIAN_POINT('Ctrl Pts',(170.602183295676,18.918509014764,35.0881909292185));
#10557=CARTESIAN_POINT('Ctrl Pts',(170.602309119563,18.9173109593609,35.0856478502206));
#10558=CARTESIAN_POINT('Ctrl Pts',(170.602328429898,18.9171270924335,35.08525756099));
#10559=CARTESIAN_POINT('Ctrl Pts',(170.602346758928,18.9169527498301,35.0848622870107));
#10560=CARTESIAN_POINT('Ctrl Pts',(170.602364077011,18.9167882006982,35.0844623791712));
#10561=CARTESIAN_POINT('Ctrl Pts',(170.602475935942,18.9157253642537,35.0818793413793));
#10562=CARTESIAN_POINT('Ctrl Pts',(170.602544394322,18.9150845769274,35.0791463826922));
#10563=CARTESIAN_POINT('Ctrl Pts',(170.602561626776,18.9149242710222,35.0763638150096));
#10564=CARTESIAN_POINT('Ctrl Pts',(170.602564434735,18.9148981498216,35.0759104068298));
#10565=CARTESIAN_POINT('Ctrl Pts',(170.602565865964,18.9148848950863,35.0754556602431));
#10566=CARTESIAN_POINT('Ctrl Pts',(170.602565865964,18.9148848950863,35.0749999999999));
#10567=CARTESIAN_POINT('Ctrl Pts',(170.602565865964,18.9148848950863,35.0749999999999));
#10568=CARTESIAN_POINT('Ctrl Pts',(170.65559037852,18.9229657730279,35.0749999999999));
#10569=CARTESIAN_POINT('Ctrl Pts',(170.710481492682,18.9308434943387,35.0749999999999));
#10570=CARTESIAN_POINT('Ctrl Pts',(170.812966127776,18.9681611044987,35.0749999999999));
#10571=CARTESIAN_POINT('Ctrl Pts',(170.856076824489,18.9938189606804,35.0749999999999));
#10572=CARTESIAN_POINT('Ctrl Pts',(170.898032795638,19.018335312605,35.0749999999999));
#10573=CARTESIAN_POINT('Ctrl Pts',(170.982400400201,20.7877491925424,35.0749999999999));
#10574=CARTESIAN_POINT('Ctrl Pts',(170.959886135253,20.8222772734044,35.0749999999999));
#10575=CARTESIAN_POINT('Ctrl Pts',(170.936881500125,20.8582108078976,35.0749999999999));
#10576=CARTESIAN_POINT('Ctrl Pts',(170.878057043404,20.9216548575287,35.0749999999999));
#10577=CARTESIAN_POINT('Ctrl Pts',(170.845732001063,20.9463784755482,35.0749999999999));
#10578=CARTESIAN_POINT('Ctrl Pts',(170.814676892012,20.9705005288124,35.0749999999999));
#10579=CARTESIAN_POINT('Ctrl Pts',(170.982400400201,20.7877491925424,35.0824799825084));
#10580=CARTESIAN_POINT('Ctrl Pts',(170.959886135253,20.8222772734044,35.0824799825084));
#10581=CARTESIAN_POINT('Ctrl Pts',(170.936881500125,20.8582108078976,35.0824799825084));
#10582=CARTESIAN_POINT('Ctrl Pts',(170.878057043404,20.9216548575287,35.0824799825084));
#10583=CARTESIAN_POINT('Ctrl Pts',(170.845732001063,20.9463784755482,35.0824799825084));
#10584=CARTESIAN_POINT('Ctrl Pts',(170.814676892012,20.9705005288124,35.0824799825084));
#10585=CARTESIAN_POINT('Ctrl Pts',(170.977137621104,20.7843175624021,35.0954245760251));
#10586=CARTESIAN_POINT('Ctrl Pts',(170.954610643274,20.8188314932377,35.0954245760251));
#10587=CARTESIAN_POINT('Ctrl Pts',(170.931761317118,20.854487831309,35.0954245760251));
#10588=CARTESIAN_POINT('Ctrl Pts',(170.87393690906,20.9168542895313,35.0954245760251));
#10589=CARTESIAN_POINT('Ctrl Pts',(170.84186668848,20.9414032977053,35.0954245760251));
#10590=CARTESIAN_POINT('Ctrl Pts',(170.810822836019,20.9655387567845,35.0954245760251));
#10591=CARTESIAN_POINT('Ctrl Pts',(170.966158248371,20.7771583893317,35.0999999999999));
#10592=CARTESIAN_POINT('Ctrl Pts',(170.943636322783,20.811677943547,35.0999999999999));
#10593=CARTESIAN_POINT('Ctrl Pts',(170.92108140707,20.8467319088945,35.0999999999999));
#10594=CARTESIAN_POINT('Ctrl Pts',(170.865348574061,20.9068407727079,35.0999999999999));
#10595=CARTESIAN_POINT('Ctrl Pts',(170.83383071101,20.931057222865,35.0999999999999));
#10596=CARTESIAN_POINT('Ctrl Pts',(170.802782385054,20.9551873543225,35.0999999999999));
#10597=CARTESIAN_POINT('Ctrl Pts',(170.961459011803,20.7740942208491,35.0999999999999));
#10598=CARTESIAN_POINT('Ctrl Pts',(170.938944746854,20.8086223017112,35.0999999999999));
#10599=CARTESIAN_POINT('Ctrl Pts',(170.916510686105,20.8434142552706,35.0999999999999));
#10600=CARTESIAN_POINT('Ctrl Pts',(170.861673972531,20.9025552027699,35.0999999999999));
#10601=CARTESIAN_POINT('Ctrl Pts',(170.830396133462,20.9266348394864,35.0999999999999));
#10602=CARTESIAN_POINT('Ctrl Pts',(170.799341024412,20.9507568927506,35.0999999999999));
#10603=CARTESIAN_POINT('',(170.814676892012,20.9705005288124,35.0749999999999));
#10604=CARTESIAN_POINT('Ctrl Pts',(170.982132876895,20.7881594985255,35.0749999999999));
#10605=CARTESIAN_POINT('Ctrl Pts',(170.959703806499,20.8225618449528,35.0749999999999));
#10606=CARTESIAN_POINT('Ctrl Pts',(170.936762271543,20.8583393997203,35.0749999999999));
#10607=CARTESIAN_POINT('Ctrl Pts',(170.878057043404,20.9216548575287,35.0749999999999));
#10608=CARTESIAN_POINT('Ctrl Pts',(170.845732001063,20.9463784755482,35.0749999999999));
#10609=CARTESIAN_POINT('Ctrl Pts',(170.814676892012,20.9705005288124,35.0749999999999));
#10610=CARTESIAN_POINT('Ctrl Pts',(170.814676892012,20.9705005288124,35.0749999999999));
#10611=CARTESIAN_POINT('Ctrl Pts',(170.814903259225,20.9703246980992,35.0824801025773));
#10612=CARTESIAN_POINT('Ctrl Pts',(170.812927330759,20.9673134494872,35.0898768681295));
#10613=CARTESIAN_POINT('Ctrl Pts',(170.809584331132,20.9625423122223,35.0945410136159));
#10614=CARTESIAN_POINT('Ctrl Pts',(170.807077175319,20.9589640932977,35.098038991712));
#10615=CARTESIAN_POINT('Ctrl Pts',(170.803801069214,20.9543959895407,35.0999999999999));
#10616=CARTESIAN_POINT('Ctrl Pts',(170.800529458018,20.9498338645344,35.0999999999999));
#10617=CARTESIAN_POINT('Origin',(169.785380560905,18.9249998271465,35.0749999999999));
#10618=CARTESIAN_POINT('',(170.071172129363,18.8999998271465,35.0749999999999));
#10619=CARTESIAN_POINT('Ctrl Pts',(170.071172129363,18.8999998271465,35.0749999999999));
#10620=CARTESIAN_POINT('Ctrl Pts',(170.071169061747,18.8999998271465,35.0777897094872));
#10621=CARTESIAN_POINT('Ctrl Pts',(170.07116599413,18.9004710880025,35.0805788381429));
#10622=CARTESIAN_POINT('Ctrl Pts',(170.071162926514,18.9013876396762,35.083213683879));
#10623=CARTESIAN_POINT('Ctrl Pts',(170.071159854521,18.9023054993317,35.0858522897198));
#10624=CARTESIAN_POINT('Ctrl Pts',(170.071156782527,18.9036695495977,35.0883350653098));
#10625=CARTESIAN_POINT('Ctrl Pts',(170.071153710533,18.9054044098473,35.0905248066289));
#10626=CARTESIAN_POINT('Ctrl Pts',(170.071150641983,18.9071373252854,35.0927120932061));
#10627=CARTESIAN_POINT('Ctrl Pts',(170.071147573433,18.9092394885954,35.0946060946452));
#10628=CARTESIAN_POINT('Ctrl Pts',(170.071144504883,18.9115949852948,35.0961023746276));
#10629=CARTESIAN_POINT('Ctrl Pts',(170.071141434076,18.9139522143918,35.0975997550794));
#10630=CARTESIAN_POINT('Ctrl Pts',(170.071138363269,18.916562168455,35.0986981980967));
#10631=CARTESIAN_POINT('Ctrl Pts',(170.071135292462,18.9192807248706,35.0993370472562));
#10632=CARTESIAN_POINT('Ctrl Pts',(170.071133177456,18.921153119268,35.0997770519514));
#10633=CARTESIAN_POINT('Ctrl Pts',(170.071131062451,18.9230764278351,35.0999999999999));
#10634=CARTESIAN_POINT('Ctrl Pts',(170.071128947446,18.9249998271465,35.0999999999999));
#10635=CARTESIAN_POINT('',(169.328411679715,18.8999998271465,35.0749999999999));
#10636=CARTESIAN_POINT('Origin',(169.353411679715,18.9249998271465,35.0749999999999));
#10637=CARTESIAN_POINT('',(169.785380560905,18.8999998271465,35.0749999999999));
#10638=CARTESIAN_POINT('Origin',(169.353411679715,20.5366033017635,35.0749999999999));
#10639=CARTESIAN_POINT('',(169.328411679715,21.0821377933025,35.0749999999999));
#10640=CARTESIAN_POINT('Origin',(169.353411679715,21.0571377933025,35.0749999999999));
#10641=CARTESIAN_POINT('',(169.328411679715,20.5366033017635,35.0749999999999));
#10642=CARTESIAN_POINT('Ctrl Pts',(170.586936634034,21.0605546534061,35.0749999999999));
#10643=CARTESIAN_POINT('Ctrl Pts',(170.534020189274,21.0667557868178,35.0749999999999));
#10644=CARTESIAN_POINT('Ctrl Pts',(170.480702173152,21.0730270603229,35.0749999999999));
#10645=CARTESIAN_POINT('Ctrl Pts',(170.350939055774,21.0819599260035,35.0749999999999));
#10646=CARTESIAN_POINT('Ctrl Pts',(170.275503289394,21.0820279379935,35.0749999999999));
#10647=CARTESIAN_POINT('Ctrl Pts',(170.200671564788,21.0821377933025,35.0749999999999));
#10648=CARTESIAN_POINT('Ctrl Pts',(170.586936634034,21.0605546534061,35.0824799825084));
#10649=CARTESIAN_POINT('Ctrl Pts',(170.534020189274,21.0667557868178,35.0824799825084));
#10650=CARTESIAN_POINT('Ctrl Pts',(170.480702173152,21.0730270603229,35.0824799825084));
#10651=CARTESIAN_POINT('Ctrl Pts',(170.350939055774,21.0819599260035,35.0824799825084));
#10652=CARTESIAN_POINT('Ctrl Pts',(170.275503289394,21.0820279379935,35.0824799825084));
#10653=CARTESIAN_POINT('Ctrl Pts',(170.200671564788,21.0821377933025,35.0824799825084));
#10654=CARTESIAN_POINT('Ctrl Pts',(170.586205379981,21.0543146062824,35.0954245768516));
#10655=CARTESIAN_POINT('Ctrl Pts',(170.533288752838,21.0605143292824,35.0954245768516));
#10656=CARTESIAN_POINT('Ctrl Pts',(170.480068535576,21.0667729940879,35.0954245768516));
#10657=CARTESIAN_POINT('Ctrl Pts',(170.350791203825,21.0756719498584,35.0954245768516));
#10658=CARTESIAN_POINT('Ctrl Pts',(170.275493884665,21.0757431393119,35.0954245768516));
#10659=CARTESIAN_POINT('Ctrl Pts',(170.200662341527,21.0758550522185,35.0954245768516));
#10660=CARTESIAN_POINT('Ctrl Pts',(170.584679814882,21.041296424618,35.0999999999999));
#10661=CARTESIAN_POINT('Ctrl Pts',(170.531763260216,21.047496708094,35.0999999999999));
#10662=CARTESIAN_POINT('Ctrl Pts',(170.478746386905,21.0537255646213,35.0999999999999));
#10663=CARTESIAN_POINT('Ctrl Pts',(170.35048325973,21.0625554018948,35.0999999999999));
#10664=CARTESIAN_POINT('Ctrl Pts',(170.275474714924,21.0626367058289,35.0999999999999));
#10665=CARTESIAN_POINT('Ctrl Pts',(170.200643099673,21.0627478010778,35.0999999999999));
#10666=CARTESIAN_POINT('Ctrl Pts',(170.584026864017,21.0357245660432,35.0999999999999));
#10667=CARTESIAN_POINT('Ctrl Pts',(170.531110419257,21.0419256994549,35.0999999999999));
#10668=CARTESIAN_POINT('Ctrl Pts',(170.478180458697,21.0481411876937,35.0999999999999));
#10669=CARTESIAN_POINT('Ctrl Pts',(170.350351546531,21.0569417249163,35.0999999999999));
#10670=CARTESIAN_POINT('Ctrl Pts',(170.275466588653,21.0570279649324,35.0999999999999));
#10671=CARTESIAN_POINT('Ctrl Pts',(170.200634864046,21.0571378202414,35.0999999999999));
#10672=CARTESIAN_POINT('',(170.586936634034,21.0605546534062,35.0749999999999));
#10673=CARTESIAN_POINT('',(170.200671564788,21.0821377933025,35.0749999999999));
#10674=CARTESIAN_POINT('Ctrl Pts',(170.586936634034,21.0605546534061,35.0749999999999));
#10675=CARTESIAN_POINT('Ctrl Pts',(170.534020189274,21.0667557868178,35.0749999999999));
#10676=CARTESIAN_POINT('Ctrl Pts',(170.480702173152,21.0730270603229,35.0749999999999));
#10677=CARTESIAN_POINT('Ctrl Pts',(170.350939055774,21.0819599260035,35.0749999999999));
#10678=CARTESIAN_POINT('Ctrl Pts',(170.275503289394,21.0820279379935,35.0749999999999));
#10679=CARTESIAN_POINT('Ctrl Pts',(170.200671564788,21.0821377933025,35.0749999999999));
#10680=CARTESIAN_POINT('Ctrl Pts',(170.200671564788,21.0821377933025,35.0749999999999));
#10681=CARTESIAN_POINT('Ctrl Pts',(170.200675060092,21.0821377881713,35.0824799825084));
#10682=CARTESIAN_POINT('Ctrl Pts',(170.200673284956,21.0785476451792,35.0898768935617));
#10683=CARTESIAN_POINT('Ctrl Pts',(170.200668238441,21.0727290907395,35.0945410140207));
#10684=CARTESIAN_POINT('Ctrl Pts',(170.200664453554,21.0683651749098,35.0980391043649));
#10685=CARTESIAN_POINT('Ctrl Pts',(170.200658828521,21.0627477776837,35.0999999999999));
#10686=CARTESIAN_POINT('Ctrl Pts',(170.200653214397,21.057137793303,35.0999999999999));
#10687=CARTESIAN_POINT('Ctrl Pts',(170.582806402676,21.0358675896544,35.0999999999999));
#10688=CARTESIAN_POINT('Ctrl Pts',(170.58281544282,21.0359277040603,35.0999999999999));
#10689=CARTESIAN_POINT('Ctrl Pts',(170.58282347781,21.0359879369367,35.0999997699939));
#10690=CARTESIAN_POINT('Ctrl Pts',(170.582833523126,21.0360479336961,35.0999993105185));
#10691=CARTESIAN_POINT('Ctrl Pts',(170.583297195555,21.0388172683848,35.0999781020235));
#10692=CARTESIAN_POINT('Ctrl Pts',(170.583756727166,21.0415626297661,35.0994726546825));
#10693=CARTESIAN_POINT('Ctrl Pts',(170.584192809166,21.0441682648171,35.0985318876562));
#10694=CARTESIAN_POINT('Ctrl Pts',(170.584271569762,21.04463886752,35.0983619761004));
#10695=CARTESIAN_POINT('Ctrl Pts',(170.584349562262,21.0451048853025,35.0981777302313));
#10696=CARTESIAN_POINT('Ctrl Pts',(170.584426665688,21.0455655745666,35.0979792691138));
#10697=CARTESIAN_POINT('Ctrl Pts',(170.584770064129,21.0476173637525,35.097095375335));
#10698=CARTESIAN_POINT('Ctrl Pts',(170.585091386586,21.0495372384909,35.0959426799257));
#10699=CARTESIAN_POINT('Ctrl Pts',(170.585380914614,21.0512638748661,35.0945410140207));
#10700=CARTESIAN_POINT('Ctrl Pts',(170.585509024216,21.0520278723973,35.0939208085701));
#10701=CARTESIAN_POINT('Ctrl Pts',(170.585630893719,21.0527539068227,35.0932515897465));
#10702=CARTESIAN_POINT('Ctrl Pts',(170.585746024434,21.0534395940643,35.092537872192));
#10703=CARTESIAN_POINT('Ctrl Pts',(170.58607099838,21.0553750505482,35.0905232958886));
#10704=CARTESIAN_POINT('Ctrl Pts',(170.586337288682,21.0569603202534,35.0881897225108));
#10705=CARTESIAN_POINT('Ctrl Pts',(170.586536078668,21.0581483654234,35.0856468158699));
#10706=CARTESIAN_POINT('Ctrl Pts',(170.586566590862,21.0583307179931,35.0852565061642));
#10707=CARTESIAN_POINT('Ctrl Pts',(170.586595503055,21.0585036290491,35.084861210793));
#10708=CARTESIAN_POINT('Ctrl Pts',(170.586622771948,21.0586668310494,35.084461280604));
#10709=CARTESIAN_POINT('Ctrl Pts',(170.58679889731,21.0597209263274,35.081878196309));
#10710=CARTESIAN_POINT('Ctrl Pts',(170.586904039772,21.0603566792176,35.0791451898778));
#10711=CARTESIAN_POINT('Ctrl Pts',(170.586930216691,21.0605156421434,35.0763625677371));
#10712=CARTESIAN_POINT('Ctrl Pts',(170.586934478138,21.060541520365,35.0759095733564));
#10713=CARTESIAN_POINT('Ctrl Pts',(170.586936634034,21.0605546534061,35.0754552429186));
#10714=CARTESIAN_POINT('Ctrl Pts',(170.586936634034,21.0605546534061,35.0749999999999));
#10715=CARTESIAN_POINT('Origin',(170.221510503441,21.0571377933025,35.0749999999999));
#10716=CARTESIAN_POINT('',(170.221510503441,21.0821377933025,35.0749999999999));
#10717=CARTESIAN_POINT('Ctrl Pts',(170.815104061689,20.9702446289409,35.0749999999999));
#10718=CARTESIAN_POINT('Ctrl Pts',(170.781382868138,20.9904456159743,35.0749999999999));
#10719=CARTESIAN_POINT('Ctrl Pts',(170.746675836266,21.0116071110736,35.0749999999999));
#10720=CARTESIAN_POINT('Ctrl Pts',(170.667265846794,21.043317156989,35.0749999999999));
#10721=CARTESIAN_POINT('Ctrl Pts',(170.626382829103,21.0519356651567,35.0749999999999));
#10722=CARTESIAN_POINT('Ctrl Pts',(170.586936634034,21.0605546534062,35.0749999999999));
#10723=CARTESIAN_POINT('Ctrl Pts',(170.815104061689,20.9702446289409,35.0824799825084));
#10724=CARTESIAN_POINT('Ctrl Pts',(170.781382868138,20.9904456159743,35.0824799825084));
#10725=CARTESIAN_POINT('Ctrl Pts',(170.746675836266,21.0116071110736,35.0824799825084));
#10726=CARTESIAN_POINT('Ctrl Pts',(170.667265846794,21.043317156989,35.0824799825084));
#10727=CARTESIAN_POINT('Ctrl Pts',(170.626382829103,21.0519356651567,35.0824799825084));
#10728=CARTESIAN_POINT('Ctrl Pts',(170.586936634034,21.0605546534062,35.0824799825084));
#10729=CARTESIAN_POINT('Ctrl Pts',(170.811875343896,20.9648549805327,35.0954245760924));
#10730=CARTESIAN_POINT('Ctrl Pts',(170.778149299236,20.985039291547,35.0954245760924));
#10731=CARTESIAN_POINT('Ctrl Pts',(170.743689166608,21.0060320211695,35.0954245760924));
#10732=CARTESIAN_POINT('Ctrl Pts',(170.665610043773,21.037210007305,35.0954245760924));
#10733=CARTESIAN_POINT('Ctrl Pts',(170.625037001312,21.0457811813338,35.0954245760924));
#10734=CARTESIAN_POINT('Ctrl Pts',(170.585595495538,21.0544167159608,35.0954245760924));
#10735=CARTESIAN_POINT('Ctrl Pts',(170.805139492761,20.9536109289673,35.0999999999999));
#10736=CARTESIAN_POINT('Ctrl Pts',(170.771415375975,20.973801867183,35.0999999999999));
#10737=CARTESIAN_POINT('Ctrl Pts',(170.737455060912,20.9944093481851,35.0999999999999));
#10738=CARTESIAN_POINT('Ctrl Pts',(170.662161924765,21.0244752784105,35.0999999999999));
#10739=CARTESIAN_POINT('Ctrl Pts',(170.622240940181,21.0329826016658,35.0999999999999));
#10740=CARTESIAN_POINT('Ctrl Pts',(170.582797570839,21.0416115606121,35.0999999999999));
#10741=CARTESIAN_POINT('Ctrl Pts',(170.802256508586,20.9487984083119,35.0999999999999));
#10742=CARTESIAN_POINT('Ctrl Pts',(170.768535315035,20.9689993953453,35.0999999999999));
#10743=CARTESIAN_POINT('Ctrl Pts',(170.734786265528,20.9894362123774,35.0999999999999));
#10744=CARTESIAN_POINT('Ctrl Pts',(170.660687201011,21.0190258180058,35.0999999999999));
#10745=CARTESIAN_POINT('Ctrl Pts',(170.621046237568,21.0275118900434,35.0999999999999));
#10746=CARTESIAN_POINT('Ctrl Pts',(170.581600042498,21.0361308782929,35.0999999999999));
#10747=CARTESIAN_POINT('Ctrl Pts',(170.81467690045,20.9705005428953,35.0749999999999));
#10748=CARTESIAN_POINT('Ctrl Pts',(170.781089725363,20.9906242034314,35.0749999999999));
#10749=CARTESIAN_POINT('Ctrl Pts',(170.746510450651,21.0116731529593,35.0749999999999));
#10750=CARTESIAN_POINT('Ctrl Pts',(170.667265846794,21.043317156989,35.0749999999999));
#10751=CARTESIAN_POINT('Ctrl Pts',(170.626382829103,21.0519356651567,35.0749999999999));
#10752=CARTESIAN_POINT('Ctrl Pts',(170.586936634034,21.0605546534062,35.0749999999999));
#10753=CARTESIAN_POINT('Ctrl Pts',(170.071167180269,18.8999998100495,35.0749999999999));
#10754=CARTESIAN_POINT('Ctrl Pts',(170.185385158047,18.9003943845045,35.0749999999999));
#10755=CARTESIAN_POINT('Ctrl Pts',(170.299917634336,18.9007791409107,35.0749999999999));
#10756=CARTESIAN_POINT('Ctrl Pts',(170.47748469139,18.9076364017779,35.0749999999999));
#10757=CARTESIAN_POINT('Ctrl Pts',(170.540105946023,18.911267122907,35.0749999999999));
#10758=CARTESIAN_POINT('Ctrl Pts',(170.602565865964,18.9148848950863,35.0749999999999));
#10759=CARTESIAN_POINT('Ctrl Pts',(170.071167180269,18.8999998100495,35.0824799825084));
#10760=CARTESIAN_POINT('Ctrl Pts',(170.185385158047,18.9003943845045,35.0824799825084));
#10761=CARTESIAN_POINT('Ctrl Pts',(170.299917634336,18.9007791409107,35.0824799825084));
#10762=CARTESIAN_POINT('Ctrl Pts',(170.47748469139,18.9076364017779,35.0824799825084));
#10763=CARTESIAN_POINT('Ctrl Pts',(170.540105946023,18.911267122907,35.0824799825084));
#10764=CARTESIAN_POINT('Ctrl Pts',(170.602565865964,18.9148848950863,35.0824799825084));
#10765=CARTESIAN_POINT('Ctrl Pts',(170.071145476215,18.9062825106232,35.0954245885998));
#10766=CARTESIAN_POINT('Ctrl Pts',(170.185363420459,18.9066775877315,35.0954245885998));
#10767=CARTESIAN_POINT('Ctrl Pts',(170.299822697449,18.9070630491326,35.0954245885998));
#10768=CARTESIAN_POINT('Ctrl Pts',(170.477161401741,18.9139113269041,35.0954245885998));
#10769=CARTESIAN_POINT('Ctrl Pts',(170.539742627431,18.917539605317,35.0954245885998));
#10770=CARTESIAN_POINT('Ctrl Pts',(170.60220256926,18.921157120614,35.0954245885998));
#10771=CARTESIAN_POINT('Ctrl Pts',(170.071100196433,18.9193897074681,35.0999999999999));
#10772=CARTESIAN_POINT('Ctrl Pts',(170.185318153991,18.9197845850197,35.0999999999999));
#10773=CARTESIAN_POINT('Ctrl Pts',(170.299624721204,18.9201722552549,35.0999999999999));
#10774=CARTESIAN_POINT('Ctrl Pts',(170.476486912148,18.92700238959,35.0999999999999));
#10775=CARTESIAN_POINT('Ctrl Pts',(170.538984713417,18.9306248467586,35.0999999999999));
#10776=CARTESIAN_POINT('Ctrl Pts',(170.601444646556,18.9342424640395,35.0999999999999));
#10777=CARTESIAN_POINT('Ctrl Pts',(170.071080816434,18.9249996608748,35.0999999999999));
#10778=CARTESIAN_POINT('Ctrl Pts',(170.185298794213,18.9253942353298,35.0999999999999));
#10779=CARTESIAN_POINT('Ctrl Pts',(170.299540001005,18.9257829796724,35.0999999999999));
#10780=CARTESIAN_POINT('Ctrl Pts',(170.476198221421,18.9326054527047,35.0999999999999));
#10781=CARTESIAN_POINT('Ctrl Pts',(170.538660331468,18.9362252918815,35.0999999999999));
#10782=CARTESIAN_POINT('Ctrl Pts',(170.601120251409,18.9398430640608,35.0999999999999));
#10783=CARTESIAN_POINT('Ctrl Pts',(170.071172129363,18.8999998271465,35.0749999999999));
#10784=CARTESIAN_POINT('Ctrl Pts',(170.185388466528,18.9003943956198,35.0749999999999));
#10785=CARTESIAN_POINT('Ctrl Pts',(170.299919291358,18.9007792049013,35.0749999999999));
#10786=CARTESIAN_POINT('Ctrl Pts',(170.47748469139,18.9076364017779,35.0749999999999));
#10787=CARTESIAN_POINT('Ctrl Pts',(170.540105946023,18.911267122907,35.0749999999999));
#10788=CARTESIAN_POINT('Ctrl Pts',(170.602565865964,18.9148848950863,35.0749999999999));
#10789=CARTESIAN_POINT('Ctrl Pts',(171.156323314981,19.5320807613046,35.0749999999999));
#10790=CARTESIAN_POINT('Ctrl Pts',(171.152397405063,19.589781150178,35.0749999999999));
#10791=CARTESIAN_POINT('Ctrl Pts',(171.149259982771,19.6499701201402,35.0749999999999));
#10792=CARTESIAN_POINT('Ctrl Pts',(171.110522482718,19.7663681556715,35.0749999999999));
#10793=CARTESIAN_POINT('Ctrl Pts',(171.078846296299,19.814708840424,35.0749999999999));
#10794=CARTESIAN_POINT('Ctrl Pts',(171.049115370959,19.8615695238113,35.0749999999999));
#10795=CARTESIAN_POINT('Ctrl Pts',(171.156323314981,19.5320807613046,35.0824799825084));
#10796=CARTESIAN_POINT('Ctrl Pts',(171.152397405063,19.589781150178,35.0824799825084));
#10797=CARTESIAN_POINT('Ctrl Pts',(171.149259982771,19.6499701201402,35.0824799825084));
#10798=CARTESIAN_POINT('Ctrl Pts',(171.110522482718,19.7663681556715,35.0824799825084));
#10799=CARTESIAN_POINT('Ctrl Pts',(171.078846296299,19.814708840424,35.0824799825084));
#10800=CARTESIAN_POINT('Ctrl Pts',(171.049115370959,19.8615695238113,35.0824799825084));
#10801=CARTESIAN_POINT('Ctrl Pts',(171.150055062883,19.5316542720978,35.0954245809759));
#10802=CARTESIAN_POINT('Ctrl Pts',(171.146084312185,19.5893425855859,35.0954245809759));
#10803=CARTESIAN_POINT('Ctrl Pts',(171.142930094342,19.6490707942098,35.0954245809759));
#10804=CARTESIAN_POINT('Ctrl Pts',(171.10490403279,19.763336537813,35.0954245809759));
#10805=CARTESIAN_POINT('Ctrl Pts',(171.073502351962,19.8113224230045,35.0954245809759));
#10806=CARTESIAN_POINT('Ctrl Pts',(171.043810276545,19.8582036880071,35.0954245809759));
#10807=CARTESIAN_POINT('Ctrl Pts',(171.136978028535,19.5307645162426,35.0999999999999));
#10808=CARTESIAN_POINT('Ctrl Pts',(171.133025090926,19.5884576267016,35.0999999999999));
#10809=CARTESIAN_POINT('Ctrl Pts',(171.12973833347,19.6472220170924,35.0999999999999));
#10810=CARTESIAN_POINT('Ctrl Pts',(171.093202942278,19.7570002056391,35.0999999999999));
#10811=CARTESIAN_POINT('Ctrl Pts',(171.062450122162,19.8043086813816,35.0999999999999));
#10812=CARTESIAN_POINT('Ctrl Pts',(171.032742613535,19.8511817702963,35.0999999999999));
#10813=CARTESIAN_POINT('Ctrl Pts',(171.131380982132,19.5303836955859,35.0999999999999));
#10814=CARTESIAN_POINT('Ctrl Pts',(171.127455072214,19.5880840844592,35.0999999999999));
#10815=CARTESIAN_POINT('Ctrl Pts',(171.124094598628,19.646435508538,35.0999999999999));
#10816=CARTESIAN_POINT('Ctrl Pts',(171.088198345759,19.7542861852412,35.0999999999999));
#10817=CARTESIAN_POINT('Ctrl Pts',(171.057736515038,19.8013156654794,35.0999999999999));
#10818=CARTESIAN_POINT('Ctrl Pts',(171.028005589698,19.8481763488668,35.0999999999999));
#10819=CARTESIAN_POINT('Ctrl Pts',(171.156287230848,19.5326114910878,35.0749999999999));
#10820=CARTESIAN_POINT('Ctrl Pts',(171.152378012577,19.5901501739077,35.0749999999999));
#10821=CARTESIAN_POINT('Ctrl Pts',(171.149199381613,19.650152213867,35.0749999999999));
#10822=CARTESIAN_POINT('Ctrl Pts',(171.110522482718,19.7663681556715,35.0749999999999));
#10823=CARTESIAN_POINT('Ctrl Pts',(171.078846296299,19.814708840424,35.0749999999999));
#10824=CARTESIAN_POINT('Ctrl Pts',(171.049115370959,19.8615695238113,35.0749999999999));
#10825=CARTESIAN_POINT('Ctrl Pts',(171.087072055787,19.2430986166,31.0999999999999));
#10826=CARTESIAN_POINT('Ctrl Pts',(171.087072055787,19.2430986166,35.0999999999999));
#10827=CARTESIAN_POINT('Ctrl Pts',(171.107258726819,19.2899840848204,31.0999999999999));
#10828=CARTESIAN_POINT('Ctrl Pts',(171.107258726819,19.2899840848204,35.0999999999999));
#10829=CARTESIAN_POINT('Ctrl Pts',(171.147095209043,19.3825081130951,31.0999999999999));
#10830=CARTESIAN_POINT('Ctrl Pts',(171.147095209043,19.3825081130951,35.0999999999999));
#10831=CARTESIAN_POINT('Ctrl Pts',(171.153250858379,19.483028588223,31.0999999999999));
#10832=CARTESIAN_POINT('Ctrl Pts',(171.153250858379,19.483028588223,35.0999999999999));
#10833=CARTESIAN_POINT('Ctrl Pts',(171.156287204474,19.532611489296,31.0999999999999));
#10834=CARTESIAN_POINT('Ctrl Pts',(171.156287204474,19.532611489296,35.0999999999999));
#10835=CARTESIAN_POINT('',(171.087072055787,19.2430986166,34.9999999999999));
#10836=CARTESIAN_POINT('',(171.087072055787,19.2430986166,31.0999999999999));
#10837=CARTESIAN_POINT('',(171.156287204474,19.532611489296,34.9999999999999));
#10838=CARTESIAN_POINT('Ctrl Pts',(171.087072055787,19.2430986166,34.9999999999999));
#10839=CARTESIAN_POINT('Ctrl Pts',(171.107258726819,19.2899840848204,34.9999999999999));
#10840=CARTESIAN_POINT('Ctrl Pts',(171.12744539785,19.3368695530408,34.9999999999999));
#10841=CARTESIAN_POINT('Ctrl Pts',(171.138983380049,19.385808378458,34.9999999999999));
#10842=CARTESIAN_POINT('Ctrl Pts',(171.150214512284,19.4334456871501,34.9999999999999));
#10843=CARTESIAN_POINT('Ctrl Pts',(171.153250858379,19.483028588223,34.9999999999999));
#10844=CARTESIAN_POINT('Ctrl Pts',(171.156287204474,19.532611489296,34.9999999999999));
#10845=CARTESIAN_POINT('',(171.156287204474,19.532611489296,31.0999999999999));
#10846=CARTESIAN_POINT('Ctrl Pts',(170.898032795638,19.0183353126049,31.0999999999999));
#10847=CARTESIAN_POINT('Ctrl Pts',(170.898032795638,19.0183353126049,35.0999999999999));
#10848=CARTESIAN_POINT('Ctrl Pts',(170.936063808704,19.0491328594854,31.0999999999999));
#10849=CARTESIAN_POINT('Ctrl Pts',(170.936063808704,19.0491328594854,35.0999999999999));
#10850=CARTESIAN_POINT('Ctrl Pts',(171.013515631731,19.1118534119605,31.0999999999999));
#10851=CARTESIAN_POINT('Ctrl Pts',(171.013515631731,19.1118534119605,35.0999999999999));
#10852=CARTESIAN_POINT('Ctrl Pts',(171.062261681108,19.1988299786977,31.0999999999999));
#10853=CARTESIAN_POINT('Ctrl Pts',(171.062261681108,19.1988299786977,35.0999999999999));
#10854=CARTESIAN_POINT('Ctrl Pts',(171.087072055787,19.2430986166,31.0999999999999));
#10855=CARTESIAN_POINT('Ctrl Pts',(171.087072055787,19.2430986166,35.0999999999999));
#10856=CARTESIAN_POINT('',(170.898032795638,19.0183353126049,34.9999999999999));
#10857=CARTESIAN_POINT('',(170.898032795638,19.0183353126049,31.0999999999999));
#10858=CARTESIAN_POINT('Ctrl Pts',(170.898032795638,19.0183353126049,34.9999999999999));
#10859=CARTESIAN_POINT('Ctrl Pts',(170.936063808704,19.0491328594854,34.9999999999999));
#10860=CARTESIAN_POINT('Ctrl Pts',(170.974094821769,19.0799304063658,34.9999999999999));
#10861=CARTESIAN_POINT('Ctrl Pts',(171.005204629153,19.1165762841701,34.9999999999999));
#10862=CARTESIAN_POINT('Ctrl Pts',(171.037451306429,19.1545613407953,34.9999999999999));
#10863=CARTESIAN_POINT('Ctrl Pts',(171.062261681108,19.1988299786977,34.9999999999999));
#10864=CARTESIAN_POINT('Ctrl Pts',(171.087072055787,19.2430986166,34.9999999999999));
#10865=CARTESIAN_POINT('Ctrl Pts',(170.602565865964,18.9148848950863,31.0999999999999));
#10866=CARTESIAN_POINT('Ctrl Pts',(170.602565865964,18.9148848950863,35.0999999999999));
#10867=CARTESIAN_POINT('Ctrl Pts',(170.657692283997,18.9232861011326,31.0999999999999));
#10868=CARTESIAN_POINT('Ctrl Pts',(170.657692283997,18.9232861011326,35.0999999999999));
#10869=CARTESIAN_POINT('Ctrl Pts',(170.762777719546,18.9393010070162,31.0999999999999));
#10870=CARTESIAN_POINT('Ctrl Pts',(170.762777719546,18.9393010070162,35.0999999999999));
#10871=CARTESIAN_POINT('Ctrl Pts',(170.854450386967,18.9928685759421,31.0999999999999));
#10872=CARTESIAN_POINT('Ctrl Pts',(170.854450386967,18.9928685759421,35.0999999999999));
#10873=CARTESIAN_POINT('Ctrl Pts',(170.898032795638,19.0183353126049,31.0999999999999));
#10874=CARTESIAN_POINT('Ctrl Pts',(170.898032795638,19.0183353126049,35.0999999999999));
#10875=CARTESIAN_POINT('',(170.602565865964,18.9148848950863,34.9999999999999));
#10876=CARTESIAN_POINT('',(170.602565865964,18.9148848950863,31.0999999999999));
#10877=CARTESIAN_POINT('Ctrl Pts',(170.602565865964,18.9148848950863,34.9999999999999));
#10878=CARTESIAN_POINT('Ctrl Pts',(170.657692283997,18.9232861011326,34.9999999999999));
#10879=CARTESIAN_POINT('Ctrl Pts',(170.712818702031,18.9316873071788,34.9999999999999));
#10880=CARTESIAN_POINT('Ctrl Pts',(170.764254044741,18.9504226744175,34.9999999999999));
#10881=CARTESIAN_POINT('Ctrl Pts',(170.810867978297,18.9674018392793,34.9999999999999));
#10882=CARTESIAN_POINT('Ctrl Pts',(170.854450386967,18.9928685759421,34.9999999999999));
#10883=CARTESIAN_POINT('Ctrl Pts',(170.898032795638,19.0183353126049,34.9999999999999));
#10884=CARTESIAN_POINT('Ctrl Pts',(170.071172129363,18.8999998271465,31.0999999999999));
#10885=CARTESIAN_POINT('Ctrl Pts',(170.071172129363,18.8999998271465,35.0999999999999));
#10886=CARTESIAN_POINT('Ctrl Pts',(170.185707093397,18.900395496654,31.0999999999999));
#10887=CARTESIAN_POINT('Ctrl Pts',(170.185707093397,18.900395496654,35.0999999999999));
#10888=CARTESIAN_POINT('Ctrl Pts',(170.362983238535,18.9010079102137,31.0999999999999));
#10889=CARTESIAN_POINT('Ctrl Pts',(170.362983238535,18.9010079102137,35.0999999999999));
#10890=CARTESIAN_POINT('Ctrl Pts',(170.53993831631,18.9112574135427,31.0999999999999));
#10891=CARTESIAN_POINT('Ctrl Pts',(170.53993831631,18.9112574135427,35.0999999999999));
#10892=CARTESIAN_POINT('Ctrl Pts',(170.602565865964,18.9148848950863,31.0999999999999));
#10893=CARTESIAN_POINT('Ctrl Pts',(170.602565865964,18.9148848950863,35.0999999999999));
#10894=CARTESIAN_POINT('',(170.071172129363,18.8999998271465,34.9999999999999));
#10895=CARTESIAN_POINT('',(170.071172129363,18.8999998271465,31.0999999999999));
#10896=CARTESIAN_POINT('Ctrl Pts',(170.071172129363,18.8999998271465,34.9999999999999));
#10897=CARTESIAN_POINT('Ctrl Pts',(170.185707093397,18.900395496654,34.9999999999999));
#10898=CARTESIAN_POINT('Ctrl Pts',(170.300242057431,18.9007911661615,34.9999999999999));
#10899=CARTESIAN_POINT('Ctrl Pts',(170.414643000811,18.9052095711231,34.9999999999999));
#10900=CARTESIAN_POINT('Ctrl Pts',(170.477310766657,18.9076299319992,34.9999999999999));
#10901=CARTESIAN_POINT('Ctrl Pts',(170.53993831631,18.9112574135427,34.9999999999999));
#10902=CARTESIAN_POINT('Ctrl Pts',(170.602565865964,18.9148848950863,34.9999999999999));
#10903=CARTESIAN_POINT('Origin',(169.328411679715,18.8999998271465,31.0999999999999));
#10904=CARTESIAN_POINT('',(169.328411679715,18.8999998271465,34.9999999999999));
#10905=CARTESIAN_POINT('',(169.328411679715,18.8999998271465,31.0999999999999));
#10906=CARTESIAN_POINT('',(169.664206994697,18.8999998271465,34.9999999999999));
#10907=CARTESIAN_POINT('Origin',(169.328411679715,21.0821377933025,31.0999999999999));
#10908=CARTESIAN_POINT('',(169.328411679715,21.0821377933025,34.9999999999999));
#10909=CARTESIAN_POINT('',(169.328411679715,21.0821377933025,31.0999999999999));
#10910=CARTESIAN_POINT('',(169.328411679715,20.5410690456629,34.9999999999999));
#10911=CARTESIAN_POINT('Origin',(170.200671564788,21.0821377933025,31.0999999999999));
#10912=CARTESIAN_POINT('',(170.200671564788,21.0821377933025,34.9999999999999));
#10913=CARTESIAN_POINT('',(170.200671564788,21.0821377933025,31.0999999999999));
#10914=CARTESIAN_POINT('',(170.100336937234,21.0821377933025,34.9999999999999));
#10915=CARTESIAN_POINT('Ctrl Pts',(170.586936634034,21.0605546534061,31.0999999999999));
#10916=CARTESIAN_POINT('Ctrl Pts',(170.586936634034,21.0605546534061,35.0999999999999));
#10917=CARTESIAN_POINT('Ctrl Pts',(170.533590150769,21.0668061818539,31.0999999999999));
#10918=CARTESIAN_POINT('Ctrl Pts',(170.533590150769,21.0668061818539,35.0999999999999));
#10919=CARTESIAN_POINT('Ctrl Pts',(170.405323862279,21.0818373573375,31.0999999999999));
#10920=CARTESIAN_POINT('Ctrl Pts',(170.405323862279,21.0818373573375,35.0999999999999));
#10921=CARTESIAN_POINT('Ctrl Pts',(170.276131996093,21.0820270150324,31.0999999999999));
#10922=CARTESIAN_POINT('Ctrl Pts',(170.276131996093,21.0820270150324,35.0999999999999));
#10923=CARTESIAN_POINT('Ctrl Pts',(170.200671564788,21.0821377933025,31.0999999999999));
#10924=CARTESIAN_POINT('Ctrl Pts',(170.200671564788,21.0821377933025,35.0999999999999));
#10925=CARTESIAN_POINT('',(170.586936634034,21.0605546534061,34.9999999999999));
#10926=CARTESIAN_POINT('',(170.586936634034,21.0605546534061,31.0999999999999));
#10927=CARTESIAN_POINT('Ctrl Pts',(170.586936634034,21.0605546534061,34.9999999999999));
#10928=CARTESIAN_POINT('Ctrl Pts',(170.533590150769,21.0668061818539,34.9999999999999));
#10929=CARTESIAN_POINT('Ctrl Pts',(170.480243667504,21.0730577103017,34.9999999999999));
#10930=CARTESIAN_POINT('Ctrl Pts',(170.426737081259,21.0767420083284,34.9999999999999));
#10931=CARTESIAN_POINT('Ctrl Pts',(170.351592427398,21.0819162367622,34.9999999999999));
#10932=CARTESIAN_POINT('Ctrl Pts',(170.276131996093,21.0820270150324,34.9999999999999));
#10933=CARTESIAN_POINT('Ctrl Pts',(170.200671564788,21.0821377933025,34.9999999999999));
#10934=CARTESIAN_POINT('Origin',(170.00000230968,20.0000002980232,34.9999999999999));
#10935=CARTESIAN_POINT('',(169.769007053226,19.2676588594913,34.9999999999999));
#10936=CARTESIAN_POINT('',(169.769007053226,19.6338295787573,34.9999999999999));
#10937=CARTESIAN_POINT('',(170.176855485886,19.2676588594913,34.9999999999999));
#10938=CARTESIAN_POINT('',(170.088428897783,19.2676588594913,34.9999999999999));
#10939=CARTESIAN_POINT('',(170.479020636529,19.2810553014278,34.9999999999999));
#10940=CARTESIAN_POINT('Ctrl Pts',(170.479020636529,19.2810553014278,34.9999999999999));
#10941=CARTESIAN_POINT('Ctrl Pts',(170.443199518626,19.2772191553098,34.9999999999999));
#10942=CARTESIAN_POINT('Ctrl Pts',(170.407378400723,19.2733830091917,34.9999999999999));
#10943=CARTESIAN_POINT('Ctrl Pts',(170.371476572007,19.2710080444813,34.9999999999999));
#10944=CARTESIAN_POINT('Ctrl Pts',(170.306777620447,19.2667281029783,34.9999999999999));
#10945=CARTESIAN_POINT('Ctrl Pts',(170.241816553167,19.2671934812348,34.9999999999999));
#10946=CARTESIAN_POINT('Ctrl Pts',(170.176855485886,19.2676588594913,34.9999999999999));
#10947=CARTESIAN_POINT('Ctrl Pts',(170.6390340738,19.3681324720383,34.9999999999999));
#10948=CARTESIAN_POINT('Ctrl Pts',(170.616608492044,19.3471450350177,34.9999999999999));
#10949=CARTESIAN_POINT('Ctrl Pts',(170.594182910289,19.3261575979972,34.9999999999999));
#10950=CARTESIAN_POINT('Ctrl Pts',(170.568144332617,19.3117555677891,34.9999999999999));
#10951=CARTESIAN_POINT('Ctrl Pts',(170.541045287334,19.2967669891615,34.9999999999999));
#10952=CARTESIAN_POINT('Ctrl Pts',(170.510032961932,19.2889111452947,34.9999999999999));
#10953=CARTESIAN_POINT('Ctrl Pts',(170.479020636529,19.2810553014278,34.9999999999999));
#10954=CARTESIAN_POINT('Ctrl Pts',(170.6390340738,19.3681324720383,30.9999999999999));
#10955=CARTESIAN_POINT('Ctrl Pts',(170.6390340738,19.3681324720383,35.0999999999999));
#10956=CARTESIAN_POINT('Ctrl Pts',(170.616608492044,19.3471450350177,30.9999999999999));
#10957=CARTESIAN_POINT('Ctrl Pts',(170.616608492044,19.3471450350177,35.0999999999999));
#10958=CARTESIAN_POINT('Ctrl Pts',(170.570844006637,19.3043154100953,30.9999999999999));
#10959=CARTESIAN_POINT('Ctrl Pts',(170.570844006637,19.3043154100953,35.0999999999999));
#10960=CARTESIAN_POINT('Ctrl Pts',(170.510032961932,19.2889111452947,30.9999999999999));
#10961=CARTESIAN_POINT('Ctrl Pts',(170.510032961932,19.2889111452947,35.0999999999999));
#10962=CARTESIAN_POINT('Ctrl Pts',(170.479020636529,19.2810553014278,30.9999999999999));
#10963=CARTESIAN_POINT('Ctrl Pts',(170.479020636529,19.2810553014278,35.0999999999999));
#10964=CARTESIAN_POINT('',(170.479020636529,19.2810553014278,30.9999999999999));
#10965=CARTESIAN_POINT('Ctrl Pts',(170.479020636529,19.2810553014278,30.9999999999999));
#10966=CARTESIAN_POINT('Ctrl Pts',(170.479020636529,19.2810553014278,35.0999999999999));
#10967=CARTESIAN_POINT('Ctrl Pts',(170.443199518626,19.2772191553098,30.9999999999999));
#10968=CARTESIAN_POINT('Ctrl Pts',(170.443199518626,19.2772191553098,35.0999999999999));
#10969=CARTESIAN_POINT('Ctrl Pts',(170.342824898719,19.2664698618468,30.9999999999999));
#10970=CARTESIAN_POINT('Ctrl Pts',(170.342824898719,19.2664698618468,35.0999999999999));
#10971=CARTESIAN_POINT('Ctrl Pts',(170.241816553167,19.2671934812348,30.9999999999999));
#10972=CARTESIAN_POINT('Ctrl Pts',(170.241816553167,19.2671934812348,35.0999999999999));
#10973=CARTESIAN_POINT('Ctrl Pts',(170.176855485886,19.2676588594913,30.9999999999999));
#10974=CARTESIAN_POINT('Ctrl Pts',(170.176855485886,19.2676588594913,35.0999999999999));
#10975=CARTESIAN_POINT('',(170.176855485886,19.2676588594913,30.9999999999999));
#10976=CARTESIAN_POINT('Origin',(170.176855485886,19.2676588594913,30.9999999999999));
#10977=CARTESIAN_POINT('',(169.769007053226,19.2676588594913,30.9999999999999));
#10978=CARTESIAN_POINT('Origin',(170.00000230968,20.0000002980232,34.9999999999999));
#10979=CARTESIAN_POINT('',(169.769007053226,20.2143434882164,34.9999999999999));
#10980=CARTESIAN_POINT('',(169.769007053226,20.1071718931198,34.9999999999999));
#10981=CARTESIAN_POINT('',(170.057775687426,20.2143434882164,34.9999999999999));
#10982=CARTESIAN_POINT('',(170.028888998553,20.2143434882164,34.9999999999999));
#10983=CARTESIAN_POINT('',(170.37780271098,20.2217860221863,34.9999999999999));
#10984=CARTESIAN_POINT('Ctrl Pts',(170.37780271098,20.2217860221863,34.9999999999999));
#10985=CARTESIAN_POINT('Ctrl Pts',(170.340722174607,20.2196592950015,34.9999999999999));
#10986=CARTESIAN_POINT('Ctrl Pts',(170.303641638235,20.2175325678168,34.9999999999999));
#10987=CARTESIAN_POINT('Ctrl Pts',(170.266537528485,20.2162041962147,34.9999999999999));
#10988=CARTESIAN_POINT('Ctrl Pts',(170.197005437713,20.2137148640237,34.9999999999999));
#10989=CARTESIAN_POINT('Ctrl Pts',(170.12739056257,20.21402917612,34.9999999999999));
#10990=CARTESIAN_POINT('Ctrl Pts',(170.057775687426,20.2143434882164,34.9999999999999));
#10991=CARTESIAN_POINT('Ctrl Pts',(170.555678319186,20.2999321818352,34.9999999999999));
#10992=CARTESIAN_POINT('Ctrl Pts',(170.531076330849,20.2803855257232,34.9999999999999));
#10993=CARTESIAN_POINT('Ctrl Pts',(170.506474342512,20.2608388696113,34.9999999999999));
#10994=CARTESIAN_POINT('Ctrl Pts',(170.478834521025,20.2480207085609,34.9999999999999));
#10995=CARTESIAN_POINT('Ctrl Pts',(170.447723154741,20.2335925942652,34.9999999999999));
#10996=CARTESIAN_POINT('Ctrl Pts',(170.412762932861,20.2276893082258,34.9999999999999));
#10997=CARTESIAN_POINT('Ctrl Pts',(170.37780271098,20.2217860221863,34.9999999999999));
#10998=CARTESIAN_POINT('Ctrl Pts',(170.555678319186,20.2999321818352,30.9999999999999));
#10999=CARTESIAN_POINT('Ctrl Pts',(170.555678319186,20.2999321818352,35.0999999999999));
#11000=CARTESIAN_POINT('Ctrl Pts',(170.531076330849,20.2803855257232,30.9999999999999));
#11001=CARTESIAN_POINT('Ctrl Pts',(170.531076330849,20.2803855257232,35.0999999999999));
#11002=CARTESIAN_POINT('Ctrl Pts',(170.478782359377,20.2388371653595,30.9999999999999));
#11003=CARTESIAN_POINT('Ctrl Pts',(170.478782359377,20.2388371653595,35.0999999999999));
#11004=CARTESIAN_POINT('Ctrl Pts',(170.412762932861,20.2276893082258,30.9999999999999));
#11005=CARTESIAN_POINT('Ctrl Pts',(170.412762932861,20.2276893082258,35.0999999999999));
#11006=CARTESIAN_POINT('Ctrl Pts',(170.37780271098,20.2217860221863,30.9999999999999));
#11007=CARTESIAN_POINT('Ctrl Pts',(170.37780271098,20.2217860221863,35.0999999999999));
#11008=CARTESIAN_POINT('',(170.37780271098,20.2217860221863,30.9999999999999));
#11009=CARTESIAN_POINT('Ctrl Pts',(170.37780271098,20.2217860221863,30.9999999999999));
#11010=CARTESIAN_POINT('Ctrl Pts',(170.37780271098,20.2217860221863,35.0999999999999));
#11011=CARTESIAN_POINT('Ctrl Pts',(170.340722174607,20.2196592950015,30.9999999999999));
#11012=CARTESIAN_POINT('Ctrl Pts',(170.340722174607,20.2196592950015,35.0999999999999));
#11013=CARTESIAN_POINT('Ctrl Pts',(170.234153723329,20.2135471390151,30.9999999999999));
#11014=CARTESIAN_POINT('Ctrl Pts',(170.234153723329,20.2135471390151,35.0999999999999));
#11015=CARTESIAN_POINT('Ctrl Pts',(170.12739056257,20.21402917612,30.9999999999999));
#11016=CARTESIAN_POINT('Ctrl Pts',(170.12739056257,20.21402917612,35.0999999999999));
#11017=CARTESIAN_POINT('Ctrl Pts',(170.057775687426,20.2143434882164,30.9999999999999));
#11018=CARTESIAN_POINT('Ctrl Pts',(170.057775687426,20.2143434882164,35.0999999999999));
#11019=CARTESIAN_POINT('',(170.057775687426,20.2143434882164,30.9999999999999));
#11020=CARTESIAN_POINT('Origin',(170.057775687426,20.2143434882164,30.9999999999999));
#11021=CARTESIAN_POINT('',(169.769007053226,20.2143434882164,30.9999999999999));
#11022=CARTESIAN_POINT('Ctrl Pts',(170.966503631324,20.2515560090542,31.0999999999999));
#11023=CARTESIAN_POINT('Ctrl Pts',(170.966503631324,20.2515560090542,35.0999999999999));
#11024=CARTESIAN_POINT('Ctrl Pts',(170.990598739998,20.295323253364,31.0999999999999));
#11025=CARTESIAN_POINT('Ctrl Pts',(170.990598739998,20.295323253364,35.0999999999999));
#11026=CARTESIAN_POINT('Ctrl Pts',(171.038869772463,20.3830045375422,31.0999999999999));
#11027=CARTESIAN_POINT('Ctrl Pts',(171.038869772463,20.3830045375422,35.0999999999999));
#11028=CARTESIAN_POINT('Ctrl Pts',(171.04569636178,20.4828671392138,31.0999999999999));
#11029=CARTESIAN_POINT('Ctrl Pts',(171.04569636178,20.4828671392138,35.0999999999999));
#11030=CARTESIAN_POINT('Ctrl Pts',(171.049115370959,20.5328820347786,31.0999999999999));
#11031=CARTESIAN_POINT('Ctrl Pts',(171.049115370959,20.5328820347786,35.0999999999999));
#11032=CARTESIAN_POINT('',(170.966503631324,20.2515560090542,34.9999999999999));
#11033=CARTESIAN_POINT('',(170.966503631324,20.2515560090542,31.0999999999999));
#11034=CARTESIAN_POINT('',(171.049115370959,20.5328820347786,34.9999999999999));
#11035=CARTESIAN_POINT('Ctrl Pts',(170.966503631324,20.2515560090542,34.9999999999999));
#11036=CARTESIAN_POINT('Ctrl Pts',(170.990719289328,20.2955422236149,34.9999999999999));
#11037=CARTESIAN_POINT('Ctrl Pts',(171.01477452894,20.3392370482883,34.9999999999999));
#11038=CARTESIAN_POINT('Ctrl Pts',(171.042288781642,20.4330194331069,34.9999999999999));
#11039=CARTESIAN_POINT('Ctrl Pts',(171.045702076244,20.4829507331179,34.9999999999999));
#11040=CARTESIAN_POINT('Ctrl Pts',(171.049115370959,20.5328820347786,34.9999999999999));
#11041=CARTESIAN_POINT('',(171.049115370959,20.5328820347786,31.0999999999999));
#11042=CARTESIAN_POINT('Ctrl Pts',(171.049115370959,20.5328820347786,31.0999999999999));
#11043=CARTESIAN_POINT('Ctrl Pts',(171.049115370959,20.5328820347786,35.0999999999999));
#11044=CARTESIAN_POINT('Ctrl Pts',(171.046530001107,20.5785171259975,31.0999999999999));
#11045=CARTESIAN_POINT('Ctrl Pts',(171.046530001107,20.5785171259975,35.0999999999999));
#11046=CARTESIAN_POINT('Ctrl Pts',(171.04145030591,20.6681802562171,31.0999999999999));
#11047=CARTESIAN_POINT('Ctrl Pts',(171.04145030591,20.6681802562171,35.0999999999999));
#11048=CARTESIAN_POINT('Ctrl Pts',(171.001667666441,20.7486471538592,31.0999999999999));
#11049=CARTESIAN_POINT('Ctrl Pts',(171.001667666441,20.7486471538592,35.0999999999999));
#11050=CARTESIAN_POINT('Ctrl Pts',(170.982132863253,20.7881594896317,31.0999999999999));
#11051=CARTESIAN_POINT('Ctrl Pts',(170.982132863253,20.7881594896317,35.0999999999999));
#11052=CARTESIAN_POINT('',(170.982132863253,20.7881594896317,34.9999999999999));
#11053=CARTESIAN_POINT('Ctrl Pts',(171.049115370959,20.5328820347786,34.9999999999999));
#11054=CARTESIAN_POINT('Ctrl Pts',(171.046530001107,20.5785171259975,34.9999999999999));
#11055=CARTESIAN_POINT('Ctrl Pts',(171.043944631255,20.6241522172165,34.9999999999999));
#11056=CARTESIAN_POINT('Ctrl Pts',(171.032369744033,20.6674050986767,34.9999999999999));
#11057=CARTESIAN_POINT('Ctrl Pts',(171.021202469629,20.7091348180867,34.9999999999999));
#11058=CARTESIAN_POINT('Ctrl Pts',(171.001667666441,20.7486471538592,34.9999999999999));
#11059=CARTESIAN_POINT('Ctrl Pts',(170.982132863253,20.7881594896317,34.9999999999999));
#11060=CARTESIAN_POINT('',(170.982132863253,20.7881594896317,31.0999999999999));
#11061=CARTESIAN_POINT('Ctrl Pts',(170.982132863253,20.7881594896317,31.0999999999999));
#11062=CARTESIAN_POINT('Ctrl Pts',(170.982132863253,20.7881594896317,35.0999999999999));
#11063=CARTESIAN_POINT('Ctrl Pts',(170.958784673911,20.8239664845059,31.0999999999999));
#11064=CARTESIAN_POINT('Ctrl Pts',(170.958784673911,20.8239664845059,35.0999999999999));
#11065=CARTESIAN_POINT('Ctrl Pts',(170.913071628048,20.8940724261218,31.0999999999999));
#11066=CARTESIAN_POINT('Ctrl Pts',(170.913071628048,20.8940724261218,35.0999999999999));
#11067=CARTESIAN_POINT('Ctrl Pts',(170.847001391986,20.9453924762586,31.0999999999999));
#11068=CARTESIAN_POINT('Ctrl Pts',(170.847001391986,20.9453924762586,35.0999999999999));
#11069=CARTESIAN_POINT('Ctrl Pts',(170.814676892012,20.9705005288124,31.0999999999999));
#11070=CARTESIAN_POINT('Ctrl Pts',(170.814676892012,20.9705005288124,35.0999999999999));
#11071=CARTESIAN_POINT('',(170.814676892012,20.9705005288124,34.9999999999999));
#11072=CARTESIAN_POINT('Ctrl Pts',(170.982132863253,20.7881594896317,34.9999999999999));
#11073=CARTESIAN_POINT('Ctrl Pts',(170.958784673911,20.8239664845059,34.9999999999999));
#11074=CARTESIAN_POINT('Ctrl Pts',(170.935436484568,20.8597734793801,34.9999999999999));
#11075=CARTESIAN_POINT('Ctrl Pts',(170.906777691096,20.8906797766685,34.9999999999999));
#11076=CARTESIAN_POINT('Ctrl Pts',(170.879325891959,20.9202844237048,34.9999999999999));
#11077=CARTESIAN_POINT('Ctrl Pts',(170.847001391986,20.9453924762586,34.9999999999999));
#11078=CARTESIAN_POINT('Ctrl Pts',(170.814676892012,20.9705005288124,34.9999999999999));
#11079=CARTESIAN_POINT('',(170.814676892012,20.9705005288124,31.0999999999999));
#11080=CARTESIAN_POINT('Ctrl Pts',(170.814676892012,20.9705005288124,31.0999999999999));
#11081=CARTESIAN_POINT('Ctrl Pts',(170.814676892012,20.9705005288124,35.0999999999999));
#11082=CARTESIAN_POINT('Ctrl Pts',(170.77975038176,20.9914235717543,31.0999999999999));
#11083=CARTESIAN_POINT('Ctrl Pts',(170.77975038176,20.9914235717543,35.0999999999999));
#11084=CARTESIAN_POINT('Ctrl Pts',(170.708798731644,21.0339278016779,31.0999999999999));
#11085=CARTESIAN_POINT('Ctrl Pts',(170.708798731644,21.0339278016779,35.0999999999999));
#11086=CARTESIAN_POINT('Ctrl Pts',(170.627974499456,21.0515878854013,31.0999999999999));
#11087=CARTESIAN_POINT('Ctrl Pts',(170.627974499456,21.0515878854013,35.0999999999999));
#11088=CARTESIAN_POINT('Ctrl Pts',(170.586936634034,21.0605546534061,31.0999999999999));
#11089=CARTESIAN_POINT('Ctrl Pts',(170.586936634034,21.0605546534061,35.0999999999999));
#11090=CARTESIAN_POINT('Ctrl Pts',(170.814676892012,20.9705005288124,34.9999999999999));
#11091=CARTESIAN_POINT('Ctrl Pts',(170.77975038176,20.9914235717543,34.9999999999999));
#11092=CARTESIAN_POINT('Ctrl Pts',(170.744823871508,21.0123466146962,34.9999999999999));
#11093=CARTESIAN_POINT('Ctrl Pts',(170.707505058497,21.0272494778037,34.9999999999999));
#11094=CARTESIAN_POINT('Ctrl Pts',(170.669012364879,21.0426211173965,34.9999999999999));
#11095=CARTESIAN_POINT('Ctrl Pts',(170.627974499456,21.0515878854013,34.9999999999999));
#11096=CARTESIAN_POINT('Ctrl Pts',(170.586936634034,21.0605546534061,34.9999999999999));
#11097=CARTESIAN_POINT('Ctrl Pts',(170.742484789342,20.0595396459103,31.0999999999999));
#11098=CARTESIAN_POINT('Ctrl Pts',(170.742484789342,20.0595396459103,35.0999999999999));
#11099=CARTESIAN_POINT('Ctrl Pts',(170.787101690718,20.0834350986574,31.0999999999999));
#11100=CARTESIAN_POINT('Ctrl Pts',(170.787101690718,20.0834350986574,35.0999999999999));
#11101=CARTESIAN_POINT('Ctrl Pts',(170.875895598863,20.130990410004,31.0999999999999));
#11102=CARTESIAN_POINT('Ctrl Pts',(170.875895598863,20.130990410004,35.0999999999999));
#11103=CARTESIAN_POINT('Ctrl Pts',(170.936400870386,20.2115004278115,31.0999999999999));
#11104=CARTESIAN_POINT('Ctrl Pts',(170.936400870386,20.2115004278115,35.0999999999999));
#11105=CARTESIAN_POINT('Ctrl Pts',(170.966503631324,20.2515560090542,31.0999999999999));
#11106=CARTESIAN_POINT('Ctrl Pts',(170.966503631324,20.2515560090542,35.0999999999999));
#11107=CARTESIAN_POINT('',(170.742484789342,20.0595396459103,34.9999999999999));
#11108=CARTESIAN_POINT('',(170.742484789342,20.0595396459103,31.0999999999999));
#11109=CARTESIAN_POINT('Ctrl Pts',(170.742484789342,20.0595396459103,34.9999999999999));
#11110=CARTESIAN_POINT('Ctrl Pts',(170.787101690718,20.0834350986574,34.9999999999999));
#11111=CARTESIAN_POINT('Ctrl Pts',(170.831718592095,20.1073305514045,34.9999999999999));
#11112=CARTESIAN_POINT('Ctrl Pts',(170.869193088263,20.1395465135574,34.9999999999999));
#11113=CARTESIAN_POINT('Ctrl Pts',(170.906298109449,20.1714448465688,34.9999999999999));
#11114=CARTESIAN_POINT('Ctrl Pts',(170.936400870386,20.2115004278115,34.9999999999999));
#11115=CARTESIAN_POINT('Ctrl Pts',(170.966503631324,20.2515560090542,34.9999999999999));
#11116=CARTESIAN_POINT('Ctrl Pts',(171.049115370959,19.8615695238113,31.0999999999999));
#11117=CARTESIAN_POINT('Ctrl Pts',(171.049115370959,19.8615695238113,35.0999999999999));
#11118=CARTESIAN_POINT('Ctrl Pts',(171.008186591717,19.9051766807604,31.0999999999999));
#11119=CARTESIAN_POINT('Ctrl Pts',(171.008186591717,19.9051766807604,35.0999999999999));
#11120=CARTESIAN_POINT('Ctrl Pts',(170.922543026637,19.9964247573763,31.0999999999999));
#11121=CARTESIAN_POINT('Ctrl Pts',(170.922543026637,19.9964247573763,35.0999999999999));
#11122=CARTESIAN_POINT('Ctrl Pts',(170.804247349717,20.0378903330424,31.0999999999999));
#11123=CARTESIAN_POINT('Ctrl Pts',(170.804247349717,20.0378903330424,35.0999999999999));
#11124=CARTESIAN_POINT('Ctrl Pts',(170.742484789342,20.0595396459103,31.0999999999999));
#11125=CARTESIAN_POINT('Ctrl Pts',(170.742484789342,20.0595396459103,35.0999999999999));
#11126=CARTESIAN_POINT('',(171.049115370959,19.8615695238113,34.9999999999999));
#11127=CARTESIAN_POINT('',(171.049115370959,19.8615695238113,31.0999999999999));
#11128=CARTESIAN_POINT('Ctrl Pts',(171.049115370959,19.8615695238113,34.9999999999999));
#11129=CARTESIAN_POINT('Ctrl Pts',(171.008186591717,19.9051766807604,34.9999999999999));
#11130=CARTESIAN_POINT('Ctrl Pts',(170.967257812475,19.9487838377094,34.9999999999999));
#11131=CARTESIAN_POINT('Ctrl Pts',(170.918871771544,19.9810214042664,34.9999999999999));
#11132=CARTESIAN_POINT('Ctrl Pts',(170.866009910092,20.0162410201745,34.9999999999999));
#11133=CARTESIAN_POINT('Ctrl Pts',(170.804247349717,20.0378903330424,34.9999999999999));
#11134=CARTESIAN_POINT('Ctrl Pts',(170.742484789342,20.0595396459103,34.9999999999999));
#11135=CARTESIAN_POINT('Ctrl Pts',(171.156287204474,19.532611489296,31.0999999999999));
#11136=CARTESIAN_POINT('Ctrl Pts',(171.156287204474,19.532611489296,35.0999999999999));
#11137=CARTESIAN_POINT('Ctrl Pts',(171.152170448909,19.5931167993865,31.0999999999999));
#11138=CARTESIAN_POINT('Ctrl Pts',(171.152170448909,19.5931167993865,35.0999999999999));
#11139=CARTESIAN_POINT('Ctrl Pts',(171.144090263946,19.7118739344851,31.0999999999999));
#11140=CARTESIAN_POINT('Ctrl Pts',(171.144090263946,19.7118739344851,35.0999999999999));
#11141=CARTESIAN_POINT('Ctrl Pts',(171.080370629693,19.8123062477113,31.0999999999999));
#11142=CARTESIAN_POINT('Ctrl Pts',(171.080370629693,19.8123062477113,35.0999999999999));
#11143=CARTESIAN_POINT('Ctrl Pts',(171.049115370959,19.8615695238113,31.0999999999999));
#11144=CARTESIAN_POINT('Ctrl Pts',(171.049115370959,19.8615695238113,35.0999999999999));
#11145=CARTESIAN_POINT('Ctrl Pts',(171.156287204474,19.532611489296,34.9999999999999));
#11146=CARTESIAN_POINT('Ctrl Pts',(171.152170448909,19.5931167993865,34.9999999999999));
#11147=CARTESIAN_POINT('Ctrl Pts',(171.148053693344,19.6536221094769,34.9999999999999));
#11148=CARTESIAN_POINT('Ctrl Pts',(171.12949417159,19.7093707025051,34.9999999999999));
#11149=CARTESIAN_POINT('Ctrl Pts',(171.111625888428,19.7630429716112,34.9999999999999));
#11150=CARTESIAN_POINT('Ctrl Pts',(171.080370629693,19.8123062477113,34.9999999999999));
#11151=CARTESIAN_POINT('Ctrl Pts',(171.049115370959,19.8615695238113,34.9999999999999));
#11152=CARTESIAN_POINT('Origin',(169.769007053226,19.2676588594913,30.9999999999999));
#11153=CARTESIAN_POINT('Origin',(169.769007053226,20.2143434882164,30.9999999999999));
#11154=CARTESIAN_POINT('Origin',(170.00000230968,20.0000002980232,34.9999999999999));
#11155=CARTESIAN_POINT('',(168.42500230968,20.0000002980232,34.9999999999999));
#11156=CARTESIAN_POINT('Origin',(170.00000230968,20.0000002980232,34.9999999999999));
#11157=CARTESIAN_POINT('Origin',(170.00000230968,20.0000002980232,21.9999999999999));
#11158=CARTESIAN_POINT('',(165.00000230968,20.0000002980232,22.9999999999999));
#11159=CARTESIAN_POINT('Origin',(170.00000230968,20.0000002980232,22.9999999999999));
#11160=CARTESIAN_POINT('',(165.00000230968,20.0000002980232,21.9999999999999));
#11161=CARTESIAN_POINT('',(165.00000230968,20.0000002980232,21.9999999999999));
#11162=CARTESIAN_POINT('Origin',(170.00000230968,20.0000002980232,21.9999999999999));
#11163=CARTESIAN_POINT('Origin',(170.00000230968,20.0000002980232,22.9999999999999));
#11164=CARTESIAN_POINT('',(166.42500230968,20.0000002980232,22.9999999999999));
#11165=CARTESIAN_POINT('Origin',(170.00000230968,20.0000002980232,22.9999999999999));
#11166=CARTESIAN_POINT('Ctrl Pts',(166.42500230968,20.0000002980232,32.9999999999999));
#11167=CARTESIAN_POINT('Ctrl Pts',(166.42500230968,16.4250002980232,32.9999999999999));
#11168=CARTESIAN_POINT('Ctrl Pts',(170.00000230968,16.4250002980232,32.9999999999999));
#11169=CARTESIAN_POINT('Ctrl Pts',(173.57500230968,16.4250002980232,32.9999999999999));
#11170=CARTESIAN_POINT('Ctrl Pts',(173.57500230968,20.0000002980232,32.9999999999999));
#11171=CARTESIAN_POINT('Ctrl Pts',(173.57500230968,23.5750002980232,32.9999999999999));
#11172=CARTESIAN_POINT('Ctrl Pts',(170.00000230968,23.5750002980232,32.9999999999999));
#11173=CARTESIAN_POINT('Ctrl Pts',(166.42500230968,23.5750002980232,32.9999999999999));
#11174=CARTESIAN_POINT('Ctrl Pts',(166.42500230968,20.0000002980232,32.9999999999999));
#11175=CARTESIAN_POINT('Ctrl Pts',(166.42500230968,20.0000002980232,34.9999999999999));
#11176=CARTESIAN_POINT('Ctrl Pts',(166.42500230968,16.4250002980232,34.9999999999999));
#11177=CARTESIAN_POINT('Ctrl Pts',(170.00000230968,16.4250002980232,34.9999999999999));
#11178=CARTESIAN_POINT('Ctrl Pts',(173.57500230968,16.4250002980232,34.9999999999999));
#11179=CARTESIAN_POINT('Ctrl Pts',(173.57500230968,20.0000002980232,34.9999999999999));
#11180=CARTESIAN_POINT('Ctrl Pts',(173.57500230968,23.5750002980232,34.9999999999999));
#11181=CARTESIAN_POINT('Ctrl Pts',(170.00000230968,23.5750002980232,34.9999999999999));
#11182=CARTESIAN_POINT('Ctrl Pts',(166.42500230968,23.5750002980232,34.9999999999999));
#11183=CARTESIAN_POINT('Ctrl Pts',(166.42500230968,20.0000002980232,34.9999999999999));
#11184=CARTESIAN_POINT('Ctrl Pts',(168.42500230968,20.0000002980232,34.9999999999999));
#11185=CARTESIAN_POINT('Ctrl Pts',(168.42500230968,18.4250002980232,34.9999999999999));
#11186=CARTESIAN_POINT('Ctrl Pts',(170.00000230968,18.4250002980232,34.9999999999999));
#11187=CARTESIAN_POINT('Ctrl Pts',(171.57500230968,18.4250002980232,34.9999999999999));
#11188=CARTESIAN_POINT('Ctrl Pts',(171.57500230968,20.0000002980232,34.9999999999999));
#11189=CARTESIAN_POINT('Ctrl Pts',(171.57500230968,21.5750002980232,34.9999999999999));
#11190=CARTESIAN_POINT('Ctrl Pts',(170.00000230968,21.5750002980232,34.9999999999999));
#11191=CARTESIAN_POINT('Ctrl Pts',(168.42500230968,21.5750002980232,34.9999999999999));
#11192=CARTESIAN_POINT('Ctrl Pts',(168.42500230968,20.0000002980232,34.9999999999999));
#11193=CARTESIAN_POINT('',(166.42500230968,20.0000002980232,32.9999999999999));
#11194=CARTESIAN_POINT('Origin',(168.42500230968,20.0000002980232,32.9999999999999));
#11195=CARTESIAN_POINT('Origin',(170.00000230968,20.0000002980232,32.9999999999999));
#11196=CARTESIAN_POINT('Origin',(170.00000230968,20.0000002980232,25.9999999999999));
#11197=CARTESIAN_POINT('',(166.42500230968,20.0000002980232,25.9999999999999));
#11198=CARTESIAN_POINT('Origin',(170.00000230968,20.0000002980232,21.9999999999999));
#11199=CARTESIAN_POINT('',(168.25000230968,20.0000002980232,21.9999999999999));
#11200=CARTESIAN_POINT('Origin',(170.00000230968,20.0000002980232,21.9999999999999));
#11201=CARTESIAN_POINT('',(168.25000230968,20.0000002980232,27.9999999999999));
#11202=CARTESIAN_POINT('',(168.25000230968,20.0000002980232,21.9999999999999));
#11203=CARTESIAN_POINT('Origin',(170.00000230968,20.0000002980232,27.9999999999999));
#11204=CARTESIAN_POINT('Origin',(170.00000230968,20.0000002980232,27.9999999999999));
#11205=CARTESIAN_POINT('Origin',(170.00000230968,20.0000002980232,21.9999999999999));
#11206=CARTESIAN_POINT('',(0.,0.,0.));
#11207=CARTESIAN_POINT('Origin',(214.956707479144,18.9922308008357,1.09771809446501));
#11208=CARTESIAN_POINT('',(213.25000230968,18.0000002980232,1.09771809446501));
#11209=CARTESIAN_POINT('Origin',(215.00000230968,18.0000002980232,1.09771809446501));
#11210=CARTESIAN_POINT('Origin',(215.811902156081,17.9437409375049,8.075));
#11211=CARTESIAN_POINT('',(215.0000186504,19.3500015780362,8.1));
#11212=CARTESIAN_POINT('',(216.169130909867,17.3249862361213,8.1));
#11213=CARTESIAN_POINT('',(215.811902156081,17.9437409375049,8.1));
#11214=CARTESIAN_POINT('',(216.212431894004,17.2999857406719,8.075));
#11215=CARTESIAN_POINT('Origin',(216.169130909867,17.3249862361213,8.075));
#11216=CARTESIAN_POINT('',(215.000019222498,19.400001578033,8.075));
#11217=CARTESIAN_POINT('',(215.833552934198,17.9562406897785,8.075));
#11218=CARTESIAN_POINT('Origin',(215.0000186504,19.3500015780362,8.075));
#11219=CARTESIAN_POINT('Origin',(214.393771123619,17.3250065497034,8.075));
#11220=CARTESIAN_POINT('',(213.830860050982,17.3250129905051,8.1));
#11221=CARTESIAN_POINT('',(214.393771123619,17.3250065497034,8.1));
#11222=CARTESIAN_POINT('',(213.787558494747,17.3000134859578,8.075));
#11223=CARTESIAN_POINT('Origin',(213.830860050982,17.3250129905051,8.075));
#11224=CARTESIAN_POINT('',(214.39377083757,17.3000065497051,8.075));
#11225=CARTESIAN_POINT('Origin',(214.794330324519,18.993748360803,8.075));
#11226=CARTESIAN_POINT('',(214.77267983245,19.0062486085278,8.075));
#11227=CARTESIAN_POINT('',(214.794330324519,18.993748360803,8.1));
#11228=CARTESIAN_POINT('Origin',(215.000019222498,19.400001578033,8.));
#11229=CARTESIAN_POINT('',(215.000019222498,19.400001578033,8.));
#11230=CARTESIAN_POINT('',(215.000019222498,19.400001578033,8.));
#11231=CARTESIAN_POINT('',(213.787558494747,17.3000134859578,8.));
#11232=CARTESIAN_POINT('',(214.69690393525,18.8750043726156,8.));
#11233=CARTESIAN_POINT('',(213.787558494747,17.3000134859578,8.));
#11234=CARTESIAN_POINT('Origin',(216.212431894004,17.2999857406719,8.));
#11235=CARTESIAN_POINT('',(216.212431894004,17.2999857406719,8.));
#11236=CARTESIAN_POINT('',(216.212431894004,17.2999857406719,8.));
#11237=CARTESIAN_POINT('',(215.909328607921,17.8249899047574,8.));
#11238=CARTESIAN_POINT('Origin',(214.999995194376,18.3499936593524,8.1));
#11239=CARTESIAN_POINT('Origin',(213.787558494747,17.3000134859578,8.));
#11240=CARTESIAN_POINT('',(214.393776397526,17.3000065496415,8.));
#11241=CARTESIAN_POINT('Ctrl Pts',(211.42500230968,18.0000002980232,6.));
#11242=CARTESIAN_POINT('Ctrl Pts',(211.42500230968,14.4250002980232,6.));
#11243=CARTESIAN_POINT('Ctrl Pts',(215.00000230968,14.4250002980232,6.));
#11244=CARTESIAN_POINT('Ctrl Pts',(218.57500230968,14.4250002980232,6.));
#11245=CARTESIAN_POINT('Ctrl Pts',(218.57500230968,18.0000002980232,6.));
#11246=CARTESIAN_POINT('Ctrl Pts',(218.57500230968,21.5750002980232,6.));
#11247=CARTESIAN_POINT('Ctrl Pts',(215.00000230968,21.5750002980232,6.));
#11248=CARTESIAN_POINT('Ctrl Pts',(211.42500230968,21.5750002980232,6.));
#11249=CARTESIAN_POINT('Ctrl Pts',(211.42500230968,18.0000002980232,6.));
#11250=CARTESIAN_POINT('Ctrl Pts',(211.42500230968,18.0000002980232,8.));
#11251=CARTESIAN_POINT('Ctrl Pts',(211.42500230968,14.4250002980232,8.));
#11252=CARTESIAN_POINT('Ctrl Pts',(215.00000230968,14.4250002980232,8.));
#11253=CARTESIAN_POINT('Ctrl Pts',(218.57500230968,14.4250002980232,8.));
#11254=CARTESIAN_POINT('Ctrl Pts',(218.57500230968,18.0000002980232,8.));
#11255=CARTESIAN_POINT('Ctrl Pts',(218.57500230968,21.5750002980232,8.));
#11256=CARTESIAN_POINT('Ctrl Pts',(215.00000230968,21.5750002980232,8.));
#11257=CARTESIAN_POINT('Ctrl Pts',(211.42500230968,21.5750002980232,8.));
#11258=CARTESIAN_POINT('Ctrl Pts',(211.42500230968,18.0000002980232,8.));
#11259=CARTESIAN_POINT('Ctrl Pts',(213.42500230968,18.0000002980232,8.));
#11260=CARTESIAN_POINT('Ctrl Pts',(213.42500230968,16.4250002980232,8.));
#11261=CARTESIAN_POINT('Ctrl Pts',(215.00000230968,16.4250002980232,8.));
#11262=CARTESIAN_POINT('Ctrl Pts',(216.57500230968,16.4250002980232,8.));
#11263=CARTESIAN_POINT('Ctrl Pts',(216.57500230968,18.0000002980232,8.));
#11264=CARTESIAN_POINT('Ctrl Pts',(216.57500230968,19.5750002980233,8.));
#11265=CARTESIAN_POINT('Ctrl Pts',(215.00000230968,19.5750002980233,8.));
#11266=CARTESIAN_POINT('Ctrl Pts',(213.42500230968,19.5750002980233,8.));
#11267=CARTESIAN_POINT('Ctrl Pts',(213.42500230968,18.0000002980232,8.));
#11268=CARTESIAN_POINT('',(213.42500230968,18.0000002980232,8.));
#11269=CARTESIAN_POINT('Origin',(215.00000230968,18.0000002980232,8.));
#11270=CARTESIAN_POINT('',(211.42500230968,18.0000002980232,6.));
#11271=CARTESIAN_POINT('Origin',(213.42500230968,18.0000002980232,6.));
#11272=CARTESIAN_POINT('Origin',(215.00000230968,18.0000002980232,6.));
#11273=CARTESIAN_POINT('Origin',(215.00000230968,18.0000002980232,-5.));
#11274=CARTESIAN_POINT('',(211.42500230968,18.0000002980232,-4.));
#11275=CARTESIAN_POINT('',(211.42500230968,18.0000002980232,-5.));
#11276=CARTESIAN_POINT('Origin',(215.00000230968,18.0000002980232,-4.));
#11277=CARTESIAN_POINT('Origin',(215.00000230968,18.0000002980232,8.));
#11278=CARTESIAN_POINT('Origin',(215.00000230968,18.0000002980232,-5.));
#11279=CARTESIAN_POINT('',(213.25000230968,18.0000002980232,-5.));
#11280=CARTESIAN_POINT('Origin',(215.00000230968,18.0000002980232,-5.));
#11281=CARTESIAN_POINT('',(213.25000230968,18.0000002980232,-5.));
#11282=CARTESIAN_POINT('Origin',(215.00000230968,18.0000002980232,-5.));
#11283=CARTESIAN_POINT('',(210.00000230968,18.0000002980232,-4.));
#11284=CARTESIAN_POINT('Origin',(215.00000230968,18.0000002980232,-4.));
#11285=CARTESIAN_POINT('',(210.00000230968,18.0000002980232,-5.));
#11286=CARTESIAN_POINT('',(210.00000230968,18.0000002980232,-5.));
#11287=CARTESIAN_POINT('Origin',(215.00000230968,18.0000002980232,-5.));
#11288=CARTESIAN_POINT('Origin',(215.00000230968,18.0000002980232,-4.));
#11289=CARTESIAN_POINT('Origin',(215.00000230968,18.0000002980232,-5.));
#11290=CARTESIAN_POINT('Origin',(207.456707479144,11.4922308008357,1.09771809446514));
#11291=CARTESIAN_POINT('',(205.75000230968,10.5000002980232,1.09771809446514));
#11292=CARTESIAN_POINT('Origin',(207.50000230968,10.5000002980232,1.09771809446514));
#11293=CARTESIAN_POINT('Origin',(207.556253061573,11.3118897177062,8.075));
#11294=CARTESIAN_POINT('',(206.150018583238,10.5000009108332,8.1));
#11295=CARTESIAN_POINT('',(208.174995999672,11.6691206585721,8.1));
#11296=CARTESIAN_POINT('',(207.556253061573,11.3118897177062,8.1));
#11297=CARTESIAN_POINT('',(208.199996023869,11.7124219147913,8.075));
#11298=CARTESIAN_POINT('Origin',(208.174995999672,11.6691206585721,8.075));
#11299=CARTESIAN_POINT('',(206.100018583238,10.5000009387732,8.075));
#11300=CARTESIAN_POINT('',(207.543753073672,11.3335403597858,8.075));
#11301=CARTESIAN_POINT('Origin',(206.150018583238,10.5000009108332,8.075));
#11302=CARTESIAN_POINT('Origin',(208.174995007617,9.89378841116786,8.075));
#11303=CARTESIAN_POINT('',(208.174994693063,9.33087889998129,8.1));
#11304=CARTESIAN_POINT('',(208.174995007617,9.89378841116786,8.1));
#11305=CARTESIAN_POINT('',(208.199994668866,9.28757761582208,8.075));
#11306=CARTESIAN_POINT('Origin',(208.174994693063,9.3308788999813,8.075));
#11307=CARTESIAN_POINT('',(208.199995007617,9.89378839719787,8.075));
#11308=CARTESIAN_POINT('Origin',(206.506264365455,10.294322047146,8.075));
#11309=CARTESIAN_POINT('',(206.493764353356,10.2726714190363,8.075));
#11310=CARTESIAN_POINT('',(206.506264365455,10.294322047146,8.1));
#11311=CARTESIAN_POINT('Origin',(206.100018583238,10.5000009387732,8.));
#11312=CARTESIAN_POINT('',(206.100018583238,10.5000009387732,8.));
#11313=CARTESIAN_POINT('',(206.100018583238,10.5000009387732,8.));
#11314=CARTESIAN_POINT('',(208.199994668866,9.28757761582208,8.));
#11315=CARTESIAN_POINT('',(206.62501228063,10.196895295106,8.));
#11316=CARTESIAN_POINT('',(208.199994668866,9.28757761582208,8.));
#11317=CARTESIAN_POINT('Origin',(208.199996023869,11.7124219147913,8.));
#11318=CARTESIAN_POINT('',(208.199996023869,11.7124219147913,8.));
#11319=CARTESIAN_POINT('',(208.199996023869,11.7124219147913,8.));
#11320=CARTESIAN_POINT('',(207.675001400993,11.4093165191067,8.));
#11321=CARTESIAN_POINT('Origin',(207.150007303553,10.4999997653067,8.1));
#11322=CARTESIAN_POINT('Origin',(208.199994668866,9.28757761582208,8.));
#11323=CARTESIAN_POINT('',(208.199995007617,9.89378876134469,8.));
#11324=CARTESIAN_POINT('Ctrl Pts',(203.92500230968,10.5000002980232,6.));
#11325=CARTESIAN_POINT('Ctrl Pts',(203.92500230968,6.92500029802321,6.));
#11326=CARTESIAN_POINT('Ctrl Pts',(207.50000230968,6.92500029802321,6.));
#11327=CARTESIAN_POINT('Ctrl Pts',(211.07500230968,6.92500029802321,6.));
#11328=CARTESIAN_POINT('Ctrl Pts',(211.07500230968,10.5000002980232,6.));
#11329=CARTESIAN_POINT('Ctrl Pts',(211.07500230968,14.0750002980232,6.));
#11330=CARTESIAN_POINT('Ctrl Pts',(207.50000230968,14.0750002980232,6.));
#11331=CARTESIAN_POINT('Ctrl Pts',(203.92500230968,14.0750002980232,6.));
#11332=CARTESIAN_POINT('Ctrl Pts',(203.92500230968,10.5000002980232,6.));
#11333=CARTESIAN_POINT('Ctrl Pts',(203.92500230968,10.5000002980232,8.));
#11334=CARTESIAN_POINT('Ctrl Pts',(203.92500230968,6.92500029802321,8.));
#11335=CARTESIAN_POINT('Ctrl Pts',(207.50000230968,6.92500029802321,8.));
#11336=CARTESIAN_POINT('Ctrl Pts',(211.07500230968,6.92500029802321,8.));
#11337=CARTESIAN_POINT('Ctrl Pts',(211.07500230968,10.5000002980232,8.));
#11338=CARTESIAN_POINT('Ctrl Pts',(211.07500230968,14.0750002980232,8.));
#11339=CARTESIAN_POINT('Ctrl Pts',(207.50000230968,14.0750002980232,8.));
#11340=CARTESIAN_POINT('Ctrl Pts',(203.92500230968,14.0750002980232,8.));
#11341=CARTESIAN_POINT('Ctrl Pts',(203.92500230968,10.5000002980232,8.));
#11342=CARTESIAN_POINT('Ctrl Pts',(205.92500230968,10.5000002980232,8.));
#11343=CARTESIAN_POINT('Ctrl Pts',(205.92500230968,8.9250002980232,8.));
#11344=CARTESIAN_POINT('Ctrl Pts',(207.50000230968,8.9250002980232,8.));
#11345=CARTESIAN_POINT('Ctrl Pts',(209.07500230968,8.9250002980232,8.));
#11346=CARTESIAN_POINT('Ctrl Pts',(209.07500230968,10.5000002980232,8.));
#11347=CARTESIAN_POINT('Ctrl Pts',(209.07500230968,12.0750002980233,8.));
#11348=CARTESIAN_POINT('Ctrl Pts',(207.50000230968,12.0750002980233,8.));
#11349=CARTESIAN_POINT('Ctrl Pts',(205.92500230968,12.0750002980233,8.));
#11350=CARTESIAN_POINT('Ctrl Pts',(205.92500230968,10.5000002980232,8.));
#11351=CARTESIAN_POINT('',(205.92500230968,10.5000002980232,8.));
#11352=CARTESIAN_POINT('Origin',(207.50000230968,10.5000002980232,8.));
#11353=CARTESIAN_POINT('',(203.92500230968,10.5000002980232,6.));
#11354=CARTESIAN_POINT('Origin',(205.92500230968,10.5000002980232,6.));
#11355=CARTESIAN_POINT('Origin',(207.50000230968,10.5000002980232,6.));
#11356=CARTESIAN_POINT('Origin',(207.50000230968,10.5000002980232,-5.));
#11357=CARTESIAN_POINT('',(203.92500230968,10.5000002980232,-4.));
#11358=CARTESIAN_POINT('',(203.92500230968,10.5000002980232,-5.));
#11359=CARTESIAN_POINT('Origin',(207.50000230968,10.5000002980232,-4.));
#11360=CARTESIAN_POINT('Origin',(207.50000230968,10.5000002980232,8.));
#11361=CARTESIAN_POINT('Origin',(207.50000230968,10.5000002980232,-5.));
#11362=CARTESIAN_POINT('',(205.75000230968,10.5000002980232,-5.));
#11363=CARTESIAN_POINT('Origin',(207.50000230968,10.5000002980232,-5.));
#11364=CARTESIAN_POINT('',(205.75000230968,10.5000002980232,-5.));
#11365=CARTESIAN_POINT('Origin',(207.50000230968,10.5000002980232,-5.));
#11366=CARTESIAN_POINT('',(202.50000230968,10.5000002980232,-4.));
#11367=CARTESIAN_POINT('Origin',(207.50000230968,10.5000002980232,-4.));
#11368=CARTESIAN_POINT('',(202.50000230968,10.5000002980232,-5.));
#11369=CARTESIAN_POINT('',(202.50000230968,10.5000002980232,-5.));
#11370=CARTESIAN_POINT('Origin',(207.50000230968,10.5000002980232,-5.));
#11371=CARTESIAN_POINT('Origin',(207.50000230968,10.5000002980232,-4.));
#11372=CARTESIAN_POINT('Origin',(207.50000230968,10.5000002980232,-5.));
#11373=CARTESIAN_POINT('Origin',(222.456319716089,11.4159661598506,1.09771809446514));
#11374=CARTESIAN_POINT('',(220.75000230968,10.5000002980232,1.09771809446514));
#11375=CARTESIAN_POINT('Origin',(222.50000230968,10.5000002980232,1.09771809446514));
#11376=CARTESIAN_POINT('Origin',(222.44105785388,9.68828806240579,8.075));
#11377=CARTESIAN_POINT('',(223.849996354389,10.4955291968686,8.1));
#11378=CARTESIAN_POINT('',(221.821133200143,9.33310671092508,8.1));
#11379=CARTESIAN_POINT('',(222.44105785388,9.68828806240579,8.1));
#11380=CARTESIAN_POINT('',(221.795989926771,9.28988847629945,8.075));
#11381=CARTESIAN_POINT('Origin',(221.821133200143,9.33310671092508,8.075));
#11382=CARTESIAN_POINT('',(223.899996080167,10.4953636007072,8.075));
#11383=CARTESIAN_POINT('',(222.453486080083,9.6665961470123,8.075));
#11384=CARTESIAN_POINT('Origin',(223.849996354389,10.4955291968686,8.075));
#11385=CARTESIAN_POINT('Origin',(221.82701878376,11.110186351476,8.075));
#11386=CARTESIAN_POINT('',(221.828877374508,11.671364986276,8.1));
#11387=CARTESIAN_POINT('',(221.82701878376,11.110186351476,8.1));
#11388=CARTESIAN_POINT('',(221.804020922102,11.714748817063,8.075));
#11389=CARTESIAN_POINT('Origin',(221.828877374508,11.671364986276,8.075));
#11390=CARTESIAN_POINT('',(221.802018920871,11.1102691495567,8.075));
#11391=CARTESIAN_POINT('Origin',(223.492923311742,10.7032652416814,8.075));
#11392=CARTESIAN_POINT('',(223.505494948428,10.7248743589942,8.075));
#11393=CARTESIAN_POINT('',(223.492923311742,10.7032652416814,8.1));
#11394=CARTESIAN_POINT('Origin',(223.899996080167,10.4953636007072,8.));
#11395=CARTESIAN_POINT('',(223.899996080167,10.4953636007072,8.));
#11396=CARTESIAN_POINT('',(223.899996080167,10.4953636007072,8.));
#11397=CARTESIAN_POINT('',(221.804020922102,11.714748817063,8.));
#11398=CARTESIAN_POINT('',(223.376002290651,10.8002099047962,8.));
#11399=CARTESIAN_POINT('',(221.804020922102,11.714748817063,8.));
#11400=CARTESIAN_POINT('Origin',(221.795989926771,9.28988847629945,8.));
#11401=CARTESIAN_POINT('',(221.795989926771,9.28988847629945,8.));
#11402=CARTESIAN_POINT('',(221.795989926771,9.28988847629945,8.));
#11403=CARTESIAN_POINT('',(222.32199146512,9.5912572574014,8.));
#11404=CARTESIAN_POINT('Origin',(222.847993003469,10.5023186466812,8.1));
#11405=CARTESIAN_POINT('Origin',(221.804020922102,11.714748817063,8.));
#11406=CARTESIAN_POINT('',(221.802013173269,11.1085337318721,8.));
#11407=CARTESIAN_POINT('Ctrl Pts',(218.92500230968,10.5000002980232,6.));
#11408=CARTESIAN_POINT('Ctrl Pts',(218.92500230968,6.92500029802321,6.));
#11409=CARTESIAN_POINT('Ctrl Pts',(222.50000230968,6.92500029802321,6.));
#11410=CARTESIAN_POINT('Ctrl Pts',(226.07500230968,6.92500029802321,6.));
#11411=CARTESIAN_POINT('Ctrl Pts',(226.07500230968,10.5000002980232,6.));
#11412=CARTESIAN_POINT('Ctrl Pts',(226.07500230968,14.0750002980232,6.));
#11413=CARTESIAN_POINT('Ctrl Pts',(222.50000230968,14.0750002980232,6.));
#11414=CARTESIAN_POINT('Ctrl Pts',(218.92500230968,14.0750002980232,6.));
#11415=CARTESIAN_POINT('Ctrl Pts',(218.92500230968,10.5000002980232,6.));
#11416=CARTESIAN_POINT('Ctrl Pts',(218.92500230968,10.5000002980232,8.));
#11417=CARTESIAN_POINT('Ctrl Pts',(218.92500230968,6.92500029802321,8.));
#11418=CARTESIAN_POINT('Ctrl Pts',(222.50000230968,6.92500029802321,8.));
#11419=CARTESIAN_POINT('Ctrl Pts',(226.07500230968,6.92500029802321,8.));
#11420=CARTESIAN_POINT('Ctrl Pts',(226.07500230968,10.5000002980232,8.));
#11421=CARTESIAN_POINT('Ctrl Pts',(226.07500230968,14.0750002980232,8.));
#11422=CARTESIAN_POINT('Ctrl Pts',(222.50000230968,14.0750002980232,8.));
#11423=CARTESIAN_POINT('Ctrl Pts',(218.92500230968,14.0750002980232,8.));
#11424=CARTESIAN_POINT('Ctrl Pts',(218.92500230968,10.5000002980232,8.));
#11425=CARTESIAN_POINT('Ctrl Pts',(220.92500230968,10.5000002980232,8.));
#11426=CARTESIAN_POINT('Ctrl Pts',(220.92500230968,8.9250002980232,8.));
#11427=CARTESIAN_POINT('Ctrl Pts',(222.50000230968,8.9250002980232,8.));
#11428=CARTESIAN_POINT('Ctrl Pts',(224.07500230968,8.9250002980232,8.));
#11429=CARTESIAN_POINT('Ctrl Pts',(224.07500230968,10.5000002980232,8.));
#11430=CARTESIAN_POINT('Ctrl Pts',(224.07500230968,12.0750002980233,8.));
#11431=CARTESIAN_POINT('Ctrl Pts',(222.50000230968,12.0750002980233,8.));
#11432=CARTESIAN_POINT('Ctrl Pts',(220.92500230968,12.0750002980233,8.));
#11433=CARTESIAN_POINT('Ctrl Pts',(220.92500230968,10.5000002980232,8.));
#11434=CARTESIAN_POINT('',(220.92500230968,10.5000002980232,8.));
#11435=CARTESIAN_POINT('Origin',(222.50000230968,10.5000002980232,8.));
#11436=CARTESIAN_POINT('',(218.92500230968,10.5000002980232,6.));
#11437=CARTESIAN_POINT('Origin',(220.92500230968,10.5000002980232,6.));
#11438=CARTESIAN_POINT('Origin',(222.50000230968,10.5000002980232,6.));
#11439=CARTESIAN_POINT('Origin',(222.50000230968,10.5000002980232,-5.));
#11440=CARTESIAN_POINT('',(218.92500230968,10.5000002980232,-4.));
#11441=CARTESIAN_POINT('',(218.92500230968,10.5000002980232,-5.));
#11442=CARTESIAN_POINT('Origin',(222.50000230968,10.5000002980232,-4.));
#11443=CARTESIAN_POINT('Origin',(222.50000230968,10.5000002980232,8.));
#11444=CARTESIAN_POINT('Origin',(222.50000230968,10.5000002980232,-5.));
#11445=CARTESIAN_POINT('',(220.75000230968,10.5000002980232,-5.));
#11446=CARTESIAN_POINT('Origin',(222.50000230968,10.5000002980232,-5.));
#11447=CARTESIAN_POINT('',(220.75000230968,10.5000002980232,-5.));
#11448=CARTESIAN_POINT('Origin',(222.50000230968,10.5000002980232,-5.));
#11449=CARTESIAN_POINT('',(217.50000230968,10.5000002980232,-4.));
#11450=CARTESIAN_POINT('Origin',(222.50000230968,10.5000002980232,-4.));
#11451=CARTESIAN_POINT('',(217.50000230968,10.5000002980232,-5.));
#11452=CARTESIAN_POINT('',(217.50000230968,10.5000002980232,-5.));
#11453=CARTESIAN_POINT('Origin',(222.50000230968,10.5000002980232,-5.));
#11454=CARTESIAN_POINT('Origin',(222.50000230968,10.5000002980232,-4.));
#11455=CARTESIAN_POINT('Origin',(222.50000230968,10.5000002980232,-5.));
#11456=CARTESIAN_POINT('Origin',(214.956707479144,3.99223080083582,1.09771809446528));
#11457=CARTESIAN_POINT('',(213.25000230968,3.00000029802322,1.09771809446528));
#11458=CARTESIAN_POINT('Origin',(215.00000230968,3.00000029802322,1.09771809446528));
#11459=CARTESIAN_POINT('Origin',(214.188100892207,3.05624594926475,8.075));
#11460=CARTESIAN_POINT('',(215.0000186504,1.65000029951007,8.1));
#11461=CARTESIAN_POINT('',(213.830861405985,3.67498654010887,8.1));
#11462=CARTESIAN_POINT('',(214.188100892207,3.05624594926475,8.1));
#11463=CARTESIAN_POINT('',(213.787559849749,3.69998604465561,8.075));
#11464=CARTESIAN_POINT('Origin',(213.830861405985,3.67498654010887,8.075));
#11465=CARTESIAN_POINT('',(215.000019222498,1.60000029951335,8.075));
#11466=CARTESIAN_POINT('',(214.166450400138,3.04374570153975,8.075));
#11467=CARTESIAN_POINT('Origin',(215.0000186504,1.65000029951007,8.075));
#11468=CARTESIAN_POINT('Origin',(215.606207145747,3.67500685355293,8.075));
#11469=CARTESIAN_POINT('',(216.169129554865,3.67501329449151,8.1));
#11470=CARTESIAN_POINT('',(215.606207145747,3.67500685355293,8.1));
#11471=CARTESIAN_POINT('',(216.212430539002,3.7000137899415,8.075));
#11472=CARTESIAN_POINT('Origin',(216.169129554865,3.67501329449151,8.075));
#11473=CARTESIAN_POINT('',(215.606206859698,3.70000685355129,8.075));
#11474=CARTESIAN_POINT('Origin',(215.205695566264,2.00625258131073,8.075));
#11475=CARTESIAN_POINT('',(215.227346344382,1.99375282903737,8.075));
#11476=CARTESIAN_POINT('',(215.205695566264,2.00625258131073,8.1));
#11477=CARTESIAN_POINT('Origin',(215.000019222498,1.60000029951335,8.));
#11478=CARTESIAN_POINT('',(215.000019222498,1.60000029951335,8.));
#11479=CARTESIAN_POINT('',(215.000019222498,1.60000029951335,8.));
#11480=CARTESIAN_POINT('',(216.212430539002,3.7000137899415,8.));
#11481=CARTESIAN_POINT('',(215.303121994714,2.12500357354734,8.));
#11482=CARTESIAN_POINT('',(216.212430539002,3.7000137899415,8.));
#11483=CARTESIAN_POINT('Origin',(213.787559849749,3.69998604465561,8.));
#11484=CARTESIAN_POINT('',(213.787559849749,3.69998604465561,8.));
#11485=CARTESIAN_POINT('',(213.787559849749,3.69998604465561,8.));
#11486=CARTESIAN_POINT('',(214.090674526327,3.17498989693801,8.));
#11487=CARTESIAN_POINT('Origin',(214.999995194376,2.65000704472743,8.1));
#11488=CARTESIAN_POINT('Origin',(216.212430539002,3.7000137899415,8.));
#11489=CARTESIAN_POINT('',(215.606212419655,3.70000685361491,8.));
#11490=CARTESIAN_POINT('Ctrl Pts',(211.42500230968,3.00000029802322,6.));
#11491=CARTESIAN_POINT('Ctrl Pts',(211.42500230968,-0.574999701976792,6.));
#11492=CARTESIAN_POINT('Ctrl Pts',(215.00000230968,-0.574999701976792,6.));
#11493=CARTESIAN_POINT('Ctrl Pts',(218.57500230968,-0.574999701976792,6.));
#11494=CARTESIAN_POINT('Ctrl Pts',(218.57500230968,3.00000029802322,6.));
#11495=CARTESIAN_POINT('Ctrl Pts',(218.57500230968,6.57500029802324,6.));
#11496=CARTESIAN_POINT('Ctrl Pts',(215.00000230968,6.57500029802324,6.));
#11497=CARTESIAN_POINT('Ctrl Pts',(211.42500230968,6.57500029802324,6.));
#11498=CARTESIAN_POINT('Ctrl Pts',(211.42500230968,3.00000029802322,6.));
#11499=CARTESIAN_POINT('Ctrl Pts',(211.42500230968,3.00000029802322,8.));
#11500=CARTESIAN_POINT('Ctrl Pts',(211.42500230968,-0.574999701976792,8.));
#11501=CARTESIAN_POINT('Ctrl Pts',(215.00000230968,-0.574999701976792,8.));
#11502=CARTESIAN_POINT('Ctrl Pts',(218.57500230968,-0.574999701976792,8.));
#11503=CARTESIAN_POINT('Ctrl Pts',(218.57500230968,3.00000029802322,8.));
#11504=CARTESIAN_POINT('Ctrl Pts',(218.57500230968,6.57500029802324,8.));
#11505=CARTESIAN_POINT('Ctrl Pts',(215.00000230968,6.57500029802324,8.));
#11506=CARTESIAN_POINT('Ctrl Pts',(211.42500230968,6.57500029802324,8.));
#11507=CARTESIAN_POINT('Ctrl Pts',(211.42500230968,3.00000029802322,8.));
#11508=CARTESIAN_POINT('Ctrl Pts',(213.42500230968,3.00000029802322,8.));
#11509=CARTESIAN_POINT('Ctrl Pts',(213.42500230968,1.4250002980232,8.));
#11510=CARTESIAN_POINT('Ctrl Pts',(215.00000230968,1.4250002980232,8.));
#11511=CARTESIAN_POINT('Ctrl Pts',(216.57500230968,1.4250002980232,8.));
#11512=CARTESIAN_POINT('Ctrl Pts',(216.57500230968,3.00000029802322,8.));
#11513=CARTESIAN_POINT('Ctrl Pts',(216.57500230968,4.57500029802325,8.));
#11514=CARTESIAN_POINT('Ctrl Pts',(215.00000230968,4.57500029802325,8.));
#11515=CARTESIAN_POINT('Ctrl Pts',(213.42500230968,4.57500029802325,8.));
#11516=CARTESIAN_POINT('Ctrl Pts',(213.42500230968,3.00000029802322,8.));
#11517=CARTESIAN_POINT('',(213.42500230968,3.00000029802322,8.));
#11518=CARTESIAN_POINT('Origin',(215.00000230968,3.00000029802322,8.));
#11519=CARTESIAN_POINT('',(211.42500230968,3.00000029802322,6.));
#11520=CARTESIAN_POINT('Origin',(213.42500230968,3.00000029802322,6.));
#11521=CARTESIAN_POINT('Origin',(215.00000230968,3.00000029802322,6.));
#11522=CARTESIAN_POINT('Origin',(215.00000230968,3.00000029802322,-5.));
#11523=CARTESIAN_POINT('',(211.42500230968,3.00000029802322,-4.));
#11524=CARTESIAN_POINT('',(211.42500230968,3.00000029802322,-5.));
#11525=CARTESIAN_POINT('Origin',(215.00000230968,3.00000029802322,-4.));
#11526=CARTESIAN_POINT('Origin',(215.00000230968,3.00000029802322,8.));
#11527=CARTESIAN_POINT('Origin',(215.00000230968,3.00000029802322,-5.));
#11528=CARTESIAN_POINT('',(213.25000230968,3.00000029802322,-5.));
#11529=CARTESIAN_POINT('Origin',(215.00000230968,3.00000029802322,-5.));
#11530=CARTESIAN_POINT('',(213.25000230968,3.00000029802322,-5.));
#11531=CARTESIAN_POINT('Origin',(215.00000230968,3.00000029802324,-5.));
#11532=CARTESIAN_POINT('',(210.00000230968,3.00000029802324,-4.));
#11533=CARTESIAN_POINT('Origin',(215.00000230968,3.00000029802324,-4.));
#11534=CARTESIAN_POINT('',(210.00000230968,3.00000029802324,-5.));
#11535=CARTESIAN_POINT('',(210.00000230968,3.00000029802324,-5.));
#11536=CARTESIAN_POINT('Origin',(215.00000230968,3.00000029802324,-5.));
#11537=CARTESIAN_POINT('Origin',(215.00000230968,3.00000029802324,-4.));
#11538=CARTESIAN_POINT('Origin',(215.00000230968,3.00000029802322,-5.));
#11539=CARTESIAN_POINT('',(0.,0.,0.));
#11540=CARTESIAN_POINT('Origin',(250.,131.,-10.));
#11541=CARTESIAN_POINT('',(248.00000333786,131.,5.5));
#11542=CARTESIAN_POINT('',(250.,131.,5.5));
#11543=CARTESIAN_POINT('',(254.922617347752,131.,5.5));
#11544=CARTESIAN_POINT('',(248.00000333786,131.,20.7));
#11545=CARTESIAN_POINT('',(248.00000333786,131.,-10.));
#11546=CARTESIAN_POINT('',(250.,131.,20.7));
#11547=CARTESIAN_POINT('',(254.922617347752,131.,20.7));
#11548=CARTESIAN_POINT('',(250.,131.,-10.));
#11549=CARTESIAN_POINT('Origin',(248.00000333786,131.,-10.));
#11550=CARTESIAN_POINT('',(248.00000333786,129.000001966953,5.5));
#11551=CARTESIAN_POINT('',(248.00000333786,129.5453081671,5.5));
#11552=CARTESIAN_POINT('',(248.00000333786,129.000001966953,20.7));
#11553=CARTESIAN_POINT('',(248.00000333786,129.000001966953,-10.));
#11554=CARTESIAN_POINT('',(248.00000333786,129.5453081671,20.7));
#11555=CARTESIAN_POINT('Origin',(248.00000333786,129.000001966953,-10.));
#11556=CARTESIAN_POINT('',(252.00000333786,129.000001966953,5.5));
#11557=CARTESIAN_POINT('',(253.922619016682,129.000001966953,5.5));
#11558=CARTESIAN_POINT('',(252.00000333786,129.000001966953,20.7));
#11559=CARTESIAN_POINT('',(252.00000333786,129.000001966953,-10.));
#11560=CARTESIAN_POINT('',(253.922619016682,129.000001966953,20.7));
#11561=CARTESIAN_POINT('Origin',(252.00000333786,129.000001966953,-10.));
#11562=CARTESIAN_POINT('',(252.00000333786,132.000001966953,5.5));
#11563=CARTESIAN_POINT('',(252.00000333786,128.545309150576,5.5));
#11564=CARTESIAN_POINT('',(252.00000333786,132.000001966953,20.7));
#11565=CARTESIAN_POINT('',(252.00000333786,132.000001966953,-10.));
#11566=CARTESIAN_POINT('',(252.00000333786,128.545309150576,20.7));
#11567=CARTESIAN_POINT('Origin',(252.00000333786,132.,-10.));
#11568=CARTESIAN_POINT('',(260.,132.,5.5));
#11569=CARTESIAN_POINT('',(255.922619016682,132.,5.5));
#11570=CARTESIAN_POINT('',(260.,132.,20.7));
#11571=CARTESIAN_POINT('',(260.,132.,-10.));
#11572=CARTESIAN_POINT('',(255.922619016682,132.,20.7));
#11573=CARTESIAN_POINT('Origin',(259.845234695505,128.090616334199,20.7));
#11574=CARTESIAN_POINT('',(266.357059900059,125.181232668398,20.7));
#11575=CARTESIAN_POINT('',(268.478380243619,127.302553011958,20.7));
#11576=CARTESIAN_POINT('',(266.517109687151,125.34128245549,20.7));
#11577=CARTESIAN_POINT('',(266.357059900059,121.181232668398,20.7));
#11578=CARTESIAN_POINT('',(266.357059900059,126.635924501299,20.7));
#11579=CARTESIAN_POINT('',(269.,121.181232668398,20.7));
#11580=CARTESIAN_POINT('',(263.101147297782,121.181232668398,20.7));
#11581=CARTESIAN_POINT('',(269.,122.,20.7));
#11582=CARTESIAN_POINT('',(269.,124.635924501299,20.7));
#11583=CARTESIAN_POINT('',(268.6134757154,124.609221358992,20.7));
#11584=CARTESIAN_POINT('Origin',(260.,122.,20.7));
#11585=CARTESIAN_POINT('',(271.69046605315,127.686211696742,20.7));
#11586=CARTESIAN_POINT('',(267.291764204228,123.28750984782,20.7));
#11587=CARTESIAN_POINT('',(260.,135.,20.7));
#11588=CARTESIAN_POINT('Origin',(260.,122.,20.7));
#11589=CARTESIAN_POINT('',(250.,135.,20.7));
#11590=CARTESIAN_POINT('',(259.922617347752,135.,20.7));
#11591=CARTESIAN_POINT('',(250.,131.5453081671,20.7));
#11592=CARTESIAN_POINT('Origin',(260.,122.,20.7));
#11593=CARTESIAN_POINT('Origin',(250.,135.,-10.));
#11594=CARTESIAN_POINT('',(250.,135.,5.5));
#11595=CARTESIAN_POINT('',(250.,131.5453081671,5.5));
#11596=CARTESIAN_POINT('',(250.,135.,-10.));
#11597=CARTESIAN_POINT('Origin',(260.,135.,-10.));
#11598=CARTESIAN_POINT('',(260.,135.,5.5));
#11599=CARTESIAN_POINT('',(259.922617347752,135.,5.5));
#11600=CARTESIAN_POINT('',(260.,135.,-10.));
#11601=CARTESIAN_POINT('Origin',(260.,122.,-10.));
#11602=CARTESIAN_POINT('',(271.69046605315,127.686211696742,5.5));
#11603=CARTESIAN_POINT('Origin',(260.,122.,5.5));
#11604=CARTESIAN_POINT('',(271.69046605315,127.686211696742,-10.));
#11605=CARTESIAN_POINT('Origin',(268.6134757154,124.609221358992,-10.));
#11606=CARTESIAN_POINT('',(268.6134757154,124.609221358992,5.5));
#11607=CARTESIAN_POINT('',(267.291764204228,123.28750984782,5.5));
#11608=CARTESIAN_POINT('',(268.6134757154,124.609221358992,-10.));
#11609=CARTESIAN_POINT('Origin',(260.,122.,-10.));
#11610=CARTESIAN_POINT('',(269.,122.,5.5));
#11611=CARTESIAN_POINT('Origin',(260.,122.,5.5));
#11612=CARTESIAN_POINT('',(269.,122.,-10.));
#11613=CARTESIAN_POINT('Origin',(269.,121.181232668398,-10.));
#11614=CARTESIAN_POINT('',(269.,121.181232668398,5.5));
#11615=CARTESIAN_POINT('',(269.,124.635924501299,5.5));
#11616=CARTESIAN_POINT('',(269.,121.181232668398,-10.));
#11617=CARTESIAN_POINT('Origin',(266.357059900059,121.181232668398,-10.));
#11618=CARTESIAN_POINT('',(266.357059900059,121.181232668398,5.5));
#11619=CARTESIAN_POINT('',(263.101147297782,121.181232668398,5.5));
#11620=CARTESIAN_POINT('',(266.357059900059,121.181232668398,-10.));
#11621=CARTESIAN_POINT('Origin',(266.357059900059,125.181232668398,-10.));
#11622=CARTESIAN_POINT('',(266.357059900059,125.181232668398,5.5));
#11623=CARTESIAN_POINT('',(266.357059900059,126.635924501299,5.5));
#11624=CARTESIAN_POINT('',(266.357059900059,125.181232668398,-10.));
#11625=CARTESIAN_POINT('Origin',(268.478380243619,127.302553011958,-10.));
#11626=CARTESIAN_POINT('',(268.478380243619,127.302553011958,5.5));
#11627=CARTESIAN_POINT('',(266.517109687151,125.34128245549,5.5));
#11628=CARTESIAN_POINT('',(268.478380243619,127.302553011958,-10.));
#11629=CARTESIAN_POINT('Origin',(260.,122.,-10.));
#11630=CARTESIAN_POINT('Origin',(260.,122.,5.5));
#11631=CARTESIAN_POINT('Origin',(259.845234695505,128.090616334199,5.5));
#11632=CARTESIAN_POINT('Origin',(231.845234695505,128.090616334199,21.5));
#11633=CARTESIAN_POINT('',(232.,135.,21.5));
#11634=CARTESIAN_POINT('',(243.69046605315,127.686211696742,21.5));
#11635=CARTESIAN_POINT('Origin',(232.,122.,21.5));
#11636=CARTESIAN_POINT('',(222.,135.,21.5));
#11637=CARTESIAN_POINT('',(231.922617347752,135.,21.5));
#11638=CARTESIAN_POINT('',(222.,131.,21.5));
#11639=CARTESIAN_POINT('',(222.,131.5453081671,21.5));
#11640=CARTESIAN_POINT('',(220.00000333786,131.,21.5));
#11641=CARTESIAN_POINT('',(226.922617347752,131.,21.5));
#11642=CARTESIAN_POINT('',(220.00000333786,129.000001966953,21.5));
#11643=CARTESIAN_POINT('',(220.00000333786,129.5453081671,21.5));
#11644=CARTESIAN_POINT('',(224.00000333786,129.000001966953,21.5));
#11645=CARTESIAN_POINT('',(225.922619016682,129.000001966953,21.5));
#11646=CARTESIAN_POINT('',(224.00000333786,132.000001966953,21.5));
#11647=CARTESIAN_POINT('',(224.00000333786,128.545309150576,21.5));
#11648=CARTESIAN_POINT('',(232.,132.,21.5));
#11649=CARTESIAN_POINT('',(227.922619016682,132.,21.5));
#11650=CARTESIAN_POINT('',(240.478380243619,127.302553011958,21.5));
#11651=CARTESIAN_POINT('Origin',(232.,122.,21.5));
#11652=CARTESIAN_POINT('',(238.357059900059,125.181232668398,21.5));
#11653=CARTESIAN_POINT('',(238.517109687151,125.34128245549,21.5));
#11654=CARTESIAN_POINT('',(238.357059900059,121.181232668398,21.5));
#11655=CARTESIAN_POINT('',(238.357059900059,126.635924501299,21.5));
#11656=CARTESIAN_POINT('',(241.,121.181232668398,21.5));
#11657=CARTESIAN_POINT('',(235.101147297782,121.181232668398,21.5));
#11658=CARTESIAN_POINT('',(241.,122.,21.5));
#11659=CARTESIAN_POINT('',(241.,124.635924501299,21.5));
#11660=CARTESIAN_POINT('',(240.6134757154,124.609221358992,21.5));
#11661=CARTESIAN_POINT('Origin',(232.,122.,21.5));
#11662=CARTESIAN_POINT('',(239.291764204228,123.28750984782,21.5));
#11663=CARTESIAN_POINT('Origin',(224.00000333786,132.,6.));
#11664=CARTESIAN_POINT('',(224.00000333786,132.,6.3));
#11665=CARTESIAN_POINT('',(224.00000333786,132.000001966953,6.));
#11666=CARTESIAN_POINT('',(232.,132.,6.3));
#11667=CARTESIAN_POINT('',(228.422618182217,132.,6.3));
#11668=CARTESIAN_POINT('',(232.,132.,6.));
#11669=CARTESIAN_POINT('Origin',(224.00000333786,129.000001966953,6.));
#11670=CARTESIAN_POINT('',(224.00000333786,129.000001966953,6.));
#11671=CARTESIAN_POINT('',(224.00000333786,129.000001966953,6.));
#11672=CARTESIAN_POINT('',(224.00000333786,132.000001966953,6.));
#11673=CARTESIAN_POINT('',(224.00000333786,132.000001966953,6.));
#11674=CARTESIAN_POINT('',(224.00000333786,132.000001966953,6.));
#11675=CARTESIAN_POINT('Origin',(220.00000333786,129.000001966953,6.));
#11676=CARTESIAN_POINT('',(220.00000333786,129.000001966953,6.));
#11677=CARTESIAN_POINT('',(220.00000333786,129.000001966953,6.));
#11678=CARTESIAN_POINT('',(224.00000333786,129.000001966953,6.));
#11679=CARTESIAN_POINT('Origin',(220.00000333786,131.,6.));
#11680=CARTESIAN_POINT('',(220.00000333786,131.,6.));
#11681=CARTESIAN_POINT('',(220.00000333786,131.,6.));
#11682=CARTESIAN_POINT('',(220.00000333786,129.000001966953,6.));
#11683=CARTESIAN_POINT('Origin',(222.,131.,6.));
#11684=CARTESIAN_POINT('',(222.,131.,6.));
#11685=CARTESIAN_POINT('',(222.,131.,6.));
#11686=CARTESIAN_POINT('',(222.,131.,6.));
#11687=CARTESIAN_POINT('Origin',(222.,135.,6.));
#11688=CARTESIAN_POINT('',(222.,135.,6.3));
#11689=CARTESIAN_POINT('',(222.,135.,6.));
#11690=CARTESIAN_POINT('',(222.,132.,6.3));
#11691=CARTESIAN_POINT('',(222.,132.6,6.3));
#11692=CARTESIAN_POINT('',(222.,132.,6.));
#11693=CARTESIAN_POINT('',(222.,132.,6.));
#11694=CARTESIAN_POINT('',(222.,132.,6.));
#11695=CARTESIAN_POINT('Origin',(232.,135.,6.));
#11696=CARTESIAN_POINT('',(232.,135.,6.3));
#11697=CARTESIAN_POINT('',(232.,135.,6.));
#11698=CARTESIAN_POINT('',(232.422616513287,135.,6.3));
#11699=CARTESIAN_POINT('Origin',(232.,122.,6.));
#11700=CARTESIAN_POINT('',(240.478380243619,127.302553011958,6.));
#11701=CARTESIAN_POINT('',(240.478380243619,127.302553011958,6.3));
#11702=CARTESIAN_POINT('',(240.478380243619,127.302553011958,6.));
#11703=CARTESIAN_POINT('',(241.404254356407,125.4,6.3));
#11704=CARTESIAN_POINT('Origin',(232.,122.,6.3));
#11705=CARTESIAN_POINT('',(241.404254356407,125.4,6.));
#11706=CARTESIAN_POINT('',(241.404254356407,125.4,6.));
#11707=CARTESIAN_POINT('Origin',(232.,122.,6.));
#11708=CARTESIAN_POINT('Origin',(222.,132.,6.));
#11709=CARTESIAN_POINT('',(226.922617347752,132.,6.));
#11710=CARTESIAN_POINT('',(122.922616513287,132.,6.3));
#11711=CARTESIAN_POINT('Origin',(232.845233026575,130.2,6.3));
#11712=CARTESIAN_POINT('',(243.69046605315,127.686211696742,6.3));
#11713=CARTESIAN_POINT('Origin',(232.,122.,6.3));
#11714=CARTESIAN_POINT('',(240.069109703445,124.064855347038,6.3));
#11715=CARTESIAN_POINT('Origin',(232.,122.,6.3));
#11716=CARTESIAN_POINT('Origin',(232.,122.,6.));
#11717=CARTESIAN_POINT('',(243.69046605315,127.686211696742,6.));
#11718=CARTESIAN_POINT('Origin',(231.845234695505,128.090616334199,6.));
#11719=CARTESIAN_POINT('Origin',(240.6134757154,124.609221358992,6.));
#11720=CARTESIAN_POINT('',(240.6134757154,124.609221358992,6.));
#11721=CARTESIAN_POINT('',(240.6134757154,124.609221358992,6.));
#11722=CARTESIAN_POINT('',(240.697147575221,124.692893218813,6.));
#11723=CARTESIAN_POINT('Origin',(232.,122.,6.));
#11724=CARTESIAN_POINT('',(241.,122.,6.));
#11725=CARTESIAN_POINT('',(241.,122.,6.));
#11726=CARTESIAN_POINT('Origin',(232.,122.,6.));
#11727=CARTESIAN_POINT('Origin',(241.,121.181232668398,6.));
#11728=CARTESIAN_POINT('',(241.,121.181232668398,6.));
#11729=CARTESIAN_POINT('',(241.,121.181232668398,6.));
#11730=CARTESIAN_POINT('',(241.,122.,6.));
#11731=CARTESIAN_POINT('Origin',(238.357059900059,121.181232668398,6.));
#11732=CARTESIAN_POINT('',(238.357059900059,121.181232668398,6.));
#11733=CARTESIAN_POINT('',(238.357059900059,121.181232668398,6.));
#11734=CARTESIAN_POINT('',(238.357059900059,121.181232668398,6.));
#11735=CARTESIAN_POINT('Origin',(238.357059900059,125.181232668398,6.));
#11736=CARTESIAN_POINT('',(238.357059900059,125.181232668398,6.));
#11737=CARTESIAN_POINT('',(238.357059900059,125.181232668398,6.));
#11738=CARTESIAN_POINT('',(238.357059900059,125.181232668398,6.));
#11739=CARTESIAN_POINT('Origin',(240.478380243619,127.302553011958,6.));
#11740=CARTESIAN_POINT('',(240.478380243619,127.302553011958,6.));
#11741=CARTESIAN_POINT('',(240.478380243619,127.302553011958,6.));
#11742=CARTESIAN_POINT('Origin',(232.,122.,6.));
#11743=CARTESIAN_POINT('Origin',(231.845234695505,128.090616334199,6.));
#11744=CARTESIAN_POINT('',(0.,0.,0.));
#11745=CARTESIAN_POINT('Origin',(208.308396970621,10.7458949589639,8.15));
#11746=CARTESIAN_POINT('',(207.854291631561,11.2000002980232,8.2));
#11747=CARTESIAN_POINT('',(208.554291631561,10.5000002980233,8.2));
#11748=CARTESIAN_POINT('',(208.308396970621,10.7458949589639,8.2));
#11749=CARTESIAN_POINT('',(208.62500230968,10.5000002980232,8.15));
#11750=CARTESIAN_POINT('Origin',(208.554291631561,10.5000002980232,8.15));
#11751=CARTESIAN_POINT('',(207.87500230968,11.2500002980232,8.15));
#11752=CARTESIAN_POINT('',(208.34375230968,10.7812502980232,8.15));
#11753=CARTESIAN_POINT('Origin',(207.854291631561,11.2000002980232,8.15));
#11754=CARTESIAN_POINT('Origin',(207.933396970621,9.87910563708254,8.15));
#11755=CARTESIAN_POINT('',(207.854291631561,9.80000029802322,8.2));
#11756=CARTESIAN_POINT('',(207.933396970621,9.87910563708254,8.2));
#11757=CARTESIAN_POINT('',(207.87500230968,9.75000029802322,8.15));
#11758=CARTESIAN_POINT('Origin',(207.854291631561,9.80000029802322,8.15));
#11759=CARTESIAN_POINT('',(207.96875230968,9.84375029802321,8.15));
#11760=CARTESIAN_POINT('Origin',(206.93750230968,9.80000029802322,8.15));
#11761=CARTESIAN_POINT('',(206.42500230968,9.80000029802322,8.2));
#11762=CARTESIAN_POINT('',(206.93750230968,9.80000029802322,8.2));
#11763=CARTESIAN_POINT('',(206.37500230968,9.75000029802322,8.15));
#11764=CARTESIAN_POINT('Origin',(206.42500230968,9.80000029802322,8.15));
#11765=CARTESIAN_POINT('',(206.93750230968,9.75000029802322,8.15));
#11766=CARTESIAN_POINT('Origin',(206.42500230968,10.8750002980232,8.15));
#11767=CARTESIAN_POINT('',(206.37500230968,11.2500002980232,8.15));
#11768=CARTESIAN_POINT('',(206.37500230968,10.8750002980232,8.15));
#11769=CARTESIAN_POINT('',(206.42500230968,11.2000002980232,8.2));
#11770=CARTESIAN_POINT('',(206.42500230968,10.8750002980232,8.2));
#11771=CARTESIAN_POINT('Origin',(206.42500230968,11.2000002980232,8.15));
#11772=CARTESIAN_POINT('Origin',(207.68750230968,11.2000002980232,8.15));
#11773=CARTESIAN_POINT('',(207.68750230968,11.2500002980232,8.15));
#11774=CARTESIAN_POINT('',(207.68750230968,11.2000002980232,8.2));
#11775=CARTESIAN_POINT('Origin',(206.37500230968,11.2500002980232,8.));
#11776=CARTESIAN_POINT('',(206.37500230968,11.2500002980232,8.));
#11777=CARTESIAN_POINT('',(206.37500230968,11.2500002980232,8.));
#11778=CARTESIAN_POINT('',(206.37500230968,9.75000029802322,8.));
#11779=CARTESIAN_POINT('',(206.37500230968,10.8750002980232,8.));
#11780=CARTESIAN_POINT('',(206.37500230968,9.75000029802322,8.));
#11781=CARTESIAN_POINT('Origin',(207.87500230968,11.2500002980232,8.));
#11782=CARTESIAN_POINT('',(207.87500230968,11.2500002980232,8.));
#11783=CARTESIAN_POINT('',(207.87500230968,11.2500002980232,8.));
#11784=CARTESIAN_POINT('',(207.68750230968,11.2500002980232,8.));
#11785=CARTESIAN_POINT('Origin',(208.62500230968,10.5000002980232,8.));
#11786=CARTESIAN_POINT('',(208.62500230968,10.5000002980232,8.));
#11787=CARTESIAN_POINT('',(208.62500230968,10.5000002980232,8.));
#11788=CARTESIAN_POINT('',(208.34375230968,10.7812502980232,8.));
#11789=CARTESIAN_POINT('Origin',(207.50000230968,10.5000002980232,8.2));
#11790=CARTESIAN_POINT('Origin',(207.87500230968,9.75000029802322,8.));
#11791=CARTESIAN_POINT('',(207.87500230968,9.75000029802322,8.));
#11792=CARTESIAN_POINT('',(207.87500230968,9.75000029802322,8.));
#11793=CARTESIAN_POINT('',(207.96875230968,9.84375029802322,8.));
#11794=CARTESIAN_POINT('Origin',(206.37500230968,9.75000029802322,8.));
#11795=CARTESIAN_POINT('',(206.93750230968,9.75000029802322,8.));
#11796=CARTESIAN_POINT('Origin',(207.456707479144,11.4922308008357,1.09771809446514));
#11797=CARTESIAN_POINT('',(205.75000230968,10.5000002980232,1.09771809446514));
#11798=CARTESIAN_POINT('Origin',(207.50000230968,10.5000002980232,1.09771809446514));
#11799=CARTESIAN_POINT('Ctrl Pts',(203.92500230968,10.5000002980232,6.));
#11800=CARTESIAN_POINT('Ctrl Pts',(203.92500230968,6.92500029802321,6.));
#11801=CARTESIAN_POINT('Ctrl Pts',(207.50000230968,6.92500029802321,6.));
#11802=CARTESIAN_POINT('Ctrl Pts',(211.07500230968,6.92500029802321,6.));
#11803=CARTESIAN_POINT('Ctrl Pts',(211.07500230968,10.5000002980232,6.));
#11804=CARTESIAN_POINT('Ctrl Pts',(211.07500230968,14.0750002980232,6.));
#11805=CARTESIAN_POINT('Ctrl Pts',(207.50000230968,14.0750002980232,6.));
#11806=CARTESIAN_POINT('Ctrl Pts',(203.92500230968,14.0750002980232,6.));
#11807=CARTESIAN_POINT('Ctrl Pts',(203.92500230968,10.5000002980232,6.));
#11808=CARTESIAN_POINT('Ctrl Pts',(203.92500230968,10.5000002980232,8.));
#11809=CARTESIAN_POINT('Ctrl Pts',(203.92500230968,6.92500029802321,8.));
#11810=CARTESIAN_POINT('Ctrl Pts',(207.50000230968,6.92500029802321,8.));
#11811=CARTESIAN_POINT('Ctrl Pts',(211.07500230968,6.92500029802321,8.));
#11812=CARTESIAN_POINT('Ctrl Pts',(211.07500230968,10.5000002980232,8.));
#11813=CARTESIAN_POINT('Ctrl Pts',(211.07500230968,14.0750002980232,8.));
#11814=CARTESIAN_POINT('Ctrl Pts',(207.50000230968,14.0750002980232,8.));
#11815=CARTESIAN_POINT('Ctrl Pts',(203.92500230968,14.0750002980232,8.));
#11816=CARTESIAN_POINT('Ctrl Pts',(203.92500230968,10.5000002980232,8.));
#11817=CARTESIAN_POINT('Ctrl Pts',(205.92500230968,10.5000002980232,8.));
#11818=CARTESIAN_POINT('Ctrl Pts',(205.92500230968,8.9250002980232,8.));
#11819=CARTESIAN_POINT('Ctrl Pts',(207.50000230968,8.9250002980232,8.));
#11820=CARTESIAN_POINT('Ctrl Pts',(209.07500230968,8.9250002980232,8.));
#11821=CARTESIAN_POINT('Ctrl Pts',(209.07500230968,10.5000002980232,8.));
#11822=CARTESIAN_POINT('Ctrl Pts',(209.07500230968,12.0750002980233,8.));
#11823=CARTESIAN_POINT('Ctrl Pts',(207.50000230968,12.0750002980233,8.));
#11824=CARTESIAN_POINT('Ctrl Pts',(205.92500230968,12.0750002980233,8.));
#11825=CARTESIAN_POINT('Ctrl Pts',(205.92500230968,10.5000002980232,8.));
#11826=CARTESIAN_POINT('',(205.92500230968,10.5000002980232,8.));
#11827=CARTESIAN_POINT('Origin',(207.50000230968,10.5000002980232,8.));
#11828=CARTESIAN_POINT('',(203.92500230968,10.5000002980232,6.));
#11829=CARTESIAN_POINT('Origin',(205.92500230968,10.5000002980232,6.));
#11830=CARTESIAN_POINT('Origin',(207.50000230968,10.5000002980232,6.));
#11831=CARTESIAN_POINT('Origin',(207.50000230968,10.5000002980232,-5.));
#11832=CARTESIAN_POINT('',(203.92500230968,10.5000002980232,-4.));
#11833=CARTESIAN_POINT('',(203.92500230968,10.5000002980232,-5.));
#11834=CARTESIAN_POINT('Origin',(207.50000230968,10.5000002980232,-4.));
#11835=CARTESIAN_POINT('Origin',(207.50000230968,10.5000002980232,8.));
#11836=CARTESIAN_POINT('Origin',(207.50000230968,10.5000002980232,-5.));
#11837=CARTESIAN_POINT('',(205.75000230968,10.5000002980232,-5.));
#11838=CARTESIAN_POINT('Origin',(207.50000230968,10.5000002980232,-5.));
#11839=CARTESIAN_POINT('',(205.75000230968,10.5000002980232,-5.));
#11840=CARTESIAN_POINT('Origin',(207.50000230968,10.5000002980232,-5.));
#11841=CARTESIAN_POINT('',(202.50000230968,10.5000002980232,-4.));
#11842=CARTESIAN_POINT('Origin',(207.50000230968,10.5000002980232,-4.));
#11843=CARTESIAN_POINT('',(202.50000230968,10.5000002980232,-5.));
#11844=CARTESIAN_POINT('',(202.50000230968,10.5000002980232,-5.));
#11845=CARTESIAN_POINT('Origin',(207.50000230968,10.5000002980232,-5.));
#11846=CARTESIAN_POINT('Origin',(207.50000230968,10.5000002980232,-4.));
#11847=CARTESIAN_POINT('Origin',(207.50000230968,10.5000002980232,-5.));
#11848=CARTESIAN_POINT('Origin',(221.825002318063,9.70000029802322,8.15));
#11849=CARTESIAN_POINT('',(222.000002313038,9.70000029802322,8.2));
#11850=CARTESIAN_POINT('',(221.800002319738,9.70000029802322,8.2));
#11851=CARTESIAN_POINT('',(221.825002318063,9.70000029802322,8.2));
#11852=CARTESIAN_POINT('',(221.750002319738,9.65000029802322,8.15));
#11853=CARTESIAN_POINT('Origin',(221.800002319738,9.70000029802322,8.15));
#11854=CARTESIAN_POINT('',(222.050002313038,9.65000029802322,8.15));
#11855=CARTESIAN_POINT('',(221.825002318063,9.65000029802322,8.15));
#11856=CARTESIAN_POINT('Origin',(222.000002313038,9.70000029802322,8.15));
#11857=CARTESIAN_POINT('Origin',(221.800002319738,10.9250002980232,8.15));
#11858=CARTESIAN_POINT('',(221.800002319738,11.3000002980232,8.2));
#11859=CARTESIAN_POINT('',(221.800002319738,10.9250002980232,8.2));
#11860=CARTESIAN_POINT('',(221.750002319738,11.3500002980232,8.15));
#11861=CARTESIAN_POINT('Origin',(221.800002319738,11.3000002980232,8.15));
#11862=CARTESIAN_POINT('',(221.750002319738,10.9250002980232,8.15));
#11863=CARTESIAN_POINT('Origin',(221.975002314713,11.3000002980232,8.15));
#11864=CARTESIAN_POINT('',(222.000002313038,11.3000002980232,8.2));
#11865=CARTESIAN_POINT('',(221.975002314713,11.3000002980232,8.2));
#11866=CARTESIAN_POINT('',(222.050002313038,11.3500002980232,8.15));
#11867=CARTESIAN_POINT('Origin',(222.000002313038,11.3000002980232,8.15));
#11868=CARTESIAN_POINT('',(221.975002314713,11.3500002980232,8.15));
#11869=CARTESIAN_POINT('Origin',(222.000002313038,10.0750002980232,8.15));
#11870=CARTESIAN_POINT('',(222.050002313038,10.0750002980232,8.15));
#11871=CARTESIAN_POINT('',(222.000002313038,10.0750002980232,8.2));
#11872=CARTESIAN_POINT('Origin',(222.050002313038,9.65000029802322,8.));
#11873=CARTESIAN_POINT('',(222.050002313038,9.65000029802322,8.));
#11874=CARTESIAN_POINT('',(222.050002313038,9.65000029802322,8.));
#11875=CARTESIAN_POINT('',(222.050002313038,11.3500002980232,8.));
#11876=CARTESIAN_POINT('',(222.050002313038,10.0750002980232,8.));
#11877=CARTESIAN_POINT('',(222.050002313038,11.3500002980232,8.));
#11878=CARTESIAN_POINT('Origin',(221.750002319738,9.65000029802322,8.));
#11879=CARTESIAN_POINT('',(221.750002319738,9.65000029802322,8.));
#11880=CARTESIAN_POINT('',(221.750002319738,9.65000029802322,8.));
#11881=CARTESIAN_POINT('',(222.125002314709,9.65000029802322,8.));
#11882=CARTESIAN_POINT('Origin',(221.900002316388,10.5000002980232,8.2));
#11883=CARTESIAN_POINT('Origin',(222.575002308013,11.3000002980235,8.15));
#11884=CARTESIAN_POINT('',(222.400002313038,11.3000002980235,8.2));
#11885=CARTESIAN_POINT('',(222.600002306338,11.3000002980235,8.2));
#11886=CARTESIAN_POINT('',(222.575002308013,11.3000002980235,8.2));
#11887=CARTESIAN_POINT('',(222.650002306338,11.3500002980235,8.15));
#11888=CARTESIAN_POINT('Origin',(222.600002306338,11.3000002980235,8.15));
#11889=CARTESIAN_POINT('',(222.350002313038,11.3500002980235,8.15));
#11890=CARTESIAN_POINT('',(222.575002308013,11.3500002980235,8.15));
#11891=CARTESIAN_POINT('Origin',(222.400002313038,11.3000002980235,8.15));
#11892=CARTESIAN_POINT('Origin',(222.600002306338,10.0750002980235,8.15));
#11893=CARTESIAN_POINT('',(222.600002306338,9.70000029802352,8.2));
#11894=CARTESIAN_POINT('',(222.600002306338,10.0750002980235,8.2));
#11895=CARTESIAN_POINT('',(222.650002306338,9.65000029802352,8.15));
#11896=CARTESIAN_POINT('Origin',(222.600002306338,9.70000029802352,8.15));
#11897=CARTESIAN_POINT('',(222.650002306338,10.0750002980235,8.15));
#11898=CARTESIAN_POINT('Origin',(222.425002311363,9.70000029802351,8.15));
#11899=CARTESIAN_POINT('',(222.400002313038,9.70000029802351,8.2));
#11900=CARTESIAN_POINT('',(222.425002311363,9.70000029802351,8.2));
#11901=CARTESIAN_POINT('',(222.350002313038,9.65000029802351,8.15));
#11902=CARTESIAN_POINT('Origin',(222.400002313038,9.70000029802351,8.15));
#11903=CARTESIAN_POINT('',(222.425002311363,9.65000029802351,8.15));
#11904=CARTESIAN_POINT('Origin',(222.400002313038,10.9250002980235,8.15));
#11905=CARTESIAN_POINT('',(222.350002313038,10.9250002980235,8.15));
#11906=CARTESIAN_POINT('',(222.400002313038,10.9250002980235,8.2));
#11907=CARTESIAN_POINT('Origin',(222.350002313038,11.3500002980235,8.));
#11908=CARTESIAN_POINT('',(222.350002313038,11.3500002980235,8.));
#11909=CARTESIAN_POINT('',(222.350002313038,11.3500002980235,8.));
#11910=CARTESIAN_POINT('',(222.350002313038,9.65000029802351,8.));
#11911=CARTESIAN_POINT('',(222.350002313038,10.9250002980234,8.));
#11912=CARTESIAN_POINT('',(222.350002313038,9.65000029802351,8.));
#11913=CARTESIAN_POINT('Origin',(222.650002306338,11.3500002980235,8.));
#11914=CARTESIAN_POINT('',(222.650002306338,11.3500002980235,8.));
#11915=CARTESIAN_POINT('',(222.650002306338,11.3500002980235,8.));
#11916=CARTESIAN_POINT('',(222.575002308009,11.3500002980235,8.));
#11917=CARTESIAN_POINT('Origin',(222.500002309688,10.5000002980235,8.2));
#11918=CARTESIAN_POINT('Origin',(223.000002306338,10.9250002980232,8.15));
#11919=CARTESIAN_POINT('',(223.000002306338,9.70000029802322,8.2));
#11920=CARTESIAN_POINT('',(223.000002306338,11.3000002980232,8.2));
#11921=CARTESIAN_POINT('',(223.000002306338,10.9250002980232,8.2));
#11922=CARTESIAN_POINT('',(222.950002306338,11.3500002980232,8.15));
#11923=CARTESIAN_POINT('Origin',(223.000002306338,11.3000002980232,8.15));
#11924=CARTESIAN_POINT('',(222.950002306338,9.65000029802322,8.15));
#11925=CARTESIAN_POINT('',(222.950002306338,10.9250002980232,8.15));
#11926=CARTESIAN_POINT('Origin',(223.000002306338,9.70000029802322,8.15));
#11927=CARTESIAN_POINT('Origin',(223.175002301313,11.3000002980232,8.15));
#11928=CARTESIAN_POINT('',(223.200002299638,11.3000002980232,8.2));
#11929=CARTESIAN_POINT('',(223.175002301313,11.3000002980232,8.2));
#11930=CARTESIAN_POINT('',(223.250002299638,11.3500002980232,8.15));
#11931=CARTESIAN_POINT('Origin',(223.200002299638,11.3000002980232,8.15));
#11932=CARTESIAN_POINT('',(223.175002301313,11.3500002980232,8.15));
#11933=CARTESIAN_POINT('Origin',(223.200002299638,10.0750002980232,8.15));
#11934=CARTESIAN_POINT('',(223.200002299638,9.70000029802322,8.2));
#11935=CARTESIAN_POINT('',(223.200002299638,10.0750002980232,8.2));
#11936=CARTESIAN_POINT('',(223.250002299638,9.65000029802322,8.15));
#11937=CARTESIAN_POINT('Origin',(223.200002299638,9.70000029802322,8.15));
#11938=CARTESIAN_POINT('',(223.250002299638,10.0750002980232,8.15));
#11939=CARTESIAN_POINT('Origin',(223.025002304663,9.70000029802322,8.15));
#11940=CARTESIAN_POINT('',(223.025002304663,9.65000029802322,8.15));
#11941=CARTESIAN_POINT('',(223.025002304663,9.70000029802322,8.2));
#11942=CARTESIAN_POINT('Origin',(222.950002306338,9.65000029802322,8.));
#11943=CARTESIAN_POINT('',(222.950002306338,9.65000029802322,8.));
#11944=CARTESIAN_POINT('',(222.950002306338,9.65000029802322,8.));
#11945=CARTESIAN_POINT('',(223.250002299638,9.65000029802322,8.));
#11946=CARTESIAN_POINT('',(222.725002308009,9.65000029802322,8.));
#11947=CARTESIAN_POINT('',(223.250002299638,9.65000029802322,8.));
#11948=CARTESIAN_POINT('Origin',(222.950002306338,11.3500002980232,8.));
#11949=CARTESIAN_POINT('',(222.950002306338,11.3500002980232,8.));
#11950=CARTESIAN_POINT('',(222.950002306338,11.3500002980232,8.));
#11951=CARTESIAN_POINT('',(222.950002306338,10.9250002980232,8.));
#11952=CARTESIAN_POINT('Origin',(223.100002302988,10.5000002980232,8.2));
#11953=CARTESIAN_POINT('Origin',(221.750002319738,11.3500002980232,8.));
#11954=CARTESIAN_POINT('',(221.750002319738,11.3500002980232,8.));
#11955=CARTESIAN_POINT('',(221.750002319738,11.3500002980232,8.));
#11956=CARTESIAN_POINT('',(221.750002319738,10.9250002980232,8.));
#11957=CARTESIAN_POINT('Origin',(222.050002313038,11.3500002980232,8.));
#11958=CARTESIAN_POINT('',(222.275002311359,11.3500002980232,8.));
#11959=CARTESIAN_POINT('Origin',(222.350002313038,9.65000029802351,8.));
#11960=CARTESIAN_POINT('',(222.650002306338,9.65000029802352,8.));
#11961=CARTESIAN_POINT('',(222.425002311359,9.65000029802352,8.));
#11962=CARTESIAN_POINT('',(222.650002306338,9.65000029802352,8.));
#11963=CARTESIAN_POINT('Origin',(222.650002306338,9.65000029802352,8.));
#11964=CARTESIAN_POINT('',(222.650002306338,10.0750002980234,8.));
#11965=CARTESIAN_POINT('Origin',(223.250002299638,11.3500002980232,8.));
#11966=CARTESIAN_POINT('',(223.250002299638,11.3500002980232,8.));
#11967=CARTESIAN_POINT('',(223.250002299638,11.3500002980232,8.));
#11968=CARTESIAN_POINT('',(222.875002304659,11.3500002980232,8.));
#11969=CARTESIAN_POINT('Origin',(223.250002299638,9.65000029802322,8.));
#11970=CARTESIAN_POINT('',(223.250002299638,10.0750002980232,8.));
#11971=CARTESIAN_POINT('Origin',(222.456319716089,11.4159661598506,1.09771809446514));
#11972=CARTESIAN_POINT('',(220.75000230968,10.5000002980232,1.09771809446514));
#11973=CARTESIAN_POINT('Origin',(222.50000230968,10.5000002980232,1.09771809446514));
#11974=CARTESIAN_POINT('Ctrl Pts',(218.92500230968,10.5000002980232,6.));
#11975=CARTESIAN_POINT('Ctrl Pts',(218.92500230968,6.92500029802321,6.));
#11976=CARTESIAN_POINT('Ctrl Pts',(222.50000230968,6.92500029802321,6.));
#11977=CARTESIAN_POINT('Ctrl Pts',(226.07500230968,6.92500029802321,6.));
#11978=CARTESIAN_POINT('Ctrl Pts',(226.07500230968,10.5000002980232,6.));
#11979=CARTESIAN_POINT('Ctrl Pts',(226.07500230968,14.0750002980232,6.));
#11980=CARTESIAN_POINT('Ctrl Pts',(222.50000230968,14.0750002980232,6.));
#11981=CARTESIAN_POINT('Ctrl Pts',(218.92500230968,14.0750002980232,6.));
#11982=CARTESIAN_POINT('Ctrl Pts',(218.92500230968,10.5000002980232,6.));
#11983=CARTESIAN_POINT('Ctrl Pts',(218.92500230968,10.5000002980232,8.));
#11984=CARTESIAN_POINT('Ctrl Pts',(218.92500230968,6.92500029802321,8.));
#11985=CARTESIAN_POINT('Ctrl Pts',(222.50000230968,6.92500029802321,8.));
#11986=CARTESIAN_POINT('Ctrl Pts',(226.07500230968,6.92500029802321,8.));
#11987=CARTESIAN_POINT('Ctrl Pts',(226.07500230968,10.5000002980232,8.));
#11988=CARTESIAN_POINT('Ctrl Pts',(226.07500230968,14.0750002980232,8.));
#11989=CARTESIAN_POINT('Ctrl Pts',(222.50000230968,14.0750002980232,8.));
#11990=CARTESIAN_POINT('Ctrl Pts',(218.92500230968,14.0750002980232,8.));
#11991=CARTESIAN_POINT('Ctrl Pts',(218.92500230968,10.5000002980232,8.));
#11992=CARTESIAN_POINT('Ctrl Pts',(220.92500230968,10.5000002980232,8.));
#11993=CARTESIAN_POINT('Ctrl Pts',(220.92500230968,8.9250002980232,8.));
#11994=CARTESIAN_POINT('Ctrl Pts',(222.50000230968,8.9250002980232,8.));
#11995=CARTESIAN_POINT('Ctrl Pts',(224.07500230968,8.9250002980232,8.));
#11996=CARTESIAN_POINT('Ctrl Pts',(224.07500230968,10.5000002980232,8.));
#11997=CARTESIAN_POINT('Ctrl Pts',(224.07500230968,12.0750002980233,8.));
#11998=CARTESIAN_POINT('Ctrl Pts',(222.50000230968,12.0750002980233,8.));
#11999=CARTESIAN_POINT('Ctrl Pts',(220.92500230968,12.0750002980233,8.));
#12000=CARTESIAN_POINT('Ctrl Pts',(220.92500230968,10.5000002980232,8.));
#12001=CARTESIAN_POINT('',(220.92500230968,10.5000002980232,8.));
#12002=CARTESIAN_POINT('Origin',(222.50000230968,10.5000002980232,8.));
#12003=CARTESIAN_POINT('',(218.92500230968,10.5000002980232,6.));
#12004=CARTESIAN_POINT('Origin',(220.92500230968,10.5000002980232,6.));
#12005=CARTESIAN_POINT('Origin',(222.50000230968,10.5000002980232,6.));
#12006=CARTESIAN_POINT('Origin',(222.50000230968,10.5000002980232,-5.));
#12007=CARTESIAN_POINT('',(218.92500230968,10.5000002980232,-4.));
#12008=CARTESIAN_POINT('',(218.92500230968,10.5000002980232,-5.));
#12009=CARTESIAN_POINT('Origin',(222.50000230968,10.5000002980232,-4.));
#12010=CARTESIAN_POINT('Origin',(222.50000230968,10.5000002980232,8.));
#12011=CARTESIAN_POINT('Origin',(222.50000230968,10.5000002980232,-5.));
#12012=CARTESIAN_POINT('',(220.75000230968,10.5000002980232,-5.));
#12013=CARTESIAN_POINT('Origin',(222.50000230968,10.5000002980232,-5.));
#12014=CARTESIAN_POINT('',(220.75000230968,10.5000002980232,-5.));
#12015=CARTESIAN_POINT('Origin',(222.50000230968,10.5000002980232,-5.));
#12016=CARTESIAN_POINT('',(217.50000230968,10.5000002980232,-4.));
#12017=CARTESIAN_POINT('Origin',(222.50000230968,10.5000002980232,-4.));
#12018=CARTESIAN_POINT('',(217.50000230968,10.5000002980232,-5.));
#12019=CARTESIAN_POINT('',(217.50000230968,10.5000002980232,-5.));
#12020=CARTESIAN_POINT('Origin',(222.50000230968,10.5000002980232,-5.));
#12021=CARTESIAN_POINT('Origin',(222.50000230968,10.5000002980232,-4.));
#12022=CARTESIAN_POINT('Origin',(222.50000230968,10.5000002980232,-5.));
#12023=CARTESIAN_POINT('Origin',(215.57500230968,18.6139531075913,8.15));
#12024=CARTESIAN_POINT('',(213.936604850059,18.6139531075913,8.2));
#12025=CARTESIAN_POINT('',(216.063399769302,18.6139531075913,8.2));
#12026=CARTESIAN_POINT('',(215.57500230968,18.6139531075913,8.2));
#12027=CARTESIAN_POINT('',(216.15000230968,18.6639531075913,8.15));
#12028=CARTESIAN_POINT('Origin',(216.063399769302,18.6139531075913,8.15));
#12029=CARTESIAN_POINT('',(213.85000230968,18.6639531075913,8.15));
#12030=CARTESIAN_POINT('',(215.57500230968,18.6639531075913,8.15));
#12031=CARTESIAN_POINT('Origin',(213.936604850059,18.6139531075913,8.15));
#12032=CARTESIAN_POINT('Origin',(215.172326039491,17.0705681342691,8.15));
#12033=CARTESIAN_POINT('',(215.00000230968,16.7720946788871,8.2));
#12034=CARTESIAN_POINT('',(215.172326039491,17.0705681342691,8.2));
#12035=CARTESIAN_POINT('',(215.00000230968,16.6720946788871,8.15));
#12036=CARTESIAN_POINT('Origin',(215.00000230968,16.7720946788871,8.15));
#12037=CARTESIAN_POINT('',(215.21562730968,17.0455681342691,8.15));
#12038=CARTESIAN_POINT('Origin',(214.252678579869,18.0664973486212,8.15));
#12039=CARTESIAN_POINT('',(214.20937730968,18.0414973486212,8.15));
#12040=CARTESIAN_POINT('',(214.252678579869,18.0664973486212,8.2));
#12041=CARTESIAN_POINT('Origin',(213.85000230968,18.6639531075913,8.));
#12042=CARTESIAN_POINT('',(213.85000230968,18.6639531075913,8.));
#12043=CARTESIAN_POINT('',(213.85000230968,18.6639531075913,8.));
#12044=CARTESIAN_POINT('',(215.00000230968,16.6720946788871,8.));
#12045=CARTESIAN_POINT('',(214.13750230968,18.1659885004153,8.));
#12046=CARTESIAN_POINT('',(215.00000230968,16.6720946788871,8.));
#12047=CARTESIAN_POINT('Origin',(216.15000230968,18.6639531075913,8.));
#12048=CARTESIAN_POINT('',(216.15000230968,18.6639531075913,8.));
#12049=CARTESIAN_POINT('',(216.15000230968,18.6639531075913,8.));
#12050=CARTESIAN_POINT('',(215.57500230968,18.6639531075913,8.));
#12051=CARTESIAN_POINT('Origin',(215.00000230968,17.6680238932392,8.2));
#12052=CARTESIAN_POINT('Origin',(215.00000230968,16.6720946788871,8.));
#12053=CARTESIAN_POINT('',(215.28750230968,17.1700592860631,8.));
#12054=CARTESIAN_POINT('Origin',(214.956707479144,18.9922308008357,1.09771809446501));
#12055=CARTESIAN_POINT('',(213.25000230968,18.0000002980232,1.09771809446501));
#12056=CARTESIAN_POINT('Origin',(215.00000230968,18.0000002980232,1.09771809446501));
#12057=CARTESIAN_POINT('Ctrl Pts',(211.42500230968,18.0000002980232,6.));
#12058=CARTESIAN_POINT('Ctrl Pts',(211.42500230968,14.4250002980232,6.));
#12059=CARTESIAN_POINT('Ctrl Pts',(215.00000230968,14.4250002980232,6.));
#12060=CARTESIAN_POINT('Ctrl Pts',(218.57500230968,14.4250002980232,6.));
#12061=CARTESIAN_POINT('Ctrl Pts',(218.57500230968,18.0000002980232,6.));
#12062=CARTESIAN_POINT('Ctrl Pts',(218.57500230968,21.5750002980232,6.));
#12063=CARTESIAN_POINT('Ctrl Pts',(215.00000230968,21.5750002980232,6.));
#12064=CARTESIAN_POINT('Ctrl Pts',(211.42500230968,21.5750002980232,6.));
#12065=CARTESIAN_POINT('Ctrl Pts',(211.42500230968,18.0000002980232,6.));
#12066=CARTESIAN_POINT('Ctrl Pts',(211.42500230968,18.0000002980232,8.));
#12067=CARTESIAN_POINT('Ctrl Pts',(211.42500230968,14.4250002980232,8.));
#12068=CARTESIAN_POINT('Ctrl Pts',(215.00000230968,14.4250002980232,8.));
#12069=CARTESIAN_POINT('Ctrl Pts',(218.57500230968,14.4250002980232,8.));
#12070=CARTESIAN_POINT('Ctrl Pts',(218.57500230968,18.0000002980232,8.));
#12071=CARTESIAN_POINT('Ctrl Pts',(218.57500230968,21.5750002980232,8.));
#12072=CARTESIAN_POINT('Ctrl Pts',(215.00000230968,21.5750002980232,8.));
#12073=CARTESIAN_POINT('Ctrl Pts',(211.42500230968,21.5750002980232,8.));
#12074=CARTESIAN_POINT('Ctrl Pts',(211.42500230968,18.0000002980232,8.));
#12075=CARTESIAN_POINT('Ctrl Pts',(213.42500230968,18.0000002980232,8.));
#12076=CARTESIAN_POINT('Ctrl Pts',(213.42500230968,16.4250002980232,8.));
#12077=CARTESIAN_POINT('Ctrl Pts',(215.00000230968,16.4250002980232,8.));
#12078=CARTESIAN_POINT('Ctrl Pts',(216.57500230968,16.4250002980232,8.));
#12079=CARTESIAN_POINT('Ctrl Pts',(216.57500230968,18.0000002980232,8.));
#12080=CARTESIAN_POINT('Ctrl Pts',(216.57500230968,19.5750002980233,8.));
#12081=CARTESIAN_POINT('Ctrl Pts',(215.00000230968,19.5750002980233,8.));
#12082=CARTESIAN_POINT('Ctrl Pts',(213.42500230968,19.5750002980233,8.));
#12083=CARTESIAN_POINT('Ctrl Pts',(213.42500230968,18.0000002980232,8.));
#12084=CARTESIAN_POINT('',(213.42500230968,18.0000002980232,8.));
#12085=CARTESIAN_POINT('Origin',(215.00000230968,18.0000002980232,8.));
#12086=CARTESIAN_POINT('',(211.42500230968,18.0000002980232,6.));
#12087=CARTESIAN_POINT('Origin',(213.42500230968,18.0000002980232,6.));
#12088=CARTESIAN_POINT('Origin',(215.00000230968,18.0000002980232,6.));
#12089=CARTESIAN_POINT('Origin',(215.00000230968,18.0000002980232,-5.));
#12090=CARTESIAN_POINT('',(211.42500230968,18.0000002980232,-4.));
#12091=CARTESIAN_POINT('',(211.42500230968,18.0000002980232,-5.));
#12092=CARTESIAN_POINT('Origin',(215.00000230968,18.0000002980232,-4.));
#12093=CARTESIAN_POINT('Origin',(215.00000230968,18.0000002980232,8.));
#12094=CARTESIAN_POINT('Origin',(215.00000230968,18.0000002980232,-5.));
#12095=CARTESIAN_POINT('',(213.25000230968,18.0000002980232,-5.));
#12096=CARTESIAN_POINT('Origin',(215.00000230968,18.0000002980232,-5.));
#12097=CARTESIAN_POINT('',(213.25000230968,18.0000002980232,-5.));
#12098=CARTESIAN_POINT('Origin',(215.00000230968,18.0000002980232,-5.));
#12099=CARTESIAN_POINT('',(210.00000230968,18.0000002980232,-4.));
#12100=CARTESIAN_POINT('Origin',(215.00000230968,18.0000002980232,-4.));
#12101=CARTESIAN_POINT('',(210.00000230968,18.0000002980232,-5.));
#12102=CARTESIAN_POINT('',(210.00000230968,18.0000002980232,-5.));
#12103=CARTESIAN_POINT('Origin',(215.00000230968,18.0000002980232,-5.));
#12104=CARTESIAN_POINT('Origin',(215.00000230968,18.0000002980232,-4.));
#12105=CARTESIAN_POINT('Origin',(215.00000230968,18.0000002980232,-5.));
#12106=CARTESIAN_POINT('',(0.,0.,0.));
#12107=CARTESIAN_POINT('',(0.,0.,0.));
#12108=CARTESIAN_POINT('Origin',(-2.,-0.25,7.));
#12109=CARTESIAN_POINT('',(2.,-0.25,7.));
#12110=CARTESIAN_POINT('',(-2.,-0.25,7.));
#12111=CARTESIAN_POINT('',(-1.,-0.25,7.));
#12112=CARTESIAN_POINT('',(2.,-0.25,7.2));
#12113=CARTESIAN_POINT('',(2.,-0.25,7.));
#12114=CARTESIAN_POINT('',(-2.,-0.25,7.2));
#12115=CARTESIAN_POINT('',(-2.,-0.25,7.2));
#12116=CARTESIAN_POINT('',(-2.,-0.25,7.));
#12117=CARTESIAN_POINT('Origin',(-2.,0.25,7.));
#12118=CARTESIAN_POINT('',(-2.,0.25,7.));
#12119=CARTESIAN_POINT('',(-2.,0.125,7.));
#12120=CARTESIAN_POINT('',(-2.,0.25,7.2));
#12121=CARTESIAN_POINT('',(-2.,0.25,7.2));
#12122=CARTESIAN_POINT('',(-2.,0.25,7.));
#12123=CARTESIAN_POINT('Origin',(2.,0.25,7.));
#12124=CARTESIAN_POINT('',(2.,0.25,7.));
#12125=CARTESIAN_POINT('',(1.,0.25,7.));
#12126=CARTESIAN_POINT('',(2.,0.25,7.2));
#12127=CARTESIAN_POINT('',(2.,0.25,7.2));
#12128=CARTESIAN_POINT('',(2.,0.25,7.));
#12129=CARTESIAN_POINT('Origin',(2.,-0.25,7.));
#12130=CARTESIAN_POINT('',(2.,-0.125,7.));
#12131=CARTESIAN_POINT('',(2.,-0.25,7.2));
#12132=CARTESIAN_POINT('Origin',(5.55111512312578E-16,-3.46944695195361E-17,
7.2));
#12133=CARTESIAN_POINT('Origin',(0.,0.,0.));
#12134=CARTESIAN_POINT('',(-1.7,2.0818995585505E-16,0.));
#12135=CARTESIAN_POINT('Origin',(0.,0.,0.));
#12136=CARTESIAN_POINT('',(-1.7,2.0818995585505E-16,2.5));
#12137=CARTESIAN_POINT('',(-1.7,-2.0818995585505E-16,0.));
#12138=CARTESIAN_POINT('Origin',(0.,0.,2.5));
#12139=CARTESIAN_POINT('Origin',(0.,0.,2.5));
#12140=CARTESIAN_POINT('Origin',(0.,0.,6.));
#12141=CARTESIAN_POINT('',(-2.575,-3.15346550780444E-16,7.));
#12142=CARTESIAN_POINT('Origin',(0.,0.,7.));
#12143=CARTESIAN_POINT('',(-3.575,-4.37811230695179E-16,6.));
#12144=CARTESIAN_POINT('Origin',(-2.575,-3.15346550780444E-16,6.));
#12145=CARTESIAN_POINT('',(3.575,4.37811230695179E-16,6.));
#12146=CARTESIAN_POINT('Origin',(0.,0.,6.));
#12147=CARTESIAN_POINT('Origin',(0.,0.,6.));
#12148=CARTESIAN_POINT('Origin',(0.,0.,1.));
#12149=CARTESIAN_POINT('',(3.575,4.37811230695179E-16,1.));
#12150=CARTESIAN_POINT('',(3.575,4.37811230695179E-16,1.));
#12151=CARTESIAN_POINT('Origin',(0.,0.,1.));
#12152=CARTESIAN_POINT('Origin',(0.,0.,7.));
#12153=CARTESIAN_POINT('Origin',(0.,0.,0.));
#12154=CARTESIAN_POINT('',(-5.,-6.12323399573677E-16,1.));
#12155=CARTESIAN_POINT('Origin',(0.,0.,1.));
#12156=CARTESIAN_POINT('',(-5.,-6.12323399573677E-16,0.));
#12157=CARTESIAN_POINT('',(-5.,-6.12323399573677E-16,0.));
#12158=CARTESIAN_POINT('Origin',(0.,0.,0.));
#12159=CARTESIAN_POINT('Origin',(0.,0.,1.));
#12160=CARTESIAN_POINT('Origin',(0.,0.,0.));
#12161=CARTESIAN_POINT('',(0.,0.,0.));
#12162=CARTESIAN_POINT('Origin',(-0.249999999999999,-1.99999999999998,7.));
#12163=CARTESIAN_POINT('',(0.249999999999999,-1.99999999999998,7.));
#12164=CARTESIAN_POINT('',(-0.249999999999999,-1.99999999999998,7.));
#12165=CARTESIAN_POINT('',(-0.125,-1.99999999999998,7.));
#12166=CARTESIAN_POINT('',(0.249999999999999,-1.99999999999998,7.2));
#12167=CARTESIAN_POINT('',(0.249999999999999,-1.99999999999998,7.));
#12168=CARTESIAN_POINT('',(-0.249999999999999,-1.99999999999998,7.2));
#12169=CARTESIAN_POINT('',(-0.249999999999999,-1.99999999999998,7.2));
#12170=CARTESIAN_POINT('',(-0.249999999999999,-1.99999999999998,7.));
#12171=CARTESIAN_POINT('Origin',(-0.250000000000001,-0.25,7.));
#12172=CARTESIAN_POINT('',(-0.250000000000001,-0.25,7.));
#12173=CARTESIAN_POINT('',(-0.250000000000001,-0.125,7.));
#12174=CARTESIAN_POINT('',(-0.250000000000001,-0.25,7.2));
#12175=CARTESIAN_POINT('',(-0.250000000000004,2.00000000000002,7.2));
#12176=CARTESIAN_POINT('',(-0.250000000000001,-0.25,7.));
#12177=CARTESIAN_POINT('Origin',(-2.,-0.25,7.));
#12178=CARTESIAN_POINT('',(-2.,-0.25,7.));
#12179=CARTESIAN_POINT('',(-1.,-0.25,7.));
#12180=CARTESIAN_POINT('',(-2.,-0.25,7.2));
#12181=CARTESIAN_POINT('',(-2.,-0.25,7.2));
#12182=CARTESIAN_POINT('',(-2.,-0.25,7.));
#12183=CARTESIAN_POINT('Origin',(-2.,0.25,7.));
#12184=CARTESIAN_POINT('',(-2.,0.25,7.));
#12185=CARTESIAN_POINT('',(-2.,0.125,7.));
#12186=CARTESIAN_POINT('',(-2.,0.25,7.2));
#12187=CARTESIAN_POINT('',(-2.,0.25,7.2));
#12188=CARTESIAN_POINT('',(-2.,0.25,7.));
#12189=CARTESIAN_POINT('Origin',(-0.250000000000002,0.25,7.));
#12190=CARTESIAN_POINT('',(-0.250000000000001,0.25,7.));
#12191=CARTESIAN_POINT('',(-0.125000000000001,0.25,7.));
#12192=CARTESIAN_POINT('',(-0.250000000000001,0.25,7.2));
#12193=CARTESIAN_POINT('',(2.,0.25,7.2));
#12194=CARTESIAN_POINT('',(-0.250000000000001,0.25,7.));
#12195=CARTESIAN_POINT('Origin',(-0.250000000000004,2.00000000000002,7.));
#12196=CARTESIAN_POINT('',(-0.250000000000004,2.00000000000002,7.));
#12197=CARTESIAN_POINT('',(-0.250000000000002,1.00000000000001,7.));
#12198=CARTESIAN_POINT('',(-0.250000000000004,2.00000000000002,7.2));
#12199=CARTESIAN_POINT('',(-0.250000000000004,2.00000000000002,7.2));
#12200=CARTESIAN_POINT('',(-0.250000000000004,2.00000000000002,7.));
#12201=CARTESIAN_POINT('Origin',(0.249999999999999,2.00000000000002,7.));
#12202=CARTESIAN_POINT('',(0.249999999999999,2.00000000000002,7.));
#12203=CARTESIAN_POINT('',(0.124999999999999,2.00000000000002,7.));
#12204=CARTESIAN_POINT('',(0.249999999999999,2.00000000000002,7.2));
#12205=CARTESIAN_POINT('',(0.249999999999999,2.00000000000002,7.2));
#12206=CARTESIAN_POINT('',(0.249999999999999,2.00000000000002,7.));
#12207=CARTESIAN_POINT('Origin',(0.249999999999999,0.25,7.));
#12208=CARTESIAN_POINT('',(0.249999999999999,0.25,7.));
#12209=CARTESIAN_POINT('',(0.249999999999999,0.125,7.));
#12210=CARTESIAN_POINT('',(0.249999999999999,0.25,7.2));
#12211=CARTESIAN_POINT('',(0.249999999999999,-1.99999999999998,7.2));
#12212=CARTESIAN_POINT('',(0.249999999999999,0.25,7.));
#12213=CARTESIAN_POINT('Origin',(2.,0.25,7.));
#12214=CARTESIAN_POINT('',(2.,0.25,7.));
#12215=CARTESIAN_POINT('',(1.,0.25,7.));
#12216=CARTESIAN_POINT('',(2.,0.25,7.2));
#12217=CARTESIAN_POINT('',(2.,0.25,7.2));
#12218=CARTESIAN_POINT('',(2.,0.25,7.));
#12219=CARTESIAN_POINT('Origin',(2.,-0.25,7.));
#12220=CARTESIAN_POINT('',(2.,-0.25,7.));
#12221=CARTESIAN_POINT('',(2.,-0.125,7.));
#12222=CARTESIAN_POINT('',(2.,-0.25,7.2));
#12223=CARTESIAN_POINT('',(2.,-0.25,7.2));
#12224=CARTESIAN_POINT('',(2.,-0.25,7.));
#12225=CARTESIAN_POINT('Origin',(0.249999999999999,-0.25,7.));
#12226=CARTESIAN_POINT('',(0.249999999999999,-0.25,7.));
#12227=CARTESIAN_POINT('',(0.125,-0.25,7.));
#12228=CARTESIAN_POINT('',(0.249999999999999,-0.25,7.2));
#12229=CARTESIAN_POINT('',(-2.,-0.25,7.2));
#12230=CARTESIAN_POINT('',(0.249999999999999,-0.25,7.));
#12231=CARTESIAN_POINT('Origin',(0.249999999999999,-1.99999999999998,7.));
#12232=CARTESIAN_POINT('',(0.249999999999999,-0.999999999999992,7.));
#12233=CARTESIAN_POINT('',(0.249999999999999,-1.99999999999998,7.2));
#12234=CARTESIAN_POINT('Origin',(0.,1.60982338570648E-14,7.2));
#12235=CARTESIAN_POINT('Origin',(0.,0.,0.));
#12236=CARTESIAN_POINT('',(-1.7,2.0818995585505E-16,0.));
#12237=CARTESIAN_POINT('Origin',(0.,0.,0.));
#12238=CARTESIAN_POINT('',(-1.7,2.0818995585505E-16,2.5));
#12239=CARTESIAN_POINT('',(-1.7,-2.0818995585505E-16,0.));
#12240=CARTESIAN_POINT('Origin',(0.,0.,2.5));
#12241=CARTESIAN_POINT('Origin',(0.,0.,2.5));
#12242=CARTESIAN_POINT('Origin',(0.,0.,6.));
#12243=CARTESIAN_POINT('',(-2.575,-3.15346550780444E-16,7.));
#12244=CARTESIAN_POINT('Origin',(0.,0.,7.));
#12245=CARTESIAN_POINT('',(-3.575,-4.37811230695179E-16,6.));
#12246=CARTESIAN_POINT('Origin',(-2.575,-3.15346550780444E-16,6.));
#12247=CARTESIAN_POINT('',(3.575,4.37811230695179E-16,6.));
#12248=CARTESIAN_POINT('Origin',(0.,0.,6.));
#12249=CARTESIAN_POINT('Origin',(0.,0.,6.));
#12250=CARTESIAN_POINT('Origin',(0.,0.,1.));
#12251=CARTESIAN_POINT('',(3.575,4.37811230695179E-16,1.));
#12252=CARTESIAN_POINT('',(3.575,4.37811230695179E-16,1.));
#12253=CARTESIAN_POINT('Origin',(0.,0.,1.));
#12254=CARTESIAN_POINT('Origin',(0.,0.,7.));
#12255=CARTESIAN_POINT('Origin',(0.,0.,0.));
#12256=CARTESIAN_POINT('',(-5.,-6.12323399573677E-16,1.));
#12257=CARTESIAN_POINT('Origin',(0.,0.,1.));
#12258=CARTESIAN_POINT('',(-5.,-6.12323399573677E-16,0.));
#12259=CARTESIAN_POINT('',(-5.,-6.12323399573677E-16,0.));
#12260=CARTESIAN_POINT('Origin',(0.,0.,0.));
#12261=CARTESIAN_POINT('Origin',(0.,0.,1.));
#12262=CARTESIAN_POINT('Origin',(0.,0.,0.));
#12263=CARTESIAN_POINT('',(0.,0.,0.));
#12264=CARTESIAN_POINT('Origin',(-0.249999999999999,1.87500000000003,7.));
#12265=CARTESIAN_POINT('',(-0.249999999999999,3.3584246494911E-14,7.));
#12266=CARTESIAN_POINT('',(-0.249999999999999,1.87500000000003,7.));
#12267=CARTESIAN_POINT('',(-0.249999999999999,0.937500000000017,7.));
#12268=CARTESIAN_POINT('',(-0.249999999999999,3.3584246494911E-14,7.2));
#12269=CARTESIAN_POINT('',(-0.249999999999999,3.3584246494911E-14,7.));
#12270=CARTESIAN_POINT('',(-0.249999999999999,1.87500000000003,7.2));
#12271=CARTESIAN_POINT('',(-0.249999999999999,1.87500000000003,7.2));
#12272=CARTESIAN_POINT('',(-0.249999999999999,1.87500000000003,7.));
#12273=CARTESIAN_POINT('Origin',(0.249999999999999,1.87500000000003,7.));
#12274=CARTESIAN_POINT('',(0.249999999999999,1.87500000000003,7.));
#12275=CARTESIAN_POINT('',(0.125,1.87500000000003,7.));
#12276=CARTESIAN_POINT('',(0.249999999999999,1.87500000000003,7.2));
#12277=CARTESIAN_POINT('',(0.249999999999999,1.87500000000003,7.2));
#12278=CARTESIAN_POINT('',(0.249999999999999,1.87500000000003,7.));
#12279=CARTESIAN_POINT('Origin',(0.250000000000001,3.33066907387547E-14,
7.));
#12280=CARTESIAN_POINT('',(0.250000000000004,3.33066907387547E-14,7.));
#12281=CARTESIAN_POINT('',(0.250000000000001,1.6801375105994E-14,7.));
#12282=CARTESIAN_POINT('',(0.250000000000004,3.33066907387547E-14,7.2));
#12283=CARTESIAN_POINT('',(0.250000000000004,-1.87499999999997,7.2));
#12284=CARTESIAN_POINT('',(0.250000000000004,3.33066907387547E-14,7.));
#12285=CARTESIAN_POINT('Origin',(-0.249999999999999,3.3584246494911E-14,
7.));
#12286=CARTESIAN_POINT('',(-0.125,3.35148575558719E-14,7.));
#12287=CARTESIAN_POINT('',(-0.249999999999999,3.3584246494911E-14,7.2));
#12288=CARTESIAN_POINT('Origin',(0.,0.937500000000033,7.2));
#12289=CARTESIAN_POINT('Origin',(-0.625000000000003,1.08253175473055,7.));
#12290=CARTESIAN_POINT('',(-0.875000000000004,1.51554445662277,7.));
#12291=CARTESIAN_POINT('',(-0.625000000000004,1.08253175473055,7.));
#12292=CARTESIAN_POINT('',(-0.312500000000002,0.541265877365274,7.));
#12293=CARTESIAN_POINT('',(-0.875000000000004,1.51554445662277,7.2));
#12294=CARTESIAN_POINT('',(-0.875000000000004,1.51554445662277,7.));
#12295=CARTESIAN_POINT('',(-0.625000000000004,1.08253175473055,7.2));
#12296=CARTESIAN_POINT('',(0.,0.,7.2));
#12297=CARTESIAN_POINT('',(-0.625000000000004,1.08253175473055,7.));
#12298=CARTESIAN_POINT('Origin',(0.,0.,7.));
#12299=CARTESIAN_POINT('',(0.625,1.08253175473055,7.));
#12300=CARTESIAN_POINT('Origin',(0.,0.,7.));
#12301=CARTESIAN_POINT('',(0.625,1.08253175473055,7.2));
#12302=CARTESIAN_POINT('Origin',(0.,0.,7.2));
#12303=CARTESIAN_POINT('',(0.625,1.08253175473055,7.));
#12304=CARTESIAN_POINT('Origin',(0.874999999999999,1.51554445662277,7.));
#12305=CARTESIAN_POINT('',(0.874999999999999,1.51554445662277,7.));
#12306=CARTESIAN_POINT('',(0.4375,0.757772228311383,7.));
#12307=CARTESIAN_POINT('',(0.874999999999999,1.51554445662277,7.2));
#12308=CARTESIAN_POINT('',(0.,0.,7.2));
#12309=CARTESIAN_POINT('',(0.874999999999999,1.51554445662277,7.));
#12310=CARTESIAN_POINT('Origin',(0.,0.,7.));
#12311=CARTESIAN_POINT('Origin',(0.,0.,7.));
#12312=CARTESIAN_POINT('Origin',(0.,0.,7.2));
#12313=CARTESIAN_POINT('Origin',(0.,-0.117227771688616,7.2));
#12314=CARTESIAN_POINT('Origin',(0.,0.,0.));
#12315=CARTESIAN_POINT('',(-1.7,2.0818995585505E-16,0.));
#12316=CARTESIAN_POINT('Origin',(0.,0.,0.));
#12317=CARTESIAN_POINT('',(-1.7,2.0818995585505E-16,2.5));
#12318=CARTESIAN_POINT('',(-1.7,-2.0818995585505E-16,0.));
#12319=CARTESIAN_POINT('Origin',(0.,0.,2.5));
#12320=CARTESIAN_POINT('Origin',(0.,0.,2.5));
#12321=CARTESIAN_POINT('Origin',(0.,0.,6.));
#12322=CARTESIAN_POINT('',(-2.575,-3.15346550780444E-16,7.));
#12323=CARTESIAN_POINT('Origin',(0.,0.,7.));
#12324=CARTESIAN_POINT('',(-3.575,-4.37811230695179E-16,6.));
#12325=CARTESIAN_POINT('Origin',(-2.575,-3.15346550780444E-16,6.));
#12326=CARTESIAN_POINT('',(3.575,4.37811230695179E-16,6.));
#12327=CARTESIAN_POINT('Origin',(0.,0.,6.));
#12328=CARTESIAN_POINT('Origin',(0.,0.,6.));
#12329=CARTESIAN_POINT('Origin',(0.,0.,1.));
#12330=CARTESIAN_POINT('',(3.575,4.37811230695179E-16,1.));
#12331=CARTESIAN_POINT('',(3.575,4.37811230695179E-16,1.));
#12332=CARTESIAN_POINT('Origin',(0.,0.,1.));
#12333=CARTESIAN_POINT('Origin',(0.,0.,7.));
#12334=CARTESIAN_POINT('Origin',(0.,0.,0.));
#12335=CARTESIAN_POINT('',(-5.,-6.12323399573677E-16,1.));
#12336=CARTESIAN_POINT('Origin',(0.,0.,1.));
#12337=CARTESIAN_POINT('',(-5.,-6.12323399573677E-16,0.));
#12338=CARTESIAN_POINT('',(-5.,-6.12323399573677E-16,0.));
#12339=CARTESIAN_POINT('Origin',(0.,0.,0.));
#12340=CARTESIAN_POINT('Origin',(0.,0.,1.));
#12341=CARTESIAN_POINT('Origin',(0.,0.,0.));
#12342=CARTESIAN_POINT('',(0.,0.,0.));
#12343=CARTESIAN_POINT('',(12.,0.,0.));
#12344=CARTESIAN_POINT('',(25.,0.,0.));
#12345=CARTESIAN_POINT('',(-157.,1.47911419728936E-30,-22.));
#12346=CARTESIAN_POINT('',(-180.,9.,5.));
#12347=CARTESIAN_POINT('',(-165.,-115.,-5.));
#12348=CARTESIAN_POINT('',(-166.,-136.,-6.));
#12349=CARTESIAN_POINT('',(-209.,-19.,5.));
#12350=CARTESIAN_POINT('',(2.,-25.,0.));
#12351=UNCERTAINTY_MEASURE_WITH_UNIT(LENGTH_MEASURE(0.01),#12371,
'DISTANCE_ACCURACY_VALUE',
'Maximum model space distance between geometric entities at asserted c
onnectivities');
#12352=UNCERTAINTY_MEASURE_WITH_UNIT(LENGTH_MEASURE(0.01),#12371,
'DISTANCE_ACCURACY_VALUE',
'Maximum model space distance between geometric entities at asserted c
onnectivities');
#12353=UNCERTAINTY_MEASURE_WITH_UNIT(LENGTH_MEASURE(0.01),#12371,
'DISTANCE_ACCURACY_VALUE',
'Maximum model space distance between geometric entities at asserted c
onnectivities');
#12354=UNCERTAINTY_MEASURE_WITH_UNIT(LENGTH_MEASURE(0.01),#12371,
'DISTANCE_ACCURACY_VALUE',
'Maximum model space distance between geometric entities at asserted c
onnectivities');
#12355=UNCERTAINTY_MEASURE_WITH_UNIT(LENGTH_MEASURE(0.01),#12371,
'DISTANCE_ACCURACY_VALUE',
'Maximum model space distance between geometric entities at asserted c
onnectivities');
#12356=UNCERTAINTY_MEASURE_WITH_UNIT(LENGTH_MEASURE(0.01),#12371,
'DISTANCE_ACCURACY_VALUE',
'Maximum model space distance between geometric entities at asserted c
onnectivities');
#12357=UNCERTAINTY_MEASURE_WITH_UNIT(LENGTH_MEASURE(0.01),#12371,
'DISTANCE_ACCURACY_VALUE',
'Maximum model space distance between geometric entities at asserted c
onnectivities');
#12358=UNCERTAINTY_MEASURE_WITH_UNIT(LENGTH_MEASURE(0.01),#12371,
'DISTANCE_ACCURACY_VALUE',
'Maximum model space distance between geometric entities at asserted c
onnectivities');
#12359=UNCERTAINTY_MEASURE_WITH_UNIT(LENGTH_MEASURE(0.01),#12371,
'DISTANCE_ACCURACY_VALUE',
'Maximum model space distance between geometric entities at asserted c
onnectivities');
#12360=UNCERTAINTY_MEASURE_WITH_UNIT(LENGTH_MEASURE(0.01),#12371,
'DISTANCE_ACCURACY_VALUE',
'Maximum model space distance between geometric entities at asserted c
onnectivities');
#12361=(
GEOMETRIC_REPRESENTATION_CONTEXT(3)
GLOBAL_UNCERTAINTY_ASSIGNED_CONTEXT((#12351))
GLOBAL_UNIT_ASSIGNED_CONTEXT((#12371,#12373,#12374))
REPRESENTATION_CONTEXT('','3D')
);
#12362=(
GEOMETRIC_REPRESENTATION_CONTEXT(3)
GLOBAL_UNCERTAINTY_ASSIGNED_CONTEXT((#12352))
GLOBAL_UNIT_ASSIGNED_CONTEXT((#12371,#12373,#12374))
REPRESENTATION_CONTEXT('','3D')
);
#12363=(
GEOMETRIC_REPRESENTATION_CONTEXT(3)
GLOBAL_UNCERTAINTY_ASSIGNED_CONTEXT((#12353))
GLOBAL_UNIT_ASSIGNED_CONTEXT((#12371,#12373,#12374))
REPRESENTATION_CONTEXT('','3D')
);
#12364=(
GEOMETRIC_REPRESENTATION_CONTEXT(3)
GLOBAL_UNCERTAINTY_ASSIGNED_CONTEXT((#12354))
GLOBAL_UNIT_ASSIGNED_CONTEXT((#12371,#12373,#12374))
REPRESENTATION_CONTEXT('','3D')
);
#12365=(
GEOMETRIC_REPRESENTATION_CONTEXT(3)
GLOBAL_UNCERTAINTY_ASSIGNED_CONTEXT((#12355))
GLOBAL_UNIT_ASSIGNED_CONTEXT((#12371,#12373,#12374))
REPRESENTATION_CONTEXT('','3D')
);
#12366=(
GEOMETRIC_REPRESENTATION_CONTEXT(3)
GLOBAL_UNCERTAINTY_ASSIGNED_CONTEXT((#12356))
GLOBAL_UNIT_ASSIGNED_CONTEXT((#12371,#12373,#12374))
REPRESENTATION_CONTEXT('','3D')
);
#12367=(
GEOMETRIC_REPRESENTATION_CONTEXT(3)
GLOBAL_UNCERTAINTY_ASSIGNED_CONTEXT((#12357))
GLOBAL_UNIT_ASSIGNED_CONTEXT((#12371,#12373,#12374))
REPRESENTATION_CONTEXT('','3D')
);
#12368=(
GEOMETRIC_REPRESENTATION_CONTEXT(3)
GLOBAL_UNCERTAINTY_ASSIGNED_CONTEXT((#12358))
GLOBAL_UNIT_ASSIGNED_CONTEXT((#12371,#12373,#12374))
REPRESENTATION_CONTEXT('','3D')
);
#12369=(
GEOMETRIC_REPRESENTATION_CONTEXT(3)
GLOBAL_UNCERTAINTY_ASSIGNED_CONTEXT((#12359))
GLOBAL_UNIT_ASSIGNED_CONTEXT((#12371,#12373,#12374))
REPRESENTATION_CONTEXT('','3D')
);
#12370=(
GEOMETRIC_REPRESENTATION_CONTEXT(3)
GLOBAL_UNCERTAINTY_ASSIGNED_CONTEXT((#12360))
GLOBAL_UNIT_ASSIGNED_CONTEXT((#12371,#12373,#12374))
REPRESENTATION_CONTEXT('','3D')
);
#12371=(
LENGTH_UNIT()
NAMED_UNIT(*)
SI_UNIT(.MILLI.,.METRE.)
);
#12372=(
LENGTH_UNIT()
NAMED_UNIT(*)
SI_UNIT($,.METRE.)
);
#12373=(
NAMED_UNIT(*)
PLANE_ANGLE_UNIT()
SI_UNIT($,.RADIAN.)
);
#12374=(
NAMED_UNIT(*)
SI_UNIT($,.STERADIAN.)
SOLID_ANGLE_UNIT()
);
#12375=SHAPE_DEFINITION_REPRESENTATION(#12384,#12402);
#12376=SHAPE_DEFINITION_REPRESENTATION(#12385,#12403);
#12377=SHAPE_DEFINITION_REPRESENTATION(#12386,#12404);
#12378=SHAPE_DEFINITION_REPRESENTATION(#12387,#12405);
#12379=SHAPE_DEFINITION_REPRESENTATION(#12388,#12406);
#12380=SHAPE_DEFINITION_REPRESENTATION(#12389,#12407);
#12381=SHAPE_DEFINITION_REPRESENTATION(#12390,#12408);
#12382=SHAPE_DEFINITION_REPRESENTATION(#12391,#12409);
#12383=SHAPE_DEFINITION_REPRESENTATION(#12392,#12410);
#12384=PRODUCT_DEFINITION_SHAPE('',$,#12412);
#12385=PRODUCT_DEFINITION_SHAPE('',$,#12413);
#12386=PRODUCT_DEFINITION_SHAPE('',$,#12414);
#12387=PRODUCT_DEFINITION_SHAPE('',$,#12415);
#12388=PRODUCT_DEFINITION_SHAPE('',$,#12416);
#12389=PRODUCT_DEFINITION_SHAPE('',$,#12417);
#12390=PRODUCT_DEFINITION_SHAPE('',$,#12418);
#12391=PRODUCT_DEFINITION_SHAPE('',$,#12419);
#12392=PRODUCT_DEFINITION_SHAPE('',$,#12420);
#12393=PRODUCT_DEFINITION_SHAPE($,$,#38);
#12394=PRODUCT_DEFINITION_SHAPE($,$,#39);
#12395=PRODUCT_DEFINITION_SHAPE($,$,#40);
#12396=PRODUCT_DEFINITION_SHAPE($,$,#41);
#12397=PRODUCT_DEFINITION_SHAPE($,$,#42);
#12398=PRODUCT_DEFINITION_SHAPE($,$,#43);
#12399=PRODUCT_DEFINITION_SHAPE($,$,#44);
#12400=PRODUCT_DEFINITION_SHAPE($,$,#45);
#12401=PRODUCT_DEFINITION_SHAPE($,$,#46);
#12402=SHAPE_REPRESENTATION('',(#6121,#6666,#6667,#6668,#6669,#6670,#6671),
#12361);
#12403=SHAPE_REPRESENTATION('',(#6122),#12362);
#12404=SHAPE_REPRESENTATION('',(#6311),#12363);
#12405=SHAPE_REPRESENTATION('',(#6412),#12364);
#12406=SHAPE_REPRESENTATION('',(#6465),#12365);
#12407=SHAPE_REPRESENTATION('',(#6576,#6663,#6664,#6665),#12366);
#12408=SHAPE_REPRESENTATION('',(#6577),#12367);
#12409=SHAPE_REPRESENTATION('',(#6600),#12368);
#12410=SHAPE_REPRESENTATION('',(#6631),#12369);
#12411=PRODUCT_DEFINITION_CONTEXT('part definition',#12440,'design');
#12412=PRODUCT_DEFINITION('Buttons','Buttons',#12421,#12411);
#12413=PRODUCT_DEFINITION('A, B, Y,  X','A, B, Y,  X',#12422,#12411);
#12414=PRODUCT_DEFINITION('D-pad','D-pad',#12423,#12411);
#12415=PRODUCT_DEFINITION('Right Shoulder Buttons',
'Right Shoulder Buttons',#12424,#12411);
#12416=PRODUCT_DEFINITION('Menu','Menu',#12425,#12411);
#12417=PRODUCT_DEFINITION('Volume Buttons and Power',
'Volume Buttons and Power',#12426,#12411);
#12418=PRODUCT_DEFINITION('Volume Down','Volume Down',#12427,#12411);
#12419=PRODUCT_DEFINITION('Volume Up','Volume Up',#12428,#12411);
#12420=PRODUCT_DEFINITION('Power','Power',#12429,#12411);
#12421=PRODUCT_DEFINITION_FORMATION('',$,#12442);
#12422=PRODUCT_DEFINITION_FORMATION('',$,#12443);
#12423=PRODUCT_DEFINITION_FORMATION('',$,#12444);
#12424=PRODUCT_DEFINITION_FORMATION('',$,#12445);
#12425=PRODUCT_DEFINITION_FORMATION('',$,#12446);
#12426=PRODUCT_DEFINITION_FORMATION('',$,#12447);
#12427=PRODUCT_DEFINITION_FORMATION('',$,#12448);
#12428=PRODUCT_DEFINITION_FORMATION('',$,#12449);
#12429=PRODUCT_DEFINITION_FORMATION('',$,#12450);
#12430=PRODUCT_RELATED_PRODUCT_CATEGORY('Buttons','Buttons',(#12442));
#12431=PRODUCT_RELATED_PRODUCT_CATEGORY('A, B, Y,  X','A, B, Y,  X',(#12443));
#12432=PRODUCT_RELATED_PRODUCT_CATEGORY('D-pad','D-pad',(#12444));
#12433=PRODUCT_RELATED_PRODUCT_CATEGORY('Right Shoulder Buttons',
'Right Shoulder Buttons',(#12445));
#12434=PRODUCT_RELATED_PRODUCT_CATEGORY('Menu','Menu',(#12446));
#12435=PRODUCT_RELATED_PRODUCT_CATEGORY('Volume Buttons and Power',
'Volume Buttons and Power',(#12447));
#12436=PRODUCT_RELATED_PRODUCT_CATEGORY('Volume Down','Volume Down',(#12448));
#12437=PRODUCT_RELATED_PRODUCT_CATEGORY('Volume Up','Volume Up',(#12449));
#12438=PRODUCT_RELATED_PRODUCT_CATEGORY('Power','Power',(#12450));
#12439=APPLICATION_PROTOCOL_DEFINITION('international standard',
'automotive_design',2009,#12440);
#12440=APPLICATION_CONTEXT(
'Core Data for Automotive Mechanical Design Process');
#12441=PRODUCT_CONTEXT('part definition',#12440,'mechanical');
#12442=PRODUCT('Buttons','Buttons',$,(#12441));
#12443=PRODUCT('A, B, Y,  X','A, B, Y,  X',$,(#12441));
#12444=PRODUCT('D-pad','D-pad',$,(#12441));
#12445=PRODUCT('Right Shoulder Buttons','Right Shoulder Buttons',$,(#12441));
#12446=PRODUCT('Menu','Menu',$,(#12441));
#12447=PRODUCT('Volume Buttons and Power','Volume Buttons and Power',$,
(#12441));
#12448=PRODUCT('Volume Down','Volume Down',$,(#12441));
#12449=PRODUCT('Volume Up','Volume Up',$,(#12441));
#12450=PRODUCT('Power','Power',$,(#12441));
#12451=PRESENTATION_STYLE_ASSIGNMENT((#12456));
#12452=PRESENTATION_STYLE_ASSIGNMENT((#12457));
#12453=PRESENTATION_STYLE_ASSIGNMENT((#12458));
#12454=PRESENTATION_STYLE_ASSIGNMENT((#12459));
#12455=PRESENTATION_STYLE_ASSIGNMENT((#12460));
#12456=SURFACE_STYLE_USAGE(.BOTH.,#12461);
#12457=SURFACE_STYLE_USAGE(.BOTH.,#12462);
#12458=SURFACE_STYLE_USAGE(.BOTH.,#12463);
#12459=SURFACE_STYLE_USAGE(.BOTH.,#12464);
#12460=SURFACE_STYLE_USAGE(.BOTH.,#12465);
#12461=SURFACE_SIDE_STYLE('',(#12466));
#12462=SURFACE_SIDE_STYLE('',(#12467));
#12463=SURFACE_SIDE_STYLE('',(#12468));
#12464=SURFACE_SIDE_STYLE('',(#12469));
#12465=SURFACE_SIDE_STYLE('',(#12470));
#12466=SURFACE_STYLE_FILL_AREA(#12471);
#12467=SURFACE_STYLE_FILL_AREA(#12472);
#12468=SURFACE_STYLE_FILL_AREA(#12473);
#12469=SURFACE_STYLE_FILL_AREA(#12474);
#12470=SURFACE_STYLE_FILL_AREA(#12475);
#12471=FILL_AREA_STYLE('Steel - Satin',(#12476));
#12472=FILL_AREA_STYLE('Paint - Enamel Glossy (Blue)',(#12477));
#12473=FILL_AREA_STYLE('Paint - Enamel Glossy (Grey)',(#12478));
#12474=FILL_AREA_STYLE('Paint - Enamel Glossy (Green)',(#12479));
#12475=FILL_AREA_STYLE('Paint - Enamel Glossy (Red)',(#12480));
#12476=FILL_AREA_STYLE_COLOUR('Steel - Satin',#12481);
#12477=FILL_AREA_STYLE_COLOUR('Paint - Enamel Glossy (Blue)',#12482);
#12478=FILL_AREA_STYLE_COLOUR('Paint - Enamel Glossy (Grey)',#12483);
#12479=FILL_AREA_STYLE_COLOUR('Paint - Enamel Glossy (Green)',#12484);
#12480=FILL_AREA_STYLE_COLOUR('Paint - Enamel Glossy (Red)',#12485);
#12481=COLOUR_RGB('Steel - Satin',0.627450980392157,0.627450980392157,0.627450980392157);
#12482=COLOUR_RGB('Paint - Enamel Glossy (Blue)',0.188235294117647,0.231372549019608,
0.588235294117647);
#12483=COLOUR_RGB('Paint - Enamel Glossy (Grey)',0.701960784313725,0.701960784313725,
0.701960784313725);
#12484=COLOUR_RGB('Paint - Enamel Glossy (Green)',0.266666666666667,0.588235294117647,
0.282352941176471);
#12485=COLOUR_RGB('Paint - Enamel Glossy (Red)',0.768627450980392,0.207843137254902,
0.152941176470588);
ENDSEC;
END-ISO-10303-21;
