ISO-10303-21;
HEADER;
/* Generated by software containing ST-Developer
 * from STEP Tools, Inc. (www.steptools.com) 
 */

FILE_DESCRIPTION(
/* description */ (''),
/* implementation_level */ '2;1');

FILE_NAME(
/* name */ 'zesilovac PAM8403 3W.step',
/* time_stamp */ '2026-04-20T16:24:15+02:00',
/* author */ (''),
/* organization */ (''),
/* preprocessor_version */ 'ST-DEVELOPER v20.1',
/* originating_system */ 'Autodesk Translation Framework v14.24.0.0',
/* authorisation */ '');

FILE_SCHEMA (('AUTOMOTIVE_DESIGN { 1 0 10303 214 3 1 1 }'));
ENDSEC;

DATA;
#10=MECHANICAL_DESIGN_GEOMETRIC_PRESENTATION_REPRESENTATION('',(#1807,#1808,
#1809,#1810,#1811,#1812,#1813,#1814,#1815,#1816,#1817,#1818,#1819,#1820,
#1821,#1822,#1823,#1824,#1825,#1826,#1827,#1828,#1829,#1830,#1831,#1832,
#1833,#1834,#1835,#1836,#1837,#1838,#1839,#1840,#1841,#1842,#1843,#1844,
#1845,#1846,#1847,#1848,#1849,#1850,#1851,#1852,#1853,#1854,#1855,#1856,
#1857,#1858,#1859,#1860,#1861,#1862,#1863,#1864,#1865,#1866,#1867,#1868,
#1869,#1870,#1871,#1872,#1873,#1874,#1875,#1876,#1877,#1878,#1879,#1880,
#1881,#1882,#1883,#1884,#1885,#1886,#1887,#1888,#1889,#1890,#1891,#1892,
#1893,#1894,#1895,#1896,#1897,#1898,#1899,#1900,#1901,#1902,#1903,#1904,
#1905,#1906,#1907,#1908,#1909,#1910,#1911,#1912,#1913,#1914,#1915,#1916,
#1917,#1918,#1919,#1920,#1921),#3662);
#11=SHAPE_REPRESENTATION_RELATIONSHIP('SRR','None',#3669,#12);
#12=ADVANCED_BREP_SHAPE_REPRESENTATION('',(#13),#3661);
#13=MANIFOLD_SOLID_BREP('Body1',#2036);
#14=(
BOUNDED_SURFACE()
B_SPLINE_SURFACE(1,2,((#3039,#3040,#3041,#3042,#3043,#3044,#3045,#3046,
#3047),(#3048,#3049,#3050,#3051,#3052,#3053,#3054,#3055,#3056)),
 .UNSPECIFIED.,.F.,.T.,.F.)
B_SPLINE_SURFACE_WITH_KNOTS((2,2),(3,2,2,2,3),(0.,0.126315790138504),(-3.14159265358979,
-1.5707963267949,0.,1.5707963267949,3.14159265358979),.UNSPECIFIED.)
GEOMETRIC_REPRESENTATION_ITEM()
RATIONAL_B_SPLINE_SURFACE(((1.,0.707106781186548,1.,0.707106781186548,1.,
0.707106781186548,1.,0.707106781186548,1.),(1.,0.707106781186548,1.,0.707106781186548,
1.,0.707106781186548,1.,0.707106781186548,1.)))
REPRESENTATION_ITEM('')
SURFACE()
);
#15=(
BOUNDED_SURFACE()
B_SPLINE_SURFACE(1,2,((#3063,#3064,#3065,#3066,#3067,#3068,#3069,#3070,
#3071),(#3072,#3073,#3074,#3075,#3076,#3077,#3078,#3079,#3080)),
 .UNSPECIFIED.,.F.,.T.,.F.)
B_SPLINE_SURFACE_WITH_KNOTS((2,2),(3,2,2,2,3),(-0.189473685207756,2.46315790770083),
(-3.14159265358979,-1.5707963267949,0.,1.5707963267949,3.14159265358979),
 .UNSPECIFIED.)
GEOMETRIC_REPRESENTATION_ITEM()
RATIONAL_B_SPLINE_SURFACE(((1.,0.707106781186548,1.,0.707106781186548,1.,
0.707106781186548,1.,0.707106781186548,1.),(1.,0.707106781186548,1.,0.707106781186548,
1.,0.707106781186548,1.,0.707106781186548,1.)))
REPRESENTATION_ITEM('')
SURFACE()
);
#16=(
BOUNDED_SURFACE()
B_SPLINE_SURFACE(1,2,((#3084,#3085,#3086,#3087,#3088,#3089,#3090,#3091,
#3092),(#3093,#3094,#3095,#3096,#3097,#3098,#3099,#3100,#3101)),
 .UNSPECIFIED.,.F.,.T.,.F.)
B_SPLINE_SURFACE_WITH_KNOTS((2,2),(3,2,2,2,3),(1.64210527180056,1.76842106193906),
(-3.14159265358979,-1.5707963267949,0.,1.5707963267949,3.14159265358979),
 .UNSPECIFIED.)
GEOMETRIC_REPRESENTATION_ITEM()
RATIONAL_B_SPLINE_SURFACE(((1.,0.707106781186548,1.,0.707106781186548,1.,
0.707106781186548,1.,0.707106781186548,1.),(1.,0.707106781186548,1.,0.707106781186548,
1.,0.707106781186548,1.,0.707106781186548,1.)))
REPRESENTATION_ITEM('')
SURFACE()
);
#17=(
BOUNDED_SURFACE()
B_SPLINE_SURFACE(1,2,((#3106,#3107,#3108,#3109,#3110,#3111,#3112,#3113,
#3114),(#3115,#3116,#3117,#3118,#3119,#3120,#3121,#3122,#3123)),
 .UNSPECIFIED.,.F.,.T.,.F.)
B_SPLINE_SURFACE_WITH_KNOTS((2,2),(3,2,2,2,3),(0.,0.126315790138504),(-3.14159265358979,
-1.5707963267949,0.,1.5707963267949,3.14159265358979),.UNSPECIFIED.)
GEOMETRIC_REPRESENTATION_ITEM()
RATIONAL_B_SPLINE_SURFACE(((1.,0.707106781186548,1.,0.707106781186548,1.,
0.707106781186548,1.,0.707106781186548,1.),(1.,0.707106781186548,1.,0.707106781186548,
1.,0.707106781186548,1.,0.707106781186548,1.)))
REPRESENTATION_ITEM('')
SURFACE()
);
#18=(
BOUNDED_SURFACE()
B_SPLINE_SURFACE(1,2,((#3130,#3131,#3132,#3133,#3134,#3135,#3136,#3137,
#3138),(#3139,#3140,#3141,#3142,#3143,#3144,#3145,#3146,#3147)),
 .UNSPECIFIED.,.F.,.T.,.F.)
B_SPLINE_SURFACE_WITH_KNOTS((2,2),(3,2,2,2,3),(-0.189473685207756,2.46315790770083),
(-3.14159265358979,-1.5707963267949,0.,1.5707963267949,3.14159265358979),
 .UNSPECIFIED.)
GEOMETRIC_REPRESENTATION_ITEM()
RATIONAL_B_SPLINE_SURFACE(((1.,0.707106781186548,1.,0.707106781186548,1.,
0.707106781186548,1.,0.707106781186548,1.),(1.,0.707106781186548,1.,0.707106781186548,
1.,0.707106781186548,1.,0.707106781186548,1.)))
REPRESENTATION_ITEM('')
SURFACE()
);
#19=(
BOUNDED_SURFACE()
B_SPLINE_SURFACE(1,2,((#3151,#3152,#3153,#3154,#3155,#3156,#3157,#3158,
#3159),(#3160,#3161,#3162,#3163,#3164,#3165,#3166,#3167,#3168)),
 .UNSPECIFIED.,.F.,.T.,.F.)
B_SPLINE_SURFACE_WITH_KNOTS((2,2),(3,2,2,2,3),(1.64210527180055,1.76842106193906),
(-3.14159265358979,-1.5707963267949,0.,1.5707963267949,3.14159265358979),
 .UNSPECIFIED.)
GEOMETRIC_REPRESENTATION_ITEM()
RATIONAL_B_SPLINE_SURFACE(((1.,0.707106781186548,1.,0.707106781186548,1.,
0.707106781186548,1.,0.707106781186548,1.),(1.,0.707106781186548,1.,0.707106781186548,
1.,0.707106781186548,1.,0.707106781186548,1.)))
REPRESENTATION_ITEM('')
SURFACE()
);
#20=(
BOUNDED_SURFACE()
B_SPLINE_SURFACE(1,2,((#3173,#3174,#3175,#3176,#3177,#3178,#3179,#3180,
#3181),(#3182,#3183,#3184,#3185,#3186,#3187,#3188,#3189,#3190)),
 .UNSPECIFIED.,.F.,.T.,.F.)
B_SPLINE_SURFACE_WITH_KNOTS((2,2),(3,2,2,2,3),(0.,0.126315790138504),(-3.14159265358979,
-1.5707963267949,0.,1.5707963267949,3.14159265358979),.UNSPECIFIED.)
GEOMETRIC_REPRESENTATION_ITEM()
RATIONAL_B_SPLINE_SURFACE(((1.,0.707106781186548,1.,0.707106781186548,1.,
0.707106781186548,1.,0.707106781186548,1.),(1.,0.707106781186548,1.,0.707106781186548,
1.,0.707106781186548,1.,0.707106781186548,1.)))
REPRESENTATION_ITEM('')
SURFACE()
);
#21=(
BOUNDED_SURFACE()
B_SPLINE_SURFACE(1,2,((#3197,#3198,#3199,#3200,#3201,#3202,#3203,#3204,
#3205),(#3206,#3207,#3208,#3209,#3210,#3211,#3212,#3213,#3214)),
 .UNSPECIFIED.,.F.,.T.,.F.)
B_SPLINE_SURFACE_WITH_KNOTS((2,2),(3,2,2,2,3),(1.64210527180055,1.76842106193906),
(-3.14159265358979,-1.5707963267949,0.,1.5707963267949,3.14159265358979),
 .UNSPECIFIED.)
GEOMETRIC_REPRESENTATION_ITEM()
RATIONAL_B_SPLINE_SURFACE(((1.,0.707106781186548,1.,0.707106781186548,1.,
0.707106781186548,1.,0.707106781186548,1.),(1.,0.707106781186548,1.,0.707106781186548,
1.,0.707106781186548,1.,0.707106781186548,1.)))
REPRESENTATION_ITEM('')
SURFACE()
);
#22=(
BOUNDED_SURFACE()
B_SPLINE_SURFACE(1,2,((#3221,#3222,#3223,#3224,#3225,#3226,#3227,#3228,
#3229),(#3230,#3231,#3232,#3233,#3234,#3235,#3236,#3237,#3238)),
 .UNSPECIFIED.,.F.,.T.,.F.)
B_SPLINE_SURFACE_WITH_KNOTS((2,2),(3,2,2,2,3),(-0.189473685207756,2.46315790770083),
(-3.14159265358979,-1.5707963267949,0.,1.5707963267949,3.14159265358979),
 .UNSPECIFIED.)
GEOMETRIC_REPRESENTATION_ITEM()
RATIONAL_B_SPLINE_SURFACE(((1.,0.707106781186548,1.,0.707106781186548,1.,
0.707106781186548,1.,0.707106781186548,1.),(1.,0.707106781186548,1.,0.707106781186548,
1.,0.707106781186548,1.,0.707106781186548,1.)))
REPRESENTATION_ITEM('')
SURFACE()
);
#23=(
BOUNDED_SURFACE()
B_SPLINE_SURFACE(1,2,((#3240,#3241,#3242,#3243,#3244,#3245,#3246,#3247,
#3248),(#3249,#3250,#3251,#3252,#3253,#3254,#3255,#3256,#3257)),
 .UNSPECIFIED.,.F.,.T.,.F.)
B_SPLINE_SURFACE_WITH_KNOTS((2,2),(3,2,2,2,3),(0.,0.126315790138504),(-3.14159265358979,
-1.5707963267949,0.,1.5707963267949,3.14159265358979),.UNSPECIFIED.)
GEOMETRIC_REPRESENTATION_ITEM()
RATIONAL_B_SPLINE_SURFACE(((1.,0.707106781186548,1.,0.707106781186548,1.,
0.707106781186548,1.,0.707106781186548,1.),(1.,0.707106781186548,1.,0.707106781186548,
1.,0.707106781186548,1.,0.707106781186548,1.)))
REPRESENTATION_ITEM('')
SURFACE()
);
#24=(
BOUNDED_SURFACE()
B_SPLINE_SURFACE(1,2,((#3264,#3265,#3266,#3267,#3268,#3269,#3270,#3271,
#3272),(#3273,#3274,#3275,#3276,#3277,#3278,#3279,#3280,#3281)),
 .UNSPECIFIED.,.F.,.T.,.F.)
B_SPLINE_SURFACE_WITH_KNOTS((2,2),(3,2,2,2,3),(1.64210527180056,1.76842106193906),
(-3.14159265358979,-1.5707963267949,0.,1.5707963267949,3.14159265358979),
 .UNSPECIFIED.)
GEOMETRIC_REPRESENTATION_ITEM()
RATIONAL_B_SPLINE_SURFACE(((1.,0.707106781186548,1.,0.707106781186548,1.,
0.707106781186548,1.,0.707106781186548,1.),(1.,0.707106781186548,1.,0.707106781186548,
1.,0.707106781186548,1.,0.707106781186548,1.)))
REPRESENTATION_ITEM('')
SURFACE()
);
#25=(
BOUNDED_SURFACE()
B_SPLINE_SURFACE(1,2,((#3288,#3289,#3290,#3291,#3292,#3293,#3294,#3295,
#3296),(#3297,#3298,#3299,#3300,#3301,#3302,#3303,#3304,#3305)),
 .UNSPECIFIED.,.F.,.T.,.F.)
B_SPLINE_SURFACE_WITH_KNOTS((2,2),(3,2,2,2,3),(-0.189473685207756,2.46315790770083),
(-3.14159265358979,-1.5707963267949,0.,1.5707963267949,3.14159265358979),
 .UNSPECIFIED.)
GEOMETRIC_REPRESENTATION_ITEM()
RATIONAL_B_SPLINE_SURFACE(((1.,0.707106781186548,1.,0.707106781186548,1.,
0.707106781186548,1.,0.707106781186548,1.),(1.,0.707106781186548,1.,0.707106781186548,
1.,0.707106781186548,1.,0.707106781186548,1.)))
REPRESENTATION_ITEM('')
SURFACE()
);
#26=(
BOUNDED_SURFACE()
B_SPLINE_SURFACE(1,2,((#3307,#3308,#3309,#3310,#3311,#3312,#3313,#3314,
#3315),(#3316,#3317,#3318,#3319,#3320,#3321,#3322,#3323,#3324)),
 .UNSPECIFIED.,.F.,.T.,.F.)
B_SPLINE_SURFACE_WITH_KNOTS((2,2),(3,2,2,2,3),(0.,0.126315790138504),(-3.14159265358979,
-1.5707963267949,0.,1.5707963267949,3.14159265358979),.UNSPECIFIED.)
GEOMETRIC_REPRESENTATION_ITEM()
RATIONAL_B_SPLINE_SURFACE(((1.,0.707106781186548,1.,0.707106781186548,1.,
0.707106781186548,1.,0.707106781186548,1.),(1.,0.707106781186548,1.,0.707106781186548,
1.,0.707106781186548,1.,0.707106781186548,1.)))
REPRESENTATION_ITEM('')
SURFACE()
);
#27=(
BOUNDED_SURFACE()
B_SPLINE_SURFACE(1,2,((#3331,#3332,#3333,#3334,#3335,#3336,#3337,#3338,
#3339),(#3340,#3341,#3342,#3343,#3344,#3345,#3346,#3347,#3348)),
 .UNSPECIFIED.,.F.,.T.,.F.)
B_SPLINE_SURFACE_WITH_KNOTS((2,2),(3,2,2,2,3),(-0.189473685207756,2.46315790770083),
(-3.14159265358979,-1.5707963267949,0.,1.5707963267949,3.14159265358979),
 .UNSPECIFIED.)
GEOMETRIC_REPRESENTATION_ITEM()
RATIONAL_B_SPLINE_SURFACE(((1.,0.707106781186548,1.,0.707106781186548,1.,
0.707106781186548,1.,0.707106781186548,1.),(1.,0.707106781186548,1.,0.707106781186548,
1.,0.707106781186548,1.,0.707106781186548,1.)))
REPRESENTATION_ITEM('')
SURFACE()
);
#28=(
BOUNDED_SURFACE()
B_SPLINE_SURFACE(1,2,((#3352,#3353,#3354,#3355,#3356,#3357,#3358,#3359,
#3360),(#3361,#3362,#3363,#3364,#3365,#3366,#3367,#3368,#3369)),
 .UNSPECIFIED.,.F.,.T.,.F.)
B_SPLINE_SURFACE_WITH_KNOTS((2,2),(3,2,2,2,3),(1.64210527180056,1.76842106193906),
(-3.14159265358979,-1.5707963267949,0.,1.5707963267949,3.14159265358979),
 .UNSPECIFIED.)
GEOMETRIC_REPRESENTATION_ITEM()
RATIONAL_B_SPLINE_SURFACE(((1.,0.707106781186548,1.,0.707106781186548,1.,
0.707106781186548,1.,0.707106781186548,1.),(1.,0.707106781186548,1.,0.707106781186548,
1.,0.707106781186548,1.,0.707106781186548,1.)))
REPRESENTATION_ITEM('')
SURFACE()
);
#29=(
BOUNDED_SURFACE()
B_SPLINE_SURFACE(1,2,((#3374,#3375,#3376,#3377,#3378,#3379,#3380,#3381,
#3382),(#3383,#3384,#3385,#3386,#3387,#3388,#3389,#3390,#3391)),
 .UNSPECIFIED.,.F.,.T.,.F.)
B_SPLINE_SURFACE_WITH_KNOTS((2,2),(3,2,2,2,3),(0.,0.126315790138504),(-3.14159265358979,
-1.5707963267949,0.,1.5707963267949,3.14159265358979),.UNSPECIFIED.)
GEOMETRIC_REPRESENTATION_ITEM()
RATIONAL_B_SPLINE_SURFACE(((1.,0.707106781186548,1.,0.707106781186548,1.,
0.707106781186548,1.,0.707106781186548,1.),(1.,0.707106781186548,1.,0.707106781186548,
1.,0.707106781186548,1.,0.707106781186548,1.)))
REPRESENTATION_ITEM('')
SURFACE()
);
#30=(
BOUNDED_SURFACE()
B_SPLINE_SURFACE(1,2,((#3398,#3399,#3400,#3401,#3402,#3403,#3404,#3405,
#3406),(#3407,#3408,#3409,#3410,#3411,#3412,#3413,#3414,#3415)),
 .UNSPECIFIED.,.F.,.T.,.F.)
B_SPLINE_SURFACE_WITH_KNOTS((2,2),(3,2,2,2,3),(-0.189473685207756,2.46315790770083),
(-3.14159265358979,-1.5707963267949,0.,1.5707963267949,3.14159265358979),
 .UNSPECIFIED.)
GEOMETRIC_REPRESENTATION_ITEM()
RATIONAL_B_SPLINE_SURFACE(((1.,0.707106781186548,1.,0.707106781186548,1.,
0.707106781186548,1.,0.707106781186548,1.),(1.,0.707106781186548,1.,0.707106781186548,
1.,0.707106781186548,1.,0.707106781186548,1.)))
REPRESENTATION_ITEM('')
SURFACE()
);
#31=(
BOUNDED_SURFACE()
B_SPLINE_SURFACE(1,2,((#3419,#3420,#3421,#3422,#3423,#3424,#3425,#3426,
#3427),(#3428,#3429,#3430,#3431,#3432,#3433,#3434,#3435,#3436)),
 .UNSPECIFIED.,.F.,.T.,.F.)
B_SPLINE_SURFACE_WITH_KNOTS((2,2),(3,2,2,2,3),(1.64210527180055,1.76842106193906),
(-3.14159265358979,-1.5707963267949,0.,1.5707963267949,3.14159265358979),
 .UNSPECIFIED.)
GEOMETRIC_REPRESENTATION_ITEM()
RATIONAL_B_SPLINE_SURFACE(((1.,0.707106781186548,1.,0.707106781186548,1.,
0.707106781186548,1.,0.707106781186548,1.),(1.,0.707106781186548,1.,0.707106781186548,
1.,0.707106781186548,1.,0.707106781186548,1.)))
REPRESENTATION_ITEM('')
SURFACE()
);
#32=(
BOUNDED_SURFACE()
B_SPLINE_SURFACE(1,2,((#3441,#3442,#3443,#3444,#3445,#3446,#3447,#3448,
#3449),(#3450,#3451,#3452,#3453,#3454,#3455,#3456,#3457,#3458)),
 .UNSPECIFIED.,.F.,.T.,.F.)
B_SPLINE_SURFACE_WITH_KNOTS((2,2),(3,2,2,2,3),(0.,0.126315790138504),(-3.14159265358979,
-1.5707963267949,0.,1.5707963267949,3.14159265358979),.UNSPECIFIED.)
GEOMETRIC_REPRESENTATION_ITEM()
RATIONAL_B_SPLINE_SURFACE(((1.,0.707106781186548,1.,0.707106781186548,1.,
0.707106781186548,1.,0.707106781186548,1.),(1.,0.707106781186548,1.,0.707106781186548,
1.,0.707106781186548,1.,0.707106781186548,1.)))
REPRESENTATION_ITEM('')
SURFACE()
);
#33=(
BOUNDED_SURFACE()
B_SPLINE_SURFACE(1,2,((#3465,#3466,#3467,#3468,#3469,#3470,#3471,#3472,
#3473),(#3474,#3475,#3476,#3477,#3478,#3479,#3480,#3481,#3482)),
 .UNSPECIFIED.,.F.,.T.,.F.)
B_SPLINE_SURFACE_WITH_KNOTS((2,2),(3,2,2,2,3),(1.64210527180055,1.76842106193906),
(-3.14159265358979,-1.5707963267949,0.,1.5707963267949,3.14159265358979),
 .UNSPECIFIED.)
GEOMETRIC_REPRESENTATION_ITEM()
RATIONAL_B_SPLINE_SURFACE(((1.,0.707106781186548,1.,0.707106781186548,1.,
0.707106781186548,1.,0.707106781186548,1.),(1.,0.707106781186548,1.,0.707106781186548,
1.,0.707106781186548,1.,0.707106781186548,1.)))
REPRESENTATION_ITEM('')
SURFACE()
);
#34=(
BOUNDED_SURFACE()
B_SPLINE_SURFACE(1,2,((#3489,#3490,#3491,#3492,#3493,#3494,#3495,#3496,
#3497),(#3498,#3499,#3500,#3501,#3502,#3503,#3504,#3505,#3506)),
 .UNSPECIFIED.,.F.,.T.,.F.)
B_SPLINE_SURFACE_WITH_KNOTS((2,2),(3,2,2,2,3),(-0.189473685207756,2.46315790770083),
(-3.14159265358979,-1.5707963267949,0.,1.5707963267949,3.14159265358979),
 .UNSPECIFIED.)
GEOMETRIC_REPRESENTATION_ITEM()
RATIONAL_B_SPLINE_SURFACE(((1.,0.707106781186548,1.,0.707106781186548,1.,
0.707106781186548,1.,0.707106781186548,1.),(1.,0.707106781186548,1.,0.707106781186548,
1.,0.707106781186548,1.,0.707106781186548,1.)))
REPRESENTATION_ITEM('')
SURFACE()
);
#35=(
BOUNDED_SURFACE()
B_SPLINE_SURFACE(1,2,((#3508,#3509,#3510,#3511,#3512,#3513,#3514,#3515,
#3516),(#3517,#3518,#3519,#3520,#3521,#3522,#3523,#3524,#3525)),
 .UNSPECIFIED.,.F.,.T.,.F.)
B_SPLINE_SURFACE_WITH_KNOTS((2,2),(3,2,2,2,3),(0.,0.126315790138504),(-3.14159265358979,
-1.5707963267949,0.,1.5707963267949,3.14159265358979),.UNSPECIFIED.)
GEOMETRIC_REPRESENTATION_ITEM()
RATIONAL_B_SPLINE_SURFACE(((1.,0.707106781186548,1.,0.707106781186548,1.,
0.707106781186548,1.,0.707106781186548,1.),(1.,0.707106781186548,1.,0.707106781186548,
1.,0.707106781186548,1.,0.707106781186548,1.)))
REPRESENTATION_ITEM('')
SURFACE()
);
#36=(
BOUNDED_SURFACE()
B_SPLINE_SURFACE(1,2,((#3532,#3533,#3534,#3535,#3536,#3537,#3538,#3539,
#3540),(#3541,#3542,#3543,#3544,#3545,#3546,#3547,#3548,#3549)),
 .UNSPECIFIED.,.F.,.T.,.F.)
B_SPLINE_SURFACE_WITH_KNOTS((2,2),(3,2,2,2,3),(1.64210527180056,1.76842106193906),
(-3.14159265358979,-1.5707963267949,0.,1.5707963267949,3.14159265358979),
 .UNSPECIFIED.)
GEOMETRIC_REPRESENTATION_ITEM()
RATIONAL_B_SPLINE_SURFACE(((1.,0.707106781186548,1.,0.707106781186548,1.,
0.707106781186548,1.,0.707106781186548,1.),(1.,0.707106781186548,1.,0.707106781186548,
1.,0.707106781186548,1.,0.707106781186548,1.)))
REPRESENTATION_ITEM('')
SURFACE()
);
#37=(
BOUNDED_SURFACE()
B_SPLINE_SURFACE(1,2,((#3556,#3557,#3558,#3559,#3560,#3561,#3562,#3563,
#3564),(#3565,#3566,#3567,#3568,#3569,#3570,#3571,#3572,#3573)),
 .UNSPECIFIED.,.F.,.T.,.F.)
B_SPLINE_SURFACE_WITH_KNOTS((2,2),(3,2,2,2,3),(-0.189473685207756,2.46315790770083),
(-3.14159265358979,-1.5707963267949,0.,1.5707963267949,3.14159265358979),
 .UNSPECIFIED.)
GEOMETRIC_REPRESENTATION_ITEM()
RATIONAL_B_SPLINE_SURFACE(((1.,0.707106781186548,1.,0.707106781186548,1.,
0.707106781186548,1.,0.707106781186548,1.),(1.,0.707106781186548,1.,0.707106781186548,
1.,0.707106781186548,1.,0.707106781186548,1.)))
REPRESENTATION_ITEM('')
SURFACE()
);
#38=(
BOUNDED_SURFACE()
B_SPLINE_SURFACE(1,2,((#3575,#3576,#3577,#3578,#3579,#3580,#3581,#3582,
#3583),(#3584,#3585,#3586,#3587,#3588,#3589,#3590,#3591,#3592)),
 .UNSPECIFIED.,.F.,.T.,.F.)
B_SPLINE_SURFACE_WITH_KNOTS((2,2),(3,2,2,2,3),(0.,0.126315790138504),(-3.14159265358979,
-1.5707963267949,0.,1.5707963267949,3.14159265358979),.UNSPECIFIED.)
GEOMETRIC_REPRESENTATION_ITEM()
RATIONAL_B_SPLINE_SURFACE(((1.,0.707106781186548,1.,0.707106781186548,1.,
0.707106781186548,1.,0.707106781186548,1.),(1.,0.707106781186548,1.,0.707106781186548,
1.,0.707106781186548,1.,0.707106781186548,1.)))
REPRESENTATION_ITEM('')
SURFACE()
);
#39=(
BOUNDED_SURFACE()
B_SPLINE_SURFACE(1,2,((#3599,#3600,#3601,#3602,#3603,#3604,#3605,#3606,
#3607),(#3608,#3609,#3610,#3611,#3612,#3613,#3614,#3615,#3616)),
 .UNSPECIFIED.,.F.,.T.,.F.)
B_SPLINE_SURFACE_WITH_KNOTS((2,2),(3,2,2,2,3),(-0.189473685207756,2.46315790770083),
(-3.14159265358979,-1.5707963267949,0.,1.5707963267949,3.14159265358979),
 .UNSPECIFIED.)
GEOMETRIC_REPRESENTATION_ITEM()
RATIONAL_B_SPLINE_SURFACE(((1.,0.707106781186548,1.,0.707106781186548,1.,
0.707106781186548,1.,0.707106781186548,1.),(1.,0.707106781186548,1.,0.707106781186548,
1.,0.707106781186548,1.,0.707106781186548,1.)))
REPRESENTATION_ITEM('')
SURFACE()
);
#40=(
BOUNDED_SURFACE()
B_SPLINE_SURFACE(1,2,((#3620,#3621,#3622,#3623,#3624,#3625,#3626,#3627,
#3628),(#3629,#3630,#3631,#3632,#3633,#3634,#3635,#3636,#3637)),
 .UNSPECIFIED.,.F.,.T.,.F.)
B_SPLINE_SURFACE_WITH_KNOTS((2,2),(3,2,2,2,3),(1.64210527180055,1.76842106193906),
(-3.14159265358979,-1.5707963267949,0.,1.5707963267949,3.14159265358979),
 .UNSPECIFIED.)
GEOMETRIC_REPRESENTATION_ITEM()
RATIONAL_B_SPLINE_SURFACE(((1.,0.707106781186548,1.,0.707106781186548,1.,
0.707106781186548,1.,0.707106781186548,1.),(1.,0.707106781186548,1.,0.707106781186548,
1.,0.707106781186548,1.,0.707106781186548,1.)))
REPRESENTATION_ITEM('')
SURFACE()
);
#41=ELLIPSE('',#2051,0.7916666625,0.7395);
#42=ELLIPSE('',#2052,0.7916666625,0.7395);
#43=ELLIPSE('',#2053,0.7916666625,0.7395);
#44=ELLIPSE('',#2054,0.7916666625,0.7395);
#45=ELLIPSE('',#2055,0.7916666625,0.7395);
#46=ELLIPSE('',#2056,0.7916666625,0.7395);
#47=ELLIPSE('',#2057,0.7916666625,0.7395);
#48=ELLIPSE('',#2058,0.7916666625,0.7395);
#49=ELLIPSE('',#2059,0.7916666625,0.7395);
#50=ELLIPSE('',#2061,0.7916666625,0.7395);
#51=ELLIPSE('',#2062,0.7916666625,0.7395);
#52=ELLIPSE('',#2063,0.7916666625,0.7395);
#53=ELLIPSE('',#2064,0.7916666625,0.7395);
#54=ELLIPSE('',#2065,0.7916666625,0.7395);
#55=ELLIPSE('',#2066,0.7916666625,0.7395);
#56=ELLIPSE('',#2067,0.7916666625,0.7395);
#57=ELLIPSE('',#2068,0.7916666625,0.7395);
#58=ELLIPSE('',#2069,0.7916666625,0.7395);
#59=ELLIPSE('',#2132,0.7916666625,0.7395);
#60=ELLIPSE('',#2134,0.527777775,0.493);
#61=ELLIPSE('',#2135,0.527777775,0.493);
#62=ELLIPSE('',#2136,0.7916666625,0.7395);
#63=ELLIPSE('',#2138,0.7916666625,0.7395);
#64=ELLIPSE('',#2140,0.527777775000001,0.493000000000001);
#65=ELLIPSE('',#2141,0.527777775000001,0.493000000000001);
#66=ELLIPSE('',#2142,0.7916666625,0.7395);
#67=ELLIPSE('',#2144,0.7916666625,0.7395);
#68=ELLIPSE('',#2146,0.527777775000001,0.493000000000001);
#69=ELLIPSE('',#2147,0.7916666625,0.7395);
#70=ELLIPSE('',#2149,0.527777775000001,0.493000000000001);
#71=ELLIPSE('',#2150,0.7916666625,0.7395);
#72=ELLIPSE('',#2152,0.527777775,0.493);
#73=ELLIPSE('',#2153,0.7916666625,0.7395);
#74=ELLIPSE('',#2155,0.527777775,0.493);
#75=ELLIPSE('',#2156,0.7916666625,0.7395);
#76=ELLIPSE('',#2158,0.527777775,0.493);
#77=ELLIPSE('',#2159,0.527777775,0.493);
#78=ELLIPSE('',#2160,0.7916666625,0.7395);
#79=ELLIPSE('',#2162,0.7916666625,0.7395);
#80=ELLIPSE('',#2164,0.527777775000001,0.493000000000001);
#81=ELLIPSE('',#2165,0.527777775000001,0.493000000000001);
#82=ELLIPSE('',#2166,0.7916666625,0.7395);
#83=ELLIPSE('',#2168,0.7916666625,0.7395);
#84=ELLIPSE('',#2170,0.527777775000001,0.493000000000001);
#85=ELLIPSE('',#2171,0.7916666625,0.7395);
#86=ELLIPSE('',#2173,0.527777775000001,0.493000000000001);
#87=ELLIPSE('',#2174,0.7916666625,0.7395);
#88=ELLIPSE('',#2176,0.527777775,0.493);
#89=ELLIPSE('',#2177,0.7916666625,0.7395);
#90=ELLIPSE('',#2179,0.527777775,0.493);
#91=ELLIPSE('',#2180,0.7916666625,0.7395);
#92=ELLIPSE('',#2182,0.527777775,0.493);
#93=ELLIPSE('',#2183,0.527777775,0.493);
#94=ELLIPSE('',#2184,0.7916666625,0.7395);
#95=FACE_BOUND('',#257,.T.);
#96=FACE_BOUND('',#258,.T.);
#97=FACE_BOUND('',#259,.T.);
#98=FACE_BOUND('',#260,.T.);
#99=FACE_BOUND('',#261,.T.);
#100=FACE_BOUND('',#262,.T.);
#101=FACE_BOUND('',#263,.T.);
#102=FACE_BOUND('',#264,.T.);
#103=FACE_BOUND('',#265,.T.);
#104=FACE_BOUND('',#266,.T.);
#105=FACE_BOUND('',#267,.T.);
#106=FACE_BOUND('',#268,.T.);
#107=FACE_BOUND('',#269,.T.);
#108=FACE_BOUND('',#270,.T.);
#109=FACE_BOUND('',#271,.T.);
#110=FACE_BOUND('',#272,.T.);
#111=FACE_BOUND('',#273,.T.);
#112=FACE_BOUND('',#274,.T.);
#113=FACE_BOUND('',#275,.T.);
#114=FACE_BOUND('',#276,.T.);
#115=FACE_BOUND('',#278,.T.);
#116=FACE_BOUND('',#279,.T.);
#117=FACE_BOUND('',#280,.T.);
#118=FACE_BOUND('',#281,.T.);
#119=FACE_BOUND('',#282,.T.);
#120=FACE_BOUND('',#283,.T.);
#121=FACE_BOUND('',#284,.T.);
#122=FACE_BOUND('',#285,.T.);
#123=FACE_BOUND('',#286,.T.);
#124=FACE_BOUND('',#351,.T.);
#125=FACE_BOUND('',#355,.T.);
#126=FACE_BOUND('',#358,.T.);
#127=FACE_BOUND('',#362,.T.);
#128=FACE_BOUND('',#365,.T.);
#129=FACE_BOUND('',#368,.T.);
#130=FACE_BOUND('',#372,.T.);
#131=FACE_BOUND('',#375,.T.);
#132=FACE_BOUND('',#379,.T.);
#133=FACE_BOUND('',#383,.T.);
#134=FACE_BOUND('',#386,.T.);
#135=FACE_BOUND('',#390,.T.);
#136=FACE_BOUND('',#393,.T.);
#137=FACE_BOUND('',#396,.T.);
#138=FACE_BOUND('',#400,.T.);
#139=FACE_BOUND('',#403,.T.);
#140=FACE_BOUND('',#407,.T.);
#141=FACE_BOUND('',#411,.T.);
#142=FACE_OUTER_BOUND('',#256,.T.);
#143=FACE_OUTER_BOUND('',#277,.T.);
#144=FACE_OUTER_BOUND('',#287,.T.);
#145=FACE_OUTER_BOUND('',#288,.T.);
#146=FACE_OUTER_BOUND('',#289,.T.);
#147=FACE_OUTER_BOUND('',#290,.T.);
#148=FACE_OUTER_BOUND('',#291,.T.);
#149=FACE_OUTER_BOUND('',#292,.T.);
#150=FACE_OUTER_BOUND('',#293,.T.);
#151=FACE_OUTER_BOUND('',#294,.T.);
#152=FACE_OUTER_BOUND('',#295,.T.);
#153=FACE_OUTER_BOUND('',#296,.T.);
#154=FACE_OUTER_BOUND('',#297,.T.);
#155=FACE_OUTER_BOUND('',#298,.T.);
#156=FACE_OUTER_BOUND('',#299,.T.);
#157=FACE_OUTER_BOUND('',#300,.T.);
#158=FACE_OUTER_BOUND('',#301,.T.);
#159=FACE_OUTER_BOUND('',#302,.T.);
#160=FACE_OUTER_BOUND('',#303,.T.);
#161=FACE_OUTER_BOUND('',#304,.T.);
#162=FACE_OUTER_BOUND('',#305,.T.);
#163=FACE_OUTER_BOUND('',#306,.T.);
#164=FACE_OUTER_BOUND('',#307,.T.);
#165=FACE_OUTER_BOUND('',#308,.T.);
#166=FACE_OUTER_BOUND('',#309,.T.);
#167=FACE_OUTER_BOUND('',#310,.T.);
#168=FACE_OUTER_BOUND('',#311,.T.);
#169=FACE_OUTER_BOUND('',#312,.T.);
#170=FACE_OUTER_BOUND('',#313,.T.);
#171=FACE_OUTER_BOUND('',#314,.T.);
#172=FACE_OUTER_BOUND('',#315,.T.);
#173=FACE_OUTER_BOUND('',#316,.T.);
#174=FACE_OUTER_BOUND('',#317,.T.);
#175=FACE_OUTER_BOUND('',#318,.T.);
#176=FACE_OUTER_BOUND('',#319,.T.);
#177=FACE_OUTER_BOUND('',#320,.T.);
#178=FACE_OUTER_BOUND('',#321,.T.);
#179=FACE_OUTER_BOUND('',#322,.T.);
#180=FACE_OUTER_BOUND('',#323,.T.);
#181=FACE_OUTER_BOUND('',#324,.T.);
#182=FACE_OUTER_BOUND('',#325,.T.);
#183=FACE_OUTER_BOUND('',#326,.T.);
#184=FACE_OUTER_BOUND('',#327,.T.);
#185=FACE_OUTER_BOUND('',#328,.T.);
#186=FACE_OUTER_BOUND('',#329,.T.);
#187=FACE_OUTER_BOUND('',#330,.T.);
#188=FACE_OUTER_BOUND('',#331,.T.);
#189=FACE_OUTER_BOUND('',#332,.T.);
#190=FACE_OUTER_BOUND('',#333,.T.);
#191=FACE_OUTER_BOUND('',#334,.T.);
#192=FACE_OUTER_BOUND('',#335,.T.);
#193=FACE_OUTER_BOUND('',#336,.T.);
#194=FACE_OUTER_BOUND('',#337,.T.);
#195=FACE_OUTER_BOUND('',#338,.T.);
#196=FACE_OUTER_BOUND('',#339,.T.);
#197=FACE_OUTER_BOUND('',#340,.T.);
#198=FACE_OUTER_BOUND('',#341,.T.);
#199=FACE_OUTER_BOUND('',#342,.T.);
#200=FACE_OUTER_BOUND('',#343,.T.);
#201=FACE_OUTER_BOUND('',#344,.T.);
#202=FACE_OUTER_BOUND('',#345,.T.);
#203=FACE_OUTER_BOUND('',#346,.T.);
#204=FACE_OUTER_BOUND('',#347,.T.);
#205=FACE_OUTER_BOUND('',#348,.T.);
#206=FACE_OUTER_BOUND('',#349,.T.);
#207=FACE_OUTER_BOUND('',#350,.T.);
#208=FACE_OUTER_BOUND('',#352,.T.);
#209=FACE_OUTER_BOUND('',#353,.T.);
#210=FACE_OUTER_BOUND('',#354,.T.);
#211=FACE_OUTER_BOUND('',#356,.T.);
#212=FACE_OUTER_BOUND('',#357,.T.);
#213=FACE_OUTER_BOUND('',#359,.T.);
#214=FACE_OUTER_BOUND('',#360,.T.);
#215=FACE_OUTER_BOUND('',#361,.T.);
#216=FACE_OUTER_BOUND('',#363,.T.);
#217=FACE_OUTER_BOUND('',#364,.T.);
#218=FACE_OUTER_BOUND('',#366,.T.);
#219=FACE_OUTER_BOUND('',#367,.T.);
#220=FACE_OUTER_BOUND('',#369,.T.);
#221=FACE_OUTER_BOUND('',#370,.T.);
#222=FACE_OUTER_BOUND('',#371,.T.);
#223=FACE_OUTER_BOUND('',#373,.T.);
#224=FACE_OUTER_BOUND('',#374,.T.);
#225=FACE_OUTER_BOUND('',#376,.T.);
#226=FACE_OUTER_BOUND('',#377,.T.);
#227=FACE_OUTER_BOUND('',#378,.T.);
#228=FACE_OUTER_BOUND('',#380,.T.);
#229=FACE_OUTER_BOUND('',#381,.T.);
#230=FACE_OUTER_BOUND('',#382,.T.);
#231=FACE_OUTER_BOUND('',#384,.T.);
#232=FACE_OUTER_BOUND('',#385,.T.);
#233=FACE_OUTER_BOUND('',#387,.T.);
#234=FACE_OUTER_BOUND('',#388,.T.);
#235=FACE_OUTER_BOUND('',#389,.T.);
#236=FACE_OUTER_BOUND('',#391,.T.);
#237=FACE_OUTER_BOUND('',#392,.T.);
#238=FACE_OUTER_BOUND('',#394,.T.);
#239=FACE_OUTER_BOUND('',#395,.T.);
#240=FACE_OUTER_BOUND('',#397,.T.);
#241=FACE_OUTER_BOUND('',#398,.T.);
#242=FACE_OUTER_BOUND('',#399,.T.);
#243=FACE_OUTER_BOUND('',#401,.T.);
#244=FACE_OUTER_BOUND('',#402,.T.);
#245=FACE_OUTER_BOUND('',#404,.T.);
#246=FACE_OUTER_BOUND('',#405,.T.);
#247=FACE_OUTER_BOUND('',#406,.T.);
#248=FACE_OUTER_BOUND('',#408,.T.);
#249=FACE_OUTER_BOUND('',#409,.T.);
#250=FACE_OUTER_BOUND('',#410,.T.);
#251=FACE_OUTER_BOUND('',#412,.T.);
#252=FACE_OUTER_BOUND('',#413,.T.);
#253=FACE_OUTER_BOUND('',#414,.T.);
#254=FACE_OUTER_BOUND('',#415,.T.);
#255=FACE_OUTER_BOUND('',#416,.T.);
#256=EDGE_LOOP('',(#1222,#1223,#1224,#1225));
#257=EDGE_LOOP('',(#1226,#1227,#1228,#1229));
#258=EDGE_LOOP('',(#1230,#1231,#1232,#1233));
#259=EDGE_LOOP('',(#1234,#1235,#1236,#1237));
#260=EDGE_LOOP('',(#1238,#1239,#1240,#1241));
#261=EDGE_LOOP('',(#1242,#1243,#1244,#1245));
#262=EDGE_LOOP('',(#1246,#1247,#1248,#1249));
#263=EDGE_LOOP('',(#1250));
#264=EDGE_LOOP('',(#1251));
#265=EDGE_LOOP('',(#1252));
#266=EDGE_LOOP('',(#1253));
#267=EDGE_LOOP('',(#1254));
#268=EDGE_LOOP('',(#1255));
#269=EDGE_LOOP('',(#1256));
#270=EDGE_LOOP('',(#1257));
#271=EDGE_LOOP('',(#1258));
#272=EDGE_LOOP('',(#1259,#1260,#1261,#1262));
#273=EDGE_LOOP('',(#1263,#1264,#1265,#1266));
#274=EDGE_LOOP('',(#1267,#1268,#1269,#1270));
#275=EDGE_LOOP('',(#1271,#1272,#1273,#1274));
#276=EDGE_LOOP('',(#1275,#1276,#1277,#1278,#1279,#1280,#1281,#1282,#1283,
#1284,#1285,#1286));
#277=EDGE_LOOP('',(#1287,#1288,#1289,#1290));
#278=EDGE_LOOP('',(#1291));
#279=EDGE_LOOP('',(#1292));
#280=EDGE_LOOP('',(#1293));
#281=EDGE_LOOP('',(#1294));
#282=EDGE_LOOP('',(#1295));
#283=EDGE_LOOP('',(#1296));
#284=EDGE_LOOP('',(#1297));
#285=EDGE_LOOP('',(#1298));
#286=EDGE_LOOP('',(#1299));
#287=EDGE_LOOP('',(#1300,#1301,#1302,#1303,#1304,#1305,#1306,#1307));
#288=EDGE_LOOP('',(#1308,#1309,#1310,#1311));
#289=EDGE_LOOP('',(#1312,#1313,#1314,#1315));
#290=EDGE_LOOP('',(#1316,#1317,#1318,#1319));
#291=EDGE_LOOP('',(#1320,#1321,#1322,#1323));
#292=EDGE_LOOP('',(#1324,#1325,#1326,#1327,#1328,#1329,#1330,#1331));
#293=EDGE_LOOP('',(#1332,#1333,#1334,#1335));
#294=EDGE_LOOP('',(#1336,#1337,#1338,#1339));
#295=EDGE_LOOP('',(#1340,#1341,#1342,#1343));
#296=EDGE_LOOP('',(#1344,#1345,#1346,#1347));
#297=EDGE_LOOP('',(#1348,#1349,#1350,#1351));
#298=EDGE_LOOP('',(#1352,#1353,#1354,#1355));
#299=EDGE_LOOP('',(#1356,#1357,#1358,#1359));
#300=EDGE_LOOP('',(#1360,#1361,#1362,#1363));
#301=EDGE_LOOP('',(#1364,#1365,#1366,#1367));
#302=EDGE_LOOP('',(#1368,#1369,#1370,#1371));
#303=EDGE_LOOP('',(#1372,#1373,#1374,#1375));
#304=EDGE_LOOP('',(#1376,#1377,#1378,#1379));
#305=EDGE_LOOP('',(#1380,#1381,#1382,#1383));
#306=EDGE_LOOP('',(#1384,#1385,#1386,#1387));
#307=EDGE_LOOP('',(#1388,#1389,#1390,#1391));
#308=EDGE_LOOP('',(#1392,#1393,#1394,#1395));
#309=EDGE_LOOP('',(#1396,#1397,#1398,#1399));
#310=EDGE_LOOP('',(#1400,#1401,#1402,#1403));
#311=EDGE_LOOP('',(#1404,#1405,#1406,#1407));
#312=EDGE_LOOP('',(#1408,#1409,#1410,#1411));
#313=EDGE_LOOP('',(#1412,#1413,#1414,#1415));
#314=EDGE_LOOP('',(#1416,#1417,#1418,#1419));
#315=EDGE_LOOP('',(#1420,#1421,#1422,#1423));
#316=EDGE_LOOP('',(#1424,#1425,#1426,#1427));
#317=EDGE_LOOP('',(#1428,#1429,#1430,#1431));
#318=EDGE_LOOP('',(#1432,#1433,#1434,#1435));
#319=EDGE_LOOP('',(#1436,#1437,#1438,#1439));
#320=EDGE_LOOP('',(#1440,#1441,#1442,#1443));
#321=EDGE_LOOP('',(#1444,#1445,#1446,#1447));
#322=EDGE_LOOP('',(#1448,#1449,#1450,#1451));
#323=EDGE_LOOP('',(#1452,#1453,#1454,#1455));
#324=EDGE_LOOP('',(#1456,#1457,#1458,#1459));
#325=EDGE_LOOP('',(#1460,#1461,#1462,#1463));
#326=EDGE_LOOP('',(#1464,#1465,#1466,#1467));
#327=EDGE_LOOP('',(#1468,#1469,#1470,#1471));
#328=EDGE_LOOP('',(#1472,#1473,#1474,#1475));
#329=EDGE_LOOP('',(#1476,#1477,#1478,#1479));
#330=EDGE_LOOP('',(#1480,#1481,#1482,#1483));
#331=EDGE_LOOP('',(#1484,#1485,#1486,#1487));
#332=EDGE_LOOP('',(#1488,#1489,#1490,#1491));
#333=EDGE_LOOP('',(#1492,#1493,#1494,#1495));
#334=EDGE_LOOP('',(#1496,#1497,#1498,#1499));
#335=EDGE_LOOP('',(#1500,#1501,#1502,#1503));
#336=EDGE_LOOP('',(#1504,#1505,#1506,#1507));
#337=EDGE_LOOP('',(#1508,#1509,#1510,#1511));
#338=EDGE_LOOP('',(#1512,#1513,#1514,#1515));
#339=EDGE_LOOP('',(#1516,#1517,#1518,#1519));
#340=EDGE_LOOP('',(#1520,#1521,#1522,#1523));
#341=EDGE_LOOP('',(#1524,#1525,#1526,#1527));
#342=EDGE_LOOP('',(#1528,#1529,#1530,#1531));
#343=EDGE_LOOP('',(#1532,#1533,#1534,#1535));
#344=EDGE_LOOP('',(#1536,#1537,#1538,#1539));
#345=EDGE_LOOP('',(#1540,#1541,#1542,#1543));
#346=EDGE_LOOP('',(#1544,#1545,#1546,#1547));
#347=EDGE_LOOP('',(#1548,#1549,#1550,#1551));
#348=EDGE_LOOP('',(#1552,#1553,#1554,#1555));
#349=EDGE_LOOP('',(#1556,#1557,#1558,#1559));
#350=EDGE_LOOP('',(#1560));
#351=EDGE_LOOP('',(#1561));
#352=EDGE_LOOP('',(#1562,#1563,#1564,#1565));
#353=EDGE_LOOP('',(#1566,#1567,#1568,#1569));
#354=EDGE_LOOP('',(#1570));
#355=EDGE_LOOP('',(#1571));
#356=EDGE_LOOP('',(#1572,#1573,#1574,#1575));
#357=EDGE_LOOP('',(#1576));
#358=EDGE_LOOP('',(#1577));
#359=EDGE_LOOP('',(#1578,#1579,#1580,#1581));
#360=EDGE_LOOP('',(#1582,#1583,#1584,#1585));
#361=EDGE_LOOP('',(#1586));
#362=EDGE_LOOP('',(#1587));
#363=EDGE_LOOP('',(#1588,#1589,#1590,#1591));
#364=EDGE_LOOP('',(#1592));
#365=EDGE_LOOP('',(#1593));
#366=EDGE_LOOP('',(#1594,#1595,#1596,#1597));
#367=EDGE_LOOP('',(#1598));
#368=EDGE_LOOP('',(#1599));
#369=EDGE_LOOP('',(#1600,#1601,#1602,#1603));
#370=EDGE_LOOP('',(#1604,#1605,#1606,#1607));
#371=EDGE_LOOP('',(#1608));
#372=EDGE_LOOP('',(#1609));
#373=EDGE_LOOP('',(#1610,#1611,#1612,#1613));
#374=EDGE_LOOP('',(#1614));
#375=EDGE_LOOP('',(#1615));
#376=EDGE_LOOP('',(#1616,#1617,#1618,#1619));
#377=EDGE_LOOP('',(#1620,#1621,#1622,#1623));
#378=EDGE_LOOP('',(#1624));
#379=EDGE_LOOP('',(#1625));
#380=EDGE_LOOP('',(#1626,#1627,#1628,#1629));
#381=EDGE_LOOP('',(#1630,#1631,#1632,#1633));
#382=EDGE_LOOP('',(#1634));
#383=EDGE_LOOP('',(#1635));
#384=EDGE_LOOP('',(#1636,#1637,#1638,#1639));
#385=EDGE_LOOP('',(#1640));
#386=EDGE_LOOP('',(#1641));
#387=EDGE_LOOP('',(#1642,#1643,#1644,#1645));
#388=EDGE_LOOP('',(#1646,#1647,#1648,#1649));
#389=EDGE_LOOP('',(#1650));
#390=EDGE_LOOP('',(#1651));
#391=EDGE_LOOP('',(#1652,#1653,#1654,#1655));
#392=EDGE_LOOP('',(#1656));
#393=EDGE_LOOP('',(#1657));
#394=EDGE_LOOP('',(#1658,#1659,#1660,#1661));
#395=EDGE_LOOP('',(#1662));
#396=EDGE_LOOP('',(#1663));
#397=EDGE_LOOP('',(#1664,#1665,#1666,#1667));
#398=EDGE_LOOP('',(#1668,#1669,#1670,#1671));
#399=EDGE_LOOP('',(#1672));
#400=EDGE_LOOP('',(#1673));
#401=EDGE_LOOP('',(#1674,#1675,#1676,#1677));
#402=EDGE_LOOP('',(#1678));
#403=EDGE_LOOP('',(#1679));
#404=EDGE_LOOP('',(#1680,#1681,#1682,#1683));
#405=EDGE_LOOP('',(#1684,#1685,#1686,#1687));
#406=EDGE_LOOP('',(#1688));
#407=EDGE_LOOP('',(#1689));
#408=EDGE_LOOP('',(#1690,#1691,#1692,#1693));
#409=EDGE_LOOP('',(#1694,#1695,#1696,#1697));
#410=EDGE_LOOP('',(#1698));
#411=EDGE_LOOP('',(#1699));
#412=EDGE_LOOP('',(#1700,#1701,#1702,#1703));
#413=EDGE_LOOP('',(#1704,#1705,#1706,#1707));
#414=EDGE_LOOP('',(#1708,#1709,#1710,#1711));
#415=EDGE_LOOP('',(#1712,#1713,#1714,#1715));
#416=EDGE_LOOP('',(#1716,#1717,#1718,#1719));
#417=LINE('',#2674,#612);
#418=LINE('',#2676,#613);
#419=LINE('',#2678,#614);
#420=LINE('',#2679,#615);
#421=LINE('',#2682,#616);
#422=LINE('',#2684,#617);
#423=LINE('',#2686,#618);
#424=LINE('',#2687,#619);
#425=LINE('',#2690,#620);
#426=LINE('',#2692,#621);
#427=LINE('',#2694,#622);
#428=LINE('',#2695,#623);
#429=LINE('',#2698,#624);
#430=LINE('',#2700,#625);
#431=LINE('',#2702,#626);
#432=LINE('',#2703,#627);
#433=LINE('',#2706,#628);
#434=LINE('',#2708,#629);
#435=LINE('',#2710,#630);
#436=LINE('',#2711,#631);
#437=LINE('',#2714,#632);
#438=LINE('',#2716,#633);
#439=LINE('',#2718,#634);
#440=LINE('',#2719,#635);
#441=LINE('',#2722,#636);
#442=LINE('',#2724,#637);
#443=LINE('',#2726,#638);
#444=LINE('',#2727,#639);
#445=LINE('',#2748,#640);
#446=LINE('',#2750,#641);
#447=LINE('',#2752,#642);
#448=LINE('',#2753,#643);
#449=LINE('',#2756,#644);
#450=LINE('',#2758,#645);
#451=LINE('',#2760,#646);
#452=LINE('',#2761,#647);
#453=LINE('',#2764,#648);
#454=LINE('',#2766,#649);
#455=LINE('',#2768,#650);
#456=LINE('',#2769,#651);
#457=LINE('',#2772,#652);
#458=LINE('',#2774,#653);
#459=LINE('',#2776,#654);
#460=LINE('',#2777,#655);
#461=LINE('',#2780,#656);
#462=LINE('',#2782,#657);
#463=LINE('',#2784,#658);
#464=LINE('',#2786,#659);
#465=LINE('',#2788,#660);
#466=LINE('',#2790,#661);
#467=LINE('',#2792,#662);
#468=LINE('',#2794,#663);
#469=LINE('',#2796,#664);
#470=LINE('',#2798,#665);
#471=LINE('',#2800,#666);
#472=LINE('',#2801,#667);
#473=LINE('',#2805,#668);
#474=LINE('',#2807,#669);
#475=LINE('',#2809,#670);
#476=LINE('',#2810,#671);
#477=LINE('',#2831,#672);
#478=LINE('',#2833,#673);
#479=LINE('',#2835,#674);
#480=LINE('',#2836,#675);
#481=LINE('',#2838,#676);
#482=LINE('',#2839,#677);
#483=LINE('',#2841,#678);
#484=LINE('',#2842,#679);
#485=LINE('',#2844,#680);
#486=LINE('',#2846,#681);
#487=LINE('',#2850,#682);
#488=LINE('',#2852,#683);
#489=LINE('',#2854,#684);
#490=LINE('',#2855,#685);
#491=LINE('',#2857,#686);
#492=LINE('',#2858,#687);
#493=LINE('',#2860,#688);
#494=LINE('',#2862,#689);
#495=LINE('',#2866,#690);
#496=LINE('',#2867,#691);
#497=LINE('',#2870,#692);
#498=LINE('',#2871,#693);
#499=LINE('',#2873,#694);
#500=LINE('',#2876,#695);
#501=LINE('',#2877,#696);
#502=LINE('',#2880,#697);
#503=LINE('',#2881,#698);
#504=LINE('',#2883,#699);
#505=LINE('',#2888,#700);
#506=LINE('',#2890,#701);
#507=LINE('',#2891,#702);
#508=LINE('',#2894,#703);
#509=LINE('',#2895,#704);
#510=LINE('',#2898,#705);
#511=LINE('',#2899,#706);
#512=LINE('',#2901,#707);
#513=LINE('',#2905,#708);
#514=LINE('',#2907,#709);
#515=LINE('',#2908,#710);
#516=LINE('',#2911,#711);
#517=LINE('',#2912,#712);
#518=LINE('',#2915,#713);
#519=LINE('',#2916,#714);
#520=LINE('',#2918,#715);
#521=LINE('',#2922,#716);
#522=LINE('',#2924,#717);
#523=LINE('',#2925,#718);
#524=LINE('',#2928,#719);
#525=LINE('',#2929,#720);
#526=LINE('',#2932,#721);
#527=LINE('',#2933,#722);
#528=LINE('',#2935,#723);
#529=LINE('',#2939,#724);
#530=LINE('',#2941,#725);
#531=LINE('',#2942,#726);
#532=LINE('',#2945,#727);
#533=LINE('',#2946,#728);
#534=LINE('',#2949,#729);
#535=LINE('',#2950,#730);
#536=LINE('',#2952,#731);
#537=LINE('',#2956,#732);
#538=LINE('',#2958,#733);
#539=LINE('',#2959,#734);
#540=LINE('',#2962,#735);
#541=LINE('',#2963,#736);
#542=LINE('',#2966,#737);
#543=LINE('',#2967,#738);
#544=LINE('',#2969,#739);
#545=LINE('',#2973,#740);
#546=LINE('',#2975,#741);
#547=LINE('',#2976,#742);
#548=LINE('',#2979,#743);
#549=LINE('',#2980,#744);
#550=LINE('',#2983,#745);
#551=LINE('',#2984,#746);
#552=LINE('',#2986,#747);
#553=LINE('',#2990,#748);
#554=LINE('',#2992,#749);
#555=LINE('',#2993,#750);
#556=LINE('',#2996,#751);
#557=LINE('',#2997,#752);
#558=LINE('',#3000,#753);
#559=LINE('',#3001,#754);
#560=LINE('',#3003,#755);
#561=LINE('',#3007,#756);
#562=LINE('',#3009,#757);
#563=LINE('',#3010,#758);
#564=LINE('',#3013,#759);
#565=LINE('',#3014,#760);
#566=LINE('',#3017,#761);
#567=LINE('',#3018,#762);
#568=LINE('',#3020,#763);
#569=LINE('',#3024,#764);
#570=LINE('',#3026,#765);
#571=LINE('',#3027,#766);
#572=LINE('',#3030,#767);
#573=LINE('',#3031,#768);
#574=LINE('',#3034,#769);
#575=LINE('',#3035,#770);
#576=LINE('',#3037,#771);
#577=LINE('',#3058,#772);
#578=LINE('',#3082,#773);
#579=LINE('',#3104,#774);
#580=LINE('',#3125,#775);
#581=LINE('',#3149,#776);
#582=LINE('',#3171,#777);
#583=LINE('',#3192,#778);
#584=LINE('',#3217,#779);
#585=LINE('',#3239,#780);
#586=LINE('',#3259,#781);
#587=LINE('',#3284,#782);
#588=LINE('',#3306,#783);
#589=LINE('',#3326,#784);
#590=LINE('',#3350,#785);
#591=LINE('',#3372,#786);
#592=LINE('',#3393,#787);
#593=LINE('',#3417,#788);
#594=LINE('',#3439,#789);
#595=LINE('',#3460,#790);
#596=LINE('',#3485,#791);
#597=LINE('',#3507,#792);
#598=LINE('',#3527,#793);
#599=LINE('',#3552,#794);
#600=LINE('',#3574,#795);
#601=LINE('',#3594,#796);
#602=LINE('',#3618,#797);
#603=LINE('',#3640,#798);
#604=LINE('',#3645,#799);
#605=LINE('',#3646,#800);
#606=LINE('',#3647,#801);
#607=LINE('',#3650,#802);
#608=LINE('',#3651,#803);
#609=LINE('',#3654,#804);
#610=LINE('',#3655,#805);
#611=LINE('',#3657,#806);
#612=VECTOR('',#2195,18.9999999);
#613=VECTOR('',#2196,21.199);
#614=VECTOR('',#2197,18.9999999);
#615=VECTOR('',#2198,21.199);
#616=VECTOR('',#2199,1.2325);
#617=VECTOR('',#2200,0.527777775);
#618=VECTOR('',#2201,1.2325);
#619=VECTOR('',#2202,0.527777775);
#620=VECTOR('',#2203,1.2325);
#621=VECTOR('',#2204,0.527777775);
#622=VECTOR('',#2205,1.2325);
#623=VECTOR('',#2206,0.527777775);
#624=VECTOR('',#2207,1.2325);
#625=VECTOR('',#2208,0.527777775);
#626=VECTOR('',#2209,1.2325);
#627=VECTOR('',#2210,0.527777775);
#628=VECTOR('',#2211,0.492999999999998);
#629=VECTOR('',#2212,1.3194444375);
#630=VECTOR('',#2213,0.493);
#631=VECTOR('',#2214,1.3194444375);
#632=VECTOR('',#2215,2.1692);
#633=VECTOR('',#2216,1.161111105);
#634=VECTOR('',#2217,2.1692);
#635=VECTOR('',#2218,1.161111105);
#636=VECTOR('',#2219,1.47777777);
#637=VECTOR('',#2220,0.6409);
#638=VECTOR('',#2221,1.47777777);
#639=VECTOR('',#2222,0.6409);
#640=VECTOR('',#2241,1.161111105);
#641=VECTOR('',#2242,2.1692);
#642=VECTOR('',#2243,1.161111105);
#643=VECTOR('',#2244,2.1692);
#644=VECTOR('',#2245,0.527777775);
#645=VECTOR('',#2246,1.2325);
#646=VECTOR('',#2247,0.527777775);
#647=VECTOR('',#2248,1.2325);
#648=VECTOR('',#2249,0.527777775);
#649=VECTOR('',#2250,1.2325);
#650=VECTOR('',#2251,0.527777775);
#651=VECTOR('',#2252,1.2325);
#652=VECTOR('',#2253,0.527777775);
#653=VECTOR('',#2254,1.2325);
#654=VECTOR('',#2255,0.527777775);
#655=VECTOR('',#2256,1.2325);
#656=VECTOR('',#2257,1.794444435);
#657=VECTOR('',#2258,9.2684);
#658=VECTOR('',#2259,1.794444435);
#659=VECTOR('',#2260,0.295800000000001);
#660=VECTOR('',#2261,4.01111109);
#661=VECTOR('',#2262,0.2958);
#662=VECTOR('',#2263,1.794444435);
#663=VECTOR('',#2264,9.2684);
#664=VECTOR('',#2265,1.794444435);
#665=VECTOR('',#2266,0.295799999999999);
#666=VECTOR('',#2267,4.01111109);
#667=VECTOR('',#2268,0.295799999999999);
#668=VECTOR('',#2271,18.9999999);
#669=VECTOR('',#2272,21.199);
#670=VECTOR('',#2273,18.9999999);
#671=VECTOR('',#2274,21.199);
#672=VECTOR('',#2295,0.8);
#673=VECTOR('',#2296,1.9);
#674=VECTOR('',#2297,9.86);
#675=VECTOR('',#2298,1.9);
#676=VECTOR('',#2299,0.8);
#677=VECTOR('',#2300,9.2684);
#678=VECTOR('',#2303,1.2);
#679=VECTOR('',#2304,1.2);
#680=VECTOR('',#2307,1.2);
#681=VECTOR('',#2310,1.2);
#682=VECTOR('',#2315,0.8);
#683=VECTOR('',#2316,1.9);
#684=VECTOR('',#2317,9.86);
#685=VECTOR('',#2318,1.9);
#686=VECTOR('',#2319,0.8);
#687=VECTOR('',#2320,9.2684);
#688=VECTOR('',#2323,4.01111109);
#689=VECTOR('',#2326,4.01111109);
#690=VECTOR('',#2331,0.949999995000001);
#691=VECTOR('',#2332,1.16322242595598);
#692=VECTOR('',#2335,1.16322242595598);
#693=VECTOR('',#2336,0.949999995000003);
#694=VECTOR('',#2339,9.2684);
#695=VECTOR('',#2342,0.949999995000001);
#696=VECTOR('',#2343,1.16322242595598);
#697=VECTOR('',#2346,1.16322242595598);
#698=VECTOR('',#2347,0.949999995000001);
#699=VECTOR('',#2350,9.2684);
#700=VECTOR('',#2357,0.7);
#701=VECTOR('',#2358,0.527777775);
#702=VECTOR('',#2359,0.7);
#703=VECTOR('',#2362,0.7);
#704=VECTOR('',#2363,1.2325);
#705=VECTOR('',#2366,0.7);
#706=VECTOR('',#2367,0.527777775);
#707=VECTOR('',#2370,1.2325);
#708=VECTOR('',#2375,0.7);
#709=VECTOR('',#2376,0.527777775);
#710=VECTOR('',#2377,0.7);
#711=VECTOR('',#2380,0.7);
#712=VECTOR('',#2381,1.2325);
#713=VECTOR('',#2384,0.7);
#714=VECTOR('',#2385,0.527777775);
#715=VECTOR('',#2388,1.2325);
#716=VECTOR('',#2393,0.7);
#717=VECTOR('',#2394,0.527777775);
#718=VECTOR('',#2395,0.7);
#719=VECTOR('',#2398,0.7);
#720=VECTOR('',#2399,1.2325);
#721=VECTOR('',#2402,0.7);
#722=VECTOR('',#2403,0.527777775);
#723=VECTOR('',#2406,1.2325);
#724=VECTOR('',#2411,0.7);
#725=VECTOR('',#2412,0.527777775);
#726=VECTOR('',#2413,0.7);
#727=VECTOR('',#2416,0.7);
#728=VECTOR('',#2417,1.2325);
#729=VECTOR('',#2420,0.7);
#730=VECTOR('',#2421,0.527777775);
#731=VECTOR('',#2424,1.2325);
#732=VECTOR('',#2429,0.7);
#733=VECTOR('',#2430,0.527777775);
#734=VECTOR('',#2431,0.7);
#735=VECTOR('',#2434,0.7);
#736=VECTOR('',#2435,1.2325);
#737=VECTOR('',#2438,0.7);
#738=VECTOR('',#2439,0.527777775);
#739=VECTOR('',#2442,1.2325);
#740=VECTOR('',#2447,0.7);
#741=VECTOR('',#2448,0.527777775);
#742=VECTOR('',#2449,0.7);
#743=VECTOR('',#2452,0.7);
#744=VECTOR('',#2453,1.2325);
#745=VECTOR('',#2456,0.7);
#746=VECTOR('',#2457,0.527777775);
#747=VECTOR('',#2460,1.2325);
#748=VECTOR('',#2465,0.7);
#749=VECTOR('',#2466,1.3194444375);
#750=VECTOR('',#2467,0.7);
#751=VECTOR('',#2470,0.7);
#752=VECTOR('',#2471,0.492999999999998);
#753=VECTOR('',#2474,0.7);
#754=VECTOR('',#2475,1.3194444375);
#755=VECTOR('',#2478,0.493);
#756=VECTOR('',#2483,0.9);
#757=VECTOR('',#2484,1.161111105);
#758=VECTOR('',#2485,0.9);
#759=VECTOR('',#2488,0.9);
#760=VECTOR('',#2489,2.1692);
#761=VECTOR('',#2492,0.9);
#762=VECTOR('',#2493,1.161111105);
#763=VECTOR('',#2496,2.1692);
#764=VECTOR('',#2501,0.9);
#765=VECTOR('',#2502,1.161111105);
#766=VECTOR('',#2503,0.9);
#767=VECTOR('',#2506,0.9);
#768=VECTOR('',#2507,2.1692);
#769=VECTOR('',#2510,0.9);
#770=VECTOR('',#2511,1.161111105);
#771=VECTOR('',#2514,2.1692);
#772=VECTOR('',#2517,0.7916666625);
#773=VECTOR('',#2524,0.527777775);
#774=VECTOR('',#2529,0.7916666625);
#775=VECTOR('',#2532,0.7916666625);
#776=VECTOR('',#2539,0.527777775000001);
#777=VECTOR('',#2544,0.7916666625);
#778=VECTOR('',#2547,0.7916666625);
#779=VECTOR('',#2556,0.7916666625);
#780=VECTOR('',#2561,0.527777775000001);
#781=VECTOR('',#2562,0.7916666625);
#782=VECTOR('',#2571,0.7916666625);
#783=VECTOR('',#2576,0.527777775);
#784=VECTOR('',#2577,0.7916666625);
#785=VECTOR('',#2584,0.527777775);
#786=VECTOR('',#2589,0.7916666625);
#787=VECTOR('',#2592,0.7916666625);
#788=VECTOR('',#2599,0.527777775000001);
#789=VECTOR('',#2604,0.7916666625);
#790=VECTOR('',#2607,0.7916666625);
#791=VECTOR('',#2616,0.7916666625);
#792=VECTOR('',#2621,0.527777775000001);
#793=VECTOR('',#2622,0.7916666625);
#794=VECTOR('',#2631,0.7916666625);
#795=VECTOR('',#2636,0.527777775);
#796=VECTOR('',#2637,0.7916666625);
#797=VECTOR('',#2644,0.527777775);
#798=VECTOR('',#2649,0.7916666625);
#799=VECTOR('',#2654,0.6409);
#800=VECTOR('',#2655,0.7);
#801=VECTOR('',#2656,0.7);
#802=VECTOR('',#2659,1.47777777);
#803=VECTOR('',#2660,0.7);
#804=VECTOR('',#2663,0.6409);
#805=VECTOR('',#2664,0.7);
#806=VECTOR('',#2667,1.47777777);
#807=VERTEX_POINT('',#2672);
#808=VERTEX_POINT('',#2673);
#809=VERTEX_POINT('',#2675);
#810=VERTEX_POINT('',#2677);
#811=VERTEX_POINT('',#2680);
#812=VERTEX_POINT('',#2681);
#813=VERTEX_POINT('',#2683);
#814=VERTEX_POINT('',#2685);
#815=VERTEX_POINT('',#2688);
#816=VERTEX_POINT('',#2689);
#817=VERTEX_POINT('',#2691);
#818=VERTEX_POINT('',#2693);
#819=VERTEX_POINT('',#2696);
#820=VERTEX_POINT('',#2697);
#821=VERTEX_POINT('',#2699);
#822=VERTEX_POINT('',#2701);
#823=VERTEX_POINT('',#2704);
#824=VERTEX_POINT('',#2705);
#825=VERTEX_POINT('',#2707);
#826=VERTEX_POINT('',#2709);
#827=VERTEX_POINT('',#2712);
#828=VERTEX_POINT('',#2713);
#829=VERTEX_POINT('',#2715);
#830=VERTEX_POINT('',#2717);
#831=VERTEX_POINT('',#2720);
#832=VERTEX_POINT('',#2721);
#833=VERTEX_POINT('',#2723);
#834=VERTEX_POINT('',#2725);
#835=VERTEX_POINT('',#2728);
#836=VERTEX_POINT('',#2730);
#837=VERTEX_POINT('',#2732);
#838=VERTEX_POINT('',#2734);
#839=VERTEX_POINT('',#2736);
#840=VERTEX_POINT('',#2738);
#841=VERTEX_POINT('',#2740);
#842=VERTEX_POINT('',#2742);
#843=VERTEX_POINT('',#2744);
#844=VERTEX_POINT('',#2746);
#845=VERTEX_POINT('',#2747);
#846=VERTEX_POINT('',#2749);
#847=VERTEX_POINT('',#2751);
#848=VERTEX_POINT('',#2754);
#849=VERTEX_POINT('',#2755);
#850=VERTEX_POINT('',#2757);
#851=VERTEX_POINT('',#2759);
#852=VERTEX_POINT('',#2762);
#853=VERTEX_POINT('',#2763);
#854=VERTEX_POINT('',#2765);
#855=VERTEX_POINT('',#2767);
#856=VERTEX_POINT('',#2770);
#857=VERTEX_POINT('',#2771);
#858=VERTEX_POINT('',#2773);
#859=VERTEX_POINT('',#2775);
#860=VERTEX_POINT('',#2778);
#861=VERTEX_POINT('',#2779);
#862=VERTEX_POINT('',#2781);
#863=VERTEX_POINT('',#2783);
#864=VERTEX_POINT('',#2785);
#865=VERTEX_POINT('',#2787);
#866=VERTEX_POINT('',#2789);
#867=VERTEX_POINT('',#2791);
#868=VERTEX_POINT('',#2793);
#869=VERTEX_POINT('',#2795);
#870=VERTEX_POINT('',#2797);
#871=VERTEX_POINT('',#2799);
#872=VERTEX_POINT('',#2803);
#873=VERTEX_POINT('',#2804);
#874=VERTEX_POINT('',#2806);
#875=VERTEX_POINT('',#2808);
#876=VERTEX_POINT('',#2811);
#877=VERTEX_POINT('',#2813);
#878=VERTEX_POINT('',#2815);
#879=VERTEX_POINT('',#2817);
#880=VERTEX_POINT('',#2819);
#881=VERTEX_POINT('',#2821);
#882=VERTEX_POINT('',#2823);
#883=VERTEX_POINT('',#2825);
#884=VERTEX_POINT('',#2827);
#885=VERTEX_POINT('',#2830);
#886=VERTEX_POINT('',#2832);
#887=VERTEX_POINT('',#2834);
#888=VERTEX_POINT('',#2837);
#889=VERTEX_POINT('',#2849);
#890=VERTEX_POINT('',#2851);
#891=VERTEX_POINT('',#2853);
#892=VERTEX_POINT('',#2856);
#893=VERTEX_POINT('',#2865);
#894=VERTEX_POINT('',#2869);
#895=VERTEX_POINT('',#2875);
#896=VERTEX_POINT('',#2879);
#897=VERTEX_POINT('',#2887);
#898=VERTEX_POINT('',#2889);
#899=VERTEX_POINT('',#2893);
#900=VERTEX_POINT('',#2897);
#901=VERTEX_POINT('',#2904);
#902=VERTEX_POINT('',#2906);
#903=VERTEX_POINT('',#2910);
#904=VERTEX_POINT('',#2914);
#905=VERTEX_POINT('',#2921);
#906=VERTEX_POINT('',#2923);
#907=VERTEX_POINT('',#2927);
#908=VERTEX_POINT('',#2931);
#909=VERTEX_POINT('',#2938);
#910=VERTEX_POINT('',#2940);
#911=VERTEX_POINT('',#2944);
#912=VERTEX_POINT('',#2948);
#913=VERTEX_POINT('',#2955);
#914=VERTEX_POINT('',#2957);
#915=VERTEX_POINT('',#2961);
#916=VERTEX_POINT('',#2965);
#917=VERTEX_POINT('',#2972);
#918=VERTEX_POINT('',#2974);
#919=VERTEX_POINT('',#2978);
#920=VERTEX_POINT('',#2982);
#921=VERTEX_POINT('',#2989);
#922=VERTEX_POINT('',#2991);
#923=VERTEX_POINT('',#2995);
#924=VERTEX_POINT('',#2999);
#925=VERTEX_POINT('',#3006);
#926=VERTEX_POINT('',#3008);
#927=VERTEX_POINT('',#3012);
#928=VERTEX_POINT('',#3016);
#929=VERTEX_POINT('',#3023);
#930=VERTEX_POINT('',#3025);
#931=VERTEX_POINT('',#3029);
#932=VERTEX_POINT('',#3033);
#933=VERTEX_POINT('',#3057);
#934=VERTEX_POINT('',#3061);
#935=VERTEX_POINT('',#3081);
#936=VERTEX_POINT('',#3102);
#937=VERTEX_POINT('',#3124);
#938=VERTEX_POINT('',#3128);
#939=VERTEX_POINT('',#3148);
#940=VERTEX_POINT('',#3169);
#941=VERTEX_POINT('',#3191);
#942=VERTEX_POINT('',#3195);
#943=VERTEX_POINT('',#3215);
#944=VERTEX_POINT('',#3219);
#945=VERTEX_POINT('',#3258);
#946=VERTEX_POINT('',#3262);
#947=VERTEX_POINT('',#3282);
#948=VERTEX_POINT('',#3286);
#949=VERTEX_POINT('',#3325);
#950=VERTEX_POINT('',#3329);
#951=VERTEX_POINT('',#3349);
#952=VERTEX_POINT('',#3370);
#953=VERTEX_POINT('',#3392);
#954=VERTEX_POINT('',#3396);
#955=VERTEX_POINT('',#3416);
#956=VERTEX_POINT('',#3437);
#957=VERTEX_POINT('',#3459);
#958=VERTEX_POINT('',#3463);
#959=VERTEX_POINT('',#3483);
#960=VERTEX_POINT('',#3487);
#961=VERTEX_POINT('',#3526);
#962=VERTEX_POINT('',#3530);
#963=VERTEX_POINT('',#3550);
#964=VERTEX_POINT('',#3554);
#965=VERTEX_POINT('',#3593);
#966=VERTEX_POINT('',#3597);
#967=VERTEX_POINT('',#3617);
#968=VERTEX_POINT('',#3638);
#969=VERTEX_POINT('',#3643);
#970=VERTEX_POINT('',#3644);
#971=VERTEX_POINT('',#3649);
#972=VERTEX_POINT('',#3653);
#973=EDGE_CURVE('',#807,#808,#417,.T.);
#974=EDGE_CURVE('',#808,#809,#418,.T.);
#975=EDGE_CURVE('',#810,#809,#419,.T.);
#976=EDGE_CURVE('',#807,#810,#420,.T.);
#977=EDGE_CURVE('',#811,#812,#421,.T.);
#978=EDGE_CURVE('',#813,#811,#422,.T.);
#979=EDGE_CURVE('',#813,#814,#423,.T.);
#980=EDGE_CURVE('',#814,#812,#424,.T.);
#981=EDGE_CURVE('',#815,#816,#425,.T.);
#982=EDGE_CURVE('',#817,#815,#426,.T.);
#983=EDGE_CURVE('',#817,#818,#427,.T.);
#984=EDGE_CURVE('',#818,#816,#428,.T.);
#985=EDGE_CURVE('',#819,#820,#429,.T.);
#986=EDGE_CURVE('',#821,#819,#430,.T.);
#987=EDGE_CURVE('',#821,#822,#431,.T.);
#988=EDGE_CURVE('',#822,#820,#432,.T.);
#989=EDGE_CURVE('',#823,#824,#433,.T.);
#990=EDGE_CURVE('',#825,#823,#434,.T.);
#991=EDGE_CURVE('',#825,#826,#435,.T.);
#992=EDGE_CURVE('',#826,#824,#436,.T.);
#993=EDGE_CURVE('',#827,#828,#437,.T.);
#994=EDGE_CURVE('',#829,#827,#438,.T.);
#995=EDGE_CURVE('',#829,#830,#439,.T.);
#996=EDGE_CURVE('',#830,#828,#440,.T.);
#997=EDGE_CURVE('',#831,#832,#441,.T.);
#998=EDGE_CURVE('',#833,#831,#442,.T.);
#999=EDGE_CURVE('',#834,#833,#443,.T.);
#1000=EDGE_CURVE('',#832,#834,#444,.T.);
#1001=EDGE_CURVE('',#835,#835,#41,.T.);
#1002=EDGE_CURVE('',#836,#836,#42,.T.);
#1003=EDGE_CURVE('',#837,#837,#43,.T.);
#1004=EDGE_CURVE('',#838,#838,#44,.T.);
#1005=EDGE_CURVE('',#839,#839,#45,.T.);
#1006=EDGE_CURVE('',#840,#840,#46,.T.);
#1007=EDGE_CURVE('',#841,#841,#47,.T.);
#1008=EDGE_CURVE('',#842,#842,#48,.T.);
#1009=EDGE_CURVE('',#843,#843,#49,.T.);
#1010=EDGE_CURVE('',#844,#845,#445,.T.);
#1011=EDGE_CURVE('',#845,#846,#446,.T.);
#1012=EDGE_CURVE('',#847,#846,#447,.T.);
#1013=EDGE_CURVE('',#844,#847,#448,.T.);
#1014=EDGE_CURVE('',#848,#849,#449,.T.);
#1015=EDGE_CURVE('',#849,#850,#450,.T.);
#1016=EDGE_CURVE('',#851,#850,#451,.T.);
#1017=EDGE_CURVE('',#848,#851,#452,.T.);
#1018=EDGE_CURVE('',#852,#853,#453,.T.);
#1019=EDGE_CURVE('',#853,#854,#454,.T.);
#1020=EDGE_CURVE('',#855,#854,#455,.T.);
#1021=EDGE_CURVE('',#852,#855,#456,.T.);
#1022=EDGE_CURVE('',#856,#857,#457,.T.);
#1023=EDGE_CURVE('',#857,#858,#458,.T.);
#1024=EDGE_CURVE('',#859,#858,#459,.T.);
#1025=EDGE_CURVE('',#856,#859,#460,.T.);
#1026=EDGE_CURVE('',#860,#861,#461,.T.);
#1027=EDGE_CURVE('',#861,#862,#462,.T.);
#1028=EDGE_CURVE('',#863,#862,#463,.T.);
#1029=EDGE_CURVE('',#863,#864,#464,.T.);
#1030=EDGE_CURVE('',#864,#865,#465,.T.);
#1031=EDGE_CURVE('',#866,#865,#466,.T.);
#1032=EDGE_CURVE('',#867,#866,#467,.T.);
#1033=EDGE_CURVE('',#868,#867,#468,.T.);
#1034=EDGE_CURVE('',#868,#869,#469,.T.);
#1035=EDGE_CURVE('',#870,#869,#470,.T.);
#1036=EDGE_CURVE('',#871,#870,#471,.T.);
#1037=EDGE_CURVE('',#871,#860,#472,.T.);
#1038=EDGE_CURVE('',#872,#873,#473,.T.);
#1039=EDGE_CURVE('',#872,#874,#474,.T.);
#1040=EDGE_CURVE('',#874,#875,#475,.T.);
#1041=EDGE_CURVE('',#873,#875,#476,.T.);
#1042=EDGE_CURVE('',#876,#876,#50,.T.);
#1043=EDGE_CURVE('',#877,#877,#51,.T.);
#1044=EDGE_CURVE('',#878,#878,#52,.T.);
#1045=EDGE_CURVE('',#879,#879,#53,.T.);
#1046=EDGE_CURVE('',#880,#880,#54,.T.);
#1047=EDGE_CURVE('',#881,#881,#55,.T.);
#1048=EDGE_CURVE('',#882,#882,#56,.T.);
#1049=EDGE_CURVE('',#883,#883,#57,.T.);
#1050=EDGE_CURVE('',#884,#884,#58,.T.);
#1051=EDGE_CURVE('',#885,#866,#477,.T.);
#1052=EDGE_CURVE('',#886,#865,#478,.T.);
#1053=EDGE_CURVE('',#887,#886,#479,.T.);
#1054=EDGE_CURVE('',#887,#870,#480,.T.);
#1055=EDGE_CURVE('',#888,#869,#481,.T.);
#1056=EDGE_CURVE('',#888,#885,#482,.T.);
#1057=EDGE_CURVE('',#872,#807,#483,.T.);
#1058=EDGE_CURVE('',#873,#808,#484,.T.);
#1059=EDGE_CURVE('',#874,#810,#485,.T.);
#1060=EDGE_CURVE('',#875,#809,#486,.T.);
#1061=EDGE_CURVE('',#889,#860,#487,.T.);
#1062=EDGE_CURVE('',#890,#871,#488,.T.);
#1063=EDGE_CURVE('',#890,#891,#489,.T.);
#1064=EDGE_CURVE('',#891,#864,#490,.T.);
#1065=EDGE_CURVE('',#892,#863,#491,.T.);
#1066=EDGE_CURVE('',#889,#892,#492,.T.);
#1067=EDGE_CURVE('',#890,#887,#493,.T.);
#1068=EDGE_CURVE('',#891,#886,#494,.T.);
#1069=EDGE_CURVE('',#893,#885,#495,.T.);
#1070=EDGE_CURVE('',#893,#867,#496,.T.);
#1071=EDGE_CURVE('',#868,#894,#497,.T.);
#1072=EDGE_CURVE('',#894,#888,#498,.T.);
#1073=EDGE_CURVE('',#894,#893,#499,.T.);
#1074=EDGE_CURVE('',#889,#895,#500,.T.);
#1075=EDGE_CURVE('',#895,#861,#501,.F.);
#1076=EDGE_CURVE('',#862,#896,#502,.F.);
#1077=EDGE_CURVE('',#892,#896,#503,.T.);
#1078=EDGE_CURVE('',#896,#895,#504,.T.);
#1079=EDGE_CURVE('',#897,#856,#505,.T.);
#1080=EDGE_CURVE('',#897,#898,#506,.T.);
#1081=EDGE_CURVE('',#898,#857,#507,.T.);
#1082=EDGE_CURVE('',#899,#859,#508,.T.);
#1083=EDGE_CURVE('',#897,#899,#509,.T.);
#1084=EDGE_CURVE('',#900,#858,#510,.T.);
#1085=EDGE_CURVE('',#899,#900,#511,.T.);
#1086=EDGE_CURVE('',#898,#900,#512,.T.);
#1087=EDGE_CURVE('',#901,#852,#513,.T.);
#1088=EDGE_CURVE('',#901,#902,#514,.T.);
#1089=EDGE_CURVE('',#902,#853,#515,.T.);
#1090=EDGE_CURVE('',#903,#855,#516,.T.);
#1091=EDGE_CURVE('',#901,#903,#517,.T.);
#1092=EDGE_CURVE('',#904,#854,#518,.T.);
#1093=EDGE_CURVE('',#903,#904,#519,.T.);
#1094=EDGE_CURVE('',#902,#904,#520,.T.);
#1095=EDGE_CURVE('',#905,#848,#521,.T.);
#1096=EDGE_CURVE('',#905,#906,#522,.T.);
#1097=EDGE_CURVE('',#906,#849,#523,.T.);
#1098=EDGE_CURVE('',#907,#851,#524,.T.);
#1099=EDGE_CURVE('',#905,#907,#525,.T.);
#1100=EDGE_CURVE('',#908,#850,#526,.T.);
#1101=EDGE_CURVE('',#907,#908,#527,.T.);
#1102=EDGE_CURVE('',#906,#908,#528,.T.);
#1103=EDGE_CURVE('',#909,#811,#529,.T.);
#1104=EDGE_CURVE('',#910,#909,#530,.T.);
#1105=EDGE_CURVE('',#910,#813,#531,.T.);
#1106=EDGE_CURVE('',#911,#812,#532,.T.);
#1107=EDGE_CURVE('',#909,#911,#533,.T.);
#1108=EDGE_CURVE('',#912,#814,#534,.T.);
#1109=EDGE_CURVE('',#912,#911,#535,.T.);
#1110=EDGE_CURVE('',#910,#912,#536,.T.);
#1111=EDGE_CURVE('',#913,#815,#537,.T.);
#1112=EDGE_CURVE('',#914,#913,#538,.T.);
#1113=EDGE_CURVE('',#914,#817,#539,.T.);
#1114=EDGE_CURVE('',#915,#816,#540,.T.);
#1115=EDGE_CURVE('',#913,#915,#541,.T.);
#1116=EDGE_CURVE('',#916,#818,#542,.T.);
#1117=EDGE_CURVE('',#916,#915,#543,.T.);
#1118=EDGE_CURVE('',#914,#916,#544,.T.);
#1119=EDGE_CURVE('',#917,#819,#545,.T.);
#1120=EDGE_CURVE('',#918,#917,#546,.T.);
#1121=EDGE_CURVE('',#918,#821,#547,.T.);
#1122=EDGE_CURVE('',#919,#820,#548,.T.);
#1123=EDGE_CURVE('',#917,#919,#549,.T.);
#1124=EDGE_CURVE('',#920,#822,#550,.T.);
#1125=EDGE_CURVE('',#920,#919,#551,.T.);
#1126=EDGE_CURVE('',#918,#920,#552,.T.);
#1127=EDGE_CURVE('',#921,#823,#553,.T.);
#1128=EDGE_CURVE('',#922,#921,#554,.T.);
#1129=EDGE_CURVE('',#922,#825,#555,.T.);
#1130=EDGE_CURVE('',#923,#824,#556,.T.);
#1131=EDGE_CURVE('',#921,#923,#557,.T.);
#1132=EDGE_CURVE('',#924,#826,#558,.T.);
#1133=EDGE_CURVE('',#924,#923,#559,.T.);
#1134=EDGE_CURVE('',#922,#924,#560,.T.);
#1135=EDGE_CURVE('',#925,#844,#561,.T.);
#1136=EDGE_CURVE('',#925,#926,#562,.T.);
#1137=EDGE_CURVE('',#926,#845,#563,.T.);
#1138=EDGE_CURVE('',#927,#847,#564,.T.);
#1139=EDGE_CURVE('',#925,#927,#565,.T.);
#1140=EDGE_CURVE('',#928,#846,#566,.T.);
#1141=EDGE_CURVE('',#927,#928,#567,.T.);
#1142=EDGE_CURVE('',#926,#928,#568,.T.);
#1143=EDGE_CURVE('',#929,#827,#569,.T.);
#1144=EDGE_CURVE('',#930,#929,#570,.T.);
#1145=EDGE_CURVE('',#930,#829,#571,.T.);
#1146=EDGE_CURVE('',#931,#828,#572,.T.);
#1147=EDGE_CURVE('',#929,#931,#573,.T.);
#1148=EDGE_CURVE('',#932,#830,#574,.T.);
#1149=EDGE_CURVE('',#932,#931,#575,.T.);
#1150=EDGE_CURVE('',#930,#932,#576,.T.);
#1151=EDGE_CURVE('',#884,#933,#577,.T.);
#1152=EDGE_CURVE('',#933,#933,#59,.T.);
#1153=EDGE_CURVE('',#934,#934,#60,.T.);
#1154=EDGE_CURVE('',#934,#935,#578,.T.);
#1155=EDGE_CURVE('',#935,#935,#61,.T.);
#1156=EDGE_CURVE('',#936,#936,#62,.T.);
#1157=EDGE_CURVE('',#936,#843,#579,.T.);
#1158=EDGE_CURVE('',#883,#937,#580,.T.);
#1159=EDGE_CURVE('',#937,#937,#63,.T.);
#1160=EDGE_CURVE('',#938,#938,#64,.T.);
#1161=EDGE_CURVE('',#938,#939,#581,.T.);
#1162=EDGE_CURVE('',#939,#939,#65,.T.);
#1163=EDGE_CURVE('',#940,#940,#66,.T.);
#1164=EDGE_CURVE('',#940,#842,#582,.T.);
#1165=EDGE_CURVE('',#882,#941,#583,.T.);
#1166=EDGE_CURVE('',#941,#941,#67,.T.);
#1167=EDGE_CURVE('',#942,#942,#68,.T.);
#1168=EDGE_CURVE('',#943,#943,#69,.T.);
#1169=EDGE_CURVE('',#943,#841,#584,.T.);
#1170=EDGE_CURVE('',#944,#944,#70,.T.);
#1171=EDGE_CURVE('',#942,#944,#585,.T.);
#1172=EDGE_CURVE('',#881,#945,#586,.T.);
#1173=EDGE_CURVE('',#945,#945,#71,.T.);
#1174=EDGE_CURVE('',#946,#946,#72,.T.);
#1175=EDGE_CURVE('',#947,#947,#73,.T.);
#1176=EDGE_CURVE('',#947,#840,#587,.T.);
#1177=EDGE_CURVE('',#948,#948,#74,.T.);
#1178=EDGE_CURVE('',#946,#948,#588,.T.);
#1179=EDGE_CURVE('',#880,#949,#589,.T.);
#1180=EDGE_CURVE('',#949,#949,#75,.T.);
#1181=EDGE_CURVE('',#950,#950,#76,.T.);
#1182=EDGE_CURVE('',#950,#951,#590,.T.);
#1183=EDGE_CURVE('',#951,#951,#77,.T.);
#1184=EDGE_CURVE('',#952,#952,#78,.T.);
#1185=EDGE_CURVE('',#952,#839,#591,.T.);
#1186=EDGE_CURVE('',#879,#953,#592,.T.);
#1187=EDGE_CURVE('',#953,#953,#79,.T.);
#1188=EDGE_CURVE('',#954,#954,#80,.T.);
#1189=EDGE_CURVE('',#954,#955,#593,.T.);
#1190=EDGE_CURVE('',#955,#955,#81,.T.);
#1191=EDGE_CURVE('',#956,#956,#82,.T.);
#1192=EDGE_CURVE('',#956,#838,#594,.T.);
#1193=EDGE_CURVE('',#878,#957,#595,.T.);
#1194=EDGE_CURVE('',#957,#957,#83,.T.);
#1195=EDGE_CURVE('',#958,#958,#84,.T.);
#1196=EDGE_CURVE('',#959,#959,#85,.T.);
#1197=EDGE_CURVE('',#959,#837,#596,.T.);
#1198=EDGE_CURVE('',#960,#960,#86,.T.);
#1199=EDGE_CURVE('',#958,#960,#597,.T.);
#1200=EDGE_CURVE('',#877,#961,#598,.T.);
#1201=EDGE_CURVE('',#961,#961,#87,.T.);
#1202=EDGE_CURVE('',#962,#962,#88,.T.);
#1203=EDGE_CURVE('',#963,#963,#89,.T.);
#1204=EDGE_CURVE('',#963,#836,#599,.T.);
#1205=EDGE_CURVE('',#964,#964,#90,.T.);
#1206=EDGE_CURVE('',#962,#964,#600,.T.);
#1207=EDGE_CURVE('',#876,#965,#601,.T.);
#1208=EDGE_CURVE('',#965,#965,#91,.T.);
#1209=EDGE_CURVE('',#966,#966,#92,.T.);
#1210=EDGE_CURVE('',#966,#967,#602,.T.);
#1211=EDGE_CURVE('',#967,#967,#93,.T.);
#1212=EDGE_CURVE('',#968,#968,#94,.T.);
#1213=EDGE_CURVE('',#968,#835,#603,.T.);
#1214=EDGE_CURVE('',#969,#970,#604,.T.);
#1215=EDGE_CURVE('',#969,#833,#605,.T.);
#1216=EDGE_CURVE('',#970,#831,#606,.T.);
#1217=EDGE_CURVE('',#970,#971,#607,.T.);
#1218=EDGE_CURVE('',#971,#832,#608,.T.);
#1219=EDGE_CURVE('',#971,#972,#609,.T.);
#1220=EDGE_CURVE('',#972,#834,#610,.T.);
#1221=EDGE_CURVE('',#972,#969,#611,.T.);
#1222=ORIENTED_EDGE('',*,*,#973,.T.);
#1223=ORIENTED_EDGE('',*,*,#974,.T.);
#1224=ORIENTED_EDGE('',*,*,#975,.F.);
#1225=ORIENTED_EDGE('',*,*,#976,.F.);
#1226=ORIENTED_EDGE('',*,*,#977,.F.);
#1227=ORIENTED_EDGE('',*,*,#978,.F.);
#1228=ORIENTED_EDGE('',*,*,#979,.T.);
#1229=ORIENTED_EDGE('',*,*,#980,.T.);
#1230=ORIENTED_EDGE('',*,*,#981,.F.);
#1231=ORIENTED_EDGE('',*,*,#982,.F.);
#1232=ORIENTED_EDGE('',*,*,#983,.T.);
#1233=ORIENTED_EDGE('',*,*,#984,.T.);
#1234=ORIENTED_EDGE('',*,*,#985,.F.);
#1235=ORIENTED_EDGE('',*,*,#986,.F.);
#1236=ORIENTED_EDGE('',*,*,#987,.T.);
#1237=ORIENTED_EDGE('',*,*,#988,.T.);
#1238=ORIENTED_EDGE('',*,*,#989,.F.);
#1239=ORIENTED_EDGE('',*,*,#990,.F.);
#1240=ORIENTED_EDGE('',*,*,#991,.T.);
#1241=ORIENTED_EDGE('',*,*,#992,.T.);
#1242=ORIENTED_EDGE('',*,*,#993,.F.);
#1243=ORIENTED_EDGE('',*,*,#994,.F.);
#1244=ORIENTED_EDGE('',*,*,#995,.T.);
#1245=ORIENTED_EDGE('',*,*,#996,.T.);
#1246=ORIENTED_EDGE('',*,*,#997,.F.);
#1247=ORIENTED_EDGE('',*,*,#998,.F.);
#1248=ORIENTED_EDGE('',*,*,#999,.F.);
#1249=ORIENTED_EDGE('',*,*,#1000,.F.);
#1250=ORIENTED_EDGE('',*,*,#1001,.F.);
#1251=ORIENTED_EDGE('',*,*,#1002,.F.);
#1252=ORIENTED_EDGE('',*,*,#1003,.F.);
#1253=ORIENTED_EDGE('',*,*,#1004,.F.);
#1254=ORIENTED_EDGE('',*,*,#1005,.F.);
#1255=ORIENTED_EDGE('',*,*,#1006,.F.);
#1256=ORIENTED_EDGE('',*,*,#1007,.F.);
#1257=ORIENTED_EDGE('',*,*,#1008,.F.);
#1258=ORIENTED_EDGE('',*,*,#1009,.F.);
#1259=ORIENTED_EDGE('',*,*,#1010,.T.);
#1260=ORIENTED_EDGE('',*,*,#1011,.T.);
#1261=ORIENTED_EDGE('',*,*,#1012,.F.);
#1262=ORIENTED_EDGE('',*,*,#1013,.F.);
#1263=ORIENTED_EDGE('',*,*,#1014,.T.);
#1264=ORIENTED_EDGE('',*,*,#1015,.T.);
#1265=ORIENTED_EDGE('',*,*,#1016,.F.);
#1266=ORIENTED_EDGE('',*,*,#1017,.F.);
#1267=ORIENTED_EDGE('',*,*,#1018,.T.);
#1268=ORIENTED_EDGE('',*,*,#1019,.T.);
#1269=ORIENTED_EDGE('',*,*,#1020,.F.);
#1270=ORIENTED_EDGE('',*,*,#1021,.F.);
#1271=ORIENTED_EDGE('',*,*,#1022,.T.);
#1272=ORIENTED_EDGE('',*,*,#1023,.T.);
#1273=ORIENTED_EDGE('',*,*,#1024,.F.);
#1274=ORIENTED_EDGE('',*,*,#1025,.F.);
#1275=ORIENTED_EDGE('',*,*,#1026,.T.);
#1276=ORIENTED_EDGE('',*,*,#1027,.T.);
#1277=ORIENTED_EDGE('',*,*,#1028,.F.);
#1278=ORIENTED_EDGE('',*,*,#1029,.T.);
#1279=ORIENTED_EDGE('',*,*,#1030,.T.);
#1280=ORIENTED_EDGE('',*,*,#1031,.F.);
#1281=ORIENTED_EDGE('',*,*,#1032,.F.);
#1282=ORIENTED_EDGE('',*,*,#1033,.F.);
#1283=ORIENTED_EDGE('',*,*,#1034,.T.);
#1284=ORIENTED_EDGE('',*,*,#1035,.F.);
#1285=ORIENTED_EDGE('',*,*,#1036,.F.);
#1286=ORIENTED_EDGE('',*,*,#1037,.T.);
#1287=ORIENTED_EDGE('',*,*,#1038,.F.);
#1288=ORIENTED_EDGE('',*,*,#1039,.T.);
#1289=ORIENTED_EDGE('',*,*,#1040,.T.);
#1290=ORIENTED_EDGE('',*,*,#1041,.F.);
#1291=ORIENTED_EDGE('',*,*,#1042,.T.);
#1292=ORIENTED_EDGE('',*,*,#1043,.T.);
#1293=ORIENTED_EDGE('',*,*,#1044,.T.);
#1294=ORIENTED_EDGE('',*,*,#1045,.T.);
#1295=ORIENTED_EDGE('',*,*,#1046,.T.);
#1296=ORIENTED_EDGE('',*,*,#1047,.T.);
#1297=ORIENTED_EDGE('',*,*,#1048,.T.);
#1298=ORIENTED_EDGE('',*,*,#1049,.T.);
#1299=ORIENTED_EDGE('',*,*,#1050,.T.);
#1300=ORIENTED_EDGE('',*,*,#1051,.T.);
#1301=ORIENTED_EDGE('',*,*,#1031,.T.);
#1302=ORIENTED_EDGE('',*,*,#1052,.F.);
#1303=ORIENTED_EDGE('',*,*,#1053,.F.);
#1304=ORIENTED_EDGE('',*,*,#1054,.T.);
#1305=ORIENTED_EDGE('',*,*,#1035,.T.);
#1306=ORIENTED_EDGE('',*,*,#1055,.F.);
#1307=ORIENTED_EDGE('',*,*,#1056,.T.);
#1308=ORIENTED_EDGE('',*,*,#973,.F.);
#1309=ORIENTED_EDGE('',*,*,#1057,.F.);
#1310=ORIENTED_EDGE('',*,*,#1038,.T.);
#1311=ORIENTED_EDGE('',*,*,#1058,.T.);
#1312=ORIENTED_EDGE('',*,*,#976,.T.);
#1313=ORIENTED_EDGE('',*,*,#1059,.F.);
#1314=ORIENTED_EDGE('',*,*,#1039,.F.);
#1315=ORIENTED_EDGE('',*,*,#1057,.T.);
#1316=ORIENTED_EDGE('',*,*,#975,.T.);
#1317=ORIENTED_EDGE('',*,*,#1060,.F.);
#1318=ORIENTED_EDGE('',*,*,#1040,.F.);
#1319=ORIENTED_EDGE('',*,*,#1059,.T.);
#1320=ORIENTED_EDGE('',*,*,#974,.F.);
#1321=ORIENTED_EDGE('',*,*,#1058,.F.);
#1322=ORIENTED_EDGE('',*,*,#1041,.T.);
#1323=ORIENTED_EDGE('',*,*,#1060,.T.);
#1324=ORIENTED_EDGE('',*,*,#1061,.T.);
#1325=ORIENTED_EDGE('',*,*,#1037,.F.);
#1326=ORIENTED_EDGE('',*,*,#1062,.F.);
#1327=ORIENTED_EDGE('',*,*,#1063,.T.);
#1328=ORIENTED_EDGE('',*,*,#1064,.T.);
#1329=ORIENTED_EDGE('',*,*,#1029,.F.);
#1330=ORIENTED_EDGE('',*,*,#1065,.F.);
#1331=ORIENTED_EDGE('',*,*,#1066,.F.);
#1332=ORIENTED_EDGE('',*,*,#1036,.T.);
#1333=ORIENTED_EDGE('',*,*,#1054,.F.);
#1334=ORIENTED_EDGE('',*,*,#1067,.F.);
#1335=ORIENTED_EDGE('',*,*,#1062,.T.);
#1336=ORIENTED_EDGE('',*,*,#1030,.F.);
#1337=ORIENTED_EDGE('',*,*,#1064,.F.);
#1338=ORIENTED_EDGE('',*,*,#1068,.T.);
#1339=ORIENTED_EDGE('',*,*,#1052,.T.);
#1340=ORIENTED_EDGE('',*,*,#1063,.F.);
#1341=ORIENTED_EDGE('',*,*,#1067,.T.);
#1342=ORIENTED_EDGE('',*,*,#1053,.T.);
#1343=ORIENTED_EDGE('',*,*,#1068,.F.);
#1344=ORIENTED_EDGE('',*,*,#1069,.F.);
#1345=ORIENTED_EDGE('',*,*,#1070,.T.);
#1346=ORIENTED_EDGE('',*,*,#1032,.T.);
#1347=ORIENTED_EDGE('',*,*,#1051,.F.);
#1348=ORIENTED_EDGE('',*,*,#1034,.F.);
#1349=ORIENTED_EDGE('',*,*,#1071,.T.);
#1350=ORIENTED_EDGE('',*,*,#1072,.T.);
#1351=ORIENTED_EDGE('',*,*,#1055,.T.);
#1352=ORIENTED_EDGE('',*,*,#1072,.F.);
#1353=ORIENTED_EDGE('',*,*,#1073,.T.);
#1354=ORIENTED_EDGE('',*,*,#1069,.T.);
#1355=ORIENTED_EDGE('',*,*,#1056,.F.);
#1356=ORIENTED_EDGE('',*,*,#1074,.T.);
#1357=ORIENTED_EDGE('',*,*,#1075,.T.);
#1358=ORIENTED_EDGE('',*,*,#1026,.F.);
#1359=ORIENTED_EDGE('',*,*,#1061,.F.);
#1360=ORIENTED_EDGE('',*,*,#1028,.T.);
#1361=ORIENTED_EDGE('',*,*,#1076,.T.);
#1362=ORIENTED_EDGE('',*,*,#1077,.F.);
#1363=ORIENTED_EDGE('',*,*,#1065,.T.);
#1364=ORIENTED_EDGE('',*,*,#1077,.T.);
#1365=ORIENTED_EDGE('',*,*,#1078,.T.);
#1366=ORIENTED_EDGE('',*,*,#1074,.F.);
#1367=ORIENTED_EDGE('',*,*,#1066,.T.);
#1368=ORIENTED_EDGE('',*,*,#1075,.F.);
#1369=ORIENTED_EDGE('',*,*,#1078,.F.);
#1370=ORIENTED_EDGE('',*,*,#1076,.F.);
#1371=ORIENTED_EDGE('',*,*,#1027,.F.);
#1372=ORIENTED_EDGE('',*,*,#1071,.F.);
#1373=ORIENTED_EDGE('',*,*,#1033,.T.);
#1374=ORIENTED_EDGE('',*,*,#1070,.F.);
#1375=ORIENTED_EDGE('',*,*,#1073,.F.);
#1376=ORIENTED_EDGE('',*,*,#1022,.F.);
#1377=ORIENTED_EDGE('',*,*,#1079,.F.);
#1378=ORIENTED_EDGE('',*,*,#1080,.T.);
#1379=ORIENTED_EDGE('',*,*,#1081,.T.);
#1380=ORIENTED_EDGE('',*,*,#1025,.T.);
#1381=ORIENTED_EDGE('',*,*,#1082,.F.);
#1382=ORIENTED_EDGE('',*,*,#1083,.F.);
#1383=ORIENTED_EDGE('',*,*,#1079,.T.);
#1384=ORIENTED_EDGE('',*,*,#1024,.T.);
#1385=ORIENTED_EDGE('',*,*,#1084,.F.);
#1386=ORIENTED_EDGE('',*,*,#1085,.F.);
#1387=ORIENTED_EDGE('',*,*,#1082,.T.);
#1388=ORIENTED_EDGE('',*,*,#1023,.F.);
#1389=ORIENTED_EDGE('',*,*,#1081,.F.);
#1390=ORIENTED_EDGE('',*,*,#1086,.T.);
#1391=ORIENTED_EDGE('',*,*,#1084,.T.);
#1392=ORIENTED_EDGE('',*,*,#1080,.F.);
#1393=ORIENTED_EDGE('',*,*,#1083,.T.);
#1394=ORIENTED_EDGE('',*,*,#1085,.T.);
#1395=ORIENTED_EDGE('',*,*,#1086,.F.);
#1396=ORIENTED_EDGE('',*,*,#1018,.F.);
#1397=ORIENTED_EDGE('',*,*,#1087,.F.);
#1398=ORIENTED_EDGE('',*,*,#1088,.T.);
#1399=ORIENTED_EDGE('',*,*,#1089,.T.);
#1400=ORIENTED_EDGE('',*,*,#1021,.T.);
#1401=ORIENTED_EDGE('',*,*,#1090,.F.);
#1402=ORIENTED_EDGE('',*,*,#1091,.F.);
#1403=ORIENTED_EDGE('',*,*,#1087,.T.);
#1404=ORIENTED_EDGE('',*,*,#1020,.T.);
#1405=ORIENTED_EDGE('',*,*,#1092,.F.);
#1406=ORIENTED_EDGE('',*,*,#1093,.F.);
#1407=ORIENTED_EDGE('',*,*,#1090,.T.);
#1408=ORIENTED_EDGE('',*,*,#1019,.F.);
#1409=ORIENTED_EDGE('',*,*,#1089,.F.);
#1410=ORIENTED_EDGE('',*,*,#1094,.T.);
#1411=ORIENTED_EDGE('',*,*,#1092,.T.);
#1412=ORIENTED_EDGE('',*,*,#1088,.F.);
#1413=ORIENTED_EDGE('',*,*,#1091,.T.);
#1414=ORIENTED_EDGE('',*,*,#1093,.T.);
#1415=ORIENTED_EDGE('',*,*,#1094,.F.);
#1416=ORIENTED_EDGE('',*,*,#1014,.F.);
#1417=ORIENTED_EDGE('',*,*,#1095,.F.);
#1418=ORIENTED_EDGE('',*,*,#1096,.T.);
#1419=ORIENTED_EDGE('',*,*,#1097,.T.);
#1420=ORIENTED_EDGE('',*,*,#1017,.T.);
#1421=ORIENTED_EDGE('',*,*,#1098,.F.);
#1422=ORIENTED_EDGE('',*,*,#1099,.F.);
#1423=ORIENTED_EDGE('',*,*,#1095,.T.);
#1424=ORIENTED_EDGE('',*,*,#1016,.T.);
#1425=ORIENTED_EDGE('',*,*,#1100,.F.);
#1426=ORIENTED_EDGE('',*,*,#1101,.F.);
#1427=ORIENTED_EDGE('',*,*,#1098,.T.);
#1428=ORIENTED_EDGE('',*,*,#1015,.F.);
#1429=ORIENTED_EDGE('',*,*,#1097,.F.);
#1430=ORIENTED_EDGE('',*,*,#1102,.T.);
#1431=ORIENTED_EDGE('',*,*,#1100,.T.);
#1432=ORIENTED_EDGE('',*,*,#1096,.F.);
#1433=ORIENTED_EDGE('',*,*,#1099,.T.);
#1434=ORIENTED_EDGE('',*,*,#1101,.T.);
#1435=ORIENTED_EDGE('',*,*,#1102,.F.);
#1436=ORIENTED_EDGE('',*,*,#978,.T.);
#1437=ORIENTED_EDGE('',*,*,#1103,.F.);
#1438=ORIENTED_EDGE('',*,*,#1104,.F.);
#1439=ORIENTED_EDGE('',*,*,#1105,.T.);
#1440=ORIENTED_EDGE('',*,*,#977,.T.);
#1441=ORIENTED_EDGE('',*,*,#1106,.F.);
#1442=ORIENTED_EDGE('',*,*,#1107,.F.);
#1443=ORIENTED_EDGE('',*,*,#1103,.T.);
#1444=ORIENTED_EDGE('',*,*,#980,.F.);
#1445=ORIENTED_EDGE('',*,*,#1108,.F.);
#1446=ORIENTED_EDGE('',*,*,#1109,.T.);
#1447=ORIENTED_EDGE('',*,*,#1106,.T.);
#1448=ORIENTED_EDGE('',*,*,#979,.F.);
#1449=ORIENTED_EDGE('',*,*,#1105,.F.);
#1450=ORIENTED_EDGE('',*,*,#1110,.T.);
#1451=ORIENTED_EDGE('',*,*,#1108,.T.);
#1452=ORIENTED_EDGE('',*,*,#1104,.T.);
#1453=ORIENTED_EDGE('',*,*,#1107,.T.);
#1454=ORIENTED_EDGE('',*,*,#1109,.F.);
#1455=ORIENTED_EDGE('',*,*,#1110,.F.);
#1456=ORIENTED_EDGE('',*,*,#982,.T.);
#1457=ORIENTED_EDGE('',*,*,#1111,.F.);
#1458=ORIENTED_EDGE('',*,*,#1112,.F.);
#1459=ORIENTED_EDGE('',*,*,#1113,.T.);
#1460=ORIENTED_EDGE('',*,*,#981,.T.);
#1461=ORIENTED_EDGE('',*,*,#1114,.F.);
#1462=ORIENTED_EDGE('',*,*,#1115,.F.);
#1463=ORIENTED_EDGE('',*,*,#1111,.T.);
#1464=ORIENTED_EDGE('',*,*,#984,.F.);
#1465=ORIENTED_EDGE('',*,*,#1116,.F.);
#1466=ORIENTED_EDGE('',*,*,#1117,.T.);
#1467=ORIENTED_EDGE('',*,*,#1114,.T.);
#1468=ORIENTED_EDGE('',*,*,#983,.F.);
#1469=ORIENTED_EDGE('',*,*,#1113,.F.);
#1470=ORIENTED_EDGE('',*,*,#1118,.T.);
#1471=ORIENTED_EDGE('',*,*,#1116,.T.);
#1472=ORIENTED_EDGE('',*,*,#1112,.T.);
#1473=ORIENTED_EDGE('',*,*,#1115,.T.);
#1474=ORIENTED_EDGE('',*,*,#1117,.F.);
#1475=ORIENTED_EDGE('',*,*,#1118,.F.);
#1476=ORIENTED_EDGE('',*,*,#986,.T.);
#1477=ORIENTED_EDGE('',*,*,#1119,.F.);
#1478=ORIENTED_EDGE('',*,*,#1120,.F.);
#1479=ORIENTED_EDGE('',*,*,#1121,.T.);
#1480=ORIENTED_EDGE('',*,*,#985,.T.);
#1481=ORIENTED_EDGE('',*,*,#1122,.F.);
#1482=ORIENTED_EDGE('',*,*,#1123,.F.);
#1483=ORIENTED_EDGE('',*,*,#1119,.T.);
#1484=ORIENTED_EDGE('',*,*,#988,.F.);
#1485=ORIENTED_EDGE('',*,*,#1124,.F.);
#1486=ORIENTED_EDGE('',*,*,#1125,.T.);
#1487=ORIENTED_EDGE('',*,*,#1122,.T.);
#1488=ORIENTED_EDGE('',*,*,#987,.F.);
#1489=ORIENTED_EDGE('',*,*,#1121,.F.);
#1490=ORIENTED_EDGE('',*,*,#1126,.T.);
#1491=ORIENTED_EDGE('',*,*,#1124,.T.);
#1492=ORIENTED_EDGE('',*,*,#1120,.T.);
#1493=ORIENTED_EDGE('',*,*,#1123,.T.);
#1494=ORIENTED_EDGE('',*,*,#1125,.F.);
#1495=ORIENTED_EDGE('',*,*,#1126,.F.);
#1496=ORIENTED_EDGE('',*,*,#990,.T.);
#1497=ORIENTED_EDGE('',*,*,#1127,.F.);
#1498=ORIENTED_EDGE('',*,*,#1128,.F.);
#1499=ORIENTED_EDGE('',*,*,#1129,.T.);
#1500=ORIENTED_EDGE('',*,*,#989,.T.);
#1501=ORIENTED_EDGE('',*,*,#1130,.F.);
#1502=ORIENTED_EDGE('',*,*,#1131,.F.);
#1503=ORIENTED_EDGE('',*,*,#1127,.T.);
#1504=ORIENTED_EDGE('',*,*,#992,.F.);
#1505=ORIENTED_EDGE('',*,*,#1132,.F.);
#1506=ORIENTED_EDGE('',*,*,#1133,.T.);
#1507=ORIENTED_EDGE('',*,*,#1130,.T.);
#1508=ORIENTED_EDGE('',*,*,#991,.F.);
#1509=ORIENTED_EDGE('',*,*,#1129,.F.);
#1510=ORIENTED_EDGE('',*,*,#1134,.T.);
#1511=ORIENTED_EDGE('',*,*,#1132,.T.);
#1512=ORIENTED_EDGE('',*,*,#1128,.T.);
#1513=ORIENTED_EDGE('',*,*,#1131,.T.);
#1514=ORIENTED_EDGE('',*,*,#1133,.F.);
#1515=ORIENTED_EDGE('',*,*,#1134,.F.);
#1516=ORIENTED_EDGE('',*,*,#1010,.F.);
#1517=ORIENTED_EDGE('',*,*,#1135,.F.);
#1518=ORIENTED_EDGE('',*,*,#1136,.T.);
#1519=ORIENTED_EDGE('',*,*,#1137,.T.);
#1520=ORIENTED_EDGE('',*,*,#1013,.T.);
#1521=ORIENTED_EDGE('',*,*,#1138,.F.);
#1522=ORIENTED_EDGE('',*,*,#1139,.F.);
#1523=ORIENTED_EDGE('',*,*,#1135,.T.);
#1524=ORIENTED_EDGE('',*,*,#1012,.T.);
#1525=ORIENTED_EDGE('',*,*,#1140,.F.);
#1526=ORIENTED_EDGE('',*,*,#1141,.F.);
#1527=ORIENTED_EDGE('',*,*,#1138,.T.);
#1528=ORIENTED_EDGE('',*,*,#1011,.F.);
#1529=ORIENTED_EDGE('',*,*,#1137,.F.);
#1530=ORIENTED_EDGE('',*,*,#1142,.T.);
#1531=ORIENTED_EDGE('',*,*,#1140,.T.);
#1532=ORIENTED_EDGE('',*,*,#1136,.F.);
#1533=ORIENTED_EDGE('',*,*,#1139,.T.);
#1534=ORIENTED_EDGE('',*,*,#1141,.T.);
#1535=ORIENTED_EDGE('',*,*,#1142,.F.);
#1536=ORIENTED_EDGE('',*,*,#994,.T.);
#1537=ORIENTED_EDGE('',*,*,#1143,.F.);
#1538=ORIENTED_EDGE('',*,*,#1144,.F.);
#1539=ORIENTED_EDGE('',*,*,#1145,.T.);
#1540=ORIENTED_EDGE('',*,*,#993,.T.);
#1541=ORIENTED_EDGE('',*,*,#1146,.F.);
#1542=ORIENTED_EDGE('',*,*,#1147,.F.);
#1543=ORIENTED_EDGE('',*,*,#1143,.T.);
#1544=ORIENTED_EDGE('',*,*,#996,.F.);
#1545=ORIENTED_EDGE('',*,*,#1148,.F.);
#1546=ORIENTED_EDGE('',*,*,#1149,.T.);
#1547=ORIENTED_EDGE('',*,*,#1146,.T.);
#1548=ORIENTED_EDGE('',*,*,#995,.F.);
#1549=ORIENTED_EDGE('',*,*,#1145,.F.);
#1550=ORIENTED_EDGE('',*,*,#1150,.T.);
#1551=ORIENTED_EDGE('',*,*,#1148,.T.);
#1552=ORIENTED_EDGE('',*,*,#1144,.T.);
#1553=ORIENTED_EDGE('',*,*,#1147,.T.);
#1554=ORIENTED_EDGE('',*,*,#1149,.F.);
#1555=ORIENTED_EDGE('',*,*,#1150,.F.);
#1556=ORIENTED_EDGE('',*,*,#1050,.F.);
#1557=ORIENTED_EDGE('',*,*,#1151,.T.);
#1558=ORIENTED_EDGE('',*,*,#1152,.T.);
#1559=ORIENTED_EDGE('',*,*,#1151,.F.);
#1560=ORIENTED_EDGE('',*,*,#1152,.F.);
#1561=ORIENTED_EDGE('',*,*,#1153,.T.);
#1562=ORIENTED_EDGE('',*,*,#1153,.F.);
#1563=ORIENTED_EDGE('',*,*,#1154,.T.);
#1564=ORIENTED_EDGE('',*,*,#1155,.T.);
#1565=ORIENTED_EDGE('',*,*,#1154,.F.);
#1566=ORIENTED_EDGE('',*,*,#1156,.F.);
#1567=ORIENTED_EDGE('',*,*,#1157,.T.);
#1568=ORIENTED_EDGE('',*,*,#1009,.T.);
#1569=ORIENTED_EDGE('',*,*,#1157,.F.);
#1570=ORIENTED_EDGE('',*,*,#1156,.T.);
#1571=ORIENTED_EDGE('',*,*,#1155,.F.);
#1572=ORIENTED_EDGE('',*,*,#1049,.F.);
#1573=ORIENTED_EDGE('',*,*,#1158,.T.);
#1574=ORIENTED_EDGE('',*,*,#1159,.T.);
#1575=ORIENTED_EDGE('',*,*,#1158,.F.);
#1576=ORIENTED_EDGE('',*,*,#1159,.F.);
#1577=ORIENTED_EDGE('',*,*,#1160,.T.);
#1578=ORIENTED_EDGE('',*,*,#1160,.F.);
#1579=ORIENTED_EDGE('',*,*,#1161,.T.);
#1580=ORIENTED_EDGE('',*,*,#1162,.T.);
#1581=ORIENTED_EDGE('',*,*,#1161,.F.);
#1582=ORIENTED_EDGE('',*,*,#1163,.F.);
#1583=ORIENTED_EDGE('',*,*,#1164,.T.);
#1584=ORIENTED_EDGE('',*,*,#1008,.T.);
#1585=ORIENTED_EDGE('',*,*,#1164,.F.);
#1586=ORIENTED_EDGE('',*,*,#1163,.T.);
#1587=ORIENTED_EDGE('',*,*,#1162,.F.);
#1588=ORIENTED_EDGE('',*,*,#1048,.F.);
#1589=ORIENTED_EDGE('',*,*,#1165,.T.);
#1590=ORIENTED_EDGE('',*,*,#1166,.T.);
#1591=ORIENTED_EDGE('',*,*,#1165,.F.);
#1592=ORIENTED_EDGE('',*,*,#1166,.F.);
#1593=ORIENTED_EDGE('',*,*,#1167,.T.);
#1594=ORIENTED_EDGE('',*,*,#1168,.F.);
#1595=ORIENTED_EDGE('',*,*,#1169,.T.);
#1596=ORIENTED_EDGE('',*,*,#1007,.T.);
#1597=ORIENTED_EDGE('',*,*,#1169,.F.);
#1598=ORIENTED_EDGE('',*,*,#1168,.T.);
#1599=ORIENTED_EDGE('',*,*,#1170,.F.);
#1600=ORIENTED_EDGE('',*,*,#1167,.F.);
#1601=ORIENTED_EDGE('',*,*,#1171,.T.);
#1602=ORIENTED_EDGE('',*,*,#1170,.T.);
#1603=ORIENTED_EDGE('',*,*,#1171,.F.);
#1604=ORIENTED_EDGE('',*,*,#1047,.F.);
#1605=ORIENTED_EDGE('',*,*,#1172,.T.);
#1606=ORIENTED_EDGE('',*,*,#1173,.T.);
#1607=ORIENTED_EDGE('',*,*,#1172,.F.);
#1608=ORIENTED_EDGE('',*,*,#1173,.F.);
#1609=ORIENTED_EDGE('',*,*,#1174,.T.);
#1610=ORIENTED_EDGE('',*,*,#1175,.F.);
#1611=ORIENTED_EDGE('',*,*,#1176,.T.);
#1612=ORIENTED_EDGE('',*,*,#1006,.T.);
#1613=ORIENTED_EDGE('',*,*,#1176,.F.);
#1614=ORIENTED_EDGE('',*,*,#1175,.T.);
#1615=ORIENTED_EDGE('',*,*,#1177,.F.);
#1616=ORIENTED_EDGE('',*,*,#1174,.F.);
#1617=ORIENTED_EDGE('',*,*,#1178,.T.);
#1618=ORIENTED_EDGE('',*,*,#1177,.T.);
#1619=ORIENTED_EDGE('',*,*,#1178,.F.);
#1620=ORIENTED_EDGE('',*,*,#1046,.F.);
#1621=ORIENTED_EDGE('',*,*,#1179,.T.);
#1622=ORIENTED_EDGE('',*,*,#1180,.T.);
#1623=ORIENTED_EDGE('',*,*,#1179,.F.);
#1624=ORIENTED_EDGE('',*,*,#1180,.F.);
#1625=ORIENTED_EDGE('',*,*,#1181,.T.);
#1626=ORIENTED_EDGE('',*,*,#1181,.F.);
#1627=ORIENTED_EDGE('',*,*,#1182,.T.);
#1628=ORIENTED_EDGE('',*,*,#1183,.T.);
#1629=ORIENTED_EDGE('',*,*,#1182,.F.);
#1630=ORIENTED_EDGE('',*,*,#1184,.F.);
#1631=ORIENTED_EDGE('',*,*,#1185,.T.);
#1632=ORIENTED_EDGE('',*,*,#1005,.T.);
#1633=ORIENTED_EDGE('',*,*,#1185,.F.);
#1634=ORIENTED_EDGE('',*,*,#1184,.T.);
#1635=ORIENTED_EDGE('',*,*,#1183,.F.);
#1636=ORIENTED_EDGE('',*,*,#1045,.F.);
#1637=ORIENTED_EDGE('',*,*,#1186,.T.);
#1638=ORIENTED_EDGE('',*,*,#1187,.T.);
#1639=ORIENTED_EDGE('',*,*,#1186,.F.);
#1640=ORIENTED_EDGE('',*,*,#1187,.F.);
#1641=ORIENTED_EDGE('',*,*,#1188,.T.);
#1642=ORIENTED_EDGE('',*,*,#1188,.F.);
#1643=ORIENTED_EDGE('',*,*,#1189,.T.);
#1644=ORIENTED_EDGE('',*,*,#1190,.T.);
#1645=ORIENTED_EDGE('',*,*,#1189,.F.);
#1646=ORIENTED_EDGE('',*,*,#1191,.F.);
#1647=ORIENTED_EDGE('',*,*,#1192,.T.);
#1648=ORIENTED_EDGE('',*,*,#1004,.T.);
#1649=ORIENTED_EDGE('',*,*,#1192,.F.);
#1650=ORIENTED_EDGE('',*,*,#1191,.T.);
#1651=ORIENTED_EDGE('',*,*,#1190,.F.);
#1652=ORIENTED_EDGE('',*,*,#1044,.F.);
#1653=ORIENTED_EDGE('',*,*,#1193,.T.);
#1654=ORIENTED_EDGE('',*,*,#1194,.T.);
#1655=ORIENTED_EDGE('',*,*,#1193,.F.);
#1656=ORIENTED_EDGE('',*,*,#1194,.F.);
#1657=ORIENTED_EDGE('',*,*,#1195,.T.);
#1658=ORIENTED_EDGE('',*,*,#1196,.F.);
#1659=ORIENTED_EDGE('',*,*,#1197,.T.);
#1660=ORIENTED_EDGE('',*,*,#1003,.T.);
#1661=ORIENTED_EDGE('',*,*,#1197,.F.);
#1662=ORIENTED_EDGE('',*,*,#1196,.T.);
#1663=ORIENTED_EDGE('',*,*,#1198,.F.);
#1664=ORIENTED_EDGE('',*,*,#1195,.F.);
#1665=ORIENTED_EDGE('',*,*,#1199,.T.);
#1666=ORIENTED_EDGE('',*,*,#1198,.T.);
#1667=ORIENTED_EDGE('',*,*,#1199,.F.);
#1668=ORIENTED_EDGE('',*,*,#1043,.F.);
#1669=ORIENTED_EDGE('',*,*,#1200,.T.);
#1670=ORIENTED_EDGE('',*,*,#1201,.T.);
#1671=ORIENTED_EDGE('',*,*,#1200,.F.);
#1672=ORIENTED_EDGE('',*,*,#1201,.F.);
#1673=ORIENTED_EDGE('',*,*,#1202,.T.);
#1674=ORIENTED_EDGE('',*,*,#1203,.F.);
#1675=ORIENTED_EDGE('',*,*,#1204,.T.);
#1676=ORIENTED_EDGE('',*,*,#1002,.T.);
#1677=ORIENTED_EDGE('',*,*,#1204,.F.);
#1678=ORIENTED_EDGE('',*,*,#1203,.T.);
#1679=ORIENTED_EDGE('',*,*,#1205,.F.);
#1680=ORIENTED_EDGE('',*,*,#1202,.F.);
#1681=ORIENTED_EDGE('',*,*,#1206,.T.);
#1682=ORIENTED_EDGE('',*,*,#1205,.T.);
#1683=ORIENTED_EDGE('',*,*,#1206,.F.);
#1684=ORIENTED_EDGE('',*,*,#1042,.F.);
#1685=ORIENTED_EDGE('',*,*,#1207,.T.);
#1686=ORIENTED_EDGE('',*,*,#1208,.T.);
#1687=ORIENTED_EDGE('',*,*,#1207,.F.);
#1688=ORIENTED_EDGE('',*,*,#1208,.F.);
#1689=ORIENTED_EDGE('',*,*,#1209,.T.);
#1690=ORIENTED_EDGE('',*,*,#1209,.F.);
#1691=ORIENTED_EDGE('',*,*,#1210,.T.);
#1692=ORIENTED_EDGE('',*,*,#1211,.T.);
#1693=ORIENTED_EDGE('',*,*,#1210,.F.);
#1694=ORIENTED_EDGE('',*,*,#1212,.F.);
#1695=ORIENTED_EDGE('',*,*,#1213,.T.);
#1696=ORIENTED_EDGE('',*,*,#1001,.T.);
#1697=ORIENTED_EDGE('',*,*,#1213,.F.);
#1698=ORIENTED_EDGE('',*,*,#1212,.T.);
#1699=ORIENTED_EDGE('',*,*,#1211,.F.);
#1700=ORIENTED_EDGE('',*,*,#1214,.F.);
#1701=ORIENTED_EDGE('',*,*,#1215,.T.);
#1702=ORIENTED_EDGE('',*,*,#998,.T.);
#1703=ORIENTED_EDGE('',*,*,#1216,.F.);
#1704=ORIENTED_EDGE('',*,*,#1217,.F.);
#1705=ORIENTED_EDGE('',*,*,#1216,.T.);
#1706=ORIENTED_EDGE('',*,*,#997,.T.);
#1707=ORIENTED_EDGE('',*,*,#1218,.F.);
#1708=ORIENTED_EDGE('',*,*,#1219,.F.);
#1709=ORIENTED_EDGE('',*,*,#1218,.T.);
#1710=ORIENTED_EDGE('',*,*,#1000,.T.);
#1711=ORIENTED_EDGE('',*,*,#1220,.F.);
#1712=ORIENTED_EDGE('',*,*,#1221,.F.);
#1713=ORIENTED_EDGE('',*,*,#1220,.T.);
#1714=ORIENTED_EDGE('',*,*,#999,.T.);
#1715=ORIENTED_EDGE('',*,*,#1215,.F.);
#1716=ORIENTED_EDGE('',*,*,#1221,.T.);
#1717=ORIENTED_EDGE('',*,*,#1214,.T.);
#1718=ORIENTED_EDGE('',*,*,#1217,.T.);
#1719=ORIENTED_EDGE('',*,*,#1219,.T.);
#1720=PLANE('',#2050);
#1721=PLANE('',#2060);
#1722=PLANE('',#2070);
#1723=PLANE('',#2071);
#1724=PLANE('',#2072);
#1725=PLANE('',#2073);
#1726=PLANE('',#2074);
#1727=PLANE('',#2075);
#1728=PLANE('',#2076);
#1729=PLANE('',#2077);
#1730=PLANE('',#2078);
#1731=PLANE('',#2079);
#1732=PLANE('',#2080);
#1733=PLANE('',#2081);
#1734=PLANE('',#2082);
#1735=PLANE('',#2083);
#1736=PLANE('',#2084);
#1737=PLANE('',#2085);
#1738=PLANE('',#2086);
#1739=PLANE('',#2087);
#1740=PLANE('',#2088);
#1741=PLANE('',#2089);
#1742=PLANE('',#2090);
#1743=PLANE('',#2091);
#1744=PLANE('',#2092);
#1745=PLANE('',#2093);
#1746=PLANE('',#2094);
#1747=PLANE('',#2095);
#1748=PLANE('',#2096);
#1749=PLANE('',#2097);
#1750=PLANE('',#2098);
#1751=PLANE('',#2099);
#1752=PLANE('',#2100);
#1753=PLANE('',#2101);
#1754=PLANE('',#2102);
#1755=PLANE('',#2103);
#1756=PLANE('',#2104);
#1757=PLANE('',#2105);
#1758=PLANE('',#2106);
#1759=PLANE('',#2107);
#1760=PLANE('',#2108);
#1761=PLANE('',#2109);
#1762=PLANE('',#2110);
#1763=PLANE('',#2111);
#1764=PLANE('',#2112);
#1765=PLANE('',#2113);
#1766=PLANE('',#2114);
#1767=PLANE('',#2115);
#1768=PLANE('',#2116);
#1769=PLANE('',#2117);
#1770=PLANE('',#2118);
#1771=PLANE('',#2119);
#1772=PLANE('',#2120);
#1773=PLANE('',#2121);
#1774=PLANE('',#2122);
#1775=PLANE('',#2123);
#1776=PLANE('',#2124);
#1777=PLANE('',#2125);
#1778=PLANE('',#2126);
#1779=PLANE('',#2127);
#1780=PLANE('',#2128);
#1781=PLANE('',#2129);
#1782=PLANE('',#2130);
#1783=PLANE('',#2131);
#1784=PLANE('',#2133);
#1785=PLANE('',#2137);
#1786=PLANE('',#2139);
#1787=PLANE('',#2143);
#1788=PLANE('',#2145);
#1789=PLANE('',#2148);
#1790=PLANE('',#2151);
#1791=PLANE('',#2154);
#1792=PLANE('',#2157);
#1793=PLANE('',#2161);
#1794=PLANE('',#2163);
#1795=PLANE('',#2167);
#1796=PLANE('',#2169);
#1797=PLANE('',#2172);
#1798=PLANE('',#2175);
#1799=PLANE('',#2178);
#1800=PLANE('',#2181);
#1801=PLANE('',#2185);
#1802=PLANE('',#2186);
#1803=PLANE('',#2187);
#1804=PLANE('',#2188);
#1805=PLANE('',#2189);
#1806=PLANE('',#2190);
#1807=STYLED_ITEM('',(#3679),#1922);
#1808=STYLED_ITEM('',(#3679),#1923);
#1809=STYLED_ITEM('',(#3680),#1924);
#1810=STYLED_ITEM('',(#3679),#1925);
#1811=STYLED_ITEM('',(#3679),#1926);
#1812=STYLED_ITEM('',(#3679),#1927);
#1813=STYLED_ITEM('',(#3679),#1928);
#1814=STYLED_ITEM('',(#3680),#1929);
#1815=STYLED_ITEM('',(#3680),#1930);
#1816=STYLED_ITEM('',(#3680),#1931);
#1817=STYLED_ITEM('',(#3680),#1932);
#1818=STYLED_ITEM('',(#3681),#1933);
#1819=STYLED_ITEM('',(#3681),#1934);
#1820=STYLED_ITEM('',(#3681),#1935);
#1821=STYLED_ITEM('',(#3681),#1936);
#1822=STYLED_ITEM('',(#3681),#1937);
#1823=STYLED_ITEM('',(#3681),#1938);
#1824=STYLED_ITEM('',(#3681),#1939);
#1825=STYLED_ITEM('',(#3681),#1940);
#1826=STYLED_ITEM('',(#3682),#1941);
#1827=STYLED_ITEM('',(#3682),#1942);
#1828=STYLED_ITEM('',(#3682),#1943);
#1829=STYLED_ITEM('',(#3682),#1944);
#1830=STYLED_ITEM('',(#3682),#1945);
#1831=STYLED_ITEM('',(#3682),#1946);
#1832=STYLED_ITEM('',(#3682),#1947);
#1833=STYLED_ITEM('',(#3682),#1948);
#1834=STYLED_ITEM('',(#3682),#1949);
#1835=STYLED_ITEM('',(#3682),#1950);
#1836=STYLED_ITEM('',(#3682),#1951);
#1837=STYLED_ITEM('',(#3682),#1952);
#1838=STYLED_ITEM('',(#3682),#1953);
#1839=STYLED_ITEM('',(#3682),#1954);
#1840=STYLED_ITEM('',(#3682),#1955);
#1841=STYLED_ITEM('',(#3682),#1956);
#1842=STYLED_ITEM('',(#3682),#1957);
#1843=STYLED_ITEM('',(#3682),#1958);
#1844=STYLED_ITEM('',(#3682),#1959);
#1845=STYLED_ITEM('',(#3682),#1960);
#1846=STYLED_ITEM('',(#3682),#1961);
#1847=STYLED_ITEM('',(#3682),#1962);
#1848=STYLED_ITEM('',(#3682),#1963);
#1849=STYLED_ITEM('',(#3682),#1964);
#1850=STYLED_ITEM('',(#3682),#1965);
#1851=STYLED_ITEM('',(#3682),#1966);
#1852=STYLED_ITEM('',(#3682),#1967);
#1853=STYLED_ITEM('',(#3682),#1968);
#1854=STYLED_ITEM('',(#3682),#1969);
#1855=STYLED_ITEM('',(#3682),#1970);
#1856=STYLED_ITEM('',(#3682),#1971);
#1857=STYLED_ITEM('',(#3682),#1972);
#1858=STYLED_ITEM('',(#3682),#1973);
#1859=STYLED_ITEM('',(#3682),#1974);
#1860=STYLED_ITEM('',(#3682),#1975);
#1861=STYLED_ITEM('',(#3682),#1976);
#1862=STYLED_ITEM('',(#3682),#1977);
#1863=STYLED_ITEM('',(#3682),#1978);
#1864=STYLED_ITEM('',(#3682),#1979);
#1865=STYLED_ITEM('',(#3682),#1980);
#1866=STYLED_ITEM('',(#3682),#1981);
#1867=STYLED_ITEM('',(#3682),#1982);
#1868=STYLED_ITEM('',(#3682),#1983);
#1869=STYLED_ITEM('',(#3682),#1984);
#1870=STYLED_ITEM('',(#3682),#1985);
#1871=STYLED_ITEM('',(#3681),#1986);
#1872=STYLED_ITEM('',(#3681),#1987);
#1873=STYLED_ITEM('',(#3681),#1988);
#1874=STYLED_ITEM('',(#3681),#1989);
#1875=STYLED_ITEM('',(#3681),#1990);
#1876=STYLED_ITEM('',(#3681),#1991);
#1877=STYLED_ITEM('',(#3681),#1992);
#1878=STYLED_ITEM('',(#3681),#1993);
#1879=STYLED_ITEM('',(#3681),#1994);
#1880=STYLED_ITEM('',(#3681),#1995);
#1881=STYLED_ITEM('',(#3681),#1996);
#1882=STYLED_ITEM('',(#3681),#1997);
#1883=STYLED_ITEM('',(#3681),#1998);
#1884=STYLED_ITEM('',(#3681),#1999);
#1885=STYLED_ITEM('',(#3681),#2000);
#1886=STYLED_ITEM('',(#3681),#2001);
#1887=STYLED_ITEM('',(#3681),#2002);
#1888=STYLED_ITEM('',(#3681),#2003);
#1889=STYLED_ITEM('',(#3681),#2004);
#1890=STYLED_ITEM('',(#3681),#2005);
#1891=STYLED_ITEM('',(#3681),#2006);
#1892=STYLED_ITEM('',(#3681),#2007);
#1893=STYLED_ITEM('',(#3681),#2008);
#1894=STYLED_ITEM('',(#3681),#2009);
#1895=STYLED_ITEM('',(#3681),#2010);
#1896=STYLED_ITEM('',(#3681),#2011);
#1897=STYLED_ITEM('',(#3681),#2012);
#1898=STYLED_ITEM('',(#3681),#2013);
#1899=STYLED_ITEM('',(#3681),#2014);
#1900=STYLED_ITEM('',(#3681),#2015);
#1901=STYLED_ITEM('',(#3681),#2016);
#1902=STYLED_ITEM('',(#3681),#2017);
#1903=STYLED_ITEM('',(#3681),#2018);
#1904=STYLED_ITEM('',(#3681),#2019);
#1905=STYLED_ITEM('',(#3681),#2020);
#1906=STYLED_ITEM('',(#3681),#2021);
#1907=STYLED_ITEM('',(#3681),#2022);
#1908=STYLED_ITEM('',(#3681),#2023);
#1909=STYLED_ITEM('',(#3681),#2024);
#1910=STYLED_ITEM('',(#3681),#2025);
#1911=STYLED_ITEM('',(#3681),#2026);
#1912=STYLED_ITEM('',(#3681),#2027);
#1913=STYLED_ITEM('',(#3681),#2028);
#1914=STYLED_ITEM('',(#3681),#2029);
#1915=STYLED_ITEM('',(#3681),#2030);
#1916=STYLED_ITEM('',(#3682),#2031);
#1917=STYLED_ITEM('',(#3682),#2032);
#1918=STYLED_ITEM('',(#3682),#2033);
#1919=STYLED_ITEM('',(#3682),#2034);
#1920=STYLED_ITEM('',(#3682),#2035);
#1921=STYLED_ITEM('',(#3678),#13);
#1922=ADVANCED_FACE('',(#142,#95,#96,#97,#98,#99,#100,#101,#102,#103,#104,
#105,#106,#107,#108,#109,#110,#111,#112,#113,#114),#1720,.T.);
#1923=ADVANCED_FACE('',(#143,#115,#116,#117,#118,#119,#120,#121,#122,#123),
#1721,.F.);
#1924=ADVANCED_FACE('',(#144),#1722,.F.);
#1925=ADVANCED_FACE('',(#145),#1723,.T.);
#1926=ADVANCED_FACE('',(#146),#1724,.F.);
#1927=ADVANCED_FACE('',(#147),#1725,.F.);
#1928=ADVANCED_FACE('',(#148),#1726,.T.);
#1929=ADVANCED_FACE('',(#149),#1727,.T.);
#1930=ADVANCED_FACE('',(#150),#1728,.F.);
#1931=ADVANCED_FACE('',(#151),#1729,.T.);
#1932=ADVANCED_FACE('',(#152),#1730,.F.);
#1933=ADVANCED_FACE('',(#153),#1731,.F.);
#1934=ADVANCED_FACE('',(#154),#1732,.T.);
#1935=ADVANCED_FACE('',(#155),#1733,.T.);
#1936=ADVANCED_FACE('',(#156),#1734,.T.);
#1937=ADVANCED_FACE('',(#157),#1735,.F.);
#1938=ADVANCED_FACE('',(#158),#1736,.T.);
#1939=ADVANCED_FACE('',(#159),#1737,.F.);
#1940=ADVANCED_FACE('',(#160),#1738,.T.);
#1941=ADVANCED_FACE('',(#161),#1739,.T.);
#1942=ADVANCED_FACE('',(#162),#1740,.F.);
#1943=ADVANCED_FACE('',(#163),#1741,.F.);
#1944=ADVANCED_FACE('',(#164),#1742,.T.);
#1945=ADVANCED_FACE('',(#165),#1743,.F.);
#1946=ADVANCED_FACE('',(#166),#1744,.T.);
#1947=ADVANCED_FACE('',(#167),#1745,.F.);
#1948=ADVANCED_FACE('',(#168),#1746,.F.);
#1949=ADVANCED_FACE('',(#169),#1747,.T.);
#1950=ADVANCED_FACE('',(#170),#1748,.F.);
#1951=ADVANCED_FACE('',(#171),#1749,.T.);
#1952=ADVANCED_FACE('',(#172),#1750,.F.);
#1953=ADVANCED_FACE('',(#173),#1751,.F.);
#1954=ADVANCED_FACE('',(#174),#1752,.T.);
#1955=ADVANCED_FACE('',(#175),#1753,.F.);
#1956=ADVANCED_FACE('',(#176),#1754,.F.);
#1957=ADVANCED_FACE('',(#177),#1755,.F.);
#1958=ADVANCED_FACE('',(#178),#1756,.T.);
#1959=ADVANCED_FACE('',(#179),#1757,.T.);
#1960=ADVANCED_FACE('',(#180),#1758,.T.);
#1961=ADVANCED_FACE('',(#181),#1759,.F.);
#1962=ADVANCED_FACE('',(#182),#1760,.F.);
#1963=ADVANCED_FACE('',(#183),#1761,.T.);
#1964=ADVANCED_FACE('',(#184),#1762,.T.);
#1965=ADVANCED_FACE('',(#185),#1763,.T.);
#1966=ADVANCED_FACE('',(#186),#1764,.F.);
#1967=ADVANCED_FACE('',(#187),#1765,.F.);
#1968=ADVANCED_FACE('',(#188),#1766,.T.);
#1969=ADVANCED_FACE('',(#189),#1767,.T.);
#1970=ADVANCED_FACE('',(#190),#1768,.T.);
#1971=ADVANCED_FACE('',(#191),#1769,.F.);
#1972=ADVANCED_FACE('',(#192),#1770,.F.);
#1973=ADVANCED_FACE('',(#193),#1771,.T.);
#1974=ADVANCED_FACE('',(#194),#1772,.T.);
#1975=ADVANCED_FACE('',(#195),#1773,.T.);
#1976=ADVANCED_FACE('',(#196),#1774,.T.);
#1977=ADVANCED_FACE('',(#197),#1775,.F.);
#1978=ADVANCED_FACE('',(#198),#1776,.F.);
#1979=ADVANCED_FACE('',(#199),#1777,.T.);
#1980=ADVANCED_FACE('',(#200),#1778,.F.);
#1981=ADVANCED_FACE('',(#201),#1779,.F.);
#1982=ADVANCED_FACE('',(#202),#1780,.F.);
#1983=ADVANCED_FACE('',(#203),#1781,.T.);
#1984=ADVANCED_FACE('',(#204),#1782,.T.);
#1985=ADVANCED_FACE('',(#205),#1783,.T.);
#1986=ADVANCED_FACE('',(#206),#14,.F.);
#1987=ADVANCED_FACE('',(#207,#124),#1784,.F.);
#1988=ADVANCED_FACE('',(#208),#15,.T.);
#1989=ADVANCED_FACE('',(#209),#16,.F.);
#1990=ADVANCED_FACE('',(#210,#125),#1785,.T.);
#1991=ADVANCED_FACE('',(#211),#17,.F.);
#1992=ADVANCED_FACE('',(#212,#126),#1786,.F.);
#1993=ADVANCED_FACE('',(#213),#18,.T.);
#1994=ADVANCED_FACE('',(#214),#19,.F.);
#1995=ADVANCED_FACE('',(#215,#127),#1787,.T.);
#1996=ADVANCED_FACE('',(#216),#20,.F.);
#1997=ADVANCED_FACE('',(#217,#128),#1788,.T.);
#1998=ADVANCED_FACE('',(#218),#21,.F.);
#1999=ADVANCED_FACE('',(#219,#129),#1789,.F.);
#2000=ADVANCED_FACE('',(#220),#22,.T.);
#2001=ADVANCED_FACE('',(#221),#23,.F.);
#2002=ADVANCED_FACE('',(#222,#130),#1790,.T.);
#2003=ADVANCED_FACE('',(#223),#24,.F.);
#2004=ADVANCED_FACE('',(#224,#131),#1791,.F.);
#2005=ADVANCED_FACE('',(#225),#25,.T.);
#2006=ADVANCED_FACE('',(#226),#26,.F.);
#2007=ADVANCED_FACE('',(#227,#132),#1792,.F.);
#2008=ADVANCED_FACE('',(#228),#27,.T.);
#2009=ADVANCED_FACE('',(#229),#28,.F.);
#2010=ADVANCED_FACE('',(#230,#133),#1793,.T.);
#2011=ADVANCED_FACE('',(#231),#29,.F.);
#2012=ADVANCED_FACE('',(#232,#134),#1794,.F.);
#2013=ADVANCED_FACE('',(#233),#30,.T.);
#2014=ADVANCED_FACE('',(#234),#31,.F.);
#2015=ADVANCED_FACE('',(#235,#135),#1795,.T.);
#2016=ADVANCED_FACE('',(#236),#32,.F.);
#2017=ADVANCED_FACE('',(#237,#136),#1796,.T.);
#2018=ADVANCED_FACE('',(#238),#33,.F.);
#2019=ADVANCED_FACE('',(#239,#137),#1797,.F.);
#2020=ADVANCED_FACE('',(#240),#34,.T.);
#2021=ADVANCED_FACE('',(#241),#35,.F.);
#2022=ADVANCED_FACE('',(#242,#138),#1798,.T.);
#2023=ADVANCED_FACE('',(#243),#36,.F.);
#2024=ADVANCED_FACE('',(#244,#139),#1799,.F.);
#2025=ADVANCED_FACE('',(#245),#37,.T.);
#2026=ADVANCED_FACE('',(#246),#38,.F.);
#2027=ADVANCED_FACE('',(#247,#140),#1800,.F.);
#2028=ADVANCED_FACE('',(#248),#39,.T.);
#2029=ADVANCED_FACE('',(#249),#40,.F.);
#2030=ADVANCED_FACE('',(#250,#141),#1801,.T.);
#2031=ADVANCED_FACE('',(#251),#1802,.F.);
#2032=ADVANCED_FACE('',(#252),#1803,.F.);
#2033=ADVANCED_FACE('',(#253),#1804,.F.);
#2034=ADVANCED_FACE('',(#254),#1805,.F.);
#2035=ADVANCED_FACE('',(#255),#1806,.T.);
#2036=CLOSED_SHELL('',(#1922,#1923,#1924,#1925,#1926,#1927,#1928,#1929,
#1930,#1931,#1932,#1933,#1934,#1935,#1936,#1937,#1938,#1939,#1940,#1941,
#1942,#1943,#1944,#1945,#1946,#1947,#1948,#1949,#1950,#1951,#1952,#1953,
#1954,#1955,#1956,#1957,#1958,#1959,#1960,#1961,#1962,#1963,#1964,#1965,
#1966,#1967,#1968,#1969,#1970,#1971,#1972,#1973,#1974,#1975,#1976,#1977,
#1978,#1979,#1980,#1981,#1982,#1983,#1984,#1985,#1986,#1987,#1988,#1989,
#1990,#1991,#1992,#1993,#1994,#1995,#1996,#1997,#1998,#1999,#2000,#2001,
#2002,#2003,#2004,#2005,#2006,#2007,#2008,#2009,#2010,#2011,#2012,#2013,
#2014,#2015,#2016,#2017,#2018,#2019,#2020,#2021,#2022,#2023,#2024,#2025,
#2026,#2027,#2028,#2029,#2030,#2031,#2032,#2033,#2034,#2035));
#2037=DERIVED_UNIT_ELEMENT(#2039,1.);
#2038=DERIVED_UNIT_ELEMENT(#3664,-3.);
#2039=(
MASS_UNIT()
NAMED_UNIT(*)
SI_UNIT(.KILO.,.GRAM.)
);
#2040=DERIVED_UNIT((#2037,#2038));
#2041=MEASURE_REPRESENTATION_ITEM('density measure',
POSITIVE_RATIO_MEASURE(7850.),#2040);
#2042=PROPERTY_DEFINITION_REPRESENTATION(#2047,#2044);
#2043=PROPERTY_DEFINITION_REPRESENTATION(#2048,#2045);
#2044=REPRESENTATION('material name',(#2046),#3661);
#2045=REPRESENTATION('density',(#2041),#3661);
#2046=DESCRIPTIVE_REPRESENTATION_ITEM('Steel','Steel');
#2047=PROPERTY_DEFINITION('material property','material name',#3671);
#2048=PROPERTY_DEFINITION('material property','density of part',#3671);
#2049=AXIS2_PLACEMENT_3D('',#2670,#2191,#2192);
#2050=AXIS2_PLACEMENT_3D('',#2671,#2193,#2194);
#2051=AXIS2_PLACEMENT_3D('',#2729,#2223,#2224);
#2052=AXIS2_PLACEMENT_3D('',#2731,#2225,#2226);
#2053=AXIS2_PLACEMENT_3D('',#2733,#2227,#2228);
#2054=AXIS2_PLACEMENT_3D('',#2735,#2229,#2230);
#2055=AXIS2_PLACEMENT_3D('',#2737,#2231,#2232);
#2056=AXIS2_PLACEMENT_3D('',#2739,#2233,#2234);
#2057=AXIS2_PLACEMENT_3D('',#2741,#2235,#2236);
#2058=AXIS2_PLACEMENT_3D('',#2743,#2237,#2238);
#2059=AXIS2_PLACEMENT_3D('',#2745,#2239,#2240);
#2060=AXIS2_PLACEMENT_3D('',#2802,#2269,#2270);
#2061=AXIS2_PLACEMENT_3D('',#2812,#2275,#2276);
#2062=AXIS2_PLACEMENT_3D('',#2814,#2277,#2278);
#2063=AXIS2_PLACEMENT_3D('',#2816,#2279,#2280);
#2064=AXIS2_PLACEMENT_3D('',#2818,#2281,#2282);
#2065=AXIS2_PLACEMENT_3D('',#2820,#2283,#2284);
#2066=AXIS2_PLACEMENT_3D('',#2822,#2285,#2286);
#2067=AXIS2_PLACEMENT_3D('',#2824,#2287,#2288);
#2068=AXIS2_PLACEMENT_3D('',#2826,#2289,#2290);
#2069=AXIS2_PLACEMENT_3D('',#2828,#2291,#2292);
#2070=AXIS2_PLACEMENT_3D('',#2829,#2293,#2294);
#2071=AXIS2_PLACEMENT_3D('',#2840,#2301,#2302);
#2072=AXIS2_PLACEMENT_3D('',#2843,#2305,#2306);
#2073=AXIS2_PLACEMENT_3D('',#2845,#2308,#2309);
#2074=AXIS2_PLACEMENT_3D('',#2847,#2311,#2312);
#2075=AXIS2_PLACEMENT_3D('',#2848,#2313,#2314);
#2076=AXIS2_PLACEMENT_3D('',#2859,#2321,#2322);
#2077=AXIS2_PLACEMENT_3D('',#2861,#2324,#2325);
#2078=AXIS2_PLACEMENT_3D('',#2863,#2327,#2328);
#2079=AXIS2_PLACEMENT_3D('',#2864,#2329,#2330);
#2080=AXIS2_PLACEMENT_3D('',#2868,#2333,#2334);
#2081=AXIS2_PLACEMENT_3D('',#2872,#2337,#2338);
#2082=AXIS2_PLACEMENT_3D('',#2874,#2340,#2341);
#2083=AXIS2_PLACEMENT_3D('',#2878,#2344,#2345);
#2084=AXIS2_PLACEMENT_3D('',#2882,#2348,#2349);
#2085=AXIS2_PLACEMENT_3D('',#2884,#2351,#2352);
#2086=AXIS2_PLACEMENT_3D('',#2885,#2353,#2354);
#2087=AXIS2_PLACEMENT_3D('',#2886,#2355,#2356);
#2088=AXIS2_PLACEMENT_3D('',#2892,#2360,#2361);
#2089=AXIS2_PLACEMENT_3D('',#2896,#2364,#2365);
#2090=AXIS2_PLACEMENT_3D('',#2900,#2368,#2369);
#2091=AXIS2_PLACEMENT_3D('',#2902,#2371,#2372);
#2092=AXIS2_PLACEMENT_3D('',#2903,#2373,#2374);
#2093=AXIS2_PLACEMENT_3D('',#2909,#2378,#2379);
#2094=AXIS2_PLACEMENT_3D('',#2913,#2382,#2383);
#2095=AXIS2_PLACEMENT_3D('',#2917,#2386,#2387);
#2096=AXIS2_PLACEMENT_3D('',#2919,#2389,#2390);
#2097=AXIS2_PLACEMENT_3D('',#2920,#2391,#2392);
#2098=AXIS2_PLACEMENT_3D('',#2926,#2396,#2397);
#2099=AXIS2_PLACEMENT_3D('',#2930,#2400,#2401);
#2100=AXIS2_PLACEMENT_3D('',#2934,#2404,#2405);
#2101=AXIS2_PLACEMENT_3D('',#2936,#2407,#2408);
#2102=AXIS2_PLACEMENT_3D('',#2937,#2409,#2410);
#2103=AXIS2_PLACEMENT_3D('',#2943,#2414,#2415);
#2104=AXIS2_PLACEMENT_3D('',#2947,#2418,#2419);
#2105=AXIS2_PLACEMENT_3D('',#2951,#2422,#2423);
#2106=AXIS2_PLACEMENT_3D('',#2953,#2425,#2426);
#2107=AXIS2_PLACEMENT_3D('',#2954,#2427,#2428);
#2108=AXIS2_PLACEMENT_3D('',#2960,#2432,#2433);
#2109=AXIS2_PLACEMENT_3D('',#2964,#2436,#2437);
#2110=AXIS2_PLACEMENT_3D('',#2968,#2440,#2441);
#2111=AXIS2_PLACEMENT_3D('',#2970,#2443,#2444);
#2112=AXIS2_PLACEMENT_3D('',#2971,#2445,#2446);
#2113=AXIS2_PLACEMENT_3D('',#2977,#2450,#2451);
#2114=AXIS2_PLACEMENT_3D('',#2981,#2454,#2455);
#2115=AXIS2_PLACEMENT_3D('',#2985,#2458,#2459);
#2116=AXIS2_PLACEMENT_3D('',#2987,#2461,#2462);
#2117=AXIS2_PLACEMENT_3D('',#2988,#2463,#2464);
#2118=AXIS2_PLACEMENT_3D('',#2994,#2468,#2469);
#2119=AXIS2_PLACEMENT_3D('',#2998,#2472,#2473);
#2120=AXIS2_PLACEMENT_3D('',#3002,#2476,#2477);
#2121=AXIS2_PLACEMENT_3D('',#3004,#2479,#2480);
#2122=AXIS2_PLACEMENT_3D('',#3005,#2481,#2482);
#2123=AXIS2_PLACEMENT_3D('',#3011,#2486,#2487);
#2124=AXIS2_PLACEMENT_3D('',#3015,#2490,#2491);
#2125=AXIS2_PLACEMENT_3D('',#3019,#2494,#2495);
#2126=AXIS2_PLACEMENT_3D('',#3021,#2497,#2498);
#2127=AXIS2_PLACEMENT_3D('',#3022,#2499,#2500);
#2128=AXIS2_PLACEMENT_3D('',#3028,#2504,#2505);
#2129=AXIS2_PLACEMENT_3D('',#3032,#2508,#2509);
#2130=AXIS2_PLACEMENT_3D('',#3036,#2512,#2513);
#2131=AXIS2_PLACEMENT_3D('',#3038,#2515,#2516);
#2132=AXIS2_PLACEMENT_3D('',#3059,#2518,#2519);
#2133=AXIS2_PLACEMENT_3D('',#3060,#2520,#2521);
#2134=AXIS2_PLACEMENT_3D('',#3062,#2522,#2523);
#2135=AXIS2_PLACEMENT_3D('',#3083,#2525,#2526);
#2136=AXIS2_PLACEMENT_3D('',#3103,#2527,#2528);
#2137=AXIS2_PLACEMENT_3D('',#3105,#2530,#2531);
#2138=AXIS2_PLACEMENT_3D('',#3126,#2533,#2534);
#2139=AXIS2_PLACEMENT_3D('',#3127,#2535,#2536);
#2140=AXIS2_PLACEMENT_3D('',#3129,#2537,#2538);
#2141=AXIS2_PLACEMENT_3D('',#3150,#2540,#2541);
#2142=AXIS2_PLACEMENT_3D('',#3170,#2542,#2543);
#2143=AXIS2_PLACEMENT_3D('',#3172,#2545,#2546);
#2144=AXIS2_PLACEMENT_3D('',#3193,#2548,#2549);
#2145=AXIS2_PLACEMENT_3D('',#3194,#2550,#2551);
#2146=AXIS2_PLACEMENT_3D('',#3196,#2552,#2553);
#2147=AXIS2_PLACEMENT_3D('',#3216,#2554,#2555);
#2148=AXIS2_PLACEMENT_3D('',#3218,#2557,#2558);
#2149=AXIS2_PLACEMENT_3D('',#3220,#2559,#2560);
#2150=AXIS2_PLACEMENT_3D('',#3260,#2563,#2564);
#2151=AXIS2_PLACEMENT_3D('',#3261,#2565,#2566);
#2152=AXIS2_PLACEMENT_3D('',#3263,#2567,#2568);
#2153=AXIS2_PLACEMENT_3D('',#3283,#2569,#2570);
#2154=AXIS2_PLACEMENT_3D('',#3285,#2572,#2573);
#2155=AXIS2_PLACEMENT_3D('',#3287,#2574,#2575);
#2156=AXIS2_PLACEMENT_3D('',#3327,#2578,#2579);
#2157=AXIS2_PLACEMENT_3D('',#3328,#2580,#2581);
#2158=AXIS2_PLACEMENT_3D('',#3330,#2582,#2583);
#2159=AXIS2_PLACEMENT_3D('',#3351,#2585,#2586);
#2160=AXIS2_PLACEMENT_3D('',#3371,#2587,#2588);
#2161=AXIS2_PLACEMENT_3D('',#3373,#2590,#2591);
#2162=AXIS2_PLACEMENT_3D('',#3394,#2593,#2594);
#2163=AXIS2_PLACEMENT_3D('',#3395,#2595,#2596);
#2164=AXIS2_PLACEMENT_3D('',#3397,#2597,#2598);
#2165=AXIS2_PLACEMENT_3D('',#3418,#2600,#2601);
#2166=AXIS2_PLACEMENT_3D('',#3438,#2602,#2603);
#2167=AXIS2_PLACEMENT_3D('',#3440,#2605,#2606);
#2168=AXIS2_PLACEMENT_3D('',#3461,#2608,#2609);
#2169=AXIS2_PLACEMENT_3D('',#3462,#2610,#2611);
#2170=AXIS2_PLACEMENT_3D('',#3464,#2612,#2613);
#2171=AXIS2_PLACEMENT_3D('',#3484,#2614,#2615);
#2172=AXIS2_PLACEMENT_3D('',#3486,#2617,#2618);
#2173=AXIS2_PLACEMENT_3D('',#3488,#2619,#2620);
#2174=AXIS2_PLACEMENT_3D('',#3528,#2623,#2624);
#2175=AXIS2_PLACEMENT_3D('',#3529,#2625,#2626);
#2176=AXIS2_PLACEMENT_3D('',#3531,#2627,#2628);
#2177=AXIS2_PLACEMENT_3D('',#3551,#2629,#2630);
#2178=AXIS2_PLACEMENT_3D('',#3553,#2632,#2633);
#2179=AXIS2_PLACEMENT_3D('',#3555,#2634,#2635);
#2180=AXIS2_PLACEMENT_3D('',#3595,#2638,#2639);
#2181=AXIS2_PLACEMENT_3D('',#3596,#2640,#2641);
#2182=AXIS2_PLACEMENT_3D('',#3598,#2642,#2643);
#2183=AXIS2_PLACEMENT_3D('',#3619,#2645,#2646);
#2184=AXIS2_PLACEMENT_3D('',#3639,#2647,#2648);
#2185=AXIS2_PLACEMENT_3D('',#3641,#2650,#2651);
#2186=AXIS2_PLACEMENT_3D('',#3642,#2652,#2653);
#2187=AXIS2_PLACEMENT_3D('',#3648,#2657,#2658);
#2188=AXIS2_PLACEMENT_3D('',#3652,#2661,#2662);
#2189=AXIS2_PLACEMENT_3D('',#3656,#2665,#2666);
#2190=AXIS2_PLACEMENT_3D('',#3658,#2668,#2669);
#2191=DIRECTION('axis',(0.,0.,1.));
#2192=DIRECTION('refdir',(1.,0.,0.));
#2193=DIRECTION('center_axis',(0.,0.,1.));
#2194=DIRECTION('ref_axis',(1.,0.,0.));
#2195=DIRECTION('',(1.,0.,0.));
#2196=DIRECTION('',(0.,1.,0.));
#2197=DIRECTION('',(1.,0.,0.));
#2198=DIRECTION('',(0.,1.,0.));
#2199=DIRECTION('',(0.,-1.,0.));
#2200=DIRECTION('',(-1.,0.,0.));
#2201=DIRECTION('',(0.,-1.,0.));
#2202=DIRECTION('',(-1.,0.,0.));
#2203=DIRECTION('',(0.,-1.,0.));
#2204=DIRECTION('',(-1.,0.,0.));
#2205=DIRECTION('',(0.,-1.,0.));
#2206=DIRECTION('',(-1.,0.,0.));
#2207=DIRECTION('',(0.,-1.,0.));
#2208=DIRECTION('',(-1.,0.,0.));
#2209=DIRECTION('',(0.,-1.,0.));
#2210=DIRECTION('',(-1.,0.,0.));
#2211=DIRECTION('',(0.,-1.,0.));
#2212=DIRECTION('',(-1.,-1.65930428166348E-15,0.));
#2213=DIRECTION('',(0.,-1.,0.));
#2214=DIRECTION('',(-1.,0.,0.));
#2215=DIRECTION('',(0.,-1.,0.));
#2216=DIRECTION('',(-1.,0.,0.));
#2217=DIRECTION('',(0.,-1.,0.));
#2218=DIRECTION('',(-1.,0.,0.));
#2219=DIRECTION('',(1.,0.,0.));
#2220=DIRECTION('',(0.,-1.,0.));
#2221=DIRECTION('',(-1.,0.,0.));
#2222=DIRECTION('',(0.,1.,0.));
#2223=DIRECTION('center_axis',(0.,0.,1.));
#2224=DIRECTION('ref_axis',(1.,0.,0.));
#2225=DIRECTION('center_axis',(0.,0.,1.));
#2226=DIRECTION('ref_axis',(1.,0.,0.));
#2227=DIRECTION('center_axis',(0.,0.,1.));
#2228=DIRECTION('ref_axis',(1.,0.,0.));
#2229=DIRECTION('center_axis',(0.,0.,1.));
#2230=DIRECTION('ref_axis',(1.,0.,0.));
#2231=DIRECTION('center_axis',(0.,0.,1.));
#2232=DIRECTION('ref_axis',(1.,0.,0.));
#2233=DIRECTION('center_axis',(0.,0.,1.));
#2234=DIRECTION('ref_axis',(1.,0.,0.));
#2235=DIRECTION('center_axis',(0.,0.,1.));
#2236=DIRECTION('ref_axis',(1.,0.,0.));
#2237=DIRECTION('center_axis',(0.,0.,1.));
#2238=DIRECTION('ref_axis',(1.,0.,0.));
#2239=DIRECTION('center_axis',(0.,0.,1.));
#2240=DIRECTION('ref_axis',(1.,0.,0.));
#2241=DIRECTION('',(1.,0.,0.));
#2242=DIRECTION('',(0.,-1.,0.));
#2243=DIRECTION('',(1.,0.,0.));
#2244=DIRECTION('',(0.,-1.,0.));
#2245=DIRECTION('',(1.,0.,0.));
#2246=DIRECTION('',(0.,-1.,0.));
#2247=DIRECTION('',(1.,0.,0.));
#2248=DIRECTION('',(0.,-1.,0.));
#2249=DIRECTION('',(1.,0.,0.));
#2250=DIRECTION('',(0.,-1.,0.));
#2251=DIRECTION('',(1.,0.,0.));
#2252=DIRECTION('',(0.,-1.,0.));
#2253=DIRECTION('',(1.,0.,0.));
#2254=DIRECTION('',(0.,-1.,0.));
#2255=DIRECTION('',(1.,0.,0.));
#2256=DIRECTION('',(0.,-1.,0.));
#2257=DIRECTION('',(-1.,0.,0.));
#2258=DIRECTION('',(0.,1.,0.));
#2259=DIRECTION('',(-1.,0.,0.));
#2260=DIRECTION('',(0.,1.,0.));
#2261=DIRECTION('',(1.,0.,0.));
#2262=DIRECTION('',(0.,1.,0.));
#2263=DIRECTION('',(-1.,0.,0.));
#2264=DIRECTION('',(-6.32203009894302E-17,1.,0.));
#2265=DIRECTION('',(-1.,0.,0.));
#2266=DIRECTION('',(0.,1.,0.));
#2267=DIRECTION('',(1.,0.,0.));
#2268=DIRECTION('',(0.,1.,0.));
#2269=DIRECTION('center_axis',(0.,0.,1.));
#2270=DIRECTION('ref_axis',(1.,0.,0.));
#2271=DIRECTION('',(1.,0.,0.));
#2272=DIRECTION('',(0.,1.,0.));
#2273=DIRECTION('',(1.,0.,0.));
#2274=DIRECTION('',(0.,1.,0.));
#2275=DIRECTION('center_axis',(0.,0.,1.));
#2276=DIRECTION('ref_axis',(1.,0.,0.));
#2277=DIRECTION('center_axis',(0.,0.,1.));
#2278=DIRECTION('ref_axis',(1.,0.,0.));
#2279=DIRECTION('center_axis',(0.,0.,1.));
#2280=DIRECTION('ref_axis',(1.,0.,0.));
#2281=DIRECTION('center_axis',(0.,0.,1.));
#2282=DIRECTION('ref_axis',(1.,0.,0.));
#2283=DIRECTION('center_axis',(0.,0.,1.));
#2284=DIRECTION('ref_axis',(1.,0.,0.));
#2285=DIRECTION('center_axis',(0.,0.,1.));
#2286=DIRECTION('ref_axis',(1.,0.,0.));
#2287=DIRECTION('center_axis',(0.,0.,1.));
#2288=DIRECTION('ref_axis',(1.,0.,0.));
#2289=DIRECTION('center_axis',(0.,0.,1.));
#2290=DIRECTION('ref_axis',(1.,0.,0.));
#2291=DIRECTION('center_axis',(0.,0.,1.));
#2292=DIRECTION('ref_axis',(1.,0.,0.));
#2293=DIRECTION('center_axis',(-1.,0.,0.));
#2294=DIRECTION('ref_axis',(0.,0.,1.));
#2295=DIRECTION('',(0.,0.,-1.));
#2296=DIRECTION('',(0.,0.,-1.));
#2297=DIRECTION('',(0.,1.,0.));
#2298=DIRECTION('',(0.,0.,-1.));
#2299=DIRECTION('',(0.,0.,-1.));
#2300=DIRECTION('',(0.,1.,0.));
#2301=DIRECTION('center_axis',(0.,-1.,0.));
#2302=DIRECTION('ref_axis',(0.,0.,-1.));
#2303=DIRECTION('',(0.,0.,1.));
#2304=DIRECTION('',(0.,0.,1.));
#2305=DIRECTION('center_axis',(1.,0.,0.));
#2306=DIRECTION('ref_axis',(0.,0.,-1.));
#2307=DIRECTION('',(0.,0.,1.));
#2308=DIRECTION('center_axis',(0.,-1.,0.));
#2309=DIRECTION('ref_axis',(0.,0.,-1.));
#2310=DIRECTION('',(0.,0.,1.));
#2311=DIRECTION('center_axis',(1.,0.,0.));
#2312=DIRECTION('ref_axis',(0.,0.,-1.));
#2313=DIRECTION('center_axis',(-1.,0.,0.));
#2314=DIRECTION('ref_axis',(0.,0.,1.));
#2315=DIRECTION('',(0.,0.,-1.));
#2316=DIRECTION('',(0.,0.,-1.));
#2317=DIRECTION('',(0.,1.,0.));
#2318=DIRECTION('',(0.,0.,-1.));
#2319=DIRECTION('',(0.,0.,-1.));
#2320=DIRECTION('',(0.,1.,0.));
#2321=DIRECTION('center_axis',(0.,1.,0.));
#2322=DIRECTION('ref_axis',(0.,0.,1.));
#2323=DIRECTION('',(1.,0.,0.));
#2324=DIRECTION('center_axis',(0.,1.,0.));
#2325=DIRECTION('ref_axis',(0.,0.,1.));
#2326=DIRECTION('',(1.,0.,0.));
#2327=DIRECTION('center_axis',(0.,0.,-1.));
#2328=DIRECTION('ref_axis',(-1.,0.,0.));
#2329=DIRECTION('center_axis',(2.2505754688361E-16,-1.,0.));
#2330=DIRECTION('ref_axis',(0.,0.,-1.));
#2331=DIRECTION('',(-1.,0.,0.));
#2332=DIRECTION('',(0.725952682098613,0.,-0.687744649818398));
#2333=DIRECTION('center_axis',(1.12528773441805E-16,-1.,0.));
#2334=DIRECTION('ref_axis',(0.,0.,-1.));
#2335=DIRECTION('',(-0.725952682098613,-4.70537653785671E-16,0.687744649818398));
#2336=DIRECTION('',(-1.,0.,0.));
#2337=DIRECTION('center_axis',(0.,0.,1.));
#2338=DIRECTION('ref_axis',(1.,0.,0.));
#2339=DIRECTION('',(-1.2644060197886E-16,1.,0.));
#2340=DIRECTION('center_axis',(1.12528773441805E-16,-1.,0.));
#2341=DIRECTION('ref_axis',(0.,0.,-1.));
#2342=DIRECTION('',(-1.,0.,0.));
#2343=DIRECTION('',(0.725952682098616,0.,0.687744649818394));
#2344=DIRECTION('center_axis',(2.2505754688361E-16,-1.,0.));
#2345=DIRECTION('ref_axis',(0.,0.,-1.));
#2346=DIRECTION('',(-0.725952682098616,0.,-0.687744649818394));
#2347=DIRECTION('',(-1.,0.,0.));
#2348=DIRECTION('center_axis',(0.,0.,1.));
#2349=DIRECTION('ref_axis',(1.,0.,0.));
#2350=DIRECTION('',(0.,-1.,0.));
#2351=DIRECTION('center_axis',(0.687744649818394,0.,-0.725952682098616));
#2352=DIRECTION('ref_axis',(-0.725952682098616,0.,-0.687744649818394));
#2353=DIRECTION('center_axis',(0.687744649818398,6.79365996334209E-17,0.725952682098613));
#2354=DIRECTION('ref_axis',(0.725952682098613,0.,-0.687744649818398));
#2355=DIRECTION('center_axis',(0.,1.,0.));
#2356=DIRECTION('ref_axis',(0.,0.,1.));
#2357=DIRECTION('',(0.,0.,-1.));
#2358=DIRECTION('',(1.,0.,0.));
#2359=DIRECTION('',(0.,0.,-1.));
#2360=DIRECTION('center_axis',(1.,0.,0.));
#2361=DIRECTION('ref_axis',(0.,0.,-1.));
#2362=DIRECTION('',(0.,0.,-1.));
#2363=DIRECTION('',(0.,-1.,0.));
#2364=DIRECTION('center_axis',(0.,1.,0.));
#2365=DIRECTION('ref_axis',(0.,0.,1.));
#2366=DIRECTION('',(0.,0.,-1.));
#2367=DIRECTION('',(1.,0.,0.));
#2368=DIRECTION('center_axis',(1.,0.,0.));
#2369=DIRECTION('ref_axis',(0.,0.,-1.));
#2370=DIRECTION('',(0.,-1.,0.));
#2371=DIRECTION('center_axis',(0.,0.,-1.));
#2372=DIRECTION('ref_axis',(-1.,0.,0.));
#2373=DIRECTION('center_axis',(0.,1.,0.));
#2374=DIRECTION('ref_axis',(0.,0.,1.));
#2375=DIRECTION('',(0.,0.,-1.));
#2376=DIRECTION('',(1.,0.,0.));
#2377=DIRECTION('',(0.,0.,-1.));
#2378=DIRECTION('center_axis',(1.,0.,0.));
#2379=DIRECTION('ref_axis',(0.,0.,-1.));
#2380=DIRECTION('',(0.,0.,-1.));
#2381=DIRECTION('',(0.,-1.,0.));
#2382=DIRECTION('center_axis',(0.,1.,0.));
#2383=DIRECTION('ref_axis',(0.,0.,1.));
#2384=DIRECTION('',(0.,0.,-1.));
#2385=DIRECTION('',(1.,0.,0.));
#2386=DIRECTION('center_axis',(1.,0.,0.));
#2387=DIRECTION('ref_axis',(0.,0.,-1.));
#2388=DIRECTION('',(0.,-1.,0.));
#2389=DIRECTION('center_axis',(0.,0.,-1.));
#2390=DIRECTION('ref_axis',(-1.,0.,0.));
#2391=DIRECTION('center_axis',(0.,1.,0.));
#2392=DIRECTION('ref_axis',(0.,0.,1.));
#2393=DIRECTION('',(0.,0.,-1.));
#2394=DIRECTION('',(1.,0.,0.));
#2395=DIRECTION('',(0.,0.,-1.));
#2396=DIRECTION('center_axis',(1.,0.,0.));
#2397=DIRECTION('ref_axis',(0.,0.,-1.));
#2398=DIRECTION('',(0.,0.,-1.));
#2399=DIRECTION('',(0.,-1.,0.));
#2400=DIRECTION('center_axis',(0.,1.,0.));
#2401=DIRECTION('ref_axis',(0.,0.,1.));
#2402=DIRECTION('',(0.,0.,-1.));
#2403=DIRECTION('',(1.,0.,0.));
#2404=DIRECTION('center_axis',(1.,0.,0.));
#2405=DIRECTION('ref_axis',(0.,0.,-1.));
#2406=DIRECTION('',(0.,-1.,0.));
#2407=DIRECTION('center_axis',(0.,0.,-1.));
#2408=DIRECTION('ref_axis',(-1.,0.,0.));
#2409=DIRECTION('center_axis',(0.,-1.,0.));
#2410=DIRECTION('ref_axis',(0.,0.,-1.));
#2411=DIRECTION('',(0.,0.,-1.));
#2412=DIRECTION('',(-1.,0.,0.));
#2413=DIRECTION('',(0.,0.,-1.));
#2414=DIRECTION('center_axis',(1.,0.,0.));
#2415=DIRECTION('ref_axis',(0.,0.,-1.));
#2416=DIRECTION('',(0.,0.,-1.));
#2417=DIRECTION('',(0.,-1.,0.));
#2418=DIRECTION('center_axis',(0.,-1.,0.));
#2419=DIRECTION('ref_axis',(0.,0.,-1.));
#2420=DIRECTION('',(0.,0.,-1.));
#2421=DIRECTION('',(-1.,0.,0.));
#2422=DIRECTION('center_axis',(1.,0.,0.));
#2423=DIRECTION('ref_axis',(0.,0.,-1.));
#2424=DIRECTION('',(0.,-1.,0.));
#2425=DIRECTION('center_axis',(0.,0.,1.));
#2426=DIRECTION('ref_axis',(1.,0.,0.));
#2427=DIRECTION('center_axis',(0.,-1.,0.));
#2428=DIRECTION('ref_axis',(0.,0.,-1.));
#2429=DIRECTION('',(0.,0.,-1.));
#2430=DIRECTION('',(-1.,0.,0.));
#2431=DIRECTION('',(0.,0.,-1.));
#2432=DIRECTION('center_axis',(1.,0.,0.));
#2433=DIRECTION('ref_axis',(0.,0.,-1.));
#2434=DIRECTION('',(0.,0.,-1.));
#2435=DIRECTION('',(0.,-1.,0.));
#2436=DIRECTION('center_axis',(0.,-1.,0.));
#2437=DIRECTION('ref_axis',(0.,0.,-1.));
#2438=DIRECTION('',(0.,0.,-1.));
#2439=DIRECTION('',(-1.,0.,0.));
#2440=DIRECTION('center_axis',(1.,0.,0.));
#2441=DIRECTION('ref_axis',(0.,0.,-1.));
#2442=DIRECTION('',(0.,-1.,0.));
#2443=DIRECTION('center_axis',(0.,0.,1.));
#2444=DIRECTION('ref_axis',(1.,0.,0.));
#2445=DIRECTION('center_axis',(0.,-1.,0.));
#2446=DIRECTION('ref_axis',(0.,0.,-1.));
#2447=DIRECTION('',(0.,0.,-1.));
#2448=DIRECTION('',(-1.,0.,0.));
#2449=DIRECTION('',(0.,0.,-1.));
#2450=DIRECTION('center_axis',(1.,0.,0.));
#2451=DIRECTION('ref_axis',(0.,0.,-1.));
#2452=DIRECTION('',(0.,0.,-1.));
#2453=DIRECTION('',(0.,-1.,0.));
#2454=DIRECTION('center_axis',(0.,-1.,0.));
#2455=DIRECTION('ref_axis',(0.,0.,-1.));
#2456=DIRECTION('',(0.,0.,-1.));
#2457=DIRECTION('',(-1.,0.,0.));
#2458=DIRECTION('center_axis',(1.,0.,0.));
#2459=DIRECTION('ref_axis',(0.,0.,-1.));
#2460=DIRECTION('',(0.,-1.,0.));
#2461=DIRECTION('center_axis',(0.,0.,1.));
#2462=DIRECTION('ref_axis',(1.,0.,0.));
#2463=DIRECTION('center_axis',(1.29633147004959E-15,-1.,0.));
#2464=DIRECTION('ref_axis',(0.,0.,-1.));
#2465=DIRECTION('',(0.,0.,-1.));
#2466=DIRECTION('',(-1.,-1.65930428166348E-15,0.));
#2467=DIRECTION('',(0.,0.,-1.));
#2468=DIRECTION('center_axis',(1.,0.,0.));
#2469=DIRECTION('ref_axis',(0.,0.,-1.));
#2470=DIRECTION('',(0.,0.,-1.));
#2471=DIRECTION('',(0.,-1.,0.));
#2472=DIRECTION('center_axis',(0.,-1.,0.));
#2473=DIRECTION('ref_axis',(0.,0.,-1.));
#2474=DIRECTION('',(0.,0.,-1.));
#2475=DIRECTION('',(-1.,0.,0.));
#2476=DIRECTION('center_axis',(1.,0.,0.));
#2477=DIRECTION('ref_axis',(0.,0.,-1.));
#2478=DIRECTION('',(0.,-1.,0.));
#2479=DIRECTION('center_axis',(0.,0.,1.));
#2480=DIRECTION('ref_axis',(1.,0.,0.));
#2481=DIRECTION('center_axis',(0.,1.,0.));
#2482=DIRECTION('ref_axis',(0.,0.,1.));
#2483=DIRECTION('',(0.,0.,-1.));
#2484=DIRECTION('',(1.,0.,0.));
#2485=DIRECTION('',(0.,0.,-1.));
#2486=DIRECTION('center_axis',(1.,0.,0.));
#2487=DIRECTION('ref_axis',(0.,0.,-1.));
#2488=DIRECTION('',(0.,0.,-1.));
#2489=DIRECTION('',(0.,-1.,0.));
#2490=DIRECTION('center_axis',(0.,1.,0.));
#2491=DIRECTION('ref_axis',(0.,0.,1.));
#2492=DIRECTION('',(0.,0.,-1.));
#2493=DIRECTION('',(1.,0.,0.));
#2494=DIRECTION('center_axis',(1.,0.,0.));
#2495=DIRECTION('ref_axis',(0.,0.,-1.));
#2496=DIRECTION('',(0.,-1.,0.));
#2497=DIRECTION('center_axis',(0.,0.,-1.));
#2498=DIRECTION('ref_axis',(-1.,0.,0.));
#2499=DIRECTION('center_axis',(0.,-1.,0.));
#2500=DIRECTION('ref_axis',(0.,0.,-1.));
#2501=DIRECTION('',(0.,0.,-1.));
#2502=DIRECTION('',(-1.,0.,0.));
#2503=DIRECTION('',(0.,0.,-1.));
#2504=DIRECTION('center_axis',(1.,0.,0.));
#2505=DIRECTION('ref_axis',(0.,0.,-1.));
#2506=DIRECTION('',(0.,0.,-1.));
#2507=DIRECTION('',(0.,-1.,0.));
#2508=DIRECTION('center_axis',(0.,-1.,0.));
#2509=DIRECTION('ref_axis',(0.,0.,-1.));
#2510=DIRECTION('',(0.,0.,-1.));
#2511=DIRECTION('',(-1.,0.,0.));
#2512=DIRECTION('center_axis',(1.,0.,0.));
#2513=DIRECTION('ref_axis',(0.,0.,-1.));
#2514=DIRECTION('',(0.,-1.,0.));
#2515=DIRECTION('center_axis',(0.,0.,1.));
#2516=DIRECTION('ref_axis',(1.,0.,0.));
#2517=DIRECTION('',(0.,0.,-1.));
#2518=DIRECTION('center_axis',(0.,0.,1.));
#2519=DIRECTION('ref_axis',(1.,0.,0.));
#2520=DIRECTION('center_axis',(0.,0.,1.));
#2521=DIRECTION('ref_axis',(1.,0.,0.));
#2522=DIRECTION('center_axis',(0.,0.,1.));
#2523=DIRECTION('ref_axis',(1.,0.,0.));
#2524=DIRECTION('',(0.,0.,1.));
#2525=DIRECTION('center_axis',(0.,0.,1.));
#2526=DIRECTION('ref_axis',(1.,0.,0.));
#2527=DIRECTION('center_axis',(0.,0.,1.));
#2528=DIRECTION('ref_axis',(1.,0.,0.));
#2529=DIRECTION('',(0.,0.,-1.));
#2530=DIRECTION('center_axis',(0.,0.,1.));
#2531=DIRECTION('ref_axis',(1.,0.,0.));
#2532=DIRECTION('',(0.,0.,-1.));
#2533=DIRECTION('center_axis',(0.,0.,1.));
#2534=DIRECTION('ref_axis',(1.,0.,0.));
#2535=DIRECTION('center_axis',(0.,0.,1.));
#2536=DIRECTION('ref_axis',(1.,0.,0.));
#2537=DIRECTION('center_axis',(0.,0.,1.));
#2538=DIRECTION('ref_axis',(1.,0.,0.));
#2539=DIRECTION('',(0.,0.,1.));
#2540=DIRECTION('center_axis',(0.,0.,1.));
#2541=DIRECTION('ref_axis',(1.,0.,0.));
#2542=DIRECTION('center_axis',(0.,0.,1.));
#2543=DIRECTION('ref_axis',(1.,0.,0.));
#2544=DIRECTION('',(0.,0.,-1.));
#2545=DIRECTION('center_axis',(0.,0.,1.));
#2546=DIRECTION('ref_axis',(1.,0.,0.));
#2547=DIRECTION('',(0.,0.,-1.));
#2548=DIRECTION('center_axis',(0.,0.,1.));
#2549=DIRECTION('ref_axis',(-1.,0.,0.));
#2550=DIRECTION('center_axis',(0.,0.,-1.));
#2551=DIRECTION('ref_axis',(-1.,0.,0.));
#2552=DIRECTION('center_axis',(0.,0.,1.));
#2553=DIRECTION('ref_axis',(-1.,0.,0.));
#2554=DIRECTION('center_axis',(0.,0.,1.));
#2555=DIRECTION('ref_axis',(-1.,0.,0.));
#2556=DIRECTION('',(0.,0.,-1.));
#2557=DIRECTION('center_axis',(0.,0.,-1.));
#2558=DIRECTION('ref_axis',(-1.,0.,0.));
#2559=DIRECTION('center_axis',(0.,0.,1.));
#2560=DIRECTION('ref_axis',(-1.,0.,0.));
#2561=DIRECTION('',(0.,0.,1.));
#2562=DIRECTION('',(0.,0.,-1.));
#2563=DIRECTION('center_axis',(0.,0.,1.));
#2564=DIRECTION('ref_axis',(-1.,0.,0.));
#2565=DIRECTION('center_axis',(0.,0.,-1.));
#2566=DIRECTION('ref_axis',(-1.,0.,0.));
#2567=DIRECTION('center_axis',(0.,0.,1.));
#2568=DIRECTION('ref_axis',(-1.,0.,0.));
#2569=DIRECTION('center_axis',(0.,0.,1.));
#2570=DIRECTION('ref_axis',(-1.,0.,0.));
#2571=DIRECTION('',(0.,0.,-1.));
#2572=DIRECTION('center_axis',(0.,0.,-1.));
#2573=DIRECTION('ref_axis',(-1.,0.,0.));
#2574=DIRECTION('center_axis',(0.,0.,1.));
#2575=DIRECTION('ref_axis',(-1.,0.,0.));
#2576=DIRECTION('',(0.,0.,1.));
#2577=DIRECTION('',(0.,0.,-1.));
#2578=DIRECTION('center_axis',(0.,0.,1.));
#2579=DIRECTION('ref_axis',(1.,0.,0.));
#2580=DIRECTION('center_axis',(0.,0.,1.));
#2581=DIRECTION('ref_axis',(1.,0.,0.));
#2582=DIRECTION('center_axis',(0.,0.,1.));
#2583=DIRECTION('ref_axis',(1.,0.,0.));
#2584=DIRECTION('',(0.,0.,1.));
#2585=DIRECTION('center_axis',(0.,0.,1.));
#2586=DIRECTION('ref_axis',(1.,0.,0.));
#2587=DIRECTION('center_axis',(0.,0.,1.));
#2588=DIRECTION('ref_axis',(1.,0.,0.));
#2589=DIRECTION('',(0.,0.,-1.));
#2590=DIRECTION('center_axis',(0.,0.,1.));
#2591=DIRECTION('ref_axis',(1.,0.,0.));
#2592=DIRECTION('',(0.,0.,-1.));
#2593=DIRECTION('center_axis',(0.,0.,1.));
#2594=DIRECTION('ref_axis',(1.,0.,0.));
#2595=DIRECTION('center_axis',(0.,0.,1.));
#2596=DIRECTION('ref_axis',(1.,0.,0.));
#2597=DIRECTION('center_axis',(0.,0.,1.));
#2598=DIRECTION('ref_axis',(1.,0.,0.));
#2599=DIRECTION('',(0.,0.,1.));
#2600=DIRECTION('center_axis',(0.,0.,1.));
#2601=DIRECTION('ref_axis',(1.,0.,0.));
#2602=DIRECTION('center_axis',(0.,0.,1.));
#2603=DIRECTION('ref_axis',(1.,0.,0.));
#2604=DIRECTION('',(0.,0.,-1.));
#2605=DIRECTION('center_axis',(0.,0.,1.));
#2606=DIRECTION('ref_axis',(1.,0.,0.));
#2607=DIRECTION('',(0.,0.,-1.));
#2608=DIRECTION('center_axis',(0.,0.,1.));
#2609=DIRECTION('ref_axis',(-1.,0.,0.));
#2610=DIRECTION('center_axis',(0.,0.,-1.));
#2611=DIRECTION('ref_axis',(-1.,0.,0.));
#2612=DIRECTION('center_axis',(0.,0.,1.));
#2613=DIRECTION('ref_axis',(-1.,0.,0.));
#2614=DIRECTION('center_axis',(0.,0.,1.));
#2615=DIRECTION('ref_axis',(-1.,0.,0.));
#2616=DIRECTION('',(0.,0.,-1.));
#2617=DIRECTION('center_axis',(0.,0.,-1.));
#2618=DIRECTION('ref_axis',(-1.,0.,0.));
#2619=DIRECTION('center_axis',(0.,0.,1.));
#2620=DIRECTION('ref_axis',(-1.,0.,0.));
#2621=DIRECTION('',(0.,0.,1.));
#2622=DIRECTION('',(0.,0.,-1.));
#2623=DIRECTION('center_axis',(0.,0.,1.));
#2624=DIRECTION('ref_axis',(-1.,0.,0.));
#2625=DIRECTION('center_axis',(0.,0.,-1.));
#2626=DIRECTION('ref_axis',(-1.,0.,0.));
#2627=DIRECTION('center_axis',(0.,0.,1.));
#2628=DIRECTION('ref_axis',(-1.,0.,0.));
#2629=DIRECTION('center_axis',(0.,0.,1.));
#2630=DIRECTION('ref_axis',(-1.,0.,0.));
#2631=DIRECTION('',(0.,0.,-1.));
#2632=DIRECTION('center_axis',(0.,0.,-1.));
#2633=DIRECTION('ref_axis',(-1.,0.,0.));
#2634=DIRECTION('center_axis',(0.,0.,1.));
#2635=DIRECTION('ref_axis',(-1.,0.,0.));
#2636=DIRECTION('',(0.,0.,1.));
#2637=DIRECTION('',(0.,0.,-1.));
#2638=DIRECTION('center_axis',(0.,0.,1.));
#2639=DIRECTION('ref_axis',(1.,0.,0.));
#2640=DIRECTION('center_axis',(0.,0.,1.));
#2641=DIRECTION('ref_axis',(1.,0.,0.));
#2642=DIRECTION('center_axis',(0.,0.,1.));
#2643=DIRECTION('ref_axis',(1.,0.,0.));
#2644=DIRECTION('',(0.,0.,1.));
#2645=DIRECTION('center_axis',(0.,0.,1.));
#2646=DIRECTION('ref_axis',(1.,0.,0.));
#2647=DIRECTION('center_axis',(0.,0.,1.));
#2648=DIRECTION('ref_axis',(1.,0.,0.));
#2649=DIRECTION('',(0.,0.,-1.));
#2650=DIRECTION('center_axis',(0.,0.,1.));
#2651=DIRECTION('ref_axis',(1.,0.,0.));
#2652=DIRECTION('center_axis',(1.,0.,0.));
#2653=DIRECTION('ref_axis',(0.,0.,-1.));
#2654=DIRECTION('',(0.,-1.,0.));
#2655=DIRECTION('',(0.,0.,-1.));
#2656=DIRECTION('',(0.,0.,-1.));
#2657=DIRECTION('center_axis',(0.,1.,0.));
#2658=DIRECTION('ref_axis',(0.,0.,1.));
#2659=DIRECTION('',(1.,0.,0.));
#2660=DIRECTION('',(0.,0.,-1.));
#2661=DIRECTION('center_axis',(-1.,0.,0.));
#2662=DIRECTION('ref_axis',(0.,0.,1.));
#2663=DIRECTION('',(0.,1.,0.));
#2664=DIRECTION('',(0.,0.,-1.));
#2665=DIRECTION('center_axis',(0.,-1.,0.));
#2666=DIRECTION('ref_axis',(0.,0.,-1.));
#2667=DIRECTION('',(-1.,0.,0.));
#2668=DIRECTION('center_axis',(0.,0.,1.));
#2669=DIRECTION('ref_axis',(1.,0.,0.));
#2670=CARTESIAN_POINT('',(0.,0.,0.));
#2671=CARTESIAN_POINT('Origin',(-0.17777776,-0.1323,0.));
#2672=CARTESIAN_POINT('',(-9.67777771,-10.7318,0.));
#2673=CARTESIAN_POINT('',(9.32222219,-10.7318,0.));
#2674=CARTESIAN_POINT('',(-9.67777771,-10.7318,0.));
#2675=CARTESIAN_POINT('',(9.32222219,10.4672,0.));
#2676=CARTESIAN_POINT('',(9.32222219,-10.7318,0.));
#2677=CARTESIAN_POINT('',(-9.67777771,10.4672,0.));
#2678=CARTESIAN_POINT('',(-9.67777771,10.4672,0.));
#2679=CARTESIAN_POINT('',(-9.67777771,-10.7318,0.));
#2680=CARTESIAN_POINT('',(5.7861110975,3.9103,0.));
#2681=CARTESIAN_POINT('',(5.7861110975,2.6778,0.));
#2682=CARTESIAN_POINT('',(5.7861110975,3.9103,0.));
#2683=CARTESIAN_POINT('',(6.3138888725,3.9103,0.));
#2684=CARTESIAN_POINT('',(6.3138888725,3.9103,0.));
#2685=CARTESIAN_POINT('',(6.3138888725,2.6778,0.));
#2686=CARTESIAN_POINT('',(6.3138888725,3.9103,0.));
#2687=CARTESIAN_POINT('',(6.3138888725,2.6778,0.));
#2688=CARTESIAN_POINT('',(7.738888865,-1.2169,0.));
#2689=CARTESIAN_POINT('',(7.738888865,-2.4494,0.));
#2690=CARTESIAN_POINT('',(7.738888865,-1.2169,0.));
#2691=CARTESIAN_POINT('',(8.26666664,-1.2169,0.));
#2692=CARTESIAN_POINT('',(8.26666664,-1.2169,0.));
#2693=CARTESIAN_POINT('',(8.26666664,-2.4494,0.));
#2694=CARTESIAN_POINT('',(8.26666664,-1.2169,0.));
#2695=CARTESIAN_POINT('',(8.26666664,-2.4494,0.));
#2696=CARTESIAN_POINT('',(7.738888865,3.9103,0.));
#2697=CARTESIAN_POINT('',(7.738888865,2.6778,0.));
#2698=CARTESIAN_POINT('',(7.738888865,3.9103,0.));
#2699=CARTESIAN_POINT('',(8.26666664,3.9103,0.));
#2700=CARTESIAN_POINT('',(8.26666664,3.9103,0.));
#2701=CARTESIAN_POINT('',(8.26666664,2.6778,0.));
#2702=CARTESIAN_POINT('',(8.26666664,3.9103,0.));
#2703=CARTESIAN_POINT('',(8.26666664,2.6778,0.));
#2704=CARTESIAN_POINT('',(5.3638888775,-5.4074,0.));
#2705=CARTESIAN_POINT('',(5.3638888775,-5.9004,0.));
#2706=CARTESIAN_POINT('',(5.3638888775,-5.4074,0.));
#2707=CARTESIAN_POINT('',(6.683333315,-5.4074,0.));
#2708=CARTESIAN_POINT('',(6.683333315,-5.4074,0.));
#2709=CARTESIAN_POINT('',(6.683333315,-5.9004,0.));
#2710=CARTESIAN_POINT('',(6.683333315,-5.4074,0.));
#2711=CARTESIAN_POINT('',(6.683333315,-5.9004,0.));
#2712=CARTESIAN_POINT('',(5.627777765,-0.0830000000000004,0.));
#2713=CARTESIAN_POINT('',(5.627777765,-2.2522,0.));
#2714=CARTESIAN_POINT('',(5.627777765,-0.0830000000000004,0.));
#2715=CARTESIAN_POINT('',(6.78888887,-0.0830000000000004,0.));
#2716=CARTESIAN_POINT('',(6.78888887,-0.0830000000000004,0.));
#2717=CARTESIAN_POINT('',(6.78888887,-2.2522,0.));
#2718=CARTESIAN_POINT('',(6.78888887,-0.0830000000000004,0.));
#2719=CARTESIAN_POINT('',(6.78888887,-2.2522,0.));
#2720=CARTESIAN_POINT('',(-8.41111105,-5.3088,0.));
#2721=CARTESIAN_POINT('',(-6.93333328,-5.3088,0.));
#2722=CARTESIAN_POINT('',(-8.41111105,-5.3088,0.));
#2723=CARTESIAN_POINT('',(-8.41111105,-4.6679,0.));
#2724=CARTESIAN_POINT('',(-8.41111105,-4.6679,0.));
#2725=CARTESIAN_POINT('',(-6.93333328,-4.6679,0.));
#2726=CARTESIAN_POINT('',(-6.93333328,-4.6679,0.));
#2727=CARTESIAN_POINT('',(-6.93333328,-5.3088,0.));
#2728=CARTESIAN_POINT('',(-3.6927777415,-9.45,0.));
#2729=CARTESIAN_POINT('Origin',(-2.901111079,-9.45,0.));
#2730=CARTESIAN_POINT('',(-9.0972221575,-9.45,0.));
#2731=CARTESIAN_POINT('Origin',(-8.305555495,-9.45,0.));
#2732=CARTESIAN_POINT('',(-6.3949999495,-9.45,0.));
#2733=CARTESIAN_POINT('Origin',(-5.603333287,-9.45,0.));
#2734=CARTESIAN_POINT('',(4.4561111045,-9.45,0.));
#2735=CARTESIAN_POINT('Origin',(5.247777767,-9.45,0.));
#2736=CARTESIAN_POINT('',(7.1583333125,-9.45,0.));
#2737=CARTESIAN_POINT('Origin',(7.949999975,-9.45,0.));
#2738=CARTESIAN_POINT('',(7.1583333125,9.1854,0.));
#2739=CARTESIAN_POINT('Origin',(7.949999975,9.1854,0.));
#2740=CARTESIAN_POINT('',(4.4561111045,9.1854,0.));
#2741=CARTESIAN_POINT('Origin',(5.247777767,9.1854,0.));
#2742=CARTESIAN_POINT('',(-6.3949999495,9.1854,0.));
#2743=CARTESIAN_POINT('Origin',(-5.603333287,9.1854,0.));
#2744=CARTESIAN_POINT('',(-9.0972221575,9.1854,0.));
#2745=CARTESIAN_POINT('Origin',(-8.305555495,9.1854,0.));
#2746=CARTESIAN_POINT('',(-7.14444439,-0.0830000000000004,0.));
#2747=CARTESIAN_POINT('',(-5.983333285,-0.0830000000000004,0.));
#2748=CARTESIAN_POINT('',(-7.14444439,-0.0830000000000004,0.));
#2749=CARTESIAN_POINT('',(-5.983333285,-2.2522,0.));
#2750=CARTESIAN_POINT('',(-5.983333285,-0.0830000000000004,0.));
#2751=CARTESIAN_POINT('',(-7.14444439,-2.2522,0.));
#2752=CARTESIAN_POINT('',(-7.14444439,-2.2522,0.));
#2753=CARTESIAN_POINT('',(-7.14444439,-0.0830000000000004,0.));
#2754=CARTESIAN_POINT('',(-6.6694443925,3.9103,0.));
#2755=CARTESIAN_POINT('',(-6.1416666175,3.9103,0.));
#2756=CARTESIAN_POINT('',(-6.6694443925,3.9103,0.));
#2757=CARTESIAN_POINT('',(-6.1416666175,2.6778,0.));
#2758=CARTESIAN_POINT('',(-6.1416666175,3.9103,0.));
#2759=CARTESIAN_POINT('',(-6.6694443925,2.6778,0.));
#2760=CARTESIAN_POINT('',(-6.6694443925,2.6778,0.));
#2761=CARTESIAN_POINT('',(-6.6694443925,3.9103,0.));
#2762=CARTESIAN_POINT('',(-8.62222216,3.9103,0.));
#2763=CARTESIAN_POINT('',(-8.094444385,3.9103,0.));
#2764=CARTESIAN_POINT('',(-8.62222216,3.9103,0.));
#2765=CARTESIAN_POINT('',(-8.094444385,2.6778,0.));
#2766=CARTESIAN_POINT('',(-8.094444385,3.9103,0.));
#2767=CARTESIAN_POINT('',(-8.62222216,2.6778,0.));
#2768=CARTESIAN_POINT('',(-8.62222216,2.6778,0.));
#2769=CARTESIAN_POINT('',(-8.62222216,3.9103,0.));
#2770=CARTESIAN_POINT('',(-8.62222216,-1.2169,0.));
#2771=CARTESIAN_POINT('',(-8.094444385,-1.2169,0.));
#2772=CARTESIAN_POINT('',(-8.62222216,-1.2169,0.));
#2773=CARTESIAN_POINT('',(-8.094444385,-2.4494,0.));
#2774=CARTESIAN_POINT('',(-8.094444385,-1.2169,0.));
#2775=CARTESIAN_POINT('',(-8.62222216,-2.4494,0.));
#2776=CARTESIAN_POINT('',(-8.62222216,-2.4494,0.));
#2777=CARTESIAN_POINT('',(-8.62222216,-1.2169,0.));
#2778=CARTESIAN_POINT('',(-1.761111085,-3.8298,0.));
#2779=CARTESIAN_POINT('',(-3.55555552,-3.8298,0.));
#2780=CARTESIAN_POINT('',(-1.761111085,-3.8298,0.));
#2781=CARTESIAN_POINT('',(-3.55555552,5.4386,0.));
#2782=CARTESIAN_POINT('',(-3.55555552,-3.8298,0.));
#2783=CARTESIAN_POINT('',(-1.761111085,5.4386,0.));
#2784=CARTESIAN_POINT('',(-1.761111085,5.4386,0.));
#2785=CARTESIAN_POINT('',(-1.761111085,5.7344,0.));
#2786=CARTESIAN_POINT('',(-1.761111085,5.4386,0.));
#2787=CARTESIAN_POINT('',(2.250000005,5.7344,0.));
#2788=CARTESIAN_POINT('',(-1.761111085,5.7344,0.));
#2789=CARTESIAN_POINT('',(2.250000005,5.4386,0.));
#2790=CARTESIAN_POINT('',(2.250000005,5.4386,0.));
#2791=CARTESIAN_POINT('',(4.04444444,5.4386,0.));
#2792=CARTESIAN_POINT('',(4.04444444,5.4386,0.));
#2793=CARTESIAN_POINT('',(4.04444444,-3.8298,0.));
#2794=CARTESIAN_POINT('',(4.04444444,-3.8298,0.));
#2795=CARTESIAN_POINT('',(2.250000005,-3.8298,0.));
#2796=CARTESIAN_POINT('',(4.04444444,-3.8298,0.));
#2797=CARTESIAN_POINT('',(2.250000005,-4.1256,0.));
#2798=CARTESIAN_POINT('',(2.250000005,-4.1256,0.));
#2799=CARTESIAN_POINT('',(-1.761111085,-4.1256,0.));
#2800=CARTESIAN_POINT('',(-1.761111085,-4.1256,0.));
#2801=CARTESIAN_POINT('',(-1.761111085,-4.1256,0.));
#2802=CARTESIAN_POINT('Origin',(-0.17777776,-0.1323,-1.2));
#2803=CARTESIAN_POINT('',(-9.67777771,-10.7318,-1.2));
#2804=CARTESIAN_POINT('',(9.32222219,-10.7318,-1.2));
#2805=CARTESIAN_POINT('',(-9.67777771,-10.7318,-1.2));
#2806=CARTESIAN_POINT('',(-9.67777771,10.4672,-1.2));
#2807=CARTESIAN_POINT('',(-9.67777771,-10.7318,-1.2));
#2808=CARTESIAN_POINT('',(9.32222219,10.4672,-1.2));
#2809=CARTESIAN_POINT('',(-9.67777771,10.4672,-1.2));
#2810=CARTESIAN_POINT('',(9.32222219,-10.7318,-1.2));
#2811=CARTESIAN_POINT('',(-3.6927777415,-9.45,-1.2));
#2812=CARTESIAN_POINT('Origin',(-2.901111079,-9.45,-1.2));
#2813=CARTESIAN_POINT('',(-9.0972221575,-9.45,-1.2));
#2814=CARTESIAN_POINT('Origin',(-8.305555495,-9.45,-1.2));
#2815=CARTESIAN_POINT('',(-6.3949999495,-9.45,-1.2));
#2816=CARTESIAN_POINT('Origin',(-5.603333287,-9.45,-1.2));
#2817=CARTESIAN_POINT('',(4.4561111045,-9.45,-1.2));
#2818=CARTESIAN_POINT('Origin',(5.247777767,-9.45,-1.2));
#2819=CARTESIAN_POINT('',(7.1583333125,-9.45,-1.2));
#2820=CARTESIAN_POINT('Origin',(7.949999975,-9.45,-1.2));
#2821=CARTESIAN_POINT('',(7.1583333125,9.1854,-1.2));
#2822=CARTESIAN_POINT('Origin',(7.949999975,9.1854,-1.2));
#2823=CARTESIAN_POINT('',(4.4561111045,9.1854,-1.2));
#2824=CARTESIAN_POINT('Origin',(5.247777767,9.1854,-1.2));
#2825=CARTESIAN_POINT('',(-6.3949999495,9.1854,-1.2));
#2826=CARTESIAN_POINT('Origin',(-5.603333287,9.1854,-1.2));
#2827=CARTESIAN_POINT('',(-9.0972221575,9.1854,-1.2));
#2828=CARTESIAN_POINT('Origin',(-8.305555495,9.1854,-1.2));
#2829=CARTESIAN_POINT('Origin',(2.250000005,-4.1256,1.9));
#2830=CARTESIAN_POINT('',(2.250000005,5.4386,0.8));
#2831=CARTESIAN_POINT('',(2.250000005,5.4386,0.8));
#2832=CARTESIAN_POINT('',(2.250000005,5.7344,1.9));
#2833=CARTESIAN_POINT('',(2.250000005,5.7344,1.9));
#2834=CARTESIAN_POINT('',(2.250000005,-4.1256,1.9));
#2835=CARTESIAN_POINT('',(2.250000005,-4.1256,1.9));
#2836=CARTESIAN_POINT('',(2.250000005,-4.1256,1.9));
#2837=CARTESIAN_POINT('',(2.250000005,-3.8298,0.8));
#2838=CARTESIAN_POINT('',(2.250000005,-3.8298,0.8));
#2839=CARTESIAN_POINT('',(2.250000005,-3.8298,0.8));
#2840=CARTESIAN_POINT('Origin',(-9.67777771,-10.7318,-1.2));
#2841=CARTESIAN_POINT('',(-9.67777771,-10.7318,-1.2));
#2842=CARTESIAN_POINT('',(9.32222219,-10.7318,-1.2));
#2843=CARTESIAN_POINT('Origin',(-9.67777771,-10.7318,-1.2));
#2844=CARTESIAN_POINT('',(-9.67777771,10.4672,-1.2));
#2845=CARTESIAN_POINT('Origin',(-9.67777771,10.4672,-1.2));
#2846=CARTESIAN_POINT('',(9.32222219,10.4672,-1.2));
#2847=CARTESIAN_POINT('Origin',(9.32222219,-10.7318,-1.2));
#2848=CARTESIAN_POINT('Origin',(-1.761111085,-4.1256,1.9));
#2849=CARTESIAN_POINT('',(-1.761111085,-3.8298,0.8));
#2850=CARTESIAN_POINT('',(-1.761111085,-3.8298,0.8));
#2851=CARTESIAN_POINT('',(-1.761111085,-4.1256,1.9));
#2852=CARTESIAN_POINT('',(-1.761111085,-4.1256,1.9));
#2853=CARTESIAN_POINT('',(-1.761111085,5.7344,1.9));
#2854=CARTESIAN_POINT('',(-1.761111085,-4.1256,1.9));
#2855=CARTESIAN_POINT('',(-1.761111085,5.7344,1.9));
#2856=CARTESIAN_POINT('',(-1.761111085,5.4386,0.8));
#2857=CARTESIAN_POINT('',(-1.761111085,5.4386,0.8));
#2858=CARTESIAN_POINT('',(-1.761111085,-3.8298,0.8));
#2859=CARTESIAN_POINT('Origin',(-1.761111085,-4.1256,1.9));
#2860=CARTESIAN_POINT('',(-1.761111085,-4.1256,1.9));
#2861=CARTESIAN_POINT('Origin',(-1.761111085,5.7344,1.9));
#2862=CARTESIAN_POINT('',(-1.761111085,5.7344,1.9));
#2863=CARTESIAN_POINT('Origin',(-0.17777776,-0.1323,1.9));
#2864=CARTESIAN_POINT('Origin',(-0.177777760000002,5.4386,0.8));
#2865=CARTESIAN_POINT('',(3.2,5.4386,0.8));
#2866=CARTESIAN_POINT('',(3.2,5.4386,0.8));
#2867=CARTESIAN_POINT('',(3.2,5.4386,0.8));
#2868=CARTESIAN_POINT('Origin',(-0.17777776,-3.8298,0.8));
#2869=CARTESIAN_POINT('',(3.2,-3.8298,0.8));
#2870=CARTESIAN_POINT('',(4.04444444,-3.8298,-1.30104260698261E-15));
#2871=CARTESIAN_POINT('',(3.2,-3.8298,0.8));
#2872=CARTESIAN_POINT('Origin',(-0.17777776,-0.1323,0.8));
#2873=CARTESIAN_POINT('',(3.2,-3.8298,0.8));
#2874=CARTESIAN_POINT('Origin',(-0.17777776,-3.8298,0.8));
#2875=CARTESIAN_POINT('',(-2.71111108,-3.8298,0.8));
#2876=CARTESIAN_POINT('',(-1.761111085,-3.8298,0.8));
#2877=CARTESIAN_POINT('',(-3.55555552,-3.8298,2.16840434497101E-15));
#2878=CARTESIAN_POINT('Origin',(-0.177777760000002,5.4386,0.8));
#2879=CARTESIAN_POINT('',(-2.71111108,5.4386,0.8));
#2880=CARTESIAN_POINT('',(-2.71111108,5.4386,0.8));
#2881=CARTESIAN_POINT('',(-1.761111085,5.4386,0.8));
#2882=CARTESIAN_POINT('Origin',(-0.17777776,-0.1323,0.8));
#2883=CARTESIAN_POINT('',(-2.71111108,5.4386,0.8));
#2884=CARTESIAN_POINT('Origin',(-3.55555552,-0.1323,4.87890977618477E-15));
#2885=CARTESIAN_POINT('Origin',(3.2,-0.132299999999999,0.8));
#2886=CARTESIAN_POINT('Origin',(-8.62222216,-1.2169,0.7));
#2887=CARTESIAN_POINT('',(-8.62222216,-1.2169,0.7));
#2888=CARTESIAN_POINT('',(-8.62222216,-1.2169,0.7));
#2889=CARTESIAN_POINT('',(-8.094444385,-1.2169,0.7));
#2890=CARTESIAN_POINT('',(-8.62222216,-1.2169,0.7));
#2891=CARTESIAN_POINT('',(-8.094444385,-1.2169,0.7));
#2892=CARTESIAN_POINT('Origin',(-8.62222216,-1.2169,0.7));
#2893=CARTESIAN_POINT('',(-8.62222216,-2.4494,0.7));
#2894=CARTESIAN_POINT('',(-8.62222216,-2.4494,0.7));
#2895=CARTESIAN_POINT('',(-8.62222216,-1.2169,0.7));
#2896=CARTESIAN_POINT('Origin',(-8.62222216,-2.4494,0.7));
#2897=CARTESIAN_POINT('',(-8.094444385,-2.4494,0.7));
#2898=CARTESIAN_POINT('',(-8.094444385,-2.4494,0.7));
#2899=CARTESIAN_POINT('',(-8.62222216,-2.4494,0.7));
#2900=CARTESIAN_POINT('Origin',(-8.094444385,-1.2169,0.7));
#2901=CARTESIAN_POINT('',(-8.094444385,-1.2169,0.7));
#2902=CARTESIAN_POINT('Origin',(-0.17777776,-0.1323,0.7));
#2903=CARTESIAN_POINT('Origin',(-8.62222216,3.9103,0.7));
#2904=CARTESIAN_POINT('',(-8.62222216,3.9103,0.7));
#2905=CARTESIAN_POINT('',(-8.62222216,3.9103,0.7));
#2906=CARTESIAN_POINT('',(-8.094444385,3.9103,0.7));
#2907=CARTESIAN_POINT('',(-8.62222216,3.9103,0.7));
#2908=CARTESIAN_POINT('',(-8.094444385,3.9103,0.7));
#2909=CARTESIAN_POINT('Origin',(-8.62222216,3.9103,0.7));
#2910=CARTESIAN_POINT('',(-8.62222216,2.6778,0.7));
#2911=CARTESIAN_POINT('',(-8.62222216,2.6778,0.7));
#2912=CARTESIAN_POINT('',(-8.62222216,3.9103,0.7));
#2913=CARTESIAN_POINT('Origin',(-8.62222216,2.6778,0.7));
#2914=CARTESIAN_POINT('',(-8.094444385,2.6778,0.7));
#2915=CARTESIAN_POINT('',(-8.094444385,2.6778,0.7));
#2916=CARTESIAN_POINT('',(-8.62222216,2.6778,0.7));
#2917=CARTESIAN_POINT('Origin',(-8.094444385,3.9103,0.7));
#2918=CARTESIAN_POINT('',(-8.094444385,3.9103,0.7));
#2919=CARTESIAN_POINT('Origin',(-0.17777776,-0.1323,0.7));
#2920=CARTESIAN_POINT('Origin',(-6.6694443925,3.9103,0.7));
#2921=CARTESIAN_POINT('',(-6.6694443925,3.9103,0.7));
#2922=CARTESIAN_POINT('',(-6.6694443925,3.9103,0.7));
#2923=CARTESIAN_POINT('',(-6.1416666175,3.9103,0.7));
#2924=CARTESIAN_POINT('',(-6.6694443925,3.9103,0.7));
#2925=CARTESIAN_POINT('',(-6.1416666175,3.9103,0.7));
#2926=CARTESIAN_POINT('Origin',(-6.6694443925,3.9103,0.7));
#2927=CARTESIAN_POINT('',(-6.6694443925,2.6778,0.7));
#2928=CARTESIAN_POINT('',(-6.6694443925,2.6778,0.7));
#2929=CARTESIAN_POINT('',(-6.6694443925,3.9103,0.7));
#2930=CARTESIAN_POINT('Origin',(-6.6694443925,2.6778,0.7));
#2931=CARTESIAN_POINT('',(-6.1416666175,2.6778,0.7));
#2932=CARTESIAN_POINT('',(-6.1416666175,2.6778,0.7));
#2933=CARTESIAN_POINT('',(-6.6694443925,2.6778,0.7));
#2934=CARTESIAN_POINT('Origin',(-6.1416666175,3.9103,0.7));
#2935=CARTESIAN_POINT('',(-6.1416666175,3.9103,0.7));
#2936=CARTESIAN_POINT('Origin',(-0.17777776,-0.1323,0.7));
#2937=CARTESIAN_POINT('Origin',(6.3138888725,3.9103,0.7));
#2938=CARTESIAN_POINT('',(5.7861110975,3.9103,0.7));
#2939=CARTESIAN_POINT('',(5.7861110975,3.9103,0.7));
#2940=CARTESIAN_POINT('',(6.3138888725,3.9103,0.7));
#2941=CARTESIAN_POINT('',(6.3138888725,3.9103,0.7));
#2942=CARTESIAN_POINT('',(6.3138888725,3.9103,0.7));
#2943=CARTESIAN_POINT('Origin',(5.7861110975,3.9103,0.7));
#2944=CARTESIAN_POINT('',(5.7861110975,2.6778,0.7));
#2945=CARTESIAN_POINT('',(5.7861110975,2.6778,0.7));
#2946=CARTESIAN_POINT('',(5.7861110975,3.9103,0.7));
#2947=CARTESIAN_POINT('Origin',(6.3138888725,2.6778,0.7));
#2948=CARTESIAN_POINT('',(6.3138888725,2.6778,0.7));
#2949=CARTESIAN_POINT('',(6.3138888725,2.6778,0.7));
#2950=CARTESIAN_POINT('',(6.3138888725,2.6778,0.7));
#2951=CARTESIAN_POINT('Origin',(6.3138888725,3.9103,0.7));
#2952=CARTESIAN_POINT('',(6.3138888725,3.9103,0.7));
#2953=CARTESIAN_POINT('Origin',(-0.17777776,-0.1323,0.7));
#2954=CARTESIAN_POINT('Origin',(8.26666664,-1.2169,0.7));
#2955=CARTESIAN_POINT('',(7.738888865,-1.2169,0.7));
#2956=CARTESIAN_POINT('',(7.738888865,-1.2169,0.7));
#2957=CARTESIAN_POINT('',(8.26666664,-1.2169,0.7));
#2958=CARTESIAN_POINT('',(8.26666664,-1.2169,0.7));
#2959=CARTESIAN_POINT('',(8.26666664,-1.2169,0.7));
#2960=CARTESIAN_POINT('Origin',(7.738888865,-1.2169,0.7));
#2961=CARTESIAN_POINT('',(7.738888865,-2.4494,0.7));
#2962=CARTESIAN_POINT('',(7.738888865,-2.4494,0.7));
#2963=CARTESIAN_POINT('',(7.738888865,-1.2169,0.7));
#2964=CARTESIAN_POINT('Origin',(8.26666664,-2.4494,0.7));
#2965=CARTESIAN_POINT('',(8.26666664,-2.4494,0.7));
#2966=CARTESIAN_POINT('',(8.26666664,-2.4494,0.7));
#2967=CARTESIAN_POINT('',(8.26666664,-2.4494,0.7));
#2968=CARTESIAN_POINT('Origin',(8.26666664,-1.2169,0.7));
#2969=CARTESIAN_POINT('',(8.26666664,-1.2169,0.7));
#2970=CARTESIAN_POINT('Origin',(-0.17777776,-0.1323,0.7));
#2971=CARTESIAN_POINT('Origin',(8.26666664,3.9103,0.7));
#2972=CARTESIAN_POINT('',(7.738888865,3.9103,0.7));
#2973=CARTESIAN_POINT('',(7.738888865,3.9103,0.7));
#2974=CARTESIAN_POINT('',(8.26666664,3.9103,0.7));
#2975=CARTESIAN_POINT('',(8.26666664,3.9103,0.7));
#2976=CARTESIAN_POINT('',(8.26666664,3.9103,0.7));
#2977=CARTESIAN_POINT('Origin',(7.738888865,3.9103,0.7));
#2978=CARTESIAN_POINT('',(7.738888865,2.6778,0.7));
#2979=CARTESIAN_POINT('',(7.738888865,2.6778,0.7));
#2980=CARTESIAN_POINT('',(7.738888865,3.9103,0.7));
#2981=CARTESIAN_POINT('Origin',(8.26666664,2.6778,0.7));
#2982=CARTESIAN_POINT('',(8.26666664,2.6778,0.7));
#2983=CARTESIAN_POINT('',(8.26666664,2.6778,0.7));
#2984=CARTESIAN_POINT('',(8.26666664,2.6778,0.7));
#2985=CARTESIAN_POINT('Origin',(8.26666664,3.9103,0.7));
#2986=CARTESIAN_POINT('',(8.26666664,3.9103,0.7));
#2987=CARTESIAN_POINT('Origin',(-0.17777776,-0.1323,0.7));
#2988=CARTESIAN_POINT('Origin',(6.683333315,-5.4074,0.7));
#2989=CARTESIAN_POINT('',(5.3638888775,-5.4074,0.7));
#2990=CARTESIAN_POINT('',(5.3638888775,-5.4074,0.7));
#2991=CARTESIAN_POINT('',(6.683333315,-5.4074,0.7));
#2992=CARTESIAN_POINT('',(6.683333315,-5.4074,0.7));
#2993=CARTESIAN_POINT('',(6.683333315,-5.4074,0.7));
#2994=CARTESIAN_POINT('Origin',(5.3638888775,-5.4074,0.7));
#2995=CARTESIAN_POINT('',(5.3638888775,-5.9004,0.7));
#2996=CARTESIAN_POINT('',(5.3638888775,-5.9004,0.7));
#2997=CARTESIAN_POINT('',(5.3638888775,-5.4074,0.7));
#2998=CARTESIAN_POINT('Origin',(6.683333315,-5.9004,0.7));
#2999=CARTESIAN_POINT('',(6.683333315,-5.9004,0.7));
#3000=CARTESIAN_POINT('',(6.683333315,-5.9004,0.7));
#3001=CARTESIAN_POINT('',(6.683333315,-5.9004,0.7));
#3002=CARTESIAN_POINT('Origin',(6.683333315,-5.4074,0.7));
#3003=CARTESIAN_POINT('',(6.683333315,-5.4074,0.7));
#3004=CARTESIAN_POINT('Origin',(-0.17777776,-0.1323,0.7));
#3005=CARTESIAN_POINT('Origin',(-7.14444439,-0.0830000000000004,0.9));
#3006=CARTESIAN_POINT('',(-7.14444439,-0.0830000000000004,0.9));
#3007=CARTESIAN_POINT('',(-7.14444439,-0.0830000000000004,0.9));
#3008=CARTESIAN_POINT('',(-5.983333285,-0.0830000000000004,0.9));
#3009=CARTESIAN_POINT('',(-7.14444439,-0.0830000000000004,0.9));
#3010=CARTESIAN_POINT('',(-5.983333285,-0.0830000000000004,0.9));
#3011=CARTESIAN_POINT('Origin',(-7.14444439,-0.0830000000000004,0.9));
#3012=CARTESIAN_POINT('',(-7.14444439,-2.2522,0.9));
#3013=CARTESIAN_POINT('',(-7.14444439,-2.2522,0.9));
#3014=CARTESIAN_POINT('',(-7.14444439,-0.0830000000000004,0.9));
#3015=CARTESIAN_POINT('Origin',(-7.14444439,-2.2522,0.9));
#3016=CARTESIAN_POINT('',(-5.983333285,-2.2522,0.9));
#3017=CARTESIAN_POINT('',(-5.983333285,-2.2522,0.9));
#3018=CARTESIAN_POINT('',(-7.14444439,-2.2522,0.9));
#3019=CARTESIAN_POINT('Origin',(-5.983333285,-0.0830000000000004,0.9));
#3020=CARTESIAN_POINT('',(-5.983333285,-0.0830000000000004,0.9));
#3021=CARTESIAN_POINT('Origin',(-0.17777776,-0.1323,0.9));
#3022=CARTESIAN_POINT('Origin',(6.78888887,-0.0830000000000004,0.9));
#3023=CARTESIAN_POINT('',(5.627777765,-0.0830000000000004,0.9));
#3024=CARTESIAN_POINT('',(5.627777765,-0.0830000000000004,0.9));
#3025=CARTESIAN_POINT('',(6.78888887,-0.0830000000000004,0.9));
#3026=CARTESIAN_POINT('',(6.78888887,-0.0830000000000004,0.9));
#3027=CARTESIAN_POINT('',(6.78888887,-0.0830000000000004,0.9));
#3028=CARTESIAN_POINT('Origin',(5.627777765,-0.0830000000000004,0.9));
#3029=CARTESIAN_POINT('',(5.627777765,-2.2522,0.9));
#3030=CARTESIAN_POINT('',(5.627777765,-2.2522,0.9));
#3031=CARTESIAN_POINT('',(5.627777765,-0.0830000000000004,0.9));
#3032=CARTESIAN_POINT('Origin',(6.78888887,-2.2522,0.9));
#3033=CARTESIAN_POINT('',(6.78888887,-2.2522,0.9));
#3034=CARTESIAN_POINT('',(6.78888887,-2.2522,0.9));
#3035=CARTESIAN_POINT('',(6.78888887,-2.2522,0.9));
#3036=CARTESIAN_POINT('Origin',(6.78888887,-0.0830000000000004,0.9));
#3037=CARTESIAN_POINT('',(6.78888887,-0.0830000000000004,0.9));
#3038=CARTESIAN_POINT('Origin',(-0.17777776,-0.1323,0.9));
#3039=CARTESIAN_POINT('Ctrl Pts',(-9.0972221575,9.1854,-1.3));
#3040=CARTESIAN_POINT('Ctrl Pts',(-9.0972221575,8.4459,-1.3));
#3041=CARTESIAN_POINT('Ctrl Pts',(-8.305555495,8.4459,-1.3));
#3042=CARTESIAN_POINT('Ctrl Pts',(-7.5138888325,8.4459,-1.3));
#3043=CARTESIAN_POINT('Ctrl Pts',(-7.5138888325,9.1854,-1.3));
#3044=CARTESIAN_POINT('Ctrl Pts',(-7.5138888325,9.9249,-1.3));
#3045=CARTESIAN_POINT('Ctrl Pts',(-8.305555495,9.9249,-1.3));
#3046=CARTESIAN_POINT('Ctrl Pts',(-9.0972221575,9.9249,-1.3));
#3047=CARTESIAN_POINT('Ctrl Pts',(-9.0972221575,9.1854,-1.3));
#3048=CARTESIAN_POINT('Ctrl Pts',(-9.0972221575,9.1854,-1.2));
#3049=CARTESIAN_POINT('Ctrl Pts',(-9.0972221575,8.4459,-1.2));
#3050=CARTESIAN_POINT('Ctrl Pts',(-8.305555495,8.4459,-1.2));
#3051=CARTESIAN_POINT('Ctrl Pts',(-7.5138888325,8.4459,-1.2));
#3052=CARTESIAN_POINT('Ctrl Pts',(-7.5138888325,9.1854,-1.2));
#3053=CARTESIAN_POINT('Ctrl Pts',(-7.5138888325,9.9249,-1.2));
#3054=CARTESIAN_POINT('Ctrl Pts',(-8.305555495,9.9249,-1.2));
#3055=CARTESIAN_POINT('Ctrl Pts',(-9.0972221575,9.9249,-1.2));
#3056=CARTESIAN_POINT('Ctrl Pts',(-9.0972221575,9.1854,-1.2));
#3057=CARTESIAN_POINT('',(-9.0972221575,9.1854,-1.3));
#3058=CARTESIAN_POINT('',(-9.0972221575,9.1854,-1.3));
#3059=CARTESIAN_POINT('Origin',(-8.305555495,9.1854,-1.3));
#3060=CARTESIAN_POINT('Origin',(-8.305555495,9.1854,-1.3));
#3061=CARTESIAN_POINT('',(-8.83333327,9.1854,-1.3));
#3062=CARTESIAN_POINT('Origin',(-8.305555495,9.1854,-1.3));
#3063=CARTESIAN_POINT('Ctrl Pts',(-8.83333327,9.1854,-1.3));
#3064=CARTESIAN_POINT('Ctrl Pts',(-8.83333327,8.6924,-1.3));
#3065=CARTESIAN_POINT('Ctrl Pts',(-8.305555495,8.6924,-1.3));
#3066=CARTESIAN_POINT('Ctrl Pts',(-7.77777772,8.6924,-1.3));
#3067=CARTESIAN_POINT('Ctrl Pts',(-7.77777772,9.1854,-1.3));
#3068=CARTESIAN_POINT('Ctrl Pts',(-7.77777772,9.6784,-1.3));
#3069=CARTESIAN_POINT('Ctrl Pts',(-8.305555495,9.6784,-1.3));
#3070=CARTESIAN_POINT('Ctrl Pts',(-8.83333327,9.6784,-1.3));
#3071=CARTESIAN_POINT('Ctrl Pts',(-8.83333327,9.1854,-1.3));
#3072=CARTESIAN_POINT('Ctrl Pts',(-8.83333327,9.1854,0.1));
#3073=CARTESIAN_POINT('Ctrl Pts',(-8.83333327,8.6924,0.1));
#3074=CARTESIAN_POINT('Ctrl Pts',(-8.305555495,8.6924,0.1));
#3075=CARTESIAN_POINT('Ctrl Pts',(-7.77777772,8.6924,0.1));
#3076=CARTESIAN_POINT('Ctrl Pts',(-7.77777772,9.1854,0.1));
#3077=CARTESIAN_POINT('Ctrl Pts',(-7.77777772,9.6784,0.1));
#3078=CARTESIAN_POINT('Ctrl Pts',(-8.305555495,9.6784,0.1));
#3079=CARTESIAN_POINT('Ctrl Pts',(-8.83333327,9.6784,0.1));
#3080=CARTESIAN_POINT('Ctrl Pts',(-8.83333327,9.1854,0.1));
#3081=CARTESIAN_POINT('',(-8.83333327,9.1854,0.1));
#3082=CARTESIAN_POINT('',(-8.83333327,9.1854,-1.2));
#3083=CARTESIAN_POINT('Origin',(-8.305555495,9.1854,0.1));
#3084=CARTESIAN_POINT('Ctrl Pts',(-9.0972221575,9.1854,0.));
#3085=CARTESIAN_POINT('Ctrl Pts',(-9.0972221575,8.4459,0.));
#3086=CARTESIAN_POINT('Ctrl Pts',(-8.305555495,8.4459,0.));
#3087=CARTESIAN_POINT('Ctrl Pts',(-7.5138888325,8.4459,0.));
#3088=CARTESIAN_POINT('Ctrl Pts',(-7.5138888325,9.1854,0.));
#3089=CARTESIAN_POINT('Ctrl Pts',(-7.5138888325,9.9249,0.));
#3090=CARTESIAN_POINT('Ctrl Pts',(-8.305555495,9.9249,0.));
#3091=CARTESIAN_POINT('Ctrl Pts',(-9.0972221575,9.9249,0.));
#3092=CARTESIAN_POINT('Ctrl Pts',(-9.0972221575,9.1854,0.));
#3093=CARTESIAN_POINT('Ctrl Pts',(-9.0972221575,9.1854,0.1));
#3094=CARTESIAN_POINT('Ctrl Pts',(-9.0972221575,8.4459,0.1));
#3095=CARTESIAN_POINT('Ctrl Pts',(-8.305555495,8.4459,0.1));
#3096=CARTESIAN_POINT('Ctrl Pts',(-7.5138888325,8.4459,0.1));
#3097=CARTESIAN_POINT('Ctrl Pts',(-7.5138888325,9.1854,0.1));
#3098=CARTESIAN_POINT('Ctrl Pts',(-7.5138888325,9.9249,0.1));
#3099=CARTESIAN_POINT('Ctrl Pts',(-8.305555495,9.9249,0.1));
#3100=CARTESIAN_POINT('Ctrl Pts',(-9.0972221575,9.9249,0.1));
#3101=CARTESIAN_POINT('Ctrl Pts',(-9.0972221575,9.1854,0.1));
#3102=CARTESIAN_POINT('',(-9.0972221575,9.1854,0.1));
#3103=CARTESIAN_POINT('Origin',(-8.305555495,9.1854,0.1));
#3104=CARTESIAN_POINT('',(-9.0972221575,9.1854,-1.3));
#3105=CARTESIAN_POINT('Origin',(-8.305555495,9.1854,0.1));
#3106=CARTESIAN_POINT('Ctrl Pts',(-6.3949999495,9.1854,-1.3));
#3107=CARTESIAN_POINT('Ctrl Pts',(-6.3949999495,8.4459,-1.3));
#3108=CARTESIAN_POINT('Ctrl Pts',(-5.603333287,8.4459,-1.3));
#3109=CARTESIAN_POINT('Ctrl Pts',(-4.8116666245,8.4459,-1.3));
#3110=CARTESIAN_POINT('Ctrl Pts',(-4.8116666245,9.1854,-1.3));
#3111=CARTESIAN_POINT('Ctrl Pts',(-4.8116666245,9.9249,-1.3));
#3112=CARTESIAN_POINT('Ctrl Pts',(-5.603333287,9.9249,-1.3));
#3113=CARTESIAN_POINT('Ctrl Pts',(-6.3949999495,9.9249,-1.3));
#3114=CARTESIAN_POINT('Ctrl Pts',(-6.3949999495,9.1854,-1.3));
#3115=CARTESIAN_POINT('Ctrl Pts',(-6.3949999495,9.1854,-1.2));
#3116=CARTESIAN_POINT('Ctrl Pts',(-6.3949999495,8.4459,-1.2));
#3117=CARTESIAN_POINT('Ctrl Pts',(-5.603333287,8.4459,-1.2));
#3118=CARTESIAN_POINT('Ctrl Pts',(-4.8116666245,8.4459,-1.2));
#3119=CARTESIAN_POINT('Ctrl Pts',(-4.8116666245,9.1854,-1.2));
#3120=CARTESIAN_POINT('Ctrl Pts',(-4.8116666245,9.9249,-1.2));
#3121=CARTESIAN_POINT('Ctrl Pts',(-5.603333287,9.9249,-1.2));
#3122=CARTESIAN_POINT('Ctrl Pts',(-6.3949999495,9.9249,-1.2));
#3123=CARTESIAN_POINT('Ctrl Pts',(-6.3949999495,9.1854,-1.2));
#3124=CARTESIAN_POINT('',(-6.3949999495,9.1854,-1.3));
#3125=CARTESIAN_POINT('',(-6.3949999495,9.1854,-1.3));
#3126=CARTESIAN_POINT('Origin',(-5.603333287,9.1854,-1.3));
#3127=CARTESIAN_POINT('Origin',(-5.603333287,9.1854,-1.3));
#3128=CARTESIAN_POINT('',(-6.131111062,9.1854,-1.3));
#3129=CARTESIAN_POINT('Origin',(-5.603333287,9.1854,-1.3));
#3130=CARTESIAN_POINT('Ctrl Pts',(-6.131111062,9.1854,-1.3));
#3131=CARTESIAN_POINT('Ctrl Pts',(-6.131111062,8.6924,-1.3));
#3132=CARTESIAN_POINT('Ctrl Pts',(-5.603333287,8.6924,-1.3));
#3133=CARTESIAN_POINT('Ctrl Pts',(-5.075555512,8.6924,-1.3));
#3134=CARTESIAN_POINT('Ctrl Pts',(-5.075555512,9.1854,-1.3));
#3135=CARTESIAN_POINT('Ctrl Pts',(-5.075555512,9.6784,-1.3));
#3136=CARTESIAN_POINT('Ctrl Pts',(-5.603333287,9.6784,-1.3));
#3137=CARTESIAN_POINT('Ctrl Pts',(-6.131111062,9.6784,-1.3));
#3138=CARTESIAN_POINT('Ctrl Pts',(-6.131111062,9.1854,-1.3));
#3139=CARTESIAN_POINT('Ctrl Pts',(-6.131111062,9.1854,0.1));
#3140=CARTESIAN_POINT('Ctrl Pts',(-6.131111062,8.6924,0.1));
#3141=CARTESIAN_POINT('Ctrl Pts',(-5.603333287,8.6924,0.1));
#3142=CARTESIAN_POINT('Ctrl Pts',(-5.075555512,8.6924,0.1));
#3143=CARTESIAN_POINT('Ctrl Pts',(-5.075555512,9.1854,0.1));
#3144=CARTESIAN_POINT('Ctrl Pts',(-5.075555512,9.6784,0.1));
#3145=CARTESIAN_POINT('Ctrl Pts',(-5.603333287,9.6784,0.1));
#3146=CARTESIAN_POINT('Ctrl Pts',(-6.131111062,9.6784,0.1));
#3147=CARTESIAN_POINT('Ctrl Pts',(-6.131111062,9.1854,0.1));
#3148=CARTESIAN_POINT('',(-6.131111062,9.1854,0.1));
#3149=CARTESIAN_POINT('',(-6.131111062,9.1854,-1.2));
#3150=CARTESIAN_POINT('Origin',(-5.603333287,9.1854,0.1));
#3151=CARTESIAN_POINT('Ctrl Pts',(-6.3949999495,9.1854,0.));
#3152=CARTESIAN_POINT('Ctrl Pts',(-6.3949999495,8.4459,0.));
#3153=CARTESIAN_POINT('Ctrl Pts',(-5.603333287,8.4459,0.));
#3154=CARTESIAN_POINT('Ctrl Pts',(-4.8116666245,8.4459,0.));
#3155=CARTESIAN_POINT('Ctrl Pts',(-4.8116666245,9.1854,0.));
#3156=CARTESIAN_POINT('Ctrl Pts',(-4.8116666245,9.9249,0.));
#3157=CARTESIAN_POINT('Ctrl Pts',(-5.603333287,9.9249,0.));
#3158=CARTESIAN_POINT('Ctrl Pts',(-6.3949999495,9.9249,0.));
#3159=CARTESIAN_POINT('Ctrl Pts',(-6.3949999495,9.1854,0.));
#3160=CARTESIAN_POINT('Ctrl Pts',(-6.3949999495,9.1854,0.1));
#3161=CARTESIAN_POINT('Ctrl Pts',(-6.3949999495,8.4459,0.1));
#3162=CARTESIAN_POINT('Ctrl Pts',(-5.603333287,8.4459,0.1));
#3163=CARTESIAN_POINT('Ctrl Pts',(-4.8116666245,8.4459,0.1));
#3164=CARTESIAN_POINT('Ctrl Pts',(-4.8116666245,9.1854,0.1));
#3165=CARTESIAN_POINT('Ctrl Pts',(-4.8116666245,9.9249,0.1));
#3166=CARTESIAN_POINT('Ctrl Pts',(-5.603333287,9.9249,0.1));
#3167=CARTESIAN_POINT('Ctrl Pts',(-6.3949999495,9.9249,0.1));
#3168=CARTESIAN_POINT('Ctrl Pts',(-6.3949999495,9.1854,0.1));
#3169=CARTESIAN_POINT('',(-6.3949999495,9.1854,0.1));
#3170=CARTESIAN_POINT('Origin',(-5.603333287,9.1854,0.1));
#3171=CARTESIAN_POINT('',(-6.3949999495,9.1854,-1.3));
#3172=CARTESIAN_POINT('Origin',(-5.603333287,9.1854,0.1));
#3173=CARTESIAN_POINT('Ctrl Pts',(4.4561111045,9.1854,-1.3));
#3174=CARTESIAN_POINT('Ctrl Pts',(4.4561111045,8.4459,-1.3));
#3175=CARTESIAN_POINT('Ctrl Pts',(5.247777767,8.4459,-1.3));
#3176=CARTESIAN_POINT('Ctrl Pts',(6.0394444295,8.4459,-1.3));
#3177=CARTESIAN_POINT('Ctrl Pts',(6.0394444295,9.1854,-1.3));
#3178=CARTESIAN_POINT('Ctrl Pts',(6.0394444295,9.9249,-1.3));
#3179=CARTESIAN_POINT('Ctrl Pts',(5.247777767,9.9249,-1.3));
#3180=CARTESIAN_POINT('Ctrl Pts',(4.4561111045,9.9249,-1.3));
#3181=CARTESIAN_POINT('Ctrl Pts',(4.4561111045,9.1854,-1.3));
#3182=CARTESIAN_POINT('Ctrl Pts',(4.4561111045,9.1854,-1.2));
#3183=CARTESIAN_POINT('Ctrl Pts',(4.4561111045,8.4459,-1.2));
#3184=CARTESIAN_POINT('Ctrl Pts',(5.247777767,8.4459,-1.2));
#3185=CARTESIAN_POINT('Ctrl Pts',(6.0394444295,8.4459,-1.2));
#3186=CARTESIAN_POINT('Ctrl Pts',(6.0394444295,9.1854,-1.2));
#3187=CARTESIAN_POINT('Ctrl Pts',(6.0394444295,9.9249,-1.2));
#3188=CARTESIAN_POINT('Ctrl Pts',(5.247777767,9.9249,-1.2));
#3189=CARTESIAN_POINT('Ctrl Pts',(4.4561111045,9.9249,-1.2));
#3190=CARTESIAN_POINT('Ctrl Pts',(4.4561111045,9.1854,-1.2));
#3191=CARTESIAN_POINT('',(4.4561111045,9.1854,-1.3));
#3192=CARTESIAN_POINT('',(4.4561111045,9.1854,-1.3));
#3193=CARTESIAN_POINT('Origin',(5.247777767,9.1854,-1.3));
#3194=CARTESIAN_POINT('Origin',(5.247777767,9.1854,-1.3));
#3195=CARTESIAN_POINT('',(4.719999992,9.1854,-1.3));
#3196=CARTESIAN_POINT('Origin',(5.247777767,9.1854,-1.3));
#3197=CARTESIAN_POINT('Ctrl Pts',(4.4561111045,9.1854,0.));
#3198=CARTESIAN_POINT('Ctrl Pts',(4.4561111045,8.4459,0.));
#3199=CARTESIAN_POINT('Ctrl Pts',(5.247777767,8.4459,0.));
#3200=CARTESIAN_POINT('Ctrl Pts',(6.0394444295,8.4459,0.));
#3201=CARTESIAN_POINT('Ctrl Pts',(6.0394444295,9.1854,0.));
#3202=CARTESIAN_POINT('Ctrl Pts',(6.0394444295,9.9249,0.));
#3203=CARTESIAN_POINT('Ctrl Pts',(5.247777767,9.9249,0.));
#3204=CARTESIAN_POINT('Ctrl Pts',(4.4561111045,9.9249,0.));
#3205=CARTESIAN_POINT('Ctrl Pts',(4.4561111045,9.1854,0.));
#3206=CARTESIAN_POINT('Ctrl Pts',(4.4561111045,9.1854,0.1));
#3207=CARTESIAN_POINT('Ctrl Pts',(4.4561111045,8.4459,0.1));
#3208=CARTESIAN_POINT('Ctrl Pts',(5.247777767,8.4459,0.1));
#3209=CARTESIAN_POINT('Ctrl Pts',(6.0394444295,8.4459,0.1));
#3210=CARTESIAN_POINT('Ctrl Pts',(6.0394444295,9.1854,0.1));
#3211=CARTESIAN_POINT('Ctrl Pts',(6.0394444295,9.9249,0.1));
#3212=CARTESIAN_POINT('Ctrl Pts',(5.247777767,9.9249,0.1));
#3213=CARTESIAN_POINT('Ctrl Pts',(4.4561111045,9.9249,0.1));
#3214=CARTESIAN_POINT('Ctrl Pts',(4.4561111045,9.1854,0.1));
#3215=CARTESIAN_POINT('',(4.4561111045,9.1854,0.1));
#3216=CARTESIAN_POINT('Origin',(5.247777767,9.1854,0.1));
#3217=CARTESIAN_POINT('',(4.4561111045,9.1854,-1.3));
#3218=CARTESIAN_POINT('Origin',(5.247777767,9.1854,0.1));
#3219=CARTESIAN_POINT('',(4.719999992,9.1854,0.1));
#3220=CARTESIAN_POINT('Origin',(5.247777767,9.1854,0.1));
#3221=CARTESIAN_POINT('Ctrl Pts',(4.719999992,9.1854,-1.3));
#3222=CARTESIAN_POINT('Ctrl Pts',(4.719999992,8.6924,-1.3));
#3223=CARTESIAN_POINT('Ctrl Pts',(5.247777767,8.6924,-1.3));
#3224=CARTESIAN_POINT('Ctrl Pts',(5.775555542,8.6924,-1.3));
#3225=CARTESIAN_POINT('Ctrl Pts',(5.775555542,9.1854,-1.3));
#3226=CARTESIAN_POINT('Ctrl Pts',(5.775555542,9.6784,-1.3));
#3227=CARTESIAN_POINT('Ctrl Pts',(5.247777767,9.6784,-1.3));
#3228=CARTESIAN_POINT('Ctrl Pts',(4.719999992,9.6784,-1.3));
#3229=CARTESIAN_POINT('Ctrl Pts',(4.719999992,9.1854,-1.3));
#3230=CARTESIAN_POINT('Ctrl Pts',(4.719999992,9.1854,0.1));
#3231=CARTESIAN_POINT('Ctrl Pts',(4.719999992,8.6924,0.1));
#3232=CARTESIAN_POINT('Ctrl Pts',(5.247777767,8.6924,0.1));
#3233=CARTESIAN_POINT('Ctrl Pts',(5.775555542,8.6924,0.1));
#3234=CARTESIAN_POINT('Ctrl Pts',(5.775555542,9.1854,0.1));
#3235=CARTESIAN_POINT('Ctrl Pts',(5.775555542,9.6784,0.1));
#3236=CARTESIAN_POINT('Ctrl Pts',(5.247777767,9.6784,0.1));
#3237=CARTESIAN_POINT('Ctrl Pts',(4.719999992,9.6784,0.1));
#3238=CARTESIAN_POINT('Ctrl Pts',(4.719999992,9.1854,0.1));
#3239=CARTESIAN_POINT('',(4.719999992,9.1854,-1.2));
#3240=CARTESIAN_POINT('Ctrl Pts',(7.1583333125,9.1854,-1.3));
#3241=CARTESIAN_POINT('Ctrl Pts',(7.1583333125,8.4459,-1.3));
#3242=CARTESIAN_POINT('Ctrl Pts',(7.949999975,8.4459,-1.3));
#3243=CARTESIAN_POINT('Ctrl Pts',(8.7416666375,8.4459,-1.3));
#3244=CARTESIAN_POINT('Ctrl Pts',(8.7416666375,9.1854,-1.3));
#3245=CARTESIAN_POINT('Ctrl Pts',(8.7416666375,9.9249,-1.3));
#3246=CARTESIAN_POINT('Ctrl Pts',(7.949999975,9.9249,-1.3));
#3247=CARTESIAN_POINT('Ctrl Pts',(7.1583333125,9.9249,-1.3));
#3248=CARTESIAN_POINT('Ctrl Pts',(7.1583333125,9.1854,-1.3));
#3249=CARTESIAN_POINT('Ctrl Pts',(7.1583333125,9.1854,-1.2));
#3250=CARTESIAN_POINT('Ctrl Pts',(7.1583333125,8.4459,-1.2));
#3251=CARTESIAN_POINT('Ctrl Pts',(7.949999975,8.4459,-1.2));
#3252=CARTESIAN_POINT('Ctrl Pts',(8.7416666375,8.4459,-1.2));
#3253=CARTESIAN_POINT('Ctrl Pts',(8.7416666375,9.1854,-1.2));
#3254=CARTESIAN_POINT('Ctrl Pts',(8.7416666375,9.9249,-1.2));
#3255=CARTESIAN_POINT('Ctrl Pts',(7.949999975,9.9249,-1.2));
#3256=CARTESIAN_POINT('Ctrl Pts',(7.1583333125,9.9249,-1.2));
#3257=CARTESIAN_POINT('Ctrl Pts',(7.1583333125,9.1854,-1.2));
#3258=CARTESIAN_POINT('',(7.1583333125,9.1854,-1.3));
#3259=CARTESIAN_POINT('',(7.1583333125,9.1854,-1.3));
#3260=CARTESIAN_POINT('Origin',(7.949999975,9.1854,-1.3));
#3261=CARTESIAN_POINT('Origin',(7.949999975,9.1854,-1.3));
#3262=CARTESIAN_POINT('',(7.4222222,9.1854,-1.3));
#3263=CARTESIAN_POINT('Origin',(7.949999975,9.1854,-1.3));
#3264=CARTESIAN_POINT('Ctrl Pts',(7.1583333125,9.1854,0.));
#3265=CARTESIAN_POINT('Ctrl Pts',(7.1583333125,8.4459,0.));
#3266=CARTESIAN_POINT('Ctrl Pts',(7.949999975,8.4459,0.));
#3267=CARTESIAN_POINT('Ctrl Pts',(8.7416666375,8.4459,0.));
#3268=CARTESIAN_POINT('Ctrl Pts',(8.7416666375,9.1854,0.));
#3269=CARTESIAN_POINT('Ctrl Pts',(8.7416666375,9.9249,0.));
#3270=CARTESIAN_POINT('Ctrl Pts',(7.949999975,9.9249,0.));
#3271=CARTESIAN_POINT('Ctrl Pts',(7.1583333125,9.9249,0.));
#3272=CARTESIAN_POINT('Ctrl Pts',(7.1583333125,9.1854,0.));
#3273=CARTESIAN_POINT('Ctrl Pts',(7.1583333125,9.1854,0.1));
#3274=CARTESIAN_POINT('Ctrl Pts',(7.1583333125,8.4459,0.1));
#3275=CARTESIAN_POINT('Ctrl Pts',(7.949999975,8.4459,0.1));
#3276=CARTESIAN_POINT('Ctrl Pts',(8.7416666375,8.4459,0.1));
#3277=CARTESIAN_POINT('Ctrl Pts',(8.7416666375,9.1854,0.1));
#3278=CARTESIAN_POINT('Ctrl Pts',(8.7416666375,9.9249,0.1));
#3279=CARTESIAN_POINT('Ctrl Pts',(7.949999975,9.9249,0.1));
#3280=CARTESIAN_POINT('Ctrl Pts',(7.1583333125,9.9249,0.1));
#3281=CARTESIAN_POINT('Ctrl Pts',(7.1583333125,9.1854,0.1));
#3282=CARTESIAN_POINT('',(7.1583333125,9.1854,0.1));
#3283=CARTESIAN_POINT('Origin',(7.949999975,9.1854,0.1));
#3284=CARTESIAN_POINT('',(7.1583333125,9.1854,-1.3));
#3285=CARTESIAN_POINT('Origin',(7.949999975,9.1854,0.1));
#3286=CARTESIAN_POINT('',(7.4222222,9.1854,0.1));
#3287=CARTESIAN_POINT('Origin',(7.949999975,9.1854,0.1));
#3288=CARTESIAN_POINT('Ctrl Pts',(7.4222222,9.1854,-1.3));
#3289=CARTESIAN_POINT('Ctrl Pts',(7.4222222,8.6924,-1.3));
#3290=CARTESIAN_POINT('Ctrl Pts',(7.949999975,8.6924,-1.3));
#3291=CARTESIAN_POINT('Ctrl Pts',(8.47777775,8.6924,-1.3));
#3292=CARTESIAN_POINT('Ctrl Pts',(8.47777775,9.1854,-1.3));
#3293=CARTESIAN_POINT('Ctrl Pts',(8.47777775,9.6784,-1.3));
#3294=CARTESIAN_POINT('Ctrl Pts',(7.949999975,9.6784,-1.3));
#3295=CARTESIAN_POINT('Ctrl Pts',(7.4222222,9.6784,-1.3));
#3296=CARTESIAN_POINT('Ctrl Pts',(7.4222222,9.1854,-1.3));
#3297=CARTESIAN_POINT('Ctrl Pts',(7.4222222,9.1854,0.1));
#3298=CARTESIAN_POINT('Ctrl Pts',(7.4222222,8.6924,0.1));
#3299=CARTESIAN_POINT('Ctrl Pts',(7.949999975,8.6924,0.1));
#3300=CARTESIAN_POINT('Ctrl Pts',(8.47777775,8.6924,0.1));
#3301=CARTESIAN_POINT('Ctrl Pts',(8.47777775,9.1854,0.1));
#3302=CARTESIAN_POINT('Ctrl Pts',(8.47777775,9.6784,0.1));
#3303=CARTESIAN_POINT('Ctrl Pts',(7.949999975,9.6784,0.1));
#3304=CARTESIAN_POINT('Ctrl Pts',(7.4222222,9.6784,0.1));
#3305=CARTESIAN_POINT('Ctrl Pts',(7.4222222,9.1854,0.1));
#3306=CARTESIAN_POINT('',(7.4222222,9.1854,-1.2));
#3307=CARTESIAN_POINT('Ctrl Pts',(7.1583333125,-9.45,-1.3));
#3308=CARTESIAN_POINT('Ctrl Pts',(7.1583333125,-10.1895,-1.3));
#3309=CARTESIAN_POINT('Ctrl Pts',(7.949999975,-10.1895,-1.3));
#3310=CARTESIAN_POINT('Ctrl Pts',(8.7416666375,-10.1895,-1.3));
#3311=CARTESIAN_POINT('Ctrl Pts',(8.7416666375,-9.45,-1.3));
#3312=CARTESIAN_POINT('Ctrl Pts',(8.7416666375,-8.7105,-1.3));
#3313=CARTESIAN_POINT('Ctrl Pts',(7.949999975,-8.7105,-1.3));
#3314=CARTESIAN_POINT('Ctrl Pts',(7.1583333125,-8.7105,-1.3));
#3315=CARTESIAN_POINT('Ctrl Pts',(7.1583333125,-9.45,-1.3));
#3316=CARTESIAN_POINT('Ctrl Pts',(7.1583333125,-9.45,-1.2));
#3317=CARTESIAN_POINT('Ctrl Pts',(7.1583333125,-10.1895,-1.2));
#3318=CARTESIAN_POINT('Ctrl Pts',(7.949999975,-10.1895,-1.2));
#3319=CARTESIAN_POINT('Ctrl Pts',(8.7416666375,-10.1895,-1.2));
#3320=CARTESIAN_POINT('Ctrl Pts',(8.7416666375,-9.45,-1.2));
#3321=CARTESIAN_POINT('Ctrl Pts',(8.7416666375,-8.7105,-1.2));
#3322=CARTESIAN_POINT('Ctrl Pts',(7.949999975,-8.7105,-1.2));
#3323=CARTESIAN_POINT('Ctrl Pts',(7.1583333125,-8.7105,-1.2));
#3324=CARTESIAN_POINT('Ctrl Pts',(7.1583333125,-9.45,-1.2));
#3325=CARTESIAN_POINT('',(7.1583333125,-9.45,-1.3));
#3326=CARTESIAN_POINT('',(7.1583333125,-9.45,-1.3));
#3327=CARTESIAN_POINT('Origin',(7.949999975,-9.45,-1.3));
#3328=CARTESIAN_POINT('Origin',(7.949999975,-9.45,-1.3));
#3329=CARTESIAN_POINT('',(7.4222222,-9.45,-1.3));
#3330=CARTESIAN_POINT('Origin',(7.949999975,-9.45,-1.3));
#3331=CARTESIAN_POINT('Ctrl Pts',(7.4222222,-9.45,-1.3));
#3332=CARTESIAN_POINT('Ctrl Pts',(7.4222222,-9.943,-1.3));
#3333=CARTESIAN_POINT('Ctrl Pts',(7.949999975,-9.943,-1.3));
#3334=CARTESIAN_POINT('Ctrl Pts',(8.47777775,-9.943,-1.3));
#3335=CARTESIAN_POINT('Ctrl Pts',(8.47777775,-9.45,-1.3));
#3336=CARTESIAN_POINT('Ctrl Pts',(8.47777775,-8.957,-1.3));
#3337=CARTESIAN_POINT('Ctrl Pts',(7.949999975,-8.957,-1.3));
#3338=CARTESIAN_POINT('Ctrl Pts',(7.4222222,-8.957,-1.3));
#3339=CARTESIAN_POINT('Ctrl Pts',(7.4222222,-9.45,-1.3));
#3340=CARTESIAN_POINT('Ctrl Pts',(7.4222222,-9.45,0.1));
#3341=CARTESIAN_POINT('Ctrl Pts',(7.4222222,-9.943,0.1));
#3342=CARTESIAN_POINT('Ctrl Pts',(7.949999975,-9.943,0.1));
#3343=CARTESIAN_POINT('Ctrl Pts',(8.47777775,-9.943,0.1));
#3344=CARTESIAN_POINT('Ctrl Pts',(8.47777775,-9.45,0.1));
#3345=CARTESIAN_POINT('Ctrl Pts',(8.47777775,-8.957,0.1));
#3346=CARTESIAN_POINT('Ctrl Pts',(7.949999975,-8.957,0.1));
#3347=CARTESIAN_POINT('Ctrl Pts',(7.4222222,-8.957,0.1));
#3348=CARTESIAN_POINT('Ctrl Pts',(7.4222222,-9.45,0.1));
#3349=CARTESIAN_POINT('',(7.4222222,-9.45,0.1));
#3350=CARTESIAN_POINT('',(7.4222222,-9.45,-1.2));
#3351=CARTESIAN_POINT('Origin',(7.949999975,-9.45,0.1));
#3352=CARTESIAN_POINT('Ctrl Pts',(7.1583333125,-9.45,0.));
#3353=CARTESIAN_POINT('Ctrl Pts',(7.1583333125,-10.1895,0.));
#3354=CARTESIAN_POINT('Ctrl Pts',(7.949999975,-10.1895,0.));
#3355=CARTESIAN_POINT('Ctrl Pts',(8.7416666375,-10.1895,0.));
#3356=CARTESIAN_POINT('Ctrl Pts',(8.7416666375,-9.45,0.));
#3357=CARTESIAN_POINT('Ctrl Pts',(8.7416666375,-8.7105,0.));
#3358=CARTESIAN_POINT('Ctrl Pts',(7.949999975,-8.7105,0.));
#3359=CARTESIAN_POINT('Ctrl Pts',(7.1583333125,-8.7105,0.));
#3360=CARTESIAN_POINT('Ctrl Pts',(7.1583333125,-9.45,0.));
#3361=CARTESIAN_POINT('Ctrl Pts',(7.1583333125,-9.45,0.1));
#3362=CARTESIAN_POINT('Ctrl Pts',(7.1583333125,-10.1895,0.1));
#3363=CARTESIAN_POINT('Ctrl Pts',(7.949999975,-10.1895,0.1));
#3364=CARTESIAN_POINT('Ctrl Pts',(8.7416666375,-10.1895,0.1));
#3365=CARTESIAN_POINT('Ctrl Pts',(8.7416666375,-9.45,0.1));
#3366=CARTESIAN_POINT('Ctrl Pts',(8.7416666375,-8.7105,0.1));
#3367=CARTESIAN_POINT('Ctrl Pts',(7.949999975,-8.7105,0.1));
#3368=CARTESIAN_POINT('Ctrl Pts',(7.1583333125,-8.7105,0.1));
#3369=CARTESIAN_POINT('Ctrl Pts',(7.1583333125,-9.45,0.1));
#3370=CARTESIAN_POINT('',(7.1583333125,-9.45,0.1));
#3371=CARTESIAN_POINT('Origin',(7.949999975,-9.45,0.1));
#3372=CARTESIAN_POINT('',(7.1583333125,-9.45,-1.3));
#3373=CARTESIAN_POINT('Origin',(7.949999975,-9.45,0.1));
#3374=CARTESIAN_POINT('Ctrl Pts',(4.4561111045,-9.45,-1.3));
#3375=CARTESIAN_POINT('Ctrl Pts',(4.4561111045,-10.1895,-1.3));
#3376=CARTESIAN_POINT('Ctrl Pts',(5.247777767,-10.1895,-1.3));
#3377=CARTESIAN_POINT('Ctrl Pts',(6.0394444295,-10.1895,-1.3));
#3378=CARTESIAN_POINT('Ctrl Pts',(6.0394444295,-9.45,-1.3));
#3379=CARTESIAN_POINT('Ctrl Pts',(6.0394444295,-8.7105,-1.3));
#3380=CARTESIAN_POINT('Ctrl Pts',(5.247777767,-8.7105,-1.3));
#3381=CARTESIAN_POINT('Ctrl Pts',(4.4561111045,-8.7105,-1.3));
#3382=CARTESIAN_POINT('Ctrl Pts',(4.4561111045,-9.45,-1.3));
#3383=CARTESIAN_POINT('Ctrl Pts',(4.4561111045,-9.45,-1.2));
#3384=CARTESIAN_POINT('Ctrl Pts',(4.4561111045,-10.1895,-1.2));
#3385=CARTESIAN_POINT('Ctrl Pts',(5.247777767,-10.1895,-1.2));
#3386=CARTESIAN_POINT('Ctrl Pts',(6.0394444295,-10.1895,-1.2));
#3387=CARTESIAN_POINT('Ctrl Pts',(6.0394444295,-9.45,-1.2));
#3388=CARTESIAN_POINT('Ctrl Pts',(6.0394444295,-8.7105,-1.2));
#3389=CARTESIAN_POINT('Ctrl Pts',(5.247777767,-8.7105,-1.2));
#3390=CARTESIAN_POINT('Ctrl Pts',(4.4561111045,-8.7105,-1.2));
#3391=CARTESIAN_POINT('Ctrl Pts',(4.4561111045,-9.45,-1.2));
#3392=CARTESIAN_POINT('',(4.4561111045,-9.45,-1.3));
#3393=CARTESIAN_POINT('',(4.4561111045,-9.45,-1.3));
#3394=CARTESIAN_POINT('Origin',(5.247777767,-9.45,-1.3));
#3395=CARTESIAN_POINT('Origin',(5.247777767,-9.45,-1.3));
#3396=CARTESIAN_POINT('',(4.719999992,-9.45,-1.3));
#3397=CARTESIAN_POINT('Origin',(5.247777767,-9.45,-1.3));
#3398=CARTESIAN_POINT('Ctrl Pts',(4.719999992,-9.45,-1.3));
#3399=CARTESIAN_POINT('Ctrl Pts',(4.719999992,-9.943,-1.3));
#3400=CARTESIAN_POINT('Ctrl Pts',(5.247777767,-9.943,-1.3));
#3401=CARTESIAN_POINT('Ctrl Pts',(5.775555542,-9.943,-1.3));
#3402=CARTESIAN_POINT('Ctrl Pts',(5.775555542,-9.45,-1.3));
#3403=CARTESIAN_POINT('Ctrl Pts',(5.775555542,-8.957,-1.3));
#3404=CARTESIAN_POINT('Ctrl Pts',(5.247777767,-8.957,-1.3));
#3405=CARTESIAN_POINT('Ctrl Pts',(4.719999992,-8.957,-1.3));
#3406=CARTESIAN_POINT('Ctrl Pts',(4.719999992,-9.45,-1.3));
#3407=CARTESIAN_POINT('Ctrl Pts',(4.719999992,-9.45,0.1));
#3408=CARTESIAN_POINT('Ctrl Pts',(4.719999992,-9.943,0.1));
#3409=CARTESIAN_POINT('Ctrl Pts',(5.247777767,-9.943,0.1));
#3410=CARTESIAN_POINT('Ctrl Pts',(5.775555542,-9.943,0.1));
#3411=CARTESIAN_POINT('Ctrl Pts',(5.775555542,-9.45,0.1));
#3412=CARTESIAN_POINT('Ctrl Pts',(5.775555542,-8.957,0.1));
#3413=CARTESIAN_POINT('Ctrl Pts',(5.247777767,-8.957,0.1));
#3414=CARTESIAN_POINT('Ctrl Pts',(4.719999992,-8.957,0.1));
#3415=CARTESIAN_POINT('Ctrl Pts',(4.719999992,-9.45,0.1));
#3416=CARTESIAN_POINT('',(4.719999992,-9.45,0.1));
#3417=CARTESIAN_POINT('',(4.719999992,-9.45,-1.2));
#3418=CARTESIAN_POINT('Origin',(5.247777767,-9.45,0.1));
#3419=CARTESIAN_POINT('Ctrl Pts',(4.4561111045,-9.45,0.));
#3420=CARTESIAN_POINT('Ctrl Pts',(4.4561111045,-10.1895,0.));
#3421=CARTESIAN_POINT('Ctrl Pts',(5.247777767,-10.1895,0.));
#3422=CARTESIAN_POINT('Ctrl Pts',(6.0394444295,-10.1895,0.));
#3423=CARTESIAN_POINT('Ctrl Pts',(6.0394444295,-9.45,0.));
#3424=CARTESIAN_POINT('Ctrl Pts',(6.0394444295,-8.7105,0.));
#3425=CARTESIAN_POINT('Ctrl Pts',(5.247777767,-8.7105,0.));
#3426=CARTESIAN_POINT('Ctrl Pts',(4.4561111045,-8.7105,0.));
#3427=CARTESIAN_POINT('Ctrl Pts',(4.4561111045,-9.45,0.));
#3428=CARTESIAN_POINT('Ctrl Pts',(4.4561111045,-9.45,0.1));
#3429=CARTESIAN_POINT('Ctrl Pts',(4.4561111045,-10.1895,0.1));
#3430=CARTESIAN_POINT('Ctrl Pts',(5.247777767,-10.1895,0.1));
#3431=CARTESIAN_POINT('Ctrl Pts',(6.0394444295,-10.1895,0.1));
#3432=CARTESIAN_POINT('Ctrl Pts',(6.0394444295,-9.45,0.1));
#3433=CARTESIAN_POINT('Ctrl Pts',(6.0394444295,-8.7105,0.1));
#3434=CARTESIAN_POINT('Ctrl Pts',(5.247777767,-8.7105,0.1));
#3435=CARTESIAN_POINT('Ctrl Pts',(4.4561111045,-8.7105,0.1));
#3436=CARTESIAN_POINT('Ctrl Pts',(4.4561111045,-9.45,0.1));
#3437=CARTESIAN_POINT('',(4.4561111045,-9.45,0.1));
#3438=CARTESIAN_POINT('Origin',(5.247777767,-9.45,0.1));
#3439=CARTESIAN_POINT('',(4.4561111045,-9.45,-1.3));
#3440=CARTESIAN_POINT('Origin',(5.247777767,-9.45,0.1));
#3441=CARTESIAN_POINT('Ctrl Pts',(-6.3949999495,-9.45,-1.3));
#3442=CARTESIAN_POINT('Ctrl Pts',(-6.3949999495,-10.1895,-1.3));
#3443=CARTESIAN_POINT('Ctrl Pts',(-5.603333287,-10.1895,-1.3));
#3444=CARTESIAN_POINT('Ctrl Pts',(-4.8116666245,-10.1895,-1.3));
#3445=CARTESIAN_POINT('Ctrl Pts',(-4.8116666245,-9.45,-1.3));
#3446=CARTESIAN_POINT('Ctrl Pts',(-4.8116666245,-8.7105,-1.3));
#3447=CARTESIAN_POINT('Ctrl Pts',(-5.603333287,-8.7105,-1.3));
#3448=CARTESIAN_POINT('Ctrl Pts',(-6.3949999495,-8.7105,-1.3));
#3449=CARTESIAN_POINT('Ctrl Pts',(-6.3949999495,-9.45,-1.3));
#3450=CARTESIAN_POINT('Ctrl Pts',(-6.3949999495,-9.45,-1.2));
#3451=CARTESIAN_POINT('Ctrl Pts',(-6.3949999495,-10.1895,-1.2));
#3452=CARTESIAN_POINT('Ctrl Pts',(-5.603333287,-10.1895,-1.2));
#3453=CARTESIAN_POINT('Ctrl Pts',(-4.8116666245,-10.1895,-1.2));
#3454=CARTESIAN_POINT('Ctrl Pts',(-4.8116666245,-9.45,-1.2));
#3455=CARTESIAN_POINT('Ctrl Pts',(-4.8116666245,-8.7105,-1.2));
#3456=CARTESIAN_POINT('Ctrl Pts',(-5.603333287,-8.7105,-1.2));
#3457=CARTESIAN_POINT('Ctrl Pts',(-6.3949999495,-8.7105,-1.2));
#3458=CARTESIAN_POINT('Ctrl Pts',(-6.3949999495,-9.45,-1.2));
#3459=CARTESIAN_POINT('',(-6.3949999495,-9.45,-1.3));
#3460=CARTESIAN_POINT('',(-6.3949999495,-9.45,-1.3));
#3461=CARTESIAN_POINT('Origin',(-5.603333287,-9.45,-1.3));
#3462=CARTESIAN_POINT('Origin',(-5.603333287,-9.45,-1.3));
#3463=CARTESIAN_POINT('',(-6.131111062,-9.45,-1.3));
#3464=CARTESIAN_POINT('Origin',(-5.603333287,-9.45,-1.3));
#3465=CARTESIAN_POINT('Ctrl Pts',(-6.3949999495,-9.45,0.));
#3466=CARTESIAN_POINT('Ctrl Pts',(-6.3949999495,-10.1895,0.));
#3467=CARTESIAN_POINT('Ctrl Pts',(-5.603333287,-10.1895,0.));
#3468=CARTESIAN_POINT('Ctrl Pts',(-4.8116666245,-10.1895,0.));
#3469=CARTESIAN_POINT('Ctrl Pts',(-4.8116666245,-9.45,0.));
#3470=CARTESIAN_POINT('Ctrl Pts',(-4.8116666245,-8.7105,0.));
#3471=CARTESIAN_POINT('Ctrl Pts',(-5.603333287,-8.7105,0.));
#3472=CARTESIAN_POINT('Ctrl Pts',(-6.3949999495,-8.7105,0.));
#3473=CARTESIAN_POINT('Ctrl Pts',(-6.3949999495,-9.45,0.));
#3474=CARTESIAN_POINT('Ctrl Pts',(-6.3949999495,-9.45,0.1));
#3475=CARTESIAN_POINT('Ctrl Pts',(-6.3949999495,-10.1895,0.1));
#3476=CARTESIAN_POINT('Ctrl Pts',(-5.603333287,-10.1895,0.1));
#3477=CARTESIAN_POINT('Ctrl Pts',(-4.8116666245,-10.1895,0.1));
#3478=CARTESIAN_POINT('Ctrl Pts',(-4.8116666245,-9.45,0.1));
#3479=CARTESIAN_POINT('Ctrl Pts',(-4.8116666245,-8.7105,0.1));
#3480=CARTESIAN_POINT('Ctrl Pts',(-5.603333287,-8.7105,0.1));
#3481=CARTESIAN_POINT('Ctrl Pts',(-6.3949999495,-8.7105,0.1));
#3482=CARTESIAN_POINT('Ctrl Pts',(-6.3949999495,-9.45,0.1));
#3483=CARTESIAN_POINT('',(-6.3949999495,-9.45,0.1));
#3484=CARTESIAN_POINT('Origin',(-5.603333287,-9.45,0.1));
#3485=CARTESIAN_POINT('',(-6.3949999495,-9.45,-1.3));
#3486=CARTESIAN_POINT('Origin',(-5.603333287,-9.45,0.1));
#3487=CARTESIAN_POINT('',(-6.131111062,-9.45,0.1));
#3488=CARTESIAN_POINT('Origin',(-5.603333287,-9.45,0.1));
#3489=CARTESIAN_POINT('Ctrl Pts',(-6.131111062,-9.45,-1.3));
#3490=CARTESIAN_POINT('Ctrl Pts',(-6.131111062,-9.943,-1.3));
#3491=CARTESIAN_POINT('Ctrl Pts',(-5.603333287,-9.943,-1.3));
#3492=CARTESIAN_POINT('Ctrl Pts',(-5.075555512,-9.943,-1.3));
#3493=CARTESIAN_POINT('Ctrl Pts',(-5.075555512,-9.45,-1.3));
#3494=CARTESIAN_POINT('Ctrl Pts',(-5.075555512,-8.957,-1.3));
#3495=CARTESIAN_POINT('Ctrl Pts',(-5.603333287,-8.957,-1.3));
#3496=CARTESIAN_POINT('Ctrl Pts',(-6.131111062,-8.957,-1.3));
#3497=CARTESIAN_POINT('Ctrl Pts',(-6.131111062,-9.45,-1.3));
#3498=CARTESIAN_POINT('Ctrl Pts',(-6.131111062,-9.45,0.1));
#3499=CARTESIAN_POINT('Ctrl Pts',(-6.131111062,-9.943,0.1));
#3500=CARTESIAN_POINT('Ctrl Pts',(-5.603333287,-9.943,0.1));
#3501=CARTESIAN_POINT('Ctrl Pts',(-5.075555512,-9.943,0.1));
#3502=CARTESIAN_POINT('Ctrl Pts',(-5.075555512,-9.45,0.1));
#3503=CARTESIAN_POINT('Ctrl Pts',(-5.075555512,-8.957,0.1));
#3504=CARTESIAN_POINT('Ctrl Pts',(-5.603333287,-8.957,0.1));
#3505=CARTESIAN_POINT('Ctrl Pts',(-6.131111062,-8.957,0.1));
#3506=CARTESIAN_POINT('Ctrl Pts',(-6.131111062,-9.45,0.1));
#3507=CARTESIAN_POINT('',(-6.131111062,-9.45,-1.2));
#3508=CARTESIAN_POINT('Ctrl Pts',(-9.0972221575,-9.45,-1.3));
#3509=CARTESIAN_POINT('Ctrl Pts',(-9.0972221575,-10.1895,-1.3));
#3510=CARTESIAN_POINT('Ctrl Pts',(-8.305555495,-10.1895,-1.3));
#3511=CARTESIAN_POINT('Ctrl Pts',(-7.5138888325,-10.1895,-1.3));
#3512=CARTESIAN_POINT('Ctrl Pts',(-7.5138888325,-9.45,-1.3));
#3513=CARTESIAN_POINT('Ctrl Pts',(-7.5138888325,-8.7105,-1.3));
#3514=CARTESIAN_POINT('Ctrl Pts',(-8.305555495,-8.7105,-1.3));
#3515=CARTESIAN_POINT('Ctrl Pts',(-9.0972221575,-8.7105,-1.3));
#3516=CARTESIAN_POINT('Ctrl Pts',(-9.0972221575,-9.45,-1.3));
#3517=CARTESIAN_POINT('Ctrl Pts',(-9.0972221575,-9.45,-1.2));
#3518=CARTESIAN_POINT('Ctrl Pts',(-9.0972221575,-10.1895,-1.2));
#3519=CARTESIAN_POINT('Ctrl Pts',(-8.305555495,-10.1895,-1.2));
#3520=CARTESIAN_POINT('Ctrl Pts',(-7.5138888325,-10.1895,-1.2));
#3521=CARTESIAN_POINT('Ctrl Pts',(-7.5138888325,-9.45,-1.2));
#3522=CARTESIAN_POINT('Ctrl Pts',(-7.5138888325,-8.7105,-1.2));
#3523=CARTESIAN_POINT('Ctrl Pts',(-8.305555495,-8.7105,-1.2));
#3524=CARTESIAN_POINT('Ctrl Pts',(-9.0972221575,-8.7105,-1.2));
#3525=CARTESIAN_POINT('Ctrl Pts',(-9.0972221575,-9.45,-1.2));
#3526=CARTESIAN_POINT('',(-9.0972221575,-9.45,-1.3));
#3527=CARTESIAN_POINT('',(-9.0972221575,-9.45,-1.3));
#3528=CARTESIAN_POINT('Origin',(-8.305555495,-9.45,-1.3));
#3529=CARTESIAN_POINT('Origin',(-8.305555495,-9.45,-1.3));
#3530=CARTESIAN_POINT('',(-8.83333327,-9.45,-1.3));
#3531=CARTESIAN_POINT('Origin',(-8.305555495,-9.45,-1.3));
#3532=CARTESIAN_POINT('Ctrl Pts',(-9.0972221575,-9.45,0.));
#3533=CARTESIAN_POINT('Ctrl Pts',(-9.0972221575,-10.1895,0.));
#3534=CARTESIAN_POINT('Ctrl Pts',(-8.305555495,-10.1895,0.));
#3535=CARTESIAN_POINT('Ctrl Pts',(-7.5138888325,-10.1895,0.));
#3536=CARTESIAN_POINT('Ctrl Pts',(-7.5138888325,-9.45,0.));
#3537=CARTESIAN_POINT('Ctrl Pts',(-7.5138888325,-8.7105,0.));
#3538=CARTESIAN_POINT('Ctrl Pts',(-8.305555495,-8.7105,0.));
#3539=CARTESIAN_POINT('Ctrl Pts',(-9.0972221575,-8.7105,0.));
#3540=CARTESIAN_POINT('Ctrl Pts',(-9.0972221575,-9.45,0.));
#3541=CARTESIAN_POINT('Ctrl Pts',(-9.0972221575,-9.45,0.1));
#3542=CARTESIAN_POINT('Ctrl Pts',(-9.0972221575,-10.1895,0.1));
#3543=CARTESIAN_POINT('Ctrl Pts',(-8.305555495,-10.1895,0.1));
#3544=CARTESIAN_POINT('Ctrl Pts',(-7.5138888325,-10.1895,0.1));
#3545=CARTESIAN_POINT('Ctrl Pts',(-7.5138888325,-9.45,0.1));
#3546=CARTESIAN_POINT('Ctrl Pts',(-7.5138888325,-8.7105,0.1));
#3547=CARTESIAN_POINT('Ctrl Pts',(-8.305555495,-8.7105,0.1));
#3548=CARTESIAN_POINT('Ctrl Pts',(-9.0972221575,-8.7105,0.1));
#3549=CARTESIAN_POINT('Ctrl Pts',(-9.0972221575,-9.45,0.1));
#3550=CARTESIAN_POINT('',(-9.0972221575,-9.45,0.1));
#3551=CARTESIAN_POINT('Origin',(-8.305555495,-9.45,0.1));
#3552=CARTESIAN_POINT('',(-9.0972221575,-9.45,-1.3));
#3553=CARTESIAN_POINT('Origin',(-8.305555495,-9.45,0.1));
#3554=CARTESIAN_POINT('',(-8.83333327,-9.45,0.1));
#3555=CARTESIAN_POINT('Origin',(-8.305555495,-9.45,0.1));
#3556=CARTESIAN_POINT('Ctrl Pts',(-8.83333327,-9.45,-1.3));
#3557=CARTESIAN_POINT('Ctrl Pts',(-8.83333327,-9.943,-1.3));
#3558=CARTESIAN_POINT('Ctrl Pts',(-8.305555495,-9.943,-1.3));
#3559=CARTESIAN_POINT('Ctrl Pts',(-7.77777772,-9.943,-1.3));
#3560=CARTESIAN_POINT('Ctrl Pts',(-7.77777772,-9.45,-1.3));
#3561=CARTESIAN_POINT('Ctrl Pts',(-7.77777772,-8.957,-1.3));
#3562=CARTESIAN_POINT('Ctrl Pts',(-8.305555495,-8.957,-1.3));
#3563=CARTESIAN_POINT('Ctrl Pts',(-8.83333327,-8.957,-1.3));
#3564=CARTESIAN_POINT('Ctrl Pts',(-8.83333327,-9.45,-1.3));
#3565=CARTESIAN_POINT('Ctrl Pts',(-8.83333327,-9.45,0.1));
#3566=CARTESIAN_POINT('Ctrl Pts',(-8.83333327,-9.943,0.1));
#3567=CARTESIAN_POINT('Ctrl Pts',(-8.305555495,-9.943,0.1));
#3568=CARTESIAN_POINT('Ctrl Pts',(-7.77777772,-9.943,0.1));
#3569=CARTESIAN_POINT('Ctrl Pts',(-7.77777772,-9.45,0.1));
#3570=CARTESIAN_POINT('Ctrl Pts',(-7.77777772,-8.957,0.1));
#3571=CARTESIAN_POINT('Ctrl Pts',(-8.305555495,-8.957,0.1));
#3572=CARTESIAN_POINT('Ctrl Pts',(-8.83333327,-8.957,0.1));
#3573=CARTESIAN_POINT('Ctrl Pts',(-8.83333327,-9.45,0.1));
#3574=CARTESIAN_POINT('',(-8.83333327,-9.45,-1.2));
#3575=CARTESIAN_POINT('Ctrl Pts',(-3.6927777415,-9.45,-1.3));
#3576=CARTESIAN_POINT('Ctrl Pts',(-3.6927777415,-10.1895,-1.3));
#3577=CARTESIAN_POINT('Ctrl Pts',(-2.901111079,-10.1895,-1.3));
#3578=CARTESIAN_POINT('Ctrl Pts',(-2.1094444165,-10.1895,-1.3));
#3579=CARTESIAN_POINT('Ctrl Pts',(-2.1094444165,-9.45,-1.3));
#3580=CARTESIAN_POINT('Ctrl Pts',(-2.1094444165,-8.7105,-1.3));
#3581=CARTESIAN_POINT('Ctrl Pts',(-2.901111079,-8.7105,-1.3));
#3582=CARTESIAN_POINT('Ctrl Pts',(-3.6927777415,-8.7105,-1.3));
#3583=CARTESIAN_POINT('Ctrl Pts',(-3.6927777415,-9.45,-1.3));
#3584=CARTESIAN_POINT('Ctrl Pts',(-3.6927777415,-9.45,-1.2));
#3585=CARTESIAN_POINT('Ctrl Pts',(-3.6927777415,-10.1895,-1.2));
#3586=CARTESIAN_POINT('Ctrl Pts',(-2.901111079,-10.1895,-1.2));
#3587=CARTESIAN_POINT('Ctrl Pts',(-2.1094444165,-10.1895,-1.2));
#3588=CARTESIAN_POINT('Ctrl Pts',(-2.1094444165,-9.45,-1.2));
#3589=CARTESIAN_POINT('Ctrl Pts',(-2.1094444165,-8.7105,-1.2));
#3590=CARTESIAN_POINT('Ctrl Pts',(-2.901111079,-8.7105,-1.2));
#3591=CARTESIAN_POINT('Ctrl Pts',(-3.6927777415,-8.7105,-1.2));
#3592=CARTESIAN_POINT('Ctrl Pts',(-3.6927777415,-9.45,-1.2));
#3593=CARTESIAN_POINT('',(-3.6927777415,-9.45,-1.3));
#3594=CARTESIAN_POINT('',(-3.6927777415,-9.45,-1.3));
#3595=CARTESIAN_POINT('Origin',(-2.901111079,-9.45,-1.3));
#3596=CARTESIAN_POINT('Origin',(-2.901111079,-9.45,-1.3));
#3597=CARTESIAN_POINT('',(-3.428888854,-9.45,-1.3));
#3598=CARTESIAN_POINT('Origin',(-2.901111079,-9.45,-1.3));
#3599=CARTESIAN_POINT('Ctrl Pts',(-3.428888854,-9.45,-1.3));
#3600=CARTESIAN_POINT('Ctrl Pts',(-3.428888854,-9.943,-1.3));
#3601=CARTESIAN_POINT('Ctrl Pts',(-2.901111079,-9.943,-1.3));
#3602=CARTESIAN_POINT('Ctrl Pts',(-2.373333304,-9.943,-1.3));
#3603=CARTESIAN_POINT('Ctrl Pts',(-2.373333304,-9.45,-1.3));
#3604=CARTESIAN_POINT('Ctrl Pts',(-2.373333304,-8.957,-1.3));
#3605=CARTESIAN_POINT('Ctrl Pts',(-2.901111079,-8.957,-1.3));
#3606=CARTESIAN_POINT('Ctrl Pts',(-3.428888854,-8.957,-1.3));
#3607=CARTESIAN_POINT('Ctrl Pts',(-3.428888854,-9.45,-1.3));
#3608=CARTESIAN_POINT('Ctrl Pts',(-3.428888854,-9.45,0.1));
#3609=CARTESIAN_POINT('Ctrl Pts',(-3.428888854,-9.943,0.1));
#3610=CARTESIAN_POINT('Ctrl Pts',(-2.901111079,-9.943,0.1));
#3611=CARTESIAN_POINT('Ctrl Pts',(-2.373333304,-9.943,0.1));
#3612=CARTESIAN_POINT('Ctrl Pts',(-2.373333304,-9.45,0.1));
#3613=CARTESIAN_POINT('Ctrl Pts',(-2.373333304,-8.957,0.1));
#3614=CARTESIAN_POINT('Ctrl Pts',(-2.901111079,-8.957,0.1));
#3615=CARTESIAN_POINT('Ctrl Pts',(-3.428888854,-8.957,0.1));
#3616=CARTESIAN_POINT('Ctrl Pts',(-3.428888854,-9.45,0.1));
#3617=CARTESIAN_POINT('',(-3.428888854,-9.45,0.1));
#3618=CARTESIAN_POINT('',(-3.428888854,-9.45,-1.2));
#3619=CARTESIAN_POINT('Origin',(-2.901111079,-9.45,0.1));
#3620=CARTESIAN_POINT('Ctrl Pts',(-3.6927777415,-9.45,0.));
#3621=CARTESIAN_POINT('Ctrl Pts',(-3.6927777415,-10.1895,0.));
#3622=CARTESIAN_POINT('Ctrl Pts',(-2.901111079,-10.1895,0.));
#3623=CARTESIAN_POINT('Ctrl Pts',(-2.1094444165,-10.1895,0.));
#3624=CARTESIAN_POINT('Ctrl Pts',(-2.1094444165,-9.45,0.));
#3625=CARTESIAN_POINT('Ctrl Pts',(-2.1094444165,-8.7105,0.));
#3626=CARTESIAN_POINT('Ctrl Pts',(-2.901111079,-8.7105,0.));
#3627=CARTESIAN_POINT('Ctrl Pts',(-3.6927777415,-8.7105,0.));
#3628=CARTESIAN_POINT('Ctrl Pts',(-3.6927777415,-9.45,0.));
#3629=CARTESIAN_POINT('Ctrl Pts',(-3.6927777415,-9.45,0.1));
#3630=CARTESIAN_POINT('Ctrl Pts',(-3.6927777415,-10.1895,0.1));
#3631=CARTESIAN_POINT('Ctrl Pts',(-2.901111079,-10.1895,0.1));
#3632=CARTESIAN_POINT('Ctrl Pts',(-2.1094444165,-10.1895,0.1));
#3633=CARTESIAN_POINT('Ctrl Pts',(-2.1094444165,-9.45,0.1));
#3634=CARTESIAN_POINT('Ctrl Pts',(-2.1094444165,-8.7105,0.1));
#3635=CARTESIAN_POINT('Ctrl Pts',(-2.901111079,-8.7105,0.1));
#3636=CARTESIAN_POINT('Ctrl Pts',(-3.6927777415,-8.7105,0.1));
#3637=CARTESIAN_POINT('Ctrl Pts',(-3.6927777415,-9.45,0.1));
#3638=CARTESIAN_POINT('',(-3.6927777415,-9.45,0.1));
#3639=CARTESIAN_POINT('Origin',(-2.901111079,-9.45,0.1));
#3640=CARTESIAN_POINT('',(-3.6927777415,-9.45,-1.3));
#3641=CARTESIAN_POINT('Origin',(-2.901111079,-9.45,0.1));
#3642=CARTESIAN_POINT('Origin',(-8.41111105,-5.3088,2.24353490404331));
#3643=CARTESIAN_POINT('',(-8.41111105,-4.6679,0.7));
#3644=CARTESIAN_POINT('',(-8.41111105,-5.3088,0.7));
#3645=CARTESIAN_POINT('',(-8.41111105,-4.6679,0.7));
#3646=CARTESIAN_POINT('',(-8.41111105,-4.6679,0.7));
#3647=CARTESIAN_POINT('',(-8.41111105,-5.3088,0.7));
#3648=CARTESIAN_POINT('Origin',(-8.41111105,-5.3088,2.24353490404331));
#3649=CARTESIAN_POINT('',(-6.93333328,-5.3088,0.7));
#3650=CARTESIAN_POINT('',(-8.41111105,-5.3088,0.7));
#3651=CARTESIAN_POINT('',(-6.93333328,-5.3088,0.7));
#3652=CARTESIAN_POINT('Origin',(-6.93333328,-5.3088,2.24353490404331));
#3653=CARTESIAN_POINT('',(-6.93333328,-4.6679,0.7));
#3654=CARTESIAN_POINT('',(-6.93333328,-5.3088,0.7));
#3655=CARTESIAN_POINT('',(-6.93333328,-4.6679,0.7));
#3656=CARTESIAN_POINT('Origin',(-8.41111105,-4.6679,2.24353490404331));
#3657=CARTESIAN_POINT('',(-6.93333328,-4.6679,0.7));
#3658=CARTESIAN_POINT('Origin',(-0.17777776,-0.1323,0.7));
#3659=UNCERTAINTY_MEASURE_WITH_UNIT(LENGTH_MEASURE(0.01),#3663,
'DISTANCE_ACCURACY_VALUE',
'Maximum model space distance between geometric entities at asserted c
onnectivities');
#3660=UNCERTAINTY_MEASURE_WITH_UNIT(LENGTH_MEASURE(0.01),#3663,
'DISTANCE_ACCURACY_VALUE',
'Maximum model space distance between geometric entities at asserted c
onnectivities');
#3661=(
GEOMETRIC_REPRESENTATION_CONTEXT(3)
GLOBAL_UNCERTAINTY_ASSIGNED_CONTEXT((#3659))
GLOBAL_UNIT_ASSIGNED_CONTEXT((#3663,#3665,#3666))
REPRESENTATION_CONTEXT('','3D')
);
#3662=(
GEOMETRIC_REPRESENTATION_CONTEXT(3)
GLOBAL_UNCERTAINTY_ASSIGNED_CONTEXT((#3660))
GLOBAL_UNIT_ASSIGNED_CONTEXT((#3663,#3665,#3666))
REPRESENTATION_CONTEXT('','3D')
);
#3663=(
LENGTH_UNIT()
NAMED_UNIT(*)
SI_UNIT(.MILLI.,.METRE.)
);
#3664=(
LENGTH_UNIT()
NAMED_UNIT(*)
SI_UNIT($,.METRE.)
);
#3665=(
NAMED_UNIT(*)
PLANE_ANGLE_UNIT()
SI_UNIT($,.RADIAN.)
);
#3666=(
NAMED_UNIT(*)
SI_UNIT($,.STERADIAN.)
SOLID_ANGLE_UNIT()
);
#3667=SHAPE_DEFINITION_REPRESENTATION(#3668,#3669);
#3668=PRODUCT_DEFINITION_SHAPE('',$,#3671);
#3669=SHAPE_REPRESENTATION('',(#2049),#3661);
#3670=PRODUCT_DEFINITION_CONTEXT('part definition',#3675,'design');
#3671=PRODUCT_DEFINITION('zesilovac PAM8403 3W',
'zesilovac PAM8403 3W v2',#3672,#3670);
#3672=PRODUCT_DEFINITION_FORMATION('',$,#3677);
#3673=PRODUCT_RELATED_PRODUCT_CATEGORY('zesilovac PAM8403 3W v2',
'zesilovac PAM8403 3W v2',(#3677));
#3674=APPLICATION_PROTOCOL_DEFINITION('international standard',
'automotive_design',2009,#3675);
#3675=APPLICATION_CONTEXT(
'Core Data for Automotive Mechanical Design Process');
#3676=PRODUCT_CONTEXT('part definition',#3675,'mechanical');
#3677=PRODUCT('zesilovac PAM8403 3W','zesilovac PAM8403 3W v2',$,(#3676));
#3678=PRESENTATION_STYLE_ASSIGNMENT((#3683));
#3679=PRESENTATION_STYLE_ASSIGNMENT((#3684));
#3680=PRESENTATION_STYLE_ASSIGNMENT((#3685));
#3681=PRESENTATION_STYLE_ASSIGNMENT((#3686));
#3682=PRESENTATION_STYLE_ASSIGNMENT((#3687));
#3683=SURFACE_STYLE_USAGE(.BOTH.,#3688);
#3684=SURFACE_STYLE_USAGE(.BOTH.,#3689);
#3685=SURFACE_STYLE_USAGE(.BOTH.,#3690);
#3686=SURFACE_STYLE_USAGE(.BOTH.,#3691);
#3687=SURFACE_STYLE_USAGE(.BOTH.,#3692);
#3688=SURFACE_SIDE_STYLE('',(#3693));
#3689=SURFACE_SIDE_STYLE('',(#3694));
#3690=SURFACE_SIDE_STYLE('',(#3695));
#3691=SURFACE_SIDE_STYLE('',(#3696));
#3692=SURFACE_SIDE_STYLE('',(#3697));
#3693=SURFACE_STYLE_FILL_AREA(#3698);
#3694=SURFACE_STYLE_FILL_AREA(#3699);
#3695=SURFACE_STYLE_FILL_AREA(#3700);
#3696=SURFACE_STYLE_FILL_AREA(#3701);
#3697=SURFACE_STYLE_FILL_AREA(#3702);
#3698=FILL_AREA_STYLE('Steel - Satin',(#3703));
#3699=FILL_AREA_STYLE('Opaque(73,169,84)',(#3704));
#3700=FILL_AREA_STYLE('Opaque(18,18,18)',(#3705));
#3701=FILL_AREA_STYLE('Opaque(175,155,135)',(#3706));
#3702=FILL_AREA_STYLE('Opaque(127,127,127)',(#3707));
#3703=FILL_AREA_STYLE_COLOUR('Steel - Satin',#3708);
#3704=FILL_AREA_STYLE_COLOUR('Opaque(73,169,84)',#3709);
#3705=FILL_AREA_STYLE_COLOUR('Opaque(18,18,18)',#3710);
#3706=FILL_AREA_STYLE_COLOUR('Opaque(175,155,135)',#3711);
#3707=FILL_AREA_STYLE_COLOUR('Opaque(127,127,127)',#3712);
#3708=COLOUR_RGB('Steel - Satin',0.627450980392157,0.627450980392157,0.627450980392157);
#3709=COLOUR_RGB('Opaque(73,169,84)',0.286274509803922,0.662745098039216,
0.329411764705882);
#3710=COLOUR_RGB('Opaque(18,18,18)',0.0705882352941176,0.0705882352941176,
0.0705882352941176);
#3711=COLOUR_RGB('Opaque(175,155,135)',0.686274509803922,0.607843137254902,
0.529411764705882);
#3712=COLOUR_RGB('Opaque(127,127,127)',0.498039215686275,0.498039215686275,
0.498039215686275);
ENDSEC;
END-ISO-10303-21;
