ISO-10303-21;
HEADER;
/* Generated by software containing ST-Developer
 * from STEP Tools, Inc. (www.steptools.com) 
 */

FILE_DESCRIPTION(
/* description */ (''),
/* implementation_level */ '2;1');

FILE_NAME(
/* name */ 'Button 6x6-vyssie.step',
/* time_stamp */ '2026-04-20T16:24:54+02:00',
/* author */ (''),
/* organization */ (''),
/* preprocessor_version */ 'ST-DEVELOPER v20.1',
/* originating_system */ 'Autodesk Translation Framework v14.24.0.0',
/* authorisation */ '');

FILE_SCHEMA (('AUTOMOTIVE_DESIGN { 1 0 10303 214 3 1 1 }'));
ENDSEC;

DATA;
#10=MECHANICAL_DESIGN_GEOMETRIC_PRESENTATION_REPRESENTATION('',(#69,#70,
#71,#72,#73,#74,#75,#76,#77,#78),#3026);
#11=SHAPE_REPRESENTATION_RELATIONSHIP('SRR','None',#3033,#12);
#12=ADVANCED_BREP_SHAPE_REPRESENTATION('',(#79,#80,#81,#82,#83,#84,#85,
#86,#87,#88),#3025);
#13=B_SPLINE_CURVE_WITH_KNOTS('',3,(#2201,#2202,#2203,#2204,#2205),
 .UNSPECIFIED.,.F.,.F.,(4,1,4),(0.,0.0239190615613303,0.041858357732328),
 .UNSPECIFIED.);
#14=B_SPLINE_CURVE_WITH_KNOTS('',3,(#2209,#2210,#2211,#2212,#2213),
 .UNSPECIFIED.,.F.,.F.,(4,1,4),(0.,0.0179392961709977,0.041858357732328),
 .UNSPECIFIED.);
#15=B_SPLINE_CURVE_WITH_KNOTS('',3,(#2223,#2224,#2225,#2226,#2227,#2228),
 .UNSPECIFIED.,.F.,.F.,(4,2,4),(0.0551667243229046,0.600650169439731,0.687639831568897),
 .UNSPECIFIED.);
#16=B_SPLINE_CURVE_WITH_KNOTS('',5,(#2232,#2233,#2234,#2235,#2236,#2237,
#2238,#2239,#2240,#2241,#2242,#2243,#2244,#2245,#2246,#2247),
 .UNSPECIFIED.,.F.,.F.,(6,1,1,1,1,1,1,1,1,1,1,6),(-0.667139839461524,-0.666666666666667,
-0.6,-0.533333333333333,-0.466666666666667,-0.4,-0.333333333333333,-0.266666666666667,
-0.2,-0.133333333333333,-0.0666666666666667,0.),.UNSPECIFIED.);
#17=B_SPLINE_CURVE_WITH_KNOTS('',3,(#2256,#2257,#2258,#2259),
 .UNSPECIFIED.,.F.,.F.,(4,4),(-0.0630048202983055,0.),.UNSPECIFIED.);
#18=B_SPLINE_CURVE_WITH_KNOTS('',3,(#2263,#2264,#2265,#2266,#2267,#2268,
#2269,#2270,#2271,#2272,#2273,#2274,#2275),.UNSPECIFIED.,.F.,.F.,(4,3,3,
3,4),(-0.0764629942966758,-0.0600124020376846,-0.034088220471617,-0.0128848864422465,
0.),.UNSPECIFIED.);
#19=B_SPLINE_CURVE_WITH_KNOTS('',5,(#2324,#2325,#2326,#2327,#2328,#2329,
#2330,#2331,#2332,#2333,#2334,#2335,#2336,#2337,#2338),.UNSPECIFIED.,.F.,
 .F.,(6,1,1,1,1,1,1,1,1,1,6),(0.,0.0666666666666667,0.133333333333333,0.2,
0.266666666666667,0.333333333333333,0.4,0.466666666666667,0.533333333333333,
0.6,0.667139839461524),.UNSPECIFIED.);
#20=B_SPLINE_CURVE_WITH_KNOTS('',3,(#2340,#2341,#2342,#2343,#2344,#2345,
#2346,#2347,#2348,#2349,#2350,#2351,#2352,#2353,#2354,#2355),
 .UNSPECIFIED.,.F.,.F.,(4,3,3,3,3,4),(-0.0518375112787118,-0.0412913305081222,
-0.0264929740806295,-0.0131578306120569,-0.00200992380475726,0.),
 .UNSPECIFIED.);
#21=B_SPLINE_CURVE_WITH_KNOTS('',3,(#2357,#2358,#2359,#2360),
 .UNSPECIFIED.,.F.,.F.,(4,4),(-0.0629725770899231,0.),.UNSPECIFIED.);
#22=B_SPLINE_CURVE_WITH_KNOTS('',3,(#2389,#2390,#2391,#2392,#2393,#2394),
 .UNSPECIFIED.,.F.,.F.,(4,2,4),(0.0551667243229046,0.600650169439731,0.687639831568897),
 .UNSPECIFIED.);
#23=B_SPLINE_CURVE_WITH_KNOTS('',3,(#2410,#2411,#2412,#2413,#2414),
 .UNSPECIFIED.,.F.,.F.,(4,1,4),(0.,0.0239190615613303,0.041858357732328),
 .UNSPECIFIED.);
#24=B_SPLINE_CURVE_WITH_KNOTS('',3,(#2418,#2419,#2420,#2421,#2422),
 .UNSPECIFIED.,.F.,.F.,(4,1,4),(0.,0.0179392961709977,0.0418583577323279),
 .UNSPECIFIED.);
#25=B_SPLINE_CURVE_WITH_KNOTS('',5,(#2434,#2435,#2436,#2437,#2438,#2439,
#2440,#2441,#2442,#2443,#2444,#2445,#2446,#2447,#2448),.UNSPECIFIED.,.F.,
 .F.,(6,1,1,1,1,1,1,1,1,1,6),(0.,0.0666666666666667,0.133333333333333,0.2,
0.266666666666667,0.333333333333333,0.4,0.466666666666667,0.533333333333333,
0.6,0.667139839461524),.UNSPECIFIED.);
#26=B_SPLINE_CURVE_WITH_KNOTS('',3,(#2451,#2452,#2453,#2454,#2455,#2456),
 .UNSPECIFIED.,.F.,.F.,(4,2,4),(-0.687639831568897,-0.600650169439731,-0.0551667243229043),
 .UNSPECIFIED.);
#27=B_SPLINE_CURVE_WITH_KNOTS('',3,(#2464,#2465,#2466,#2467),
 .UNSPECIFIED.,.F.,.F.,(4,4),(-0.0629725770899222,0.),.UNSPECIFIED.);
#28=B_SPLINE_CURVE_WITH_KNOTS('',3,(#2471,#2472,#2473,#2474,#2475,#2476,
#2477,#2478,#2479,#2480,#2481,#2482,#2483,#2484,#2485,#2486),
 .UNSPECIFIED.,.F.,.F.,(4,3,3,3,3,4),(-0.0518375112786602,-0.0412913305076517,
-0.0264929740801634,-0.0131578306115647,-0.00200992380480225,0.),
 .UNSPECIFIED.);
#29=B_SPLINE_CURVE_WITH_KNOTS('',3,(#2514,#2515,#2516,#2517),
 .UNSPECIFIED.,.F.,.F.,(4,4),(-0.0630048202983091,0.),.UNSPECIFIED.);
#30=B_SPLINE_CURVE_WITH_KNOTS('',3,(#2518,#2519,#2520,#2521,#2522,#2523),
 .UNSPECIFIED.,.F.,.F.,(4,2,4),(0.0551667243229043,0.600650169439731,0.687639831568897),
 .UNSPECIFIED.);
#31=B_SPLINE_CURVE_WITH_KNOTS('',3,(#2525,#2526,#2527,#2528,#2529,#2530,
#2531,#2532,#2533,#2534,#2535,#2536,#2537),.UNSPECIFIED.,.F.,.F.,(4,3,3,
3,4),(-0.0764629942965497,-0.0600124020378569,-0.0340882204730961,-0.0128848864415048,
0.),.UNSPECIFIED.);
#32=B_SPLINE_CURVE_WITH_KNOTS('',5,(#2580,#2581,#2582,#2583,#2584,#2585,
#2586,#2587,#2588,#2589,#2590,#2591,#2592,#2593,#2594),.UNSPECIFIED.,.F.,
 .F.,(6,1,1,1,1,1,1,1,1,1,6),(0.,0.0666666666666667,0.133333333333333,0.2,
0.266666666666667,0.333333333333333,0.4,0.466666666666667,0.533333333333333,
0.6,0.667139839461524),.UNSPECIFIED.);
#33=B_SPLINE_CURVE_WITH_KNOTS('',3,(#2618,#2619,#2620,#2621,#2622),
 .UNSPECIFIED.,.F.,.F.,(4,1,4),(0.,0.0239190615613303,0.0418583577323279),
 .UNSPECIFIED.);
#34=B_SPLINE_CURVE_WITH_KNOTS('',3,(#2626,#2627,#2628,#2629,#2630),
 .UNSPECIFIED.,.F.,.F.,(4,1,4),(0.,0.0179392961709977,0.0418583577323279),
 .UNSPECIFIED.);
#35=B_SPLINE_CURVE_WITH_KNOTS('',3,(#2653,#2654,#2655,#2656,#2657,#2658),
 .UNSPECIFIED.,.F.,.F.,(4,2,4),(0.0551667243229036,0.600650169439731,0.687639831568897),
 .UNSPECIFIED.);
#36=B_SPLINE_CURVE_WITH_KNOTS('',3,(#2660,#2661,#2662,#2663),
 .UNSPECIFIED.,.F.,.F.,(4,4),(-0.0629725770899231,0.),.UNSPECIFIED.);
#37=B_SPLINE_CURVE_WITH_KNOTS('',3,(#2667,#2668,#2669,#2670),
 .UNSPECIFIED.,.F.,.F.,(4,4),(-0.0630048202983055,0.),.UNSPECIFIED.);
#38=B_SPLINE_CURVE_WITH_KNOTS('',3,(#2671,#2672,#2673,#2674,#2675,#2676),
 .UNSPECIFIED.,.F.,.F.,(4,2,4),(0.055166724322904,0.600650169439731,0.687639831568897),
 .UNSPECIFIED.);
#39=B_SPLINE_CURVE_WITH_KNOTS('',5,(#2687,#2688,#2689,#2690,#2691,#2692,
#2693,#2694,#2695,#2696,#2697,#2698,#2699,#2700,#2701,#2702),
 .UNSPECIFIED.,.F.,.F.,(6,1,1,1,1,1,1,1,1,1,1,6),(-0.667139839461524,-0.666666666666667,
-0.6,-0.533333333333333,-0.466666666666667,-0.4,-0.333333333333333,-0.266666666666667,
-0.2,-0.133333333333333,-0.0666666666666667,0.),.UNSPECIFIED.);
#40=B_SPLINE_CURVE_WITH_KNOTS('',3,(#2708,#2709,#2710,#2711,#2712,#2713,
#2714,#2715,#2716,#2717,#2718,#2719,#2720),.UNSPECIFIED.,.F.,.F.,(4,3,3,
3,4),(-0.0764629942966758,-0.0600124020376846,-0.034088220471617,-0.0128848864422465,
0.),.UNSPECIFIED.);
#41=B_SPLINE_CURVE_WITH_KNOTS('',3,(#2766,#2767,#2768,#2769,#2770,#2771,
#2772,#2773,#2774,#2775,#2776,#2777,#2778,#2779,#2780,#2781),
 .UNSPECIFIED.,.F.,.F.,(4,3,3,3,3,4),(-0.0518375112787118,-0.0412913305081222,
-0.0264929740806295,-0.0131578306120569,-0.00200992380475726,0.),
 .UNSPECIFIED.);
#42=B_SPLINE_CURVE_WITH_KNOTS('',5,(#2784,#2785,#2786,#2787,#2788,#2789,
#2790,#2791,#2792,#2793,#2794,#2795,#2796,#2797,#2798),.UNSPECIFIED.,.F.,
 .F.,(6,1,1,1,1,1,1,1,1,1,6),(0.,0.0666666666666667,0.133333333333333,0.2,
0.266666666666667,0.333333333333333,0.4,0.466666666666667,0.533333333333333,
0.6,0.667139839461524),.UNSPECIFIED.);
#43=B_SPLINE_CURVE_WITH_KNOTS('',3,(#2827,#2828,#2829,#2830,#2831),
 .UNSPECIFIED.,.F.,.F.,(4,1,4),(0.,0.0239190615613303,0.0418583577323281),
 .UNSPECIFIED.);
#44=B_SPLINE_CURVE_WITH_KNOTS('',3,(#2835,#2836,#2837,#2838,#2839),
 .UNSPECIFIED.,.F.,.F.,(4,1,4),(0.,0.0179392961709977,0.041858357732328),
 .UNSPECIFIED.);
#45=B_SPLINE_CURVE_WITH_KNOTS('',5,(#2851,#2852,#2853,#2854,#2855,#2856,
#2857,#2858,#2859,#2860,#2861,#2862,#2863,#2864,#2865),.UNSPECIFIED.,.F.,
 .F.,(6,1,1,1,1,1,1,1,1,1,6),(0.,0.0666666666666667,0.133333333333333,0.2,
0.266666666666667,0.333333333333333,0.4,0.466666666666667,0.533333333333333,
0.6,0.667139839461524),.UNSPECIFIED.);
#46=B_SPLINE_CURVE_WITH_KNOTS('',3,(#2868,#2869,#2870,#2871,#2872,#2873),
 .UNSPECIFIED.,.F.,.F.,(4,2,4),(0.0551667243229044,0.600650169439731,0.687639831568897),
 .UNSPECIFIED.);
#47=B_SPLINE_CURVE_WITH_KNOTS('',3,(#2880,#2881,#2882,#2883),
 .UNSPECIFIED.,.F.,.F.,(4,4),(-0.0629725770899222,0.),.UNSPECIFIED.);
#48=B_SPLINE_CURVE_WITH_KNOTS('',3,(#2885,#2886,#2887,#2888,#2889,#2890,
#2891,#2892,#2893,#2894,#2895,#2896,#2897,#2898,#2899,#2900),
 .UNSPECIFIED.,.F.,.F.,(4,3,3,3,3,4),(-0.0518375112786602,-0.0412913305076517,
-0.0264929740801634,-0.0131578306115647,-0.00200992380480225,0.),
 .UNSPECIFIED.);
#49=B_SPLINE_CURVE_WITH_KNOTS('',3,(#2929,#2930,#2931,#2932),
 .UNSPECIFIED.,.F.,.F.,(4,4),(-0.0630048202983091,0.),.UNSPECIFIED.);
#50=B_SPLINE_CURVE_WITH_KNOTS('',3,(#2933,#2934,#2935,#2936,#2937,#2938),
 .UNSPECIFIED.,.F.,.F.,(4,2,4),(-0.687639831568897,-0.600650169439731,-0.0551667243229044),
 .UNSPECIFIED.);
#51=B_SPLINE_CURVE_WITH_KNOTS('',3,(#2941,#2942,#2943,#2944,#2945,#2946,
#2947,#2948,#2949,#2950,#2951,#2952,#2953),.UNSPECIFIED.,.F.,.F.,(4,3,3,
3,4),(-0.0764629942965497,-0.0600124020378569,-0.0340882204730961,-0.0128848864415048,
0.),.UNSPECIFIED.);
#52=B_SPLINE_CURVE_WITH_KNOTS('',5,(#2997,#2998,#2999,#3000,#3001,#3002,
#3003,#3004,#3005,#3006,#3007,#3008,#3009,#3010,#3011),.UNSPECIFIED.,.F.,
 .F.,(6,1,1,1,1,1,1,1,1,1,6),(0.,0.0666666666666667,0.133333333333333,0.2,
0.266666666666667,0.333333333333333,0.4,0.466666666666667,0.533333333333333,
0.6,0.667139839461524),.UNSPECIFIED.);
#53=B_SPLINE_SURFACE_WITH_KNOTS('',3,1,((#2189,#2190),(#2191,#2192),(#2193,
#2194),(#2195,#2196),(#2197,#2198)),.UNSPECIFIED.,.F.,.F.,.F.,(4,1,4),(2,
2),(0.,0.571428571428571,1.),(0.,0.096),.UNSPECIFIED.);
#54=B_SPLINE_SURFACE_WITH_KNOTS('',5,1,((#2283,#2284),(#2285,#2286),(#2287,
#2288),(#2289,#2290),(#2291,#2292),(#2293,#2294),(#2295,#2296),(#2297,#2298),
(#2299,#2300),(#2301,#2302),(#2303,#2304),(#2305,#2306),(#2307,#2308),(#2309,
#2310),(#2311,#2312),(#2313,#2314),(#2315,#2316),(#2317,#2318),(#2319,#2320),
(#2321,#2322)),.UNSPECIFIED.,.F.,.F.,.F.,(6,1,1,1,1,1,1,1,1,1,1,1,1,1,1,
6),(2,2),(-1.,-0.933333333333333,-0.866666666666667,-0.8,-0.733333333333333,
-0.666666666666667,-0.6,-0.533333333333333,-0.466666666666667,-0.4,-0.333333333333333,
-0.266666666666667,-0.2,-0.133333333333333,-0.0666666666666667,0.),(0.,
0.096),.UNSPECIFIED.);
#55=B_SPLINE_SURFACE_WITH_KNOTS('',3,1,((#2369,#2370),(#2371,#2372),(#2373,
#2374),(#2375,#2376),(#2377,#2378),(#2379,#2380),(#2381,#2382),(#2383,#2384),
(#2385,#2386),(#2387,#2388)),.UNSPECIFIED.,.F.,.F.,.F.,(4,3,3,4),(2,2),
(-0.0614937769219584,0.,0.600650169439731,0.987805073021646),(0.,0.096),
 .UNSPECIFIED.);
#56=B_SPLINE_SURFACE_WITH_KNOTS('',3,1,((#2398,#2399),(#2400,#2401),(#2402,
#2403),(#2404,#2405),(#2406,#2407)),.UNSPECIFIED.,.F.,.F.,.F.,(4,1,4),(2,
2),(0.,0.571428571428571,1.),(0.,0.096),.UNSPECIFIED.);
#57=B_SPLINE_SURFACE_WITH_KNOTS('',3,1,((#2494,#2495),(#2496,#2497),(#2498,
#2499),(#2500,#2501),(#2502,#2503),(#2504,#2505),(#2506,#2507),(#2508,#2509),
(#2510,#2511),(#2512,#2513)),.UNSPECIFIED.,.F.,.F.,.F.,(4,3,3,4),(2,2),
(-0.987805073021646,-0.600650169439731,0.,0.0614937769219584),(0.,0.096),
 .UNSPECIFIED.);
#58=B_SPLINE_SURFACE_WITH_KNOTS('',5,1,((#2538,#2539),(#2540,#2541),(#2542,
#2543),(#2544,#2545),(#2546,#2547),(#2548,#2549),(#2550,#2551),(#2552,#2553),
(#2554,#2555),(#2556,#2557),(#2558,#2559),(#2560,#2561),(#2562,#2563),(#2564,
#2565),(#2566,#2567),(#2568,#2569),(#2570,#2571),(#2572,#2573),(#2574,#2575),
(#2576,#2577)),.UNSPECIFIED.,.F.,.F.,.F.,(6,1,1,1,1,1,1,1,1,1,1,1,1,1,1,
6),(2,2),(0.,0.0666666666666667,0.133333333333333,0.2,0.266666666666667,
0.333333333333333,0.4,0.466666666666667,0.533333333333333,0.6,0.666666666666667,
0.733333333333333,0.8,0.866666666666667,0.933333333333333,1.),(0.,0.096),
 .UNSPECIFIED.);
#59=B_SPLINE_SURFACE_WITH_KNOTS('',3,1,((#2606,#2607),(#2608,#2609),(#2610,
#2611),(#2612,#2613),(#2614,#2615)),.UNSPECIFIED.,.F.,.F.,.F.,(4,1,4),(2,
2),(0.,0.571428571428571,1.),(0.,0.0959999999999999),.UNSPECIFIED.);
#60=B_SPLINE_SURFACE_WITH_KNOTS('',3,1,((#2632,#2633),(#2634,#2635),(#2636,
#2637),(#2638,#2639),(#2640,#2641),(#2642,#2643),(#2644,#2645),(#2646,#2647),
(#2648,#2649),(#2650,#2651)),.UNSPECIFIED.,.F.,.F.,.F.,(4,3,3,4),(2,2),
(-0.0614937769219584,0.,0.600650169439731,0.987805073021646),(0.,0.0959999999999999),
 .UNSPECIFIED.);
#61=B_SPLINE_SURFACE_WITH_KNOTS('',5,1,((#2726,#2727),(#2728,#2729),(#2730,
#2731),(#2732,#2733),(#2734,#2735),(#2736,#2737),(#2738,#2739),(#2740,#2741),
(#2742,#2743),(#2744,#2745),(#2746,#2747),(#2748,#2749),(#2750,#2751),(#2752,
#2753),(#2754,#2755),(#2756,#2757),(#2758,#2759),(#2760,#2761),(#2762,#2763),
(#2764,#2765)),.UNSPECIFIED.,.F.,.F.,.F.,(6,1,1,1,1,1,1,1,1,1,1,1,1,1,1,
6),(2,2),(-1.,-0.933333333333333,-0.866666666666667,-0.8,-0.733333333333333,
-0.666666666666667,-0.6,-0.533333333333333,-0.466666666666667,-0.4,-0.333333333333333,
-0.266666666666667,-0.2,-0.133333333333333,-0.0666666666666667,0.),(0.,
0.0959999999999999),.UNSPECIFIED.);
#62=B_SPLINE_SURFACE_WITH_KNOTS('',3,1,((#2815,#2816),(#2817,#2818),(#2819,
#2820),(#2821,#2822),(#2823,#2824)),.UNSPECIFIED.,.F.,.F.,.F.,(4,1,4),(2,
2),(0.,0.571428571428571,1.),(0.,0.0959999999999999),.UNSPECIFIED.);
#63=B_SPLINE_SURFACE_WITH_KNOTS('',3,1,((#2908,#2909),(#2910,#2911),(#2912,
#2913),(#2914,#2915),(#2916,#2917),(#2918,#2919),(#2920,#2921),(#2922,#2923),
(#2924,#2925),(#2926,#2927)),.UNSPECIFIED.,.F.,.F.,.F.,(4,3,3,4),(2,2),
(-0.987805073021646,-0.600650169439731,0.,0.0614937769219584),(0.,0.0959999999999999),
 .UNSPECIFIED.);
#64=B_SPLINE_SURFACE_WITH_KNOTS('',5,1,((#2955,#2956),(#2957,#2958),(#2959,
#2960),(#2961,#2962),(#2963,#2964),(#2965,#2966),(#2967,#2968),(#2969,#2970),
(#2971,#2972),(#2973,#2974),(#2975,#2976),(#2977,#2978),(#2979,#2980),(#2981,
#2982),(#2983,#2984),(#2985,#2986),(#2987,#2988),(#2989,#2990),(#2991,#2992),
(#2993,#2994)),.UNSPECIFIED.,.F.,.F.,.F.,(6,1,1,1,1,1,1,1,1,1,1,1,1,1,1,
6),(2,2),(0.,0.0666666666666667,0.133333333333333,0.2,0.266666666666667,
0.333333333333333,0.4,0.466666666666667,0.533333333333333,0.6,0.666666666666667,
0.733333333333333,0.8,0.866666666666667,0.933333333333333,1.),(0.,0.0959999999999999),
 .UNSPECIFIED.);
#65=(
BOUNDED_SURFACE()
B_SPLINE_SURFACE(2,2,((#2029,#2030,#2031,#2032,#2033,#2034,#2035,#2036,
#2037),(#2038,#2039,#2040,#2041,#2042,#2043,#2044,#2045,#2046),(#2047,#2048,
#2049,#2050,#2051,#2052,#2053,#2054,#2055)),.UNSPECIFIED.,.F.,.T.,.F.)
B_SPLINE_SURFACE_WITH_KNOTS((3,3),(3,2,2,2,3),(0.,1.5707963267949),(-3.14159265358979,
-1.5707963267949,0.,1.5707963267949,3.14159265358979),.UNSPECIFIED.)
GEOMETRIC_REPRESENTATION_ITEM()
RATIONAL_B_SPLINE_SURFACE(((1.,0.707106781186548,1.,0.707106781186548,1.,
0.707106781186548,1.,0.707106781186548,1.),(0.707106781186547,0.5,0.707106781186547,
0.5,0.707106781186547,0.5,0.707106781186547,0.5,0.707106781186547),(1.,
0.707106781186548,1.,0.707106781186548,1.,0.707106781186548,1.,0.707106781186548,
1.)))
REPRESENTATION_ITEM('')
SURFACE()
);
#66=(
BOUNDED_SURFACE()
B_SPLINE_SURFACE(2,2,((#2069,#2070,#2071,#2072,#2073,#2074,#2075,#2076,
#2077),(#2078,#2079,#2080,#2081,#2082,#2083,#2084,#2085,#2086),(#2087,#2088,
#2089,#2090,#2091,#2092,#2093,#2094,#2095)),.UNSPECIFIED.,.F.,.T.,.F.)
B_SPLINE_SURFACE_WITH_KNOTS((3,3),(3,2,2,2,3),(-1.08613738671095E-15,1.57079632679489),
(-3.14159265358979,-1.5707963267949,0.,1.5707963267949,3.14159265358979),
 .UNSPECIFIED.)
GEOMETRIC_REPRESENTATION_ITEM()
RATIONAL_B_SPLINE_SURFACE(((1.,0.707106781186548,1.,0.707106781186548,1.,
0.707106781186548,1.,0.707106781186548,1.),(0.707106781186542,0.499999999999996,
0.707106781186542,0.499999999999996,0.707106781186542,0.499999999999996,
0.707106781186542,0.499999999999996,0.707106781186542),(1.,0.707106781186548,
1.,0.707106781186548,1.,0.707106781186548,1.,0.707106781186548,1.)))
REPRESENTATION_ITEM('')
SURFACE()
);
#67=(
BOUNDED_SURFACE()
B_SPLINE_SURFACE(2,2,((#2109,#2110,#2111,#2112,#2113,#2114,#2115,#2116,
#2117),(#2118,#2119,#2120,#2121,#2122,#2123,#2124,#2125,#2126),(#2127,#2128,
#2129,#2130,#2131,#2132,#2133,#2134,#2135)),.UNSPECIFIED.,.F.,.T.,.F.)
B_SPLINE_SURFACE_WITH_KNOTS((3,3),(3,2,2,2,3),(-1.18797401178287E-14,1.5707963267949),
(-3.14159265358979,-1.5707963267949,0.,1.5707963267949,3.14159265358979),
 .UNSPECIFIED.)
GEOMETRIC_REPRESENTATION_ITEM()
RATIONAL_B_SPLINE_SURFACE(((1.,0.707106781186548,1.,0.707106781186548,1.,
0.707106781186548,1.,0.707106781186548,1.),(0.707106781186542,0.499999999999996,
0.707106781186542,0.499999999999996,0.707106781186542,0.499999999999996,
0.707106781186542,0.499999999999996,0.707106781186542),(1.,0.707106781186548,
1.,0.707106781186548,1.,0.707106781186548,1.,0.707106781186548,1.)))
REPRESENTATION_ITEM('')
SURFACE()
);
#68=(
BOUNDED_SURFACE()
B_SPLINE_SURFACE(2,2,((#2149,#2150,#2151,#2152,#2153,#2154,#2155,#2156,
#2157),(#2158,#2159,#2160,#2161,#2162,#2163,#2164,#2165,#2166),(#2167,#2168,
#2169,#2170,#2171,#2172,#2173,#2174,#2175)),.UNSPECIFIED.,.F.,.T.,.F.)
B_SPLINE_SURFACE_WITH_KNOTS((3,3),(3,2,2,2,3),(-1.08613738671095E-15,1.57079632679489),
(-3.14159265358979,-1.5707963267949,0.,1.5707963267949,3.14159265358979),
 .UNSPECIFIED.)
GEOMETRIC_REPRESENTATION_ITEM()
RATIONAL_B_SPLINE_SURFACE(((1.,0.707106781186548,1.,0.707106781186548,1.,
0.707106781186548,1.,0.707106781186548,1.),(0.707106781186547,0.5,0.707106781186547,
0.5,0.707106781186547,0.5,0.707106781186547,0.5,0.707106781186547),(1.,
0.707106781186548,1.,0.707106781186548,1.,0.707106781186548,1.,0.707106781186548,
1.)))
REPRESENTATION_ITEM('')
SURFACE()
);
#69=STYLED_ITEM('',(#3043),#79);
#70=STYLED_ITEM('',(#3044),#80);
#71=STYLED_ITEM('',(#3043),#81);
#72=STYLED_ITEM('',(#3043),#82);
#73=STYLED_ITEM('',(#3043),#83);
#74=STYLED_ITEM('',(#3043),#84);
#75=STYLED_ITEM('',(#3044),#85);
#76=STYLED_ITEM('',(#3044),#86);
#77=STYLED_ITEM('',(#3044),#87);
#78=STYLED_ITEM('',(#3044),#88);
#79=MANIFOLD_SOLID_BREP('Body1',#1435);
#80=MANIFOLD_SOLID_BREP('Body2',#1436);
#81=MANIFOLD_SOLID_BREP('Body3',#1437);
#82=MANIFOLD_SOLID_BREP('Body4',#1438);
#83=MANIFOLD_SOLID_BREP('Body5',#1439);
#84=MANIFOLD_SOLID_BREP('Body6',#1440);
#85=MANIFOLD_SOLID_BREP('Body7',#1441);
#86=MANIFOLD_SOLID_BREP('Body8',#1442);
#87=MANIFOLD_SOLID_BREP('Body9',#1443);
#88=MANIFOLD_SOLID_BREP('Body10',#1444);
#89=FACE_BOUND('',#441,.T.);
#90=FACE_BOUND('',#445,.T.);
#91=FACE_BOUND('',#449,.T.);
#92=FACE_BOUND('',#458,.T.);
#93=LINE('',#1923,#211);
#94=LINE('',#1926,#212);
#95=LINE('',#1929,#213);
#96=LINE('',#1931,#214);
#97=LINE('',#1932,#215);
#98=LINE('',#1935,#216);
#99=LINE('',#1939,#217);
#100=LINE('',#1942,#218);
#101=LINE('',#1947,#219);
#102=LINE('',#1948,#220);
#103=LINE('',#1951,#221);
#104=LINE('',#1952,#222);
#105=LINE('',#1956,#223);
#106=LINE('',#1959,#224);
#107=LINE('',#1965,#225);
#108=LINE('',#1969,#226);
#109=LINE('',#1971,#227);
#110=LINE('',#1978,#228);
#111=LINE('',#1981,#229);
#112=LINE('',#1984,#230);
#113=LINE('',#1986,#231);
#114=LINE('',#1987,#232);
#115=LINE('',#1990,#233);
#116=LINE('',#1994,#234);
#117=LINE('',#1998,#235);
#118=LINE('',#2005,#236);
#119=LINE('',#2008,#237);
#120=LINE('',#2009,#238);
#121=LINE('',#2013,#239);
#122=LINE('',#2016,#240);
#123=LINE('',#2017,#241);
#124=LINE('',#2021,#242);
#125=LINE('',#2025,#243);
#126=LINE('',#2027,#244);
#127=LINE('',#2065,#245);
#128=LINE('',#2105,#246);
#129=LINE('',#2145,#247);
#130=LINE('',#2185,#248);
#131=LINE('',#2207,#249);
#132=LINE('',#2214,#250);
#133=LINE('',#2217,#251);
#134=LINE('',#2219,#252);
#135=LINE('',#2220,#253);
#136=LINE('',#2230,#254);
#137=LINE('',#2249,#255);
#138=LINE('',#2251,#256);
#139=LINE('',#2252,#257);
#140=LINE('',#2261,#258);
#141=LINE('',#2276,#259);
#142=LINE('',#2279,#260);
#143=LINE('',#2281,#261);
#144=LINE('',#2282,#262);
#145=LINE('',#2339,#263);
#146=LINE('',#2364,#264);
#147=LINE('',#2365,#265);
#148=LINE('',#2366,#266);
#149=LINE('',#2368,#267);
#150=LINE('',#2396,#268);
#151=LINE('',#2416,#269);
#152=LINE('',#2423,#270);
#153=LINE('',#2426,#271);
#154=LINE('',#2428,#272);
#155=LINE('',#2430,#273);
#156=LINE('',#2432,#274);
#157=LINE('',#2450,#275);
#158=LINE('',#2459,#276);
#159=LINE('',#2460,#277);
#160=LINE('',#2469,#278);
#161=LINE('',#2487,#279);
#162=LINE('',#2490,#280);
#163=LINE('',#2492,#281);
#164=LINE('',#2493,#282);
#165=LINE('',#2579,#283);
#166=LINE('',#2597,#284);
#167=LINE('',#2598,#285);
#168=LINE('',#2601,#286);
#169=LINE('',#2602,#287);
#170=LINE('',#2604,#288);
#171=LINE('',#2624,#289);
#172=LINE('',#2631,#290);
#173=LINE('',#2665,#291);
#174=LINE('',#2679,#292);
#175=LINE('',#2681,#293);
#176=LINE('',#2683,#294);
#177=LINE('',#2685,#295);
#178=LINE('',#2703,#296);
#179=LINE('',#2706,#297);
#180=LINE('',#2721,#298);
#181=LINE('',#2724,#299);
#182=LINE('',#2725,#300);
#183=LINE('',#2783,#301);
#184=LINE('',#2803,#302);
#185=LINE('',#2804,#303);
#186=LINE('',#2805,#304);
#187=LINE('',#2807,#305);
#188=LINE('',#2810,#306);
#189=LINE('',#2811,#307);
#190=LINE('',#2813,#308);
#191=LINE('',#2833,#309);
#192=LINE('',#2840,#310);
#193=LINE('',#2843,#311);
#194=LINE('',#2845,#312);
#195=LINE('',#2847,#313);
#196=LINE('',#2849,#314);
#197=LINE('',#2867,#315);
#198=LINE('',#2876,#316);
#199=LINE('',#2877,#317);
#200=LINE('',#2901,#318);
#201=LINE('',#2904,#319);
#202=LINE('',#2906,#320);
#203=LINE('',#2907,#321);
#204=LINE('',#2954,#322);
#205=LINE('',#2996,#323);
#206=LINE('',#3014,#324);
#207=LINE('',#3015,#325);
#208=LINE('',#3018,#326);
#209=LINE('',#3019,#327);
#210=LINE('',#3021,#328);
#211=VECTOR('',#1580,10.);
#212=VECTOR('',#1583,10.);
#213=VECTOR('',#1586,10.);
#214=VECTOR('',#1587,10.);
#215=VECTOR('',#1588,10.);
#216=VECTOR('',#1591,10.);
#217=VECTOR('',#1594,10.);
#218=VECTOR('',#1597,10.);
#219=VECTOR('',#1602,10.);
#220=VECTOR('',#1603,10.);
#221=VECTOR('',#1606,10.);
#222=VECTOR('',#1607,10.);
#223=VECTOR('',#1612,10.);
#224=VECTOR('',#1615,1.65);
#225=VECTOR('',#1622,1.75);
#226=VECTOR('',#1629,10.);
#227=VECTOR('',#1632,10.);
#228=VECTOR('',#1639,10.);
#229=VECTOR('',#1642,10.);
#230=VECTOR('',#1645,10.);
#231=VECTOR('',#1646,10.);
#232=VECTOR('',#1647,10.);
#233=VECTOR('',#1650,10.);
#234=VECTOR('',#1653,10.);
#235=VECTOR('',#1656,10.);
#236=VECTOR('',#1665,10.);
#237=VECTOR('',#1668,10.);
#238=VECTOR('',#1669,10.);
#239=VECTOR('',#1674,10.);
#240=VECTOR('',#1677,10.);
#241=VECTOR('',#1678,10.);
#242=VECTOR('',#1683,10.);
#243=VECTOR('',#1688,1.75);
#244=VECTOR('',#1691,10.);
#245=VECTOR('',#1704,0.5);
#246=VECTOR('',#1721,0.5);
#247=VECTOR('',#1738,0.5);
#248=VECTOR('',#1755,0.5);
#249=VECTOR('',#1762,10.);
#250=VECTOR('',#1763,10.);
#251=VECTOR('',#1766,10.);
#252=VECTOR('',#1767,10.);
#253=VECTOR('',#1768,10.);
#254=VECTOR('',#1771,10.);
#255=VECTOR('',#1772,10.);
#256=VECTOR('',#1773,10.);
#257=VECTOR('',#1774,10.);
#258=VECTOR('',#1777,10.);
#259=VECTOR('',#1778,10.);
#260=VECTOR('',#1781,10.);
#261=VECTOR('',#1782,10.);
#262=VECTOR('',#1783,10.);
#263=VECTOR('',#1784,10.);
#264=VECTOR('',#1789,10.);
#265=VECTOR('',#1790,10.);
#266=VECTOR('',#1791,10.);
#267=VECTOR('',#1794,10.);
#268=VECTOR('',#1797,10.);
#269=VECTOR('',#1800,10.);
#270=VECTOR('',#1801,10.);
#271=VECTOR('',#1804,10.);
#272=VECTOR('',#1805,10.);
#273=VECTOR('',#1806,10.);
#274=VECTOR('',#1807,10.);
#275=VECTOR('',#1808,10.);
#276=VECTOR('',#1811,10.);
#277=VECTOR('',#1812,10.);
#278=VECTOR('',#1815,10.);
#279=VECTOR('',#1816,10.);
#280=VECTOR('',#1819,10.);
#281=VECTOR('',#1820,10.);
#282=VECTOR('',#1821,10.);
#283=VECTOR('',#1824,10.);
#284=VECTOR('',#1827,10.);
#285=VECTOR('',#1828,10.);
#286=VECTOR('',#1831,10.);
#287=VECTOR('',#1832,10.);
#288=VECTOR('',#1835,10.);
#289=VECTOR('',#1838,10.);
#290=VECTOR('',#1839,10.);
#291=VECTOR('',#1840,10.);
#292=VECTOR('',#1843,10.);
#293=VECTOR('',#1844,10.);
#294=VECTOR('',#1845,10.);
#295=VECTOR('',#1846,10.);
#296=VECTOR('',#1847,10.);
#297=VECTOR('',#1850,10.);
#298=VECTOR('',#1851,10.);
#299=VECTOR('',#1854,10.);
#300=VECTOR('',#1855,10.);
#301=VECTOR('',#1856,10.);
#302=VECTOR('',#1861,10.);
#303=VECTOR('',#1862,10.);
#304=VECTOR('',#1863,10.);
#305=VECTOR('',#1866,10.);
#306=VECTOR('',#1869,10.);
#307=VECTOR('',#1870,10.);
#308=VECTOR('',#1873,10.);
#309=VECTOR('',#1876,10.);
#310=VECTOR('',#1877,10.);
#311=VECTOR('',#1880,10.);
#312=VECTOR('',#1881,10.);
#313=VECTOR('',#1882,10.);
#314=VECTOR('',#1883,10.);
#315=VECTOR('',#1884,10.);
#316=VECTOR('',#1887,10.);
#317=VECTOR('',#1888,10.);
#318=VECTOR('',#1891,10.);
#319=VECTOR('',#1894,10.);
#320=VECTOR('',#1895,10.);
#321=VECTOR('',#1896,10.);
#322=VECTOR('',#1899,10.);
#323=VECTOR('',#1900,10.);
#324=VECTOR('',#1903,10.);
#325=VECTOR('',#1904,10.);
#326=VECTOR('',#1907,10.);
#327=VECTOR('',#1908,10.);
#328=VECTOR('',#1911,10.);
#329=CYLINDRICAL_SURFACE('',#1460,0.2);
#330=CYLINDRICAL_SURFACE('',#1467,0.2);
#331=CYLINDRICAL_SURFACE('',#1470,0.2);
#332=CYLINDRICAL_SURFACE('',#1472,1.65);
#333=CYLINDRICAL_SURFACE('',#1474,1.75);
#334=CYLINDRICAL_SURFACE('',#1481,0.2);
#335=CYLINDRICAL_SURFACE('',#1490,0.2);
#336=CYLINDRICAL_SURFACE('',#1493,0.2);
#337=CYLINDRICAL_SURFACE('',#1496,0.2);
#338=CYLINDRICAL_SURFACE('',#1498,1.75);
#339=CYLINDRICAL_SURFACE('',#1506,0.5);
#340=CYLINDRICAL_SURFACE('',#1514,0.5);
#341=CYLINDRICAL_SURFACE('',#1522,0.5);
#342=CYLINDRICAL_SURFACE('',#1530,0.5);
#343=FACE_OUTER_BOUND('',#431,.T.);
#344=FACE_OUTER_BOUND('',#432,.T.);
#345=FACE_OUTER_BOUND('',#433,.T.);
#346=FACE_OUTER_BOUND('',#434,.T.);
#347=FACE_OUTER_BOUND('',#435,.T.);
#348=FACE_OUTER_BOUND('',#436,.T.);
#349=FACE_OUTER_BOUND('',#437,.T.);
#350=FACE_OUTER_BOUND('',#438,.T.);
#351=FACE_OUTER_BOUND('',#439,.T.);
#352=FACE_OUTER_BOUND('',#440,.T.);
#353=FACE_OUTER_BOUND('',#442,.T.);
#354=FACE_OUTER_BOUND('',#443,.T.);
#355=FACE_OUTER_BOUND('',#444,.T.);
#356=FACE_OUTER_BOUND('',#446,.T.);
#357=FACE_OUTER_BOUND('',#447,.T.);
#358=FACE_OUTER_BOUND('',#448,.T.);
#359=FACE_OUTER_BOUND('',#450,.T.);
#360=FACE_OUTER_BOUND('',#451,.T.);
#361=FACE_OUTER_BOUND('',#452,.T.);
#362=FACE_OUTER_BOUND('',#453,.T.);
#363=FACE_OUTER_BOUND('',#454,.T.);
#364=FACE_OUTER_BOUND('',#455,.T.);
#365=FACE_OUTER_BOUND('',#456,.T.);
#366=FACE_OUTER_BOUND('',#457,.T.);
#367=FACE_OUTER_BOUND('',#459,.T.);
#368=FACE_OUTER_BOUND('',#460,.T.);
#369=FACE_OUTER_BOUND('',#461,.T.);
#370=FACE_OUTER_BOUND('',#462,.T.);
#371=FACE_OUTER_BOUND('',#463,.T.);
#372=FACE_OUTER_BOUND('',#464,.T.);
#373=FACE_OUTER_BOUND('',#465,.T.);
#374=FACE_OUTER_BOUND('',#466,.T.);
#375=FACE_OUTER_BOUND('',#467,.T.);
#376=FACE_OUTER_BOUND('',#468,.T.);
#377=FACE_OUTER_BOUND('',#469,.T.);
#378=FACE_OUTER_BOUND('',#470,.T.);
#379=FACE_OUTER_BOUND('',#471,.T.);
#380=FACE_OUTER_BOUND('',#472,.T.);
#381=FACE_OUTER_BOUND('',#473,.T.);
#382=FACE_OUTER_BOUND('',#474,.T.);
#383=FACE_OUTER_BOUND('',#475,.T.);
#384=FACE_OUTER_BOUND('',#476,.T.);
#385=FACE_OUTER_BOUND('',#477,.T.);
#386=FACE_OUTER_BOUND('',#478,.T.);
#387=FACE_OUTER_BOUND('',#479,.T.);
#388=FACE_OUTER_BOUND('',#480,.T.);
#389=FACE_OUTER_BOUND('',#481,.T.);
#390=FACE_OUTER_BOUND('',#482,.T.);
#391=FACE_OUTER_BOUND('',#483,.T.);
#392=FACE_OUTER_BOUND('',#484,.T.);
#393=FACE_OUTER_BOUND('',#485,.T.);
#394=FACE_OUTER_BOUND('',#486,.T.);
#395=FACE_OUTER_BOUND('',#487,.T.);
#396=FACE_OUTER_BOUND('',#488,.T.);
#397=FACE_OUTER_BOUND('',#489,.T.);
#398=FACE_OUTER_BOUND('',#490,.T.);
#399=FACE_OUTER_BOUND('',#491,.T.);
#400=FACE_OUTER_BOUND('',#492,.T.);
#401=FACE_OUTER_BOUND('',#493,.T.);
#402=FACE_OUTER_BOUND('',#494,.T.);
#403=FACE_OUTER_BOUND('',#495,.T.);
#404=FACE_OUTER_BOUND('',#496,.T.);
#405=FACE_OUTER_BOUND('',#497,.T.);
#406=FACE_OUTER_BOUND('',#498,.T.);
#407=FACE_OUTER_BOUND('',#499,.T.);
#408=FACE_OUTER_BOUND('',#500,.T.);
#409=FACE_OUTER_BOUND('',#501,.T.);
#410=FACE_OUTER_BOUND('',#502,.T.);
#411=FACE_OUTER_BOUND('',#503,.T.);
#412=FACE_OUTER_BOUND('',#504,.T.);
#413=FACE_OUTER_BOUND('',#505,.T.);
#414=FACE_OUTER_BOUND('',#506,.T.);
#415=FACE_OUTER_BOUND('',#507,.T.);
#416=FACE_OUTER_BOUND('',#508,.T.);
#417=FACE_OUTER_BOUND('',#509,.T.);
#418=FACE_OUTER_BOUND('',#510,.T.);
#419=FACE_OUTER_BOUND('',#511,.T.);
#420=FACE_OUTER_BOUND('',#512,.T.);
#421=FACE_OUTER_BOUND('',#513,.T.);
#422=FACE_OUTER_BOUND('',#514,.T.);
#423=FACE_OUTER_BOUND('',#515,.T.);
#424=FACE_OUTER_BOUND('',#516,.T.);
#425=FACE_OUTER_BOUND('',#517,.T.);
#426=FACE_OUTER_BOUND('',#518,.T.);
#427=FACE_OUTER_BOUND('',#519,.T.);
#428=FACE_OUTER_BOUND('',#520,.T.);
#429=FACE_OUTER_BOUND('',#521,.T.);
#430=FACE_OUTER_BOUND('',#522,.T.);
#431=EDGE_LOOP('',(#893));
#432=EDGE_LOOP('',(#894,#895,#896,#897));
#433=EDGE_LOOP('',(#898,#899,#900,#901));
#434=EDGE_LOOP('',(#902,#903,#904,#905,#906,#907,#908));
#435=EDGE_LOOP('',(#909,#910,#911,#912));
#436=EDGE_LOOP('',(#913,#914,#915,#916));
#437=EDGE_LOOP('',(#917,#918,#919,#920));
#438=EDGE_LOOP('',(#921,#922,#923,#924));
#439=EDGE_LOOP('',(#925,#926,#927,#928));
#440=EDGE_LOOP('',(#929));
#441=EDGE_LOOP('',(#930));
#442=EDGE_LOOP('',(#931,#932,#933,#934));
#443=EDGE_LOOP('',(#935,#936,#937,#938));
#444=EDGE_LOOP('',(#939,#940,#941,#942,#943,#944,#945));
#445=EDGE_LOOP('',(#946));
#446=EDGE_LOOP('',(#947,#948,#949,#950));
#447=EDGE_LOOP('',(#951,#952,#953,#954));
#448=EDGE_LOOP('',(#955,#956,#957,#958,#959,#960,#961,#962));
#449=EDGE_LOOP('',(#963));
#450=EDGE_LOOP('',(#964,#965,#966,#967));
#451=EDGE_LOOP('',(#968,#969,#970,#971));
#452=EDGE_LOOP('',(#972,#973,#974,#975));
#453=EDGE_LOOP('',(#976,#977,#978,#979));
#454=EDGE_LOOP('',(#980,#981,#982,#983));
#455=EDGE_LOOP('',(#984,#985,#986,#987));
#456=EDGE_LOOP('',(#988,#989,#990,#991));
#457=EDGE_LOOP('',(#992,#993,#994,#995,#996,#997,#998,#999));
#458=EDGE_LOOP('',(#1000));
#459=EDGE_LOOP('',(#1001,#1002,#1003,#1004,#1005));
#460=EDGE_LOOP('',(#1006,#1007,#1008,#1009,#1010));
#461=EDGE_LOOP('',(#1011));
#462=EDGE_LOOP('',(#1012));
#463=EDGE_LOOP('',(#1013,#1014,#1015,#1016,#1017));
#464=EDGE_LOOP('',(#1018,#1019,#1020,#1021,#1022));
#465=EDGE_LOOP('',(#1023));
#466=EDGE_LOOP('',(#1024));
#467=EDGE_LOOP('',(#1025,#1026,#1027,#1028,#1029));
#468=EDGE_LOOP('',(#1030,#1031,#1032,#1033,#1034));
#469=EDGE_LOOP('',(#1035));
#470=EDGE_LOOP('',(#1036));
#471=EDGE_LOOP('',(#1037,#1038,#1039,#1040,#1041));
#472=EDGE_LOOP('',(#1042,#1043,#1044,#1045,#1046));
#473=EDGE_LOOP('',(#1047));
#474=EDGE_LOOP('',(#1048));
#475=EDGE_LOOP('',(#1049,#1050,#1051,#1052));
#476=EDGE_LOOP('',(#1053,#1054,#1055,#1056));
#477=EDGE_LOOP('',(#1057,#1058,#1059,#1060,#1061,#1062,#1063,#1064));
#478=EDGE_LOOP('',(#1065,#1066,#1067,#1068));
#479=EDGE_LOOP('',(#1069,#1070,#1071,#1072));
#480=EDGE_LOOP('',(#1073,#1074,#1075,#1076,#1077,#1078));
#481=EDGE_LOOP('',(#1079,#1080,#1081,#1082));
#482=EDGE_LOOP('',(#1083,#1084,#1085,#1086));
#483=EDGE_LOOP('',(#1087,#1088,#1089,#1090));
#484=EDGE_LOOP('',(#1091,#1092,#1093,#1094,#1095,#1096));
#485=EDGE_LOOP('',(#1097,#1098,#1099,#1100));
#486=EDGE_LOOP('',(#1101,#1102,#1103,#1104,#1105,#1106,#1107,#1108));
#487=EDGE_LOOP('',(#1109,#1110,#1111,#1112));
#488=EDGE_LOOP('',(#1113,#1114,#1115,#1116,#1117,#1118,#1119,#1120));
#489=EDGE_LOOP('',(#1121,#1122,#1123,#1124));
#490=EDGE_LOOP('',(#1125,#1126,#1127,#1128));
#491=EDGE_LOOP('',(#1129,#1130,#1131,#1132));
#492=EDGE_LOOP('',(#1133,#1134,#1135,#1136,#1137,#1138));
#493=EDGE_LOOP('',(#1139,#1140,#1141,#1142));
#494=EDGE_LOOP('',(#1143,#1144,#1145,#1146,#1147,#1148));
#495=EDGE_LOOP('',(#1149,#1150,#1151,#1152));
#496=EDGE_LOOP('',(#1153,#1154,#1155,#1156));
#497=EDGE_LOOP('',(#1157,#1158,#1159,#1160));
#498=EDGE_LOOP('',(#1161,#1162,#1163,#1164,#1165,#1166,#1167,#1168));
#499=EDGE_LOOP('',(#1169,#1170,#1171,#1172));
#500=EDGE_LOOP('',(#1173,#1174,#1175,#1176,#1177,#1178));
#501=EDGE_LOOP('',(#1179,#1180,#1181,#1182,#1183,#1184,#1185,#1186));
#502=EDGE_LOOP('',(#1187,#1188,#1189,#1190));
#503=EDGE_LOOP('',(#1191,#1192,#1193,#1194));
#504=EDGE_LOOP('',(#1195,#1196,#1197,#1198,#1199,#1200));
#505=EDGE_LOOP('',(#1201,#1202,#1203,#1204));
#506=EDGE_LOOP('',(#1205,#1206,#1207,#1208));
#507=EDGE_LOOP('',(#1209,#1210,#1211,#1212));
#508=EDGE_LOOP('',(#1213,#1214,#1215,#1216));
#509=EDGE_LOOP('',(#1217,#1218,#1219,#1220));
#510=EDGE_LOOP('',(#1221,#1222,#1223,#1224,#1225,#1226,#1227,#1228));
#511=EDGE_LOOP('',(#1229,#1230,#1231,#1232));
#512=EDGE_LOOP('',(#1233,#1234,#1235,#1236,#1237,#1238,#1239,#1240));
#513=EDGE_LOOP('',(#1241,#1242,#1243,#1244));
#514=EDGE_LOOP('',(#1245,#1246,#1247,#1248));
#515=EDGE_LOOP('',(#1249,#1250,#1251,#1252));
#516=EDGE_LOOP('',(#1253,#1254,#1255,#1256,#1257,#1258));
#517=EDGE_LOOP('',(#1259,#1260,#1261,#1262));
#518=EDGE_LOOP('',(#1263,#1264,#1265,#1266,#1267,#1268));
#519=EDGE_LOOP('',(#1269,#1270,#1271,#1272));
#520=EDGE_LOOP('',(#1273,#1274,#1275,#1276));
#521=EDGE_LOOP('',(#1277,#1278,#1279,#1280));
#522=EDGE_LOOP('',(#1281,#1282,#1283,#1284,#1285,#1286,#1287,#1288));
#523=CIRCLE('',#1459,1.65);
#524=CIRCLE('',#1461,0.2);
#525=CIRCLE('',#1462,0.2);
#526=CIRCLE('',#1465,0.2);
#527=CIRCLE('',#1466,0.2);
#528=CIRCLE('',#1468,0.2);
#529=CIRCLE('',#1471,0.2);
#530=CIRCLE('',#1473,1.65);
#531=CIRCLE('',#1475,1.75);
#532=CIRCLE('',#1476,1.75);
#533=CIRCLE('',#1482,0.2);
#534=CIRCLE('',#1483,0.2);
#535=CIRCLE('',#1486,0.2);
#536=CIRCLE('',#1487,0.2);
#537=CIRCLE('',#1488,0.2);
#538=CIRCLE('',#1489,1.75);
#539=CIRCLE('',#1491,0.2);
#540=CIRCLE('',#1494,0.2);
#541=CIRCLE('',#1497,0.2);
#542=CIRCLE('',#1499,1.75);
#543=CIRCLE('',#1502,0.5);
#544=CIRCLE('',#1503,0.300000000000002);
#545=CIRCLE('',#1504,0.2);
#546=CIRCLE('',#1505,0.5);
#547=CIRCLE('',#1507,0.5);
#548=CIRCLE('',#1510,0.5);
#549=CIRCLE('',#1511,0.300000000000003);
#550=CIRCLE('',#1512,0.2);
#551=CIRCLE('',#1513,0.5);
#552=CIRCLE('',#1515,0.5);
#553=CIRCLE('',#1518,0.5);
#554=CIRCLE('',#1519,0.300000000000002);
#555=CIRCLE('',#1520,0.2);
#556=CIRCLE('',#1521,0.5);
#557=CIRCLE('',#1523,0.5);
#558=CIRCLE('',#1526,0.5);
#559=CIRCLE('',#1527,0.300000000000002);
#560=CIRCLE('',#1528,0.2);
#561=CIRCLE('',#1529,0.5);
#562=CIRCLE('',#1531,0.5);
#563=VERTEX_POINT('',#1916);
#564=VERTEX_POINT('',#1919);
#565=VERTEX_POINT('',#1920);
#566=VERTEX_POINT('',#1922);
#567=VERTEX_POINT('',#1924);
#568=VERTEX_POINT('',#1928);
#569=VERTEX_POINT('',#1930);
#570=VERTEX_POINT('',#1934);
#571=VERTEX_POINT('',#1936);
#572=VERTEX_POINT('',#1938);
#573=VERTEX_POINT('',#1940);
#574=VERTEX_POINT('',#1944);
#575=VERTEX_POINT('',#1945);
#576=VERTEX_POINT('',#1950);
#577=VERTEX_POINT('',#1954);
#578=VERTEX_POINT('',#1958);
#579=VERTEX_POINT('',#1962);
#580=VERTEX_POINT('',#1964);
#581=VERTEX_POINT('',#1974);
#582=VERTEX_POINT('',#1975);
#583=VERTEX_POINT('',#1977);
#584=VERTEX_POINT('',#1979);
#585=VERTEX_POINT('',#1983);
#586=VERTEX_POINT('',#1985);
#587=VERTEX_POINT('',#1989);
#588=VERTEX_POINT('',#1991);
#589=VERTEX_POINT('',#1993);
#590=VERTEX_POINT('',#1995);
#591=VERTEX_POINT('',#1997);
#592=VERTEX_POINT('',#2000);
#593=VERTEX_POINT('',#2003);
#594=VERTEX_POINT('',#2007);
#595=VERTEX_POINT('',#2011);
#596=VERTEX_POINT('',#2015);
#597=VERTEX_POINT('',#2019);
#598=VERTEX_POINT('',#2023);
#599=VERTEX_POINT('',#2056);
#600=VERTEX_POINT('',#2057);
#601=VERTEX_POINT('',#2059);
#602=VERTEX_POINT('',#2064);
#603=VERTEX_POINT('',#2096);
#604=VERTEX_POINT('',#2097);
#605=VERTEX_POINT('',#2099);
#606=VERTEX_POINT('',#2104);
#607=VERTEX_POINT('',#2136);
#608=VERTEX_POINT('',#2137);
#609=VERTEX_POINT('',#2139);
#610=VERTEX_POINT('',#2144);
#611=VERTEX_POINT('',#2176);
#612=VERTEX_POINT('',#2177);
#613=VERTEX_POINT('',#2179);
#614=VERTEX_POINT('',#2184);
#615=VERTEX_POINT('',#2199);
#616=VERTEX_POINT('',#2200);
#617=VERTEX_POINT('',#2206);
#618=VERTEX_POINT('',#2208);
#619=VERTEX_POINT('',#2216);
#620=VERTEX_POINT('',#2218);
#621=VERTEX_POINT('',#2222);
#622=VERTEX_POINT('',#2229);
#623=VERTEX_POINT('',#2231);
#624=VERTEX_POINT('',#2248);
#625=VERTEX_POINT('',#2250);
#626=VERTEX_POINT('',#2254);
#627=VERTEX_POINT('',#2255);
#628=VERTEX_POINT('',#2260);
#629=VERTEX_POINT('',#2262);
#630=VERTEX_POINT('',#2278);
#631=VERTEX_POINT('',#2280);
#632=VERTEX_POINT('',#2323);
#633=VERTEX_POINT('',#2362);
#634=VERTEX_POINT('',#2363);
#635=VERTEX_POINT('',#2408);
#636=VERTEX_POINT('',#2409);
#637=VERTEX_POINT('',#2415);
#638=VERTEX_POINT('',#2417);
#639=VERTEX_POINT('',#2425);
#640=VERTEX_POINT('',#2427);
#641=VERTEX_POINT('',#2429);
#642=VERTEX_POINT('',#2431);
#643=VERTEX_POINT('',#2433);
#644=VERTEX_POINT('',#2449);
#645=VERTEX_POINT('',#2458);
#646=VERTEX_POINT('',#2462);
#647=VERTEX_POINT('',#2463);
#648=VERTEX_POINT('',#2468);
#649=VERTEX_POINT('',#2470);
#650=VERTEX_POINT('',#2489);
#651=VERTEX_POINT('',#2491);
#652=VERTEX_POINT('',#2578);
#653=VERTEX_POINT('',#2596);
#654=VERTEX_POINT('',#2600);
#655=VERTEX_POINT('',#2616);
#656=VERTEX_POINT('',#2617);
#657=VERTEX_POINT('',#2623);
#658=VERTEX_POINT('',#2625);
#659=VERTEX_POINT('',#2652);
#660=VERTEX_POINT('',#2659);
#661=VERTEX_POINT('',#2664);
#662=VERTEX_POINT('',#2666);
#663=VERTEX_POINT('',#2678);
#664=VERTEX_POINT('',#2680);
#665=VERTEX_POINT('',#2682);
#666=VERTEX_POINT('',#2684);
#667=VERTEX_POINT('',#2686);
#668=VERTEX_POINT('',#2705);
#669=VERTEX_POINT('',#2707);
#670=VERTEX_POINT('',#2723);
#671=VERTEX_POINT('',#2782);
#672=VERTEX_POINT('',#2801);
#673=VERTEX_POINT('',#2802);
#674=VERTEX_POINT('',#2809);
#675=VERTEX_POINT('',#2825);
#676=VERTEX_POINT('',#2826);
#677=VERTEX_POINT('',#2832);
#678=VERTEX_POINT('',#2834);
#679=VERTEX_POINT('',#2842);
#680=VERTEX_POINT('',#2844);
#681=VERTEX_POINT('',#2846);
#682=VERTEX_POINT('',#2848);
#683=VERTEX_POINT('',#2850);
#684=VERTEX_POINT('',#2866);
#685=VERTEX_POINT('',#2875);
#686=VERTEX_POINT('',#2879);
#687=VERTEX_POINT('',#2884);
#688=VERTEX_POINT('',#2903);
#689=VERTEX_POINT('',#2905);
#690=VERTEX_POINT('',#2928);
#691=VERTEX_POINT('',#2940);
#692=VERTEX_POINT('',#2995);
#693=VERTEX_POINT('',#3013);
#694=VERTEX_POINT('',#3017);
#695=EDGE_CURVE('',#563,#563,#523,.T.);
#696=EDGE_CURVE('',#564,#565,#524,.T.);
#697=EDGE_CURVE('',#565,#566,#93,.T.);
#698=EDGE_CURVE('',#566,#567,#525,.T.);
#699=EDGE_CURVE('',#567,#564,#94,.T.);
#700=EDGE_CURVE('',#567,#568,#95,.T.);
#701=EDGE_CURVE('',#568,#569,#96,.T.);
#702=EDGE_CURVE('',#564,#569,#97,.T.);
#703=EDGE_CURVE('',#570,#566,#98,.T.);
#704=EDGE_CURVE('',#571,#570,#526,.T.);
#705=EDGE_CURVE('',#572,#571,#99,.T.);
#706=EDGE_CURVE('',#573,#572,#527,.T.);
#707=EDGE_CURVE('',#568,#573,#100,.T.);
#708=EDGE_CURVE('',#574,#575,#528,.T.);
#709=EDGE_CURVE('',#575,#573,#101,.T.);
#710=EDGE_CURVE('',#572,#574,#102,.T.);
#711=EDGE_CURVE('',#576,#571,#103,.T.);
#712=EDGE_CURVE('',#574,#576,#104,.T.);
#713=EDGE_CURVE('',#577,#576,#529,.T.);
#714=EDGE_CURVE('',#570,#577,#105,.T.);
#715=EDGE_CURVE('',#563,#578,#106,.T.);
#716=EDGE_CURVE('',#578,#578,#530,.T.);
#717=EDGE_CURVE('',#579,#579,#531,.T.);
#718=EDGE_CURVE('',#579,#580,#107,.T.);
#719=EDGE_CURVE('',#580,#580,#532,.T.);
#720=EDGE_CURVE('',#577,#565,#108,.T.);
#721=EDGE_CURVE('',#569,#575,#109,.T.);
#722=EDGE_CURVE('',#581,#582,#533,.T.);
#723=EDGE_CURVE('',#582,#583,#110,.T.);
#724=EDGE_CURVE('',#583,#584,#534,.T.);
#725=EDGE_CURVE('',#584,#581,#111,.T.);
#726=EDGE_CURVE('',#584,#585,#112,.T.);
#727=EDGE_CURVE('',#586,#585,#113,.T.);
#728=EDGE_CURVE('',#581,#586,#114,.T.);
#729=EDGE_CURVE('',#587,#583,#115,.T.);
#730=EDGE_CURVE('',#588,#587,#535,.T.);
#731=EDGE_CURVE('',#589,#588,#116,.T.);
#732=EDGE_CURVE('',#590,#589,#536,.T.);
#733=EDGE_CURVE('',#591,#590,#117,.T.);
#734=EDGE_CURVE('',#585,#591,#537,.T.);
#735=EDGE_CURVE('',#592,#592,#538,.T.);
#736=EDGE_CURVE('',#593,#586,#539,.T.);
#737=EDGE_CURVE('',#591,#593,#118,.T.);
#738=EDGE_CURVE('',#594,#590,#119,.T.);
#739=EDGE_CURVE('',#593,#594,#120,.T.);
#740=EDGE_CURVE('',#595,#594,#540,.T.);
#741=EDGE_CURVE('',#589,#595,#121,.T.);
#742=EDGE_CURVE('',#596,#588,#122,.T.);
#743=EDGE_CURVE('',#595,#596,#123,.T.);
#744=EDGE_CURVE('',#597,#596,#541,.T.);
#745=EDGE_CURVE('',#587,#597,#124,.T.);
#746=EDGE_CURVE('',#598,#598,#542,.T.);
#747=EDGE_CURVE('',#598,#592,#125,.T.);
#748=EDGE_CURVE('',#597,#582,#126,.T.);
#749=EDGE_CURVE('',#599,#600,#543,.T.);
#750=EDGE_CURVE('',#600,#601,#544,.T.);
#751=EDGE_CURVE('',#601,#601,#545,.T.);
#752=EDGE_CURVE('',#600,#599,#546,.T.);
#753=EDGE_CURVE('',#599,#602,#127,.T.);
#754=EDGE_CURVE('',#602,#602,#547,.T.);
#755=EDGE_CURVE('',#603,#604,#548,.T.);
#756=EDGE_CURVE('',#604,#605,#549,.T.);
#757=EDGE_CURVE('',#605,#605,#550,.T.);
#758=EDGE_CURVE('',#604,#603,#551,.T.);
#759=EDGE_CURVE('',#603,#606,#128,.T.);
#760=EDGE_CURVE('',#606,#606,#552,.T.);
#761=EDGE_CURVE('',#607,#608,#553,.T.);
#762=EDGE_CURVE('',#608,#609,#554,.T.);
#763=EDGE_CURVE('',#609,#609,#555,.T.);
#764=EDGE_CURVE('',#608,#607,#556,.T.);
#765=EDGE_CURVE('',#607,#610,#129,.T.);
#766=EDGE_CURVE('',#610,#610,#557,.T.);
#767=EDGE_CURVE('',#611,#612,#558,.T.);
#768=EDGE_CURVE('',#612,#613,#559,.T.);
#769=EDGE_CURVE('',#613,#613,#560,.T.);
#770=EDGE_CURVE('',#612,#611,#561,.T.);
#771=EDGE_CURVE('',#611,#614,#130,.T.);
#772=EDGE_CURVE('',#614,#614,#562,.T.);
#773=EDGE_CURVE('',#615,#616,#13,.T.);
#774=EDGE_CURVE('',#616,#617,#131,.T.);
#775=EDGE_CURVE('',#617,#618,#14,.T.);
#776=EDGE_CURVE('',#618,#615,#132,.T.);
#777=EDGE_CURVE('',#619,#616,#133,.T.);
#778=EDGE_CURVE('',#620,#619,#134,.T.);
#779=EDGE_CURVE('',#620,#617,#135,.T.);
#780=EDGE_CURVE('',#615,#621,#15,.T.);
#781=EDGE_CURVE('',#622,#621,#136,.T.);
#782=EDGE_CURVE('',#622,#623,#16,.T.);
#783=EDGE_CURVE('',#623,#624,#137,.T.);
#784=EDGE_CURVE('',#624,#625,#138,.T.);
#785=EDGE_CURVE('',#625,#619,#139,.T.);
#786=EDGE_CURVE('',#626,#627,#17,.T.);
#787=EDGE_CURVE('',#627,#628,#140,.T.);
#788=EDGE_CURVE('',#628,#629,#18,.T.);
#789=EDGE_CURVE('',#629,#626,#141,.T.);
#790=EDGE_CURVE('',#629,#630,#142,.T.);
#791=EDGE_CURVE('',#631,#630,#143,.T.);
#792=EDGE_CURVE('',#626,#631,#144,.T.);
#793=EDGE_CURVE('',#632,#628,#19,.T.);
#794=EDGE_CURVE('',#632,#623,#145,.T.);
#795=EDGE_CURVE('',#630,#622,#20,.T.);
#796=EDGE_CURVE('',#621,#631,#21,.T.);
#797=EDGE_CURVE('',#633,#634,#146,.T.);
#798=EDGE_CURVE('',#633,#625,#147,.T.);
#799=EDGE_CURVE('',#634,#624,#148,.T.);
#800=EDGE_CURVE('',#634,#632,#149,.T.);
#801=EDGE_CURVE('',#618,#627,#22,.T.);
#802=EDGE_CURVE('',#620,#633,#150,.T.);
#803=EDGE_CURVE('',#635,#636,#23,.T.);
#804=EDGE_CURVE('',#636,#637,#151,.T.);
#805=EDGE_CURVE('',#637,#638,#24,.T.);
#806=EDGE_CURVE('',#638,#635,#152,.T.);
#807=EDGE_CURVE('',#635,#639,#153,.T.);
#808=EDGE_CURVE('',#639,#640,#154,.T.);
#809=EDGE_CURVE('',#640,#641,#155,.T.);
#810=EDGE_CURVE('',#641,#642,#156,.T.);
#811=EDGE_CURVE('',#642,#643,#25,.T.);
#812=EDGE_CURVE('',#644,#643,#157,.T.);
#813=EDGE_CURVE('',#644,#636,#26,.T.);
#814=EDGE_CURVE('',#645,#638,#158,.T.);
#815=EDGE_CURVE('',#645,#639,#159,.T.);
#816=EDGE_CURVE('',#646,#647,#27,.T.);
#817=EDGE_CURVE('',#647,#648,#160,.T.);
#818=EDGE_CURVE('',#648,#649,#28,.T.);
#819=EDGE_CURVE('',#649,#646,#161,.T.);
#820=EDGE_CURVE('',#647,#650,#162,.T.);
#821=EDGE_CURVE('',#651,#650,#163,.T.);
#822=EDGE_CURVE('',#648,#651,#164,.T.);
#823=EDGE_CURVE('',#650,#644,#29,.T.);
#824=EDGE_CURVE('',#637,#646,#30,.T.);
#825=EDGE_CURVE('',#643,#651,#31,.T.);
#826=EDGE_CURVE('',#652,#642,#165,.T.);
#827=EDGE_CURVE('',#652,#649,#32,.T.);
#828=EDGE_CURVE('',#653,#652,#166,.T.);
#829=EDGE_CURVE('',#653,#641,#167,.T.);
#830=EDGE_CURVE('',#654,#653,#168,.T.);
#831=EDGE_CURVE('',#654,#640,#169,.T.);
#832=EDGE_CURVE('',#645,#654,#170,.T.);
#833=EDGE_CURVE('',#655,#656,#33,.T.);
#834=EDGE_CURVE('',#656,#657,#171,.T.);
#835=EDGE_CURVE('',#657,#658,#34,.T.);
#836=EDGE_CURVE('',#658,#655,#172,.T.);
#837=EDGE_CURVE('',#656,#659,#35,.T.);
#838=EDGE_CURVE('',#659,#660,#36,.T.);
#839=EDGE_CURVE('',#661,#660,#173,.T.);
#840=EDGE_CURVE('',#661,#662,#37,.T.);
#841=EDGE_CURVE('',#657,#662,#38,.T.);
#842=EDGE_CURVE('',#663,#655,#174,.T.);
#843=EDGE_CURVE('',#664,#663,#175,.T.);
#844=EDGE_CURVE('',#665,#664,#176,.T.);
#845=EDGE_CURVE('',#666,#665,#177,.T.);
#846=EDGE_CURVE('',#667,#666,#39,.T.);
#847=EDGE_CURVE('',#667,#659,#178,.T.);
#848=EDGE_CURVE('',#668,#661,#179,.T.);
#849=EDGE_CURVE('',#669,#668,#40,.T.);
#850=EDGE_CURVE('',#662,#669,#180,.T.);
#851=EDGE_CURVE('',#660,#670,#181,.T.);
#852=EDGE_CURVE('',#668,#670,#182,.T.);
#853=EDGE_CURVE('',#670,#667,#41,.T.);
#854=EDGE_CURVE('',#671,#666,#183,.T.);
#855=EDGE_CURVE('',#671,#669,#42,.T.);
#856=EDGE_CURVE('',#672,#673,#184,.T.);
#857=EDGE_CURVE('',#673,#665,#185,.T.);
#858=EDGE_CURVE('',#672,#664,#186,.T.);
#859=EDGE_CURVE('',#673,#671,#187,.T.);
#860=EDGE_CURVE('',#674,#658,#188,.T.);
#861=EDGE_CURVE('',#674,#663,#189,.T.);
#862=EDGE_CURVE('',#674,#672,#190,.T.);
#863=EDGE_CURVE('',#675,#676,#43,.T.);
#864=EDGE_CURVE('',#676,#677,#191,.T.);
#865=EDGE_CURVE('',#677,#678,#44,.T.);
#866=EDGE_CURVE('',#678,#675,#192,.T.);
#867=EDGE_CURVE('',#679,#677,#193,.T.);
#868=EDGE_CURVE('',#679,#680,#194,.T.);
#869=EDGE_CURVE('',#680,#681,#195,.T.);
#870=EDGE_CURVE('',#681,#682,#196,.T.);
#871=EDGE_CURVE('',#682,#683,#45,.T.);
#872=EDGE_CURVE('',#683,#684,#197,.T.);
#873=EDGE_CURVE('',#678,#684,#46,.T.);
#874=EDGE_CURVE('',#676,#685,#198,.T.);
#875=EDGE_CURVE('',#679,#685,#199,.T.);
#876=EDGE_CURVE('',#684,#686,#47,.T.);
#877=EDGE_CURVE('',#687,#683,#48,.T.);
#878=EDGE_CURVE('',#686,#687,#200,.T.);
#879=EDGE_CURVE('',#687,#688,#201,.T.);
#880=EDGE_CURVE('',#688,#689,#202,.T.);
#881=EDGE_CURVE('',#686,#689,#203,.T.);
#882=EDGE_CURVE('',#689,#690,#49,.T.);
#883=EDGE_CURVE('',#690,#675,#50,.T.);
#884=EDGE_CURVE('',#691,#688,#51,.T.);
#885=EDGE_CURVE('',#690,#691,#204,.T.);
#886=EDGE_CURVE('',#682,#692,#205,.T.);
#887=EDGE_CURVE('',#692,#691,#52,.T.);
#888=EDGE_CURVE('',#681,#693,#206,.T.);
#889=EDGE_CURVE('',#693,#692,#207,.T.);
#890=EDGE_CURVE('',#680,#694,#208,.T.);
#891=EDGE_CURVE('',#694,#693,#209,.T.);
#892=EDGE_CURVE('',#685,#694,#210,.T.);
#893=ORIENTED_EDGE('',*,*,#695,.T.);
#894=ORIENTED_EDGE('',*,*,#696,.T.);
#895=ORIENTED_EDGE('',*,*,#697,.T.);
#896=ORIENTED_EDGE('',*,*,#698,.T.);
#897=ORIENTED_EDGE('',*,*,#699,.T.);
#898=ORIENTED_EDGE('',*,*,#699,.F.);
#899=ORIENTED_EDGE('',*,*,#700,.T.);
#900=ORIENTED_EDGE('',*,*,#701,.T.);
#901=ORIENTED_EDGE('',*,*,#702,.F.);
#902=ORIENTED_EDGE('',*,*,#698,.F.);
#903=ORIENTED_EDGE('',*,*,#703,.F.);
#904=ORIENTED_EDGE('',*,*,#704,.F.);
#905=ORIENTED_EDGE('',*,*,#705,.F.);
#906=ORIENTED_EDGE('',*,*,#706,.F.);
#907=ORIENTED_EDGE('',*,*,#707,.F.);
#908=ORIENTED_EDGE('',*,*,#700,.F.);
#909=ORIENTED_EDGE('',*,*,#708,.T.);
#910=ORIENTED_EDGE('',*,*,#709,.T.);
#911=ORIENTED_EDGE('',*,*,#706,.T.);
#912=ORIENTED_EDGE('',*,*,#710,.T.);
#913=ORIENTED_EDGE('',*,*,#710,.F.);
#914=ORIENTED_EDGE('',*,*,#705,.T.);
#915=ORIENTED_EDGE('',*,*,#711,.F.);
#916=ORIENTED_EDGE('',*,*,#712,.F.);
#917=ORIENTED_EDGE('',*,*,#713,.T.);
#918=ORIENTED_EDGE('',*,*,#711,.T.);
#919=ORIENTED_EDGE('',*,*,#704,.T.);
#920=ORIENTED_EDGE('',*,*,#714,.T.);
#921=ORIENTED_EDGE('',*,*,#695,.F.);
#922=ORIENTED_EDGE('',*,*,#715,.T.);
#923=ORIENTED_EDGE('',*,*,#716,.F.);
#924=ORIENTED_EDGE('',*,*,#715,.F.);
#925=ORIENTED_EDGE('',*,*,#717,.F.);
#926=ORIENTED_EDGE('',*,*,#718,.T.);
#927=ORIENTED_EDGE('',*,*,#719,.T.);
#928=ORIENTED_EDGE('',*,*,#718,.F.);
#929=ORIENTED_EDGE('',*,*,#719,.F.);
#930=ORIENTED_EDGE('',*,*,#716,.T.);
#931=ORIENTED_EDGE('',*,*,#697,.F.);
#932=ORIENTED_EDGE('',*,*,#720,.F.);
#933=ORIENTED_EDGE('',*,*,#714,.F.);
#934=ORIENTED_EDGE('',*,*,#703,.T.);
#935=ORIENTED_EDGE('',*,*,#709,.F.);
#936=ORIENTED_EDGE('',*,*,#721,.F.);
#937=ORIENTED_EDGE('',*,*,#701,.F.);
#938=ORIENTED_EDGE('',*,*,#707,.T.);
#939=ORIENTED_EDGE('',*,*,#696,.F.);
#940=ORIENTED_EDGE('',*,*,#702,.T.);
#941=ORIENTED_EDGE('',*,*,#721,.T.);
#942=ORIENTED_EDGE('',*,*,#708,.F.);
#943=ORIENTED_EDGE('',*,*,#712,.T.);
#944=ORIENTED_EDGE('',*,*,#713,.F.);
#945=ORIENTED_EDGE('',*,*,#720,.T.);
#946=ORIENTED_EDGE('',*,*,#717,.T.);
#947=ORIENTED_EDGE('',*,*,#722,.T.);
#948=ORIENTED_EDGE('',*,*,#723,.T.);
#949=ORIENTED_EDGE('',*,*,#724,.T.);
#950=ORIENTED_EDGE('',*,*,#725,.T.);
#951=ORIENTED_EDGE('',*,*,#725,.F.);
#952=ORIENTED_EDGE('',*,*,#726,.T.);
#953=ORIENTED_EDGE('',*,*,#727,.F.);
#954=ORIENTED_EDGE('',*,*,#728,.F.);
#955=ORIENTED_EDGE('',*,*,#724,.F.);
#956=ORIENTED_EDGE('',*,*,#729,.F.);
#957=ORIENTED_EDGE('',*,*,#730,.F.);
#958=ORIENTED_EDGE('',*,*,#731,.F.);
#959=ORIENTED_EDGE('',*,*,#732,.F.);
#960=ORIENTED_EDGE('',*,*,#733,.F.);
#961=ORIENTED_EDGE('',*,*,#734,.F.);
#962=ORIENTED_EDGE('',*,*,#726,.F.);
#963=ORIENTED_EDGE('',*,*,#735,.T.);
#964=ORIENTED_EDGE('',*,*,#736,.T.);
#965=ORIENTED_EDGE('',*,*,#727,.T.);
#966=ORIENTED_EDGE('',*,*,#734,.T.);
#967=ORIENTED_EDGE('',*,*,#737,.T.);
#968=ORIENTED_EDGE('',*,*,#737,.F.);
#969=ORIENTED_EDGE('',*,*,#733,.T.);
#970=ORIENTED_EDGE('',*,*,#738,.F.);
#971=ORIENTED_EDGE('',*,*,#739,.F.);
#972=ORIENTED_EDGE('',*,*,#740,.T.);
#973=ORIENTED_EDGE('',*,*,#738,.T.);
#974=ORIENTED_EDGE('',*,*,#732,.T.);
#975=ORIENTED_EDGE('',*,*,#741,.T.);
#976=ORIENTED_EDGE('',*,*,#741,.F.);
#977=ORIENTED_EDGE('',*,*,#731,.T.);
#978=ORIENTED_EDGE('',*,*,#742,.F.);
#979=ORIENTED_EDGE('',*,*,#743,.F.);
#980=ORIENTED_EDGE('',*,*,#744,.T.);
#981=ORIENTED_EDGE('',*,*,#742,.T.);
#982=ORIENTED_EDGE('',*,*,#730,.T.);
#983=ORIENTED_EDGE('',*,*,#745,.T.);
#984=ORIENTED_EDGE('',*,*,#746,.F.);
#985=ORIENTED_EDGE('',*,*,#747,.T.);
#986=ORIENTED_EDGE('',*,*,#735,.F.);
#987=ORIENTED_EDGE('',*,*,#747,.F.);
#988=ORIENTED_EDGE('',*,*,#723,.F.);
#989=ORIENTED_EDGE('',*,*,#748,.F.);
#990=ORIENTED_EDGE('',*,*,#745,.F.);
#991=ORIENTED_EDGE('',*,*,#729,.T.);
#992=ORIENTED_EDGE('',*,*,#722,.F.);
#993=ORIENTED_EDGE('',*,*,#728,.T.);
#994=ORIENTED_EDGE('',*,*,#736,.F.);
#995=ORIENTED_EDGE('',*,*,#739,.T.);
#996=ORIENTED_EDGE('',*,*,#740,.F.);
#997=ORIENTED_EDGE('',*,*,#743,.T.);
#998=ORIENTED_EDGE('',*,*,#744,.F.);
#999=ORIENTED_EDGE('',*,*,#748,.T.);
#1000=ORIENTED_EDGE('',*,*,#746,.T.);
#1001=ORIENTED_EDGE('',*,*,#749,.T.);
#1002=ORIENTED_EDGE('',*,*,#750,.T.);
#1003=ORIENTED_EDGE('',*,*,#751,.T.);
#1004=ORIENTED_EDGE('',*,*,#750,.F.);
#1005=ORIENTED_EDGE('',*,*,#752,.T.);
#1006=ORIENTED_EDGE('',*,*,#749,.F.);
#1007=ORIENTED_EDGE('',*,*,#753,.T.);
#1008=ORIENTED_EDGE('',*,*,#754,.T.);
#1009=ORIENTED_EDGE('',*,*,#753,.F.);
#1010=ORIENTED_EDGE('',*,*,#752,.F.);
#1011=ORIENTED_EDGE('',*,*,#751,.F.);
#1012=ORIENTED_EDGE('',*,*,#754,.F.);
#1013=ORIENTED_EDGE('',*,*,#755,.T.);
#1014=ORIENTED_EDGE('',*,*,#756,.T.);
#1015=ORIENTED_EDGE('',*,*,#757,.T.);
#1016=ORIENTED_EDGE('',*,*,#756,.F.);
#1017=ORIENTED_EDGE('',*,*,#758,.T.);
#1018=ORIENTED_EDGE('',*,*,#755,.F.);
#1019=ORIENTED_EDGE('',*,*,#759,.T.);
#1020=ORIENTED_EDGE('',*,*,#760,.T.);
#1021=ORIENTED_EDGE('',*,*,#759,.F.);
#1022=ORIENTED_EDGE('',*,*,#758,.F.);
#1023=ORIENTED_EDGE('',*,*,#757,.F.);
#1024=ORIENTED_EDGE('',*,*,#760,.F.);
#1025=ORIENTED_EDGE('',*,*,#761,.T.);
#1026=ORIENTED_EDGE('',*,*,#762,.T.);
#1027=ORIENTED_EDGE('',*,*,#763,.T.);
#1028=ORIENTED_EDGE('',*,*,#762,.F.);
#1029=ORIENTED_EDGE('',*,*,#764,.T.);
#1030=ORIENTED_EDGE('',*,*,#761,.F.);
#1031=ORIENTED_EDGE('',*,*,#765,.T.);
#1032=ORIENTED_EDGE('',*,*,#766,.T.);
#1033=ORIENTED_EDGE('',*,*,#765,.F.);
#1034=ORIENTED_EDGE('',*,*,#764,.F.);
#1035=ORIENTED_EDGE('',*,*,#763,.F.);
#1036=ORIENTED_EDGE('',*,*,#766,.F.);
#1037=ORIENTED_EDGE('',*,*,#767,.T.);
#1038=ORIENTED_EDGE('',*,*,#768,.T.);
#1039=ORIENTED_EDGE('',*,*,#769,.T.);
#1040=ORIENTED_EDGE('',*,*,#768,.F.);
#1041=ORIENTED_EDGE('',*,*,#770,.T.);
#1042=ORIENTED_EDGE('',*,*,#767,.F.);
#1043=ORIENTED_EDGE('',*,*,#771,.T.);
#1044=ORIENTED_EDGE('',*,*,#772,.T.);
#1045=ORIENTED_EDGE('',*,*,#771,.F.);
#1046=ORIENTED_EDGE('',*,*,#770,.F.);
#1047=ORIENTED_EDGE('',*,*,#769,.F.);
#1048=ORIENTED_EDGE('',*,*,#772,.F.);
#1049=ORIENTED_EDGE('',*,*,#773,.T.);
#1050=ORIENTED_EDGE('',*,*,#774,.T.);
#1051=ORIENTED_EDGE('',*,*,#775,.T.);
#1052=ORIENTED_EDGE('',*,*,#776,.T.);
#1053=ORIENTED_EDGE('',*,*,#774,.F.);
#1054=ORIENTED_EDGE('',*,*,#777,.F.);
#1055=ORIENTED_EDGE('',*,*,#778,.F.);
#1056=ORIENTED_EDGE('',*,*,#779,.T.);
#1057=ORIENTED_EDGE('',*,*,#773,.F.);
#1058=ORIENTED_EDGE('',*,*,#780,.T.);
#1059=ORIENTED_EDGE('',*,*,#781,.F.);
#1060=ORIENTED_EDGE('',*,*,#782,.T.);
#1061=ORIENTED_EDGE('',*,*,#783,.T.);
#1062=ORIENTED_EDGE('',*,*,#784,.T.);
#1063=ORIENTED_EDGE('',*,*,#785,.T.);
#1064=ORIENTED_EDGE('',*,*,#777,.T.);
#1065=ORIENTED_EDGE('',*,*,#786,.T.);
#1066=ORIENTED_EDGE('',*,*,#787,.T.);
#1067=ORIENTED_EDGE('',*,*,#788,.T.);
#1068=ORIENTED_EDGE('',*,*,#789,.T.);
#1069=ORIENTED_EDGE('',*,*,#789,.F.);
#1070=ORIENTED_EDGE('',*,*,#790,.T.);
#1071=ORIENTED_EDGE('',*,*,#791,.F.);
#1072=ORIENTED_EDGE('',*,*,#792,.F.);
#1073=ORIENTED_EDGE('',*,*,#788,.F.);
#1074=ORIENTED_EDGE('',*,*,#793,.F.);
#1075=ORIENTED_EDGE('',*,*,#794,.T.);
#1076=ORIENTED_EDGE('',*,*,#782,.F.);
#1077=ORIENTED_EDGE('',*,*,#795,.F.);
#1078=ORIENTED_EDGE('',*,*,#790,.F.);
#1079=ORIENTED_EDGE('',*,*,#795,.T.);
#1080=ORIENTED_EDGE('',*,*,#781,.T.);
#1081=ORIENTED_EDGE('',*,*,#796,.T.);
#1082=ORIENTED_EDGE('',*,*,#791,.T.);
#1083=ORIENTED_EDGE('',*,*,#797,.F.);
#1084=ORIENTED_EDGE('',*,*,#798,.T.);
#1085=ORIENTED_EDGE('',*,*,#784,.F.);
#1086=ORIENTED_EDGE('',*,*,#799,.F.);
#1087=ORIENTED_EDGE('',*,*,#800,.F.);
#1088=ORIENTED_EDGE('',*,*,#799,.T.);
#1089=ORIENTED_EDGE('',*,*,#783,.F.);
#1090=ORIENTED_EDGE('',*,*,#794,.F.);
#1091=ORIENTED_EDGE('',*,*,#776,.F.);
#1092=ORIENTED_EDGE('',*,*,#801,.T.);
#1093=ORIENTED_EDGE('',*,*,#786,.F.);
#1094=ORIENTED_EDGE('',*,*,#792,.T.);
#1095=ORIENTED_EDGE('',*,*,#796,.F.);
#1096=ORIENTED_EDGE('',*,*,#780,.F.);
#1097=ORIENTED_EDGE('',*,*,#802,.F.);
#1098=ORIENTED_EDGE('',*,*,#778,.T.);
#1099=ORIENTED_EDGE('',*,*,#785,.F.);
#1100=ORIENTED_EDGE('',*,*,#798,.F.);
#1101=ORIENTED_EDGE('',*,*,#775,.F.);
#1102=ORIENTED_EDGE('',*,*,#779,.F.);
#1103=ORIENTED_EDGE('',*,*,#802,.T.);
#1104=ORIENTED_EDGE('',*,*,#797,.T.);
#1105=ORIENTED_EDGE('',*,*,#800,.T.);
#1106=ORIENTED_EDGE('',*,*,#793,.T.);
#1107=ORIENTED_EDGE('',*,*,#787,.F.);
#1108=ORIENTED_EDGE('',*,*,#801,.F.);
#1109=ORIENTED_EDGE('',*,*,#803,.T.);
#1110=ORIENTED_EDGE('',*,*,#804,.T.);
#1111=ORIENTED_EDGE('',*,*,#805,.T.);
#1112=ORIENTED_EDGE('',*,*,#806,.T.);
#1113=ORIENTED_EDGE('',*,*,#803,.F.);
#1114=ORIENTED_EDGE('',*,*,#807,.T.);
#1115=ORIENTED_EDGE('',*,*,#808,.T.);
#1116=ORIENTED_EDGE('',*,*,#809,.T.);
#1117=ORIENTED_EDGE('',*,*,#810,.T.);
#1118=ORIENTED_EDGE('',*,*,#811,.T.);
#1119=ORIENTED_EDGE('',*,*,#812,.F.);
#1120=ORIENTED_EDGE('',*,*,#813,.T.);
#1121=ORIENTED_EDGE('',*,*,#806,.F.);
#1122=ORIENTED_EDGE('',*,*,#814,.F.);
#1123=ORIENTED_EDGE('',*,*,#815,.T.);
#1124=ORIENTED_EDGE('',*,*,#807,.F.);
#1125=ORIENTED_EDGE('',*,*,#816,.T.);
#1126=ORIENTED_EDGE('',*,*,#817,.T.);
#1127=ORIENTED_EDGE('',*,*,#818,.T.);
#1128=ORIENTED_EDGE('',*,*,#819,.T.);
#1129=ORIENTED_EDGE('',*,*,#817,.F.);
#1130=ORIENTED_EDGE('',*,*,#820,.T.);
#1131=ORIENTED_EDGE('',*,*,#821,.F.);
#1132=ORIENTED_EDGE('',*,*,#822,.F.);
#1133=ORIENTED_EDGE('',*,*,#804,.F.);
#1134=ORIENTED_EDGE('',*,*,#813,.F.);
#1135=ORIENTED_EDGE('',*,*,#823,.F.);
#1136=ORIENTED_EDGE('',*,*,#820,.F.);
#1137=ORIENTED_EDGE('',*,*,#816,.F.);
#1138=ORIENTED_EDGE('',*,*,#824,.F.);
#1139=ORIENTED_EDGE('',*,*,#823,.T.);
#1140=ORIENTED_EDGE('',*,*,#812,.T.);
#1141=ORIENTED_EDGE('',*,*,#825,.T.);
#1142=ORIENTED_EDGE('',*,*,#821,.T.);
#1143=ORIENTED_EDGE('',*,*,#818,.F.);
#1144=ORIENTED_EDGE('',*,*,#822,.T.);
#1145=ORIENTED_EDGE('',*,*,#825,.F.);
#1146=ORIENTED_EDGE('',*,*,#811,.F.);
#1147=ORIENTED_EDGE('',*,*,#826,.F.);
#1148=ORIENTED_EDGE('',*,*,#827,.T.);
#1149=ORIENTED_EDGE('',*,*,#828,.T.);
#1150=ORIENTED_EDGE('',*,*,#826,.T.);
#1151=ORIENTED_EDGE('',*,*,#810,.F.);
#1152=ORIENTED_EDGE('',*,*,#829,.F.);
#1153=ORIENTED_EDGE('',*,*,#830,.T.);
#1154=ORIENTED_EDGE('',*,*,#829,.T.);
#1155=ORIENTED_EDGE('',*,*,#809,.F.);
#1156=ORIENTED_EDGE('',*,*,#831,.F.);
#1157=ORIENTED_EDGE('',*,*,#832,.T.);
#1158=ORIENTED_EDGE('',*,*,#831,.T.);
#1159=ORIENTED_EDGE('',*,*,#808,.F.);
#1160=ORIENTED_EDGE('',*,*,#815,.F.);
#1161=ORIENTED_EDGE('',*,*,#805,.F.);
#1162=ORIENTED_EDGE('',*,*,#824,.T.);
#1163=ORIENTED_EDGE('',*,*,#819,.F.);
#1164=ORIENTED_EDGE('',*,*,#827,.F.);
#1165=ORIENTED_EDGE('',*,*,#828,.F.);
#1166=ORIENTED_EDGE('',*,*,#830,.F.);
#1167=ORIENTED_EDGE('',*,*,#832,.F.);
#1168=ORIENTED_EDGE('',*,*,#814,.T.);
#1169=ORIENTED_EDGE('',*,*,#833,.T.);
#1170=ORIENTED_EDGE('',*,*,#834,.T.);
#1171=ORIENTED_EDGE('',*,*,#835,.T.);
#1172=ORIENTED_EDGE('',*,*,#836,.T.);
#1173=ORIENTED_EDGE('',*,*,#834,.F.);
#1174=ORIENTED_EDGE('',*,*,#837,.T.);
#1175=ORIENTED_EDGE('',*,*,#838,.T.);
#1176=ORIENTED_EDGE('',*,*,#839,.F.);
#1177=ORIENTED_EDGE('',*,*,#840,.T.);
#1178=ORIENTED_EDGE('',*,*,#841,.F.);
#1179=ORIENTED_EDGE('',*,*,#833,.F.);
#1180=ORIENTED_EDGE('',*,*,#842,.F.);
#1181=ORIENTED_EDGE('',*,*,#843,.F.);
#1182=ORIENTED_EDGE('',*,*,#844,.F.);
#1183=ORIENTED_EDGE('',*,*,#845,.F.);
#1184=ORIENTED_EDGE('',*,*,#846,.F.);
#1185=ORIENTED_EDGE('',*,*,#847,.T.);
#1186=ORIENTED_EDGE('',*,*,#837,.F.);
#1187=ORIENTED_EDGE('',*,*,#840,.F.);
#1188=ORIENTED_EDGE('',*,*,#848,.F.);
#1189=ORIENTED_EDGE('',*,*,#849,.F.);
#1190=ORIENTED_EDGE('',*,*,#850,.F.);
#1191=ORIENTED_EDGE('',*,*,#848,.T.);
#1192=ORIENTED_EDGE('',*,*,#839,.T.);
#1193=ORIENTED_EDGE('',*,*,#851,.T.);
#1194=ORIENTED_EDGE('',*,*,#852,.F.);
#1195=ORIENTED_EDGE('',*,*,#849,.T.);
#1196=ORIENTED_EDGE('',*,*,#852,.T.);
#1197=ORIENTED_EDGE('',*,*,#853,.T.);
#1198=ORIENTED_EDGE('',*,*,#846,.T.);
#1199=ORIENTED_EDGE('',*,*,#854,.F.);
#1200=ORIENTED_EDGE('',*,*,#855,.T.);
#1201=ORIENTED_EDGE('',*,*,#853,.F.);
#1202=ORIENTED_EDGE('',*,*,#851,.F.);
#1203=ORIENTED_EDGE('',*,*,#838,.F.);
#1204=ORIENTED_EDGE('',*,*,#847,.F.);
#1205=ORIENTED_EDGE('',*,*,#856,.T.);
#1206=ORIENTED_EDGE('',*,*,#857,.T.);
#1207=ORIENTED_EDGE('',*,*,#844,.T.);
#1208=ORIENTED_EDGE('',*,*,#858,.F.);
#1209=ORIENTED_EDGE('',*,*,#859,.T.);
#1210=ORIENTED_EDGE('',*,*,#854,.T.);
#1211=ORIENTED_EDGE('',*,*,#845,.T.);
#1212=ORIENTED_EDGE('',*,*,#857,.F.);
#1213=ORIENTED_EDGE('',*,*,#836,.F.);
#1214=ORIENTED_EDGE('',*,*,#860,.F.);
#1215=ORIENTED_EDGE('',*,*,#861,.T.);
#1216=ORIENTED_EDGE('',*,*,#842,.T.);
#1217=ORIENTED_EDGE('',*,*,#862,.T.);
#1218=ORIENTED_EDGE('',*,*,#858,.T.);
#1219=ORIENTED_EDGE('',*,*,#843,.T.);
#1220=ORIENTED_EDGE('',*,*,#861,.F.);
#1221=ORIENTED_EDGE('',*,*,#835,.F.);
#1222=ORIENTED_EDGE('',*,*,#841,.T.);
#1223=ORIENTED_EDGE('',*,*,#850,.T.);
#1224=ORIENTED_EDGE('',*,*,#855,.F.);
#1225=ORIENTED_EDGE('',*,*,#859,.F.);
#1226=ORIENTED_EDGE('',*,*,#856,.F.);
#1227=ORIENTED_EDGE('',*,*,#862,.F.);
#1228=ORIENTED_EDGE('',*,*,#860,.T.);
#1229=ORIENTED_EDGE('',*,*,#863,.T.);
#1230=ORIENTED_EDGE('',*,*,#864,.T.);
#1231=ORIENTED_EDGE('',*,*,#865,.T.);
#1232=ORIENTED_EDGE('',*,*,#866,.T.);
#1233=ORIENTED_EDGE('',*,*,#865,.F.);
#1234=ORIENTED_EDGE('',*,*,#867,.F.);
#1235=ORIENTED_EDGE('',*,*,#868,.T.);
#1236=ORIENTED_EDGE('',*,*,#869,.T.);
#1237=ORIENTED_EDGE('',*,*,#870,.T.);
#1238=ORIENTED_EDGE('',*,*,#871,.T.);
#1239=ORIENTED_EDGE('',*,*,#872,.T.);
#1240=ORIENTED_EDGE('',*,*,#873,.F.);
#1241=ORIENTED_EDGE('',*,*,#864,.F.);
#1242=ORIENTED_EDGE('',*,*,#874,.T.);
#1243=ORIENTED_EDGE('',*,*,#875,.F.);
#1244=ORIENTED_EDGE('',*,*,#867,.T.);
#1245=ORIENTED_EDGE('',*,*,#876,.F.);
#1246=ORIENTED_EDGE('',*,*,#872,.F.);
#1247=ORIENTED_EDGE('',*,*,#877,.F.);
#1248=ORIENTED_EDGE('',*,*,#878,.F.);
#1249=ORIENTED_EDGE('',*,*,#878,.T.);
#1250=ORIENTED_EDGE('',*,*,#879,.T.);
#1251=ORIENTED_EDGE('',*,*,#880,.T.);
#1252=ORIENTED_EDGE('',*,*,#881,.F.);
#1253=ORIENTED_EDGE('',*,*,#866,.F.);
#1254=ORIENTED_EDGE('',*,*,#873,.T.);
#1255=ORIENTED_EDGE('',*,*,#876,.T.);
#1256=ORIENTED_EDGE('',*,*,#881,.T.);
#1257=ORIENTED_EDGE('',*,*,#882,.T.);
#1258=ORIENTED_EDGE('',*,*,#883,.T.);
#1259=ORIENTED_EDGE('',*,*,#882,.F.);
#1260=ORIENTED_EDGE('',*,*,#880,.F.);
#1261=ORIENTED_EDGE('',*,*,#884,.F.);
#1262=ORIENTED_EDGE('',*,*,#885,.F.);
#1263=ORIENTED_EDGE('',*,*,#877,.T.);
#1264=ORIENTED_EDGE('',*,*,#871,.F.);
#1265=ORIENTED_EDGE('',*,*,#886,.T.);
#1266=ORIENTED_EDGE('',*,*,#887,.T.);
#1267=ORIENTED_EDGE('',*,*,#884,.T.);
#1268=ORIENTED_EDGE('',*,*,#879,.F.);
#1269=ORIENTED_EDGE('',*,*,#870,.F.);
#1270=ORIENTED_EDGE('',*,*,#888,.T.);
#1271=ORIENTED_EDGE('',*,*,#889,.T.);
#1272=ORIENTED_EDGE('',*,*,#886,.F.);
#1273=ORIENTED_EDGE('',*,*,#869,.F.);
#1274=ORIENTED_EDGE('',*,*,#890,.T.);
#1275=ORIENTED_EDGE('',*,*,#891,.T.);
#1276=ORIENTED_EDGE('',*,*,#888,.F.);
#1277=ORIENTED_EDGE('',*,*,#868,.F.);
#1278=ORIENTED_EDGE('',*,*,#875,.T.);
#1279=ORIENTED_EDGE('',*,*,#892,.T.);
#1280=ORIENTED_EDGE('',*,*,#890,.F.);
#1281=ORIENTED_EDGE('',*,*,#863,.F.);
#1282=ORIENTED_EDGE('',*,*,#883,.F.);
#1283=ORIENTED_EDGE('',*,*,#885,.T.);
#1284=ORIENTED_EDGE('',*,*,#887,.F.);
#1285=ORIENTED_EDGE('',*,*,#889,.F.);
#1286=ORIENTED_EDGE('',*,*,#891,.F.);
#1287=ORIENTED_EDGE('',*,*,#892,.F.);
#1288=ORIENTED_EDGE('',*,*,#874,.F.);
#1289=PLANE('',#1458);
#1290=PLANE('',#1463);
#1291=PLANE('',#1464);
#1292=PLANE('',#1469);
#1293=PLANE('',#1477);
#1294=PLANE('',#1478);
#1295=PLANE('',#1479);
#1296=PLANE('',#1480);
#1297=PLANE('',#1484);
#1298=PLANE('',#1485);
#1299=PLANE('',#1492);
#1300=PLANE('',#1495);
#1301=PLANE('',#1500);
#1302=PLANE('',#1501);
#1303=PLANE('',#1508);
#1304=PLANE('',#1509);
#1305=PLANE('',#1516);
#1306=PLANE('',#1517);
#1307=PLANE('',#1524);
#1308=PLANE('',#1525);
#1309=PLANE('',#1532);
#1310=PLANE('',#1533);
#1311=PLANE('',#1534);
#1312=PLANE('',#1535);
#1313=PLANE('',#1536);
#1314=PLANE('',#1537);
#1315=PLANE('',#1538);
#1316=PLANE('',#1539);
#1317=PLANE('',#1540);
#1318=PLANE('',#1541);
#1319=PLANE('',#1542);
#1320=PLANE('',#1543);
#1321=PLANE('',#1544);
#1322=PLANE('',#1545);
#1323=PLANE('',#1546);
#1324=PLANE('',#1547);
#1325=PLANE('',#1548);
#1326=PLANE('',#1549);
#1327=PLANE('',#1550);
#1328=PLANE('',#1551);
#1329=PLANE('',#1552);
#1330=PLANE('',#1553);
#1331=PLANE('',#1554);
#1332=PLANE('',#1555);
#1333=PLANE('',#1556);
#1334=PLANE('',#1557);
#1335=PLANE('',#1558);
#1336=PLANE('',#1559);
#1337=PLANE('',#1560);
#1338=PLANE('',#1561);
#1339=PLANE('',#1562);
#1340=PLANE('',#1563);
#1341=PLANE('',#1564);
#1342=PLANE('',#1565);
#1343=PLANE('',#1566);
#1344=PLANE('',#1567);
#1345=PLANE('',#1568);
#1346=PLANE('',#1569);
#1347=ADVANCED_FACE('',(#343),#1289,.T.);
#1348=ADVANCED_FACE('',(#344),#329,.T.);
#1349=ADVANCED_FACE('',(#345),#1290,.T.);
#1350=ADVANCED_FACE('',(#346),#1291,.F.);
#1351=ADVANCED_FACE('',(#347),#330,.T.);
#1352=ADVANCED_FACE('',(#348),#1292,.T.);
#1353=ADVANCED_FACE('',(#349),#331,.T.);
#1354=ADVANCED_FACE('',(#350),#332,.T.);
#1355=ADVANCED_FACE('',(#351),#333,.F.);
#1356=ADVANCED_FACE('',(#352,#89),#1293,.T.);
#1357=ADVANCED_FACE('',(#353),#1294,.T.);
#1358=ADVANCED_FACE('',(#354),#1295,.T.);
#1359=ADVANCED_FACE('',(#355,#90),#1296,.T.);
#1360=ADVANCED_FACE('',(#356),#334,.T.);
#1361=ADVANCED_FACE('',(#357),#1297,.T.);
#1362=ADVANCED_FACE('',(#358,#91),#1298,.F.);
#1363=ADVANCED_FACE('',(#359),#335,.T.);
#1364=ADVANCED_FACE('',(#360),#1299,.T.);
#1365=ADVANCED_FACE('',(#361),#336,.T.);
#1366=ADVANCED_FACE('',(#362),#1300,.T.);
#1367=ADVANCED_FACE('',(#363),#337,.T.);
#1368=ADVANCED_FACE('',(#364),#338,.F.);
#1369=ADVANCED_FACE('',(#365),#1301,.T.);
#1370=ADVANCED_FACE('',(#366,#92),#1302,.T.);
#1371=ADVANCED_FACE('',(#367),#65,.F.);
#1372=ADVANCED_FACE('',(#368),#339,.T.);
#1373=ADVANCED_FACE('',(#369),#1303,.T.);
#1374=ADVANCED_FACE('',(#370),#1304,.F.);
#1375=ADVANCED_FACE('',(#371),#66,.F.);
#1376=ADVANCED_FACE('',(#372),#340,.T.);
#1377=ADVANCED_FACE('',(#373),#1305,.T.);
#1378=ADVANCED_FACE('',(#374),#1306,.F.);
#1379=ADVANCED_FACE('',(#375),#67,.F.);
#1380=ADVANCED_FACE('',(#376),#341,.T.);
#1381=ADVANCED_FACE('',(#377),#1307,.T.);
#1382=ADVANCED_FACE('',(#378),#1308,.F.);
#1383=ADVANCED_FACE('',(#379),#68,.F.);
#1384=ADVANCED_FACE('',(#380),#342,.T.);
#1385=ADVANCED_FACE('',(#381),#1309,.T.);
#1386=ADVANCED_FACE('',(#382),#1310,.F.);
#1387=ADVANCED_FACE('',(#383),#53,.F.);
#1388=ADVANCED_FACE('',(#384),#1311,.T.);
#1389=ADVANCED_FACE('',(#385),#1312,.F.);
#1390=ADVANCED_FACE('',(#386),#1313,.T.);
#1391=ADVANCED_FACE('',(#387),#1314,.T.);
#1392=ADVANCED_FACE('',(#388),#54,.T.);
#1393=ADVANCED_FACE('',(#389),#1315,.T.);
#1394=ADVANCED_FACE('',(#390),#1316,.T.);
#1395=ADVANCED_FACE('',(#391),#1317,.T.);
#1396=ADVANCED_FACE('',(#392),#55,.T.);
#1397=ADVANCED_FACE('',(#393),#1318,.T.);
#1398=ADVANCED_FACE('',(#394),#1319,.T.);
#1399=ADVANCED_FACE('',(#395),#56,.F.);
#1400=ADVANCED_FACE('',(#396),#1320,.F.);
#1401=ADVANCED_FACE('',(#397),#1321,.T.);
#1402=ADVANCED_FACE('',(#398),#1322,.T.);
#1403=ADVANCED_FACE('',(#399),#1323,.T.);
#1404=ADVANCED_FACE('',(#400),#57,.T.);
#1405=ADVANCED_FACE('',(#401),#1324,.T.);
#1406=ADVANCED_FACE('',(#402),#58,.T.);
#1407=ADVANCED_FACE('',(#403),#1325,.T.);
#1408=ADVANCED_FACE('',(#404),#1326,.T.);
#1409=ADVANCED_FACE('',(#405),#1327,.T.);
#1410=ADVANCED_FACE('',(#406),#1328,.T.);
#1411=ADVANCED_FACE('',(#407),#59,.F.);
#1412=ADVANCED_FACE('',(#408),#60,.F.);
#1413=ADVANCED_FACE('',(#409),#1329,.T.);
#1414=ADVANCED_FACE('',(#410),#1330,.F.);
#1415=ADVANCED_FACE('',(#411),#1331,.F.);
#1416=ADVANCED_FACE('',(#412),#61,.F.);
#1417=ADVANCED_FACE('',(#413),#1332,.F.);
#1418=ADVANCED_FACE('',(#414),#1333,.F.);
#1419=ADVANCED_FACE('',(#415),#1334,.F.);
#1420=ADVANCED_FACE('',(#416),#1335,.F.);
#1421=ADVANCED_FACE('',(#417),#1336,.F.);
#1422=ADVANCED_FACE('',(#418),#1337,.F.);
#1423=ADVANCED_FACE('',(#419),#62,.F.);
#1424=ADVANCED_FACE('',(#420),#1338,.F.);
#1425=ADVANCED_FACE('',(#421),#1339,.F.);
#1426=ADVANCED_FACE('',(#422),#1340,.F.);
#1427=ADVANCED_FACE('',(#423),#1341,.F.);
#1428=ADVANCED_FACE('',(#424),#63,.F.);
#1429=ADVANCED_FACE('',(#425),#1342,.F.);
#1430=ADVANCED_FACE('',(#426),#64,.F.);
#1431=ADVANCED_FACE('',(#427),#1343,.F.);
#1432=ADVANCED_FACE('',(#428),#1344,.F.);
#1433=ADVANCED_FACE('',(#429),#1345,.F.);
#1434=ADVANCED_FACE('',(#430),#1346,.T.);
#1435=CLOSED_SHELL('',(#1347,#1348,#1349,#1350,#1351,#1352,#1353,#1354,
#1355,#1356,#1357,#1358,#1359));
#1436=CLOSED_SHELL('',(#1360,#1361,#1362,#1363,#1364,#1365,#1366,#1367,
#1368,#1369,#1370));
#1437=CLOSED_SHELL('',(#1371,#1372,#1373,#1374));
#1438=CLOSED_SHELL('',(#1375,#1376,#1377,#1378));
#1439=CLOSED_SHELL('',(#1379,#1380,#1381,#1382));
#1440=CLOSED_SHELL('',(#1383,#1384,#1385,#1386));
#1441=CLOSED_SHELL('',(#1387,#1388,#1389,#1390,#1391,#1392,#1393,#1394,
#1395,#1396,#1397,#1398));
#1442=CLOSED_SHELL('',(#1399,#1400,#1401,#1402,#1403,#1404,#1405,#1406,
#1407,#1408,#1409,#1410));
#1443=CLOSED_SHELL('',(#1411,#1412,#1413,#1414,#1415,#1416,#1417,#1418,
#1419,#1420,#1421,#1422));
#1444=CLOSED_SHELL('',(#1423,#1424,#1425,#1426,#1427,#1428,#1429,#1430,
#1431,#1432,#1433,#1434));
#1445=DERIVED_UNIT_ELEMENT(#1447,1.);
#1446=DERIVED_UNIT_ELEMENT(#3028,-3.);
#1447=(
MASS_UNIT()
NAMED_UNIT(*)
SI_UNIT(.KILO.,.GRAM.)
);
#1448=DERIVED_UNIT((#1445,#1446));
#1449=MEASURE_REPRESENTATION_ITEM('density measure',
POSITIVE_RATIO_MEASURE(7850.),#1448);
#1450=PROPERTY_DEFINITION_REPRESENTATION(#1455,#1452);
#1451=PROPERTY_DEFINITION_REPRESENTATION(#1456,#1453);
#1452=REPRESENTATION('material name',(#1454),#3025);
#1453=REPRESENTATION('density',(#1449),#3025);
#1454=DESCRIPTIVE_REPRESENTATION_ITEM('Steel','Steel');
#1455=PROPERTY_DEFINITION('material property','material name',#3035);
#1456=PROPERTY_DEFINITION('material property','density of part',#3035);
#1457=AXIS2_PLACEMENT_3D('',#1914,#1570,#1571);
#1458=AXIS2_PLACEMENT_3D('',#1915,#1572,#1573);
#1459=AXIS2_PLACEMENT_3D('',#1917,#1574,#1575);
#1460=AXIS2_PLACEMENT_3D('',#1918,#1576,#1577);
#1461=AXIS2_PLACEMENT_3D('',#1921,#1578,#1579);
#1462=AXIS2_PLACEMENT_3D('',#1925,#1581,#1582);
#1463=AXIS2_PLACEMENT_3D('',#1927,#1584,#1585);
#1464=AXIS2_PLACEMENT_3D('',#1933,#1589,#1590);
#1465=AXIS2_PLACEMENT_3D('',#1937,#1592,#1593);
#1466=AXIS2_PLACEMENT_3D('',#1941,#1595,#1596);
#1467=AXIS2_PLACEMENT_3D('',#1943,#1598,#1599);
#1468=AXIS2_PLACEMENT_3D('',#1946,#1600,#1601);
#1469=AXIS2_PLACEMENT_3D('',#1949,#1604,#1605);
#1470=AXIS2_PLACEMENT_3D('',#1953,#1608,#1609);
#1471=AXIS2_PLACEMENT_3D('',#1955,#1610,#1611);
#1472=AXIS2_PLACEMENT_3D('',#1957,#1613,#1614);
#1473=AXIS2_PLACEMENT_3D('',#1960,#1616,#1617);
#1474=AXIS2_PLACEMENT_3D('',#1961,#1618,#1619);
#1475=AXIS2_PLACEMENT_3D('',#1963,#1620,#1621);
#1476=AXIS2_PLACEMENT_3D('',#1966,#1623,#1624);
#1477=AXIS2_PLACEMENT_3D('',#1967,#1625,#1626);
#1478=AXIS2_PLACEMENT_3D('',#1968,#1627,#1628);
#1479=AXIS2_PLACEMENT_3D('',#1970,#1630,#1631);
#1480=AXIS2_PLACEMENT_3D('',#1972,#1633,#1634);
#1481=AXIS2_PLACEMENT_3D('',#1973,#1635,#1636);
#1482=AXIS2_PLACEMENT_3D('',#1976,#1637,#1638);
#1483=AXIS2_PLACEMENT_3D('',#1980,#1640,#1641);
#1484=AXIS2_PLACEMENT_3D('',#1982,#1643,#1644);
#1485=AXIS2_PLACEMENT_3D('',#1988,#1648,#1649);
#1486=AXIS2_PLACEMENT_3D('',#1992,#1651,#1652);
#1487=AXIS2_PLACEMENT_3D('',#1996,#1654,#1655);
#1488=AXIS2_PLACEMENT_3D('',#1999,#1657,#1658);
#1489=AXIS2_PLACEMENT_3D('',#2001,#1659,#1660);
#1490=AXIS2_PLACEMENT_3D('',#2002,#1661,#1662);
#1491=AXIS2_PLACEMENT_3D('',#2004,#1663,#1664);
#1492=AXIS2_PLACEMENT_3D('',#2006,#1666,#1667);
#1493=AXIS2_PLACEMENT_3D('',#2010,#1670,#1671);
#1494=AXIS2_PLACEMENT_3D('',#2012,#1672,#1673);
#1495=AXIS2_PLACEMENT_3D('',#2014,#1675,#1676);
#1496=AXIS2_PLACEMENT_3D('',#2018,#1679,#1680);
#1497=AXIS2_PLACEMENT_3D('',#2020,#1681,#1682);
#1498=AXIS2_PLACEMENT_3D('',#2022,#1684,#1685);
#1499=AXIS2_PLACEMENT_3D('',#2024,#1686,#1687);
#1500=AXIS2_PLACEMENT_3D('',#2026,#1689,#1690);
#1501=AXIS2_PLACEMENT_3D('',#2028,#1692,#1693);
#1502=AXIS2_PLACEMENT_3D('',#2058,#1694,#1695);
#1503=AXIS2_PLACEMENT_3D('',#2060,#1696,#1697);
#1504=AXIS2_PLACEMENT_3D('',#2061,#1698,#1699);
#1505=AXIS2_PLACEMENT_3D('',#2062,#1700,#1701);
#1506=AXIS2_PLACEMENT_3D('',#2063,#1702,#1703);
#1507=AXIS2_PLACEMENT_3D('',#2066,#1705,#1706);
#1508=AXIS2_PLACEMENT_3D('',#2067,#1707,#1708);
#1509=AXIS2_PLACEMENT_3D('',#2068,#1709,#1710);
#1510=AXIS2_PLACEMENT_3D('',#2098,#1711,#1712);
#1511=AXIS2_PLACEMENT_3D('',#2100,#1713,#1714);
#1512=AXIS2_PLACEMENT_3D('',#2101,#1715,#1716);
#1513=AXIS2_PLACEMENT_3D('',#2102,#1717,#1718);
#1514=AXIS2_PLACEMENT_3D('',#2103,#1719,#1720);
#1515=AXIS2_PLACEMENT_3D('',#2106,#1722,#1723);
#1516=AXIS2_PLACEMENT_3D('',#2107,#1724,#1725);
#1517=AXIS2_PLACEMENT_3D('',#2108,#1726,#1727);
#1518=AXIS2_PLACEMENT_3D('',#2138,#1728,#1729);
#1519=AXIS2_PLACEMENT_3D('',#2140,#1730,#1731);
#1520=AXIS2_PLACEMENT_3D('',#2141,#1732,#1733);
#1521=AXIS2_PLACEMENT_3D('',#2142,#1734,#1735);
#1522=AXIS2_PLACEMENT_3D('',#2143,#1736,#1737);
#1523=AXIS2_PLACEMENT_3D('',#2146,#1739,#1740);
#1524=AXIS2_PLACEMENT_3D('',#2147,#1741,#1742);
#1525=AXIS2_PLACEMENT_3D('',#2148,#1743,#1744);
#1526=AXIS2_PLACEMENT_3D('',#2178,#1745,#1746);
#1527=AXIS2_PLACEMENT_3D('',#2180,#1747,#1748);
#1528=AXIS2_PLACEMENT_3D('',#2181,#1749,#1750);
#1529=AXIS2_PLACEMENT_3D('',#2182,#1751,#1752);
#1530=AXIS2_PLACEMENT_3D('',#2183,#1753,#1754);
#1531=AXIS2_PLACEMENT_3D('',#2186,#1756,#1757);
#1532=AXIS2_PLACEMENT_3D('',#2187,#1758,#1759);
#1533=AXIS2_PLACEMENT_3D('',#2188,#1760,#1761);
#1534=AXIS2_PLACEMENT_3D('',#2215,#1764,#1765);
#1535=AXIS2_PLACEMENT_3D('',#2221,#1769,#1770);
#1536=AXIS2_PLACEMENT_3D('',#2253,#1775,#1776);
#1537=AXIS2_PLACEMENT_3D('',#2277,#1779,#1780);
#1538=AXIS2_PLACEMENT_3D('',#2356,#1785,#1786);
#1539=AXIS2_PLACEMENT_3D('',#2361,#1787,#1788);
#1540=AXIS2_PLACEMENT_3D('',#2367,#1792,#1793);
#1541=AXIS2_PLACEMENT_3D('',#2395,#1795,#1796);
#1542=AXIS2_PLACEMENT_3D('',#2397,#1798,#1799);
#1543=AXIS2_PLACEMENT_3D('',#2424,#1802,#1803);
#1544=AXIS2_PLACEMENT_3D('',#2457,#1809,#1810);
#1545=AXIS2_PLACEMENT_3D('',#2461,#1813,#1814);
#1546=AXIS2_PLACEMENT_3D('',#2488,#1817,#1818);
#1547=AXIS2_PLACEMENT_3D('',#2524,#1822,#1823);
#1548=AXIS2_PLACEMENT_3D('',#2595,#1825,#1826);
#1549=AXIS2_PLACEMENT_3D('',#2599,#1829,#1830);
#1550=AXIS2_PLACEMENT_3D('',#2603,#1833,#1834);
#1551=AXIS2_PLACEMENT_3D('',#2605,#1836,#1837);
#1552=AXIS2_PLACEMENT_3D('',#2677,#1841,#1842);
#1553=AXIS2_PLACEMENT_3D('',#2704,#1848,#1849);
#1554=AXIS2_PLACEMENT_3D('',#2722,#1852,#1853);
#1555=AXIS2_PLACEMENT_3D('',#2799,#1857,#1858);
#1556=AXIS2_PLACEMENT_3D('',#2800,#1859,#1860);
#1557=AXIS2_PLACEMENT_3D('',#2806,#1864,#1865);
#1558=AXIS2_PLACEMENT_3D('',#2808,#1867,#1868);
#1559=AXIS2_PLACEMENT_3D('',#2812,#1871,#1872);
#1560=AXIS2_PLACEMENT_3D('',#2814,#1874,#1875);
#1561=AXIS2_PLACEMENT_3D('',#2841,#1878,#1879);
#1562=AXIS2_PLACEMENT_3D('',#2874,#1885,#1886);
#1563=AXIS2_PLACEMENT_3D('',#2878,#1889,#1890);
#1564=AXIS2_PLACEMENT_3D('',#2902,#1892,#1893);
#1565=AXIS2_PLACEMENT_3D('',#2939,#1897,#1898);
#1566=AXIS2_PLACEMENT_3D('',#3012,#1901,#1902);
#1567=AXIS2_PLACEMENT_3D('',#3016,#1905,#1906);
#1568=AXIS2_PLACEMENT_3D('',#3020,#1909,#1910);
#1569=AXIS2_PLACEMENT_3D('',#3022,#1912,#1913);
#1570=DIRECTION('axis',(0.,0.,1.));
#1571=DIRECTION('refdir',(1.,0.,0.));
#1572=DIRECTION('center_axis',(0.,0.,1.));
#1573=DIRECTION('ref_axis',(-1.,0.,0.));
#1574=DIRECTION('center_axis',(0.,0.,1.));
#1575=DIRECTION('ref_axis',(-1.,0.,0.));
#1576=DIRECTION('center_axis',(0.,0.,1.));
#1577=DIRECTION('ref_axis',(0.707106781186548,0.707106781186548,0.));
#1578=DIRECTION('center_axis',(0.,0.,-1.));
#1579=DIRECTION('ref_axis',(0.707106781186548,0.707106781186548,0.));
#1580=DIRECTION('',(0.,0.,-1.));
#1581=DIRECTION('center_axis',(0.,0.,1.));
#1582=DIRECTION('ref_axis',(0.707106781186548,0.707106781186548,0.));
#1583=DIRECTION('',(0.,0.,1.));
#1584=DIRECTION('center_axis',(0.,1.,0.));
#1585=DIRECTION('ref_axis',(-1.,0.,0.));
#1586=DIRECTION('',(-1.,0.,0.));
#1587=DIRECTION('',(0.,0.,1.));
#1588=DIRECTION('',(-1.,0.,0.));
#1589=DIRECTION('center_axis',(0.,0.,1.));
#1590=DIRECTION('ref_axis',(1.,0.,0.));
#1591=DIRECTION('',(0.,1.,0.));
#1592=DIRECTION('center_axis',(0.,0.,1.));
#1593=DIRECTION('ref_axis',(0.707106781186548,-0.707106781186547,0.));
#1594=DIRECTION('',(1.,2.56790659251631E-33,0.));
#1595=DIRECTION('center_axis',(0.,0.,1.));
#1596=DIRECTION('ref_axis',(-0.707106781186547,-0.707106781186548,0.));
#1597=DIRECTION('',(0.,-1.,0.));
#1598=DIRECTION('center_axis',(0.,0.,1.));
#1599=DIRECTION('ref_axis',(-0.707106781186547,-0.707106781186548,0.));
#1600=DIRECTION('center_axis',(0.,0.,-1.));
#1601=DIRECTION('ref_axis',(-0.707106781186547,-0.707106781186548,0.));
#1602=DIRECTION('',(0.,0.,-1.));
#1603=DIRECTION('',(0.,0.,1.));
#1604=DIRECTION('center_axis',(2.56790659251631E-33,-1.,0.));
#1605=DIRECTION('ref_axis',(1.,2.56790659251631E-33,0.));
#1606=DIRECTION('',(0.,0.,-1.));
#1607=DIRECTION('',(1.,2.56790659251631E-33,0.));
#1608=DIRECTION('center_axis',(0.,0.,1.));
#1609=DIRECTION('ref_axis',(0.707106781186548,-0.707106781186547,0.));
#1610=DIRECTION('center_axis',(0.,0.,-1.));
#1611=DIRECTION('ref_axis',(0.707106781186548,-0.707106781186547,0.));
#1612=DIRECTION('',(0.,0.,1.));
#1613=DIRECTION('center_axis',(0.,0.,1.));
#1614=DIRECTION('ref_axis',(-1.,0.,0.));
#1615=DIRECTION('',(0.,0.,-1.));
#1616=DIRECTION('center_axis',(0.,0.,-1.));
#1617=DIRECTION('ref_axis',(-1.,0.,0.));
#1618=DIRECTION('center_axis',(0.,0.,-1.));
#1619=DIRECTION('ref_axis',(-1.,0.,0.));
#1620=DIRECTION('center_axis',(0.,0.,-1.));
#1621=DIRECTION('ref_axis',(-1.,0.,0.));
#1622=DIRECTION('',(0.,0.,-1.));
#1623=DIRECTION('center_axis',(0.,0.,-1.));
#1624=DIRECTION('ref_axis',(-1.,0.,0.));
#1625=DIRECTION('center_axis',(0.,0.,1.));
#1626=DIRECTION('ref_axis',(-1.,0.,0.));
#1627=DIRECTION('center_axis',(1.,0.,0.));
#1628=DIRECTION('ref_axis',(0.,1.,0.));
#1629=DIRECTION('',(0.,1.,0.));
#1630=DIRECTION('center_axis',(-1.,0.,0.));
#1631=DIRECTION('ref_axis',(0.,-1.,0.));
#1632=DIRECTION('',(0.,-1.,0.));
#1633=DIRECTION('center_axis',(0.,0.,1.));
#1634=DIRECTION('ref_axis',(1.,0.,0.));
#1635=DIRECTION('center_axis',(0.,0.,1.));
#1636=DIRECTION('ref_axis',(0.707106781186548,0.707106781186548,0.));
#1637=DIRECTION('center_axis',(0.,0.,-1.));
#1638=DIRECTION('ref_axis',(0.707106781186548,0.707106781186548,0.));
#1639=DIRECTION('',(0.,0.,-1.));
#1640=DIRECTION('center_axis',(0.,0.,1.));
#1641=DIRECTION('ref_axis',(0.707106781186548,0.707106781186548,0.));
#1642=DIRECTION('',(0.,0.,1.));
#1643=DIRECTION('center_axis',(0.,1.,0.));
#1644=DIRECTION('ref_axis',(-1.,0.,0.));
#1645=DIRECTION('',(-1.,0.,0.));
#1646=DIRECTION('',(0.,0.,-1.));
#1647=DIRECTION('',(-1.,0.,0.));
#1648=DIRECTION('center_axis',(0.,0.,1.));
#1649=DIRECTION('ref_axis',(1.,0.,0.));
#1650=DIRECTION('',(0.,1.,0.));
#1651=DIRECTION('center_axis',(0.,0.,1.));
#1652=DIRECTION('ref_axis',(0.707106781186548,-0.707106781186547,0.));
#1653=DIRECTION('',(1.,2.56790659251631E-33,0.));
#1654=DIRECTION('center_axis',(0.,0.,1.));
#1655=DIRECTION('ref_axis',(-0.707106781186547,-0.707106781186548,0.));
#1656=DIRECTION('',(0.,-1.,0.));
#1657=DIRECTION('center_axis',(0.,0.,1.));
#1658=DIRECTION('ref_axis',(-0.707106781186548,0.707106781186548,0.));
#1659=DIRECTION('center_axis',(0.,0.,1.));
#1660=DIRECTION('ref_axis',(-1.,0.,0.));
#1661=DIRECTION('center_axis',(0.,0.,1.));
#1662=DIRECTION('ref_axis',(-0.707106781186548,0.707106781186548,0.));
#1663=DIRECTION('center_axis',(0.,0.,-1.));
#1664=DIRECTION('ref_axis',(-0.707106781186548,0.707106781186548,0.));
#1665=DIRECTION('',(0.,0.,1.));
#1666=DIRECTION('center_axis',(-1.,0.,0.));
#1667=DIRECTION('ref_axis',(0.,-1.,0.));
#1668=DIRECTION('',(0.,0.,-1.));
#1669=DIRECTION('',(0.,-1.,0.));
#1670=DIRECTION('center_axis',(0.,0.,1.));
#1671=DIRECTION('ref_axis',(-0.707106781186547,-0.707106781186548,0.));
#1672=DIRECTION('center_axis',(0.,0.,-1.));
#1673=DIRECTION('ref_axis',(-0.707106781186547,-0.707106781186548,0.));
#1674=DIRECTION('',(0.,0.,1.));
#1675=DIRECTION('center_axis',(2.56790659251631E-33,-1.,0.));
#1676=DIRECTION('ref_axis',(1.,2.56790659251631E-33,0.));
#1677=DIRECTION('',(0.,0.,-1.));
#1678=DIRECTION('',(1.,2.56790659251631E-33,0.));
#1679=DIRECTION('center_axis',(0.,0.,1.));
#1680=DIRECTION('ref_axis',(0.707106781186548,-0.707106781186547,0.));
#1681=DIRECTION('center_axis',(0.,0.,-1.));
#1682=DIRECTION('ref_axis',(0.707106781186548,-0.707106781186547,0.));
#1683=DIRECTION('',(0.,0.,1.));
#1684=DIRECTION('center_axis',(0.,0.,-1.));
#1685=DIRECTION('ref_axis',(-1.,0.,0.));
#1686=DIRECTION('center_axis',(0.,0.,-1.));
#1687=DIRECTION('ref_axis',(-1.,0.,0.));
#1688=DIRECTION('',(0.,0.,-1.));
#1689=DIRECTION('center_axis',(1.,0.,0.));
#1690=DIRECTION('ref_axis',(0.,1.,0.));
#1691=DIRECTION('',(0.,1.,0.));
#1692=DIRECTION('center_axis',(0.,0.,1.));
#1693=DIRECTION('ref_axis',(1.,0.,0.));
#1694=DIRECTION('center_axis',(0.,0.,1.));
#1695=DIRECTION('ref_axis',(-1.,0.,0.));
#1696=DIRECTION('center_axis',(0.,1.,0.));
#1697=DIRECTION('ref_axis',(-1.,0.,0.));
#1698=DIRECTION('center_axis',(0.,0.,-1.));
#1699=DIRECTION('ref_axis',(-1.,0.,0.));
#1700=DIRECTION('center_axis',(0.,0.,1.));
#1701=DIRECTION('ref_axis',(-1.,0.,0.));
#1702=DIRECTION('center_axis',(0.,0.,1.));
#1703=DIRECTION('ref_axis',(-1.,0.,0.));
#1704=DIRECTION('',(0.,0.,-1.));
#1705=DIRECTION('center_axis',(0.,0.,1.));
#1706=DIRECTION('ref_axis',(-1.,0.,0.));
#1707=DIRECTION('center_axis',(0.,0.,1.));
#1708=DIRECTION('ref_axis',(-1.,0.,0.));
#1709=DIRECTION('center_axis',(0.,0.,1.));
#1710=DIRECTION('ref_axis',(-1.,0.,0.));
#1711=DIRECTION('center_axis',(0.,0.,1.));
#1712=DIRECTION('ref_axis',(-1.,0.,0.));
#1713=DIRECTION('center_axis',(-1.54218164238818E-30,1.,1.3890737339994E-15));
#1714=DIRECTION('ref_axis',(-1.,0.,-1.11022302462516E-15));
#1715=DIRECTION('center_axis',(0.,0.,-1.));
#1716=DIRECTION('ref_axis',(-1.,0.,0.));
#1717=DIRECTION('center_axis',(0.,0.,1.));
#1718=DIRECTION('ref_axis',(-1.,0.,0.));
#1719=DIRECTION('center_axis',(0.,0.,1.));
#1720=DIRECTION('ref_axis',(-1.,0.,0.));
#1721=DIRECTION('',(0.,0.,-1.));
#1722=DIRECTION('center_axis',(0.,0.,1.));
#1723=DIRECTION('ref_axis',(-1.,0.,0.));
#1724=DIRECTION('center_axis',(0.,0.,1.));
#1725=DIRECTION('ref_axis',(-1.,0.,0.));
#1726=DIRECTION('center_axis',(0.,0.,1.));
#1727=DIRECTION('ref_axis',(-1.,0.,0.));
#1728=DIRECTION('center_axis',(0.,0.,1.));
#1729=DIRECTION('ref_axis',(-1.,0.,0.));
#1730=DIRECTION('center_axis',(4.71264384393741E-30,1.,4.71641356877475E-16));
#1731=DIRECTION('ref_axis',(-1.,0.,9.99200722162641E-15));
#1732=DIRECTION('center_axis',(0.,0.,-1.));
#1733=DIRECTION('ref_axis',(-1.,0.,0.));
#1734=DIRECTION('center_axis',(0.,0.,1.));
#1735=DIRECTION('ref_axis',(-1.,0.,0.));
#1736=DIRECTION('center_axis',(0.,0.,1.));
#1737=DIRECTION('ref_axis',(-1.,0.,0.));
#1738=DIRECTION('',(0.,0.,-1.));
#1739=DIRECTION('center_axis',(0.,0.,1.));
#1740=DIRECTION('ref_axis',(-1.,0.,0.));
#1741=DIRECTION('center_axis',(0.,0.,1.));
#1742=DIRECTION('ref_axis',(-1.,0.,0.));
#1743=DIRECTION('center_axis',(0.,0.,1.));
#1744=DIRECTION('ref_axis',(-1.,0.,0.));
#1745=DIRECTION('center_axis',(0.,0.,1.));
#1746=DIRECTION('ref_axis',(-1.,0.,0.));
#1747=DIRECTION('center_axis',(-1.54218164238817E-30,1.,1.3890737339994E-15));
#1748=DIRECTION('ref_axis',(-1.,0.,-1.11022302462515E-15));
#1749=DIRECTION('center_axis',(0.,0.,-1.));
#1750=DIRECTION('ref_axis',(-1.,0.,0.));
#1751=DIRECTION('center_axis',(0.,0.,1.));
#1752=DIRECTION('ref_axis',(-1.,0.,0.));
#1753=DIRECTION('center_axis',(0.,0.,1.));
#1754=DIRECTION('ref_axis',(-1.,0.,0.));
#1755=DIRECTION('',(0.,0.,-1.));
#1756=DIRECTION('center_axis',(0.,0.,1.));
#1757=DIRECTION('ref_axis',(-1.,0.,0.));
#1758=DIRECTION('center_axis',(0.,0.,1.));
#1759=DIRECTION('ref_axis',(-1.,0.,0.));
#1760=DIRECTION('center_axis',(0.,0.,1.));
#1761=DIRECTION('ref_axis',(-1.,0.,0.));
#1762=DIRECTION('',(0.,-1.,0.));
#1763=DIRECTION('',(0.,1.,0.));
#1764=DIRECTION('center_axis',(0.894427190999916,0.,0.447213595499958));
#1765=DIRECTION('ref_axis',(0.447213595499958,1.14840274014727E-33,-0.894427190999916));
#1766=DIRECTION('',(0.447213595499958,1.14840274014727E-33,-0.894427190999916));
#1767=DIRECTION('',(0.,1.,0.));
#1768=DIRECTION('',(0.447213595499958,1.14840274014727E-33,-0.894427190999916));
#1769=DIRECTION('center_axis',(2.56790659251631E-33,-1.,0.));
#1770=DIRECTION('ref_axis',(1.,2.56790659251631E-33,0.));
#1771=DIRECTION('',(1.,2.56790659251631E-33,0.));
#1772=DIRECTION('',(-0.447213595499958,-1.14840274014727E-33,0.894427190999916));
#1773=DIRECTION('',(0.,0.,1.));
#1774=DIRECTION('',(0.756231520109441,1.94193190595767E-33,-0.654304125000725));
#1775=DIRECTION('center_axis',(2.43613009527403E-33,-0.948683298050514,
-0.316227766016838));
#1776=DIRECTION('ref_axis',(8.55284707229502E-50,0.316227766016838,-0.948683298050514));
#1777=DIRECTION('',(-1.,-2.56790659251631E-33,0.));
#1778=DIRECTION('',(1.,2.56790659251631E-33,0.));
#1779=DIRECTION('center_axis',(0.,0.,-1.));
#1780=DIRECTION('ref_axis',(-1.,-2.56790659251631E-33,0.));
#1781=DIRECTION('',(0.,1.,0.));
#1782=DIRECTION('',(-1.,-2.56790659251631E-33,0.));
#1783=DIRECTION('',(0.,1.,0.));
#1784=DIRECTION('',(0.,1.,0.));
#1785=DIRECTION('center_axis',(-2.43613009527403E-33,0.948683298050514,
-0.316227766016838));
#1786=DIRECTION('ref_axis',(8.55284707229502E-50,0.316227766016838,0.948683298050514));
#1787=DIRECTION('center_axis',(-1.,0.,0.));
#1788=DIRECTION('ref_axis',(0.,0.,1.));
#1789=DIRECTION('',(0.,0.,-1.));
#1790=DIRECTION('',(0.,1.,0.));
#1791=DIRECTION('',(0.,1.,0.));
#1792=DIRECTION('center_axis',(-0.894427190999916,0.,-0.447213595499958));
#1793=DIRECTION('ref_axis',(-0.447213595499958,-1.14840274014727E-33,0.894427190999916));
#1794=DIRECTION('',(0.447213595499958,1.14840274014727E-33,-0.894427190999916));
#1795=DIRECTION('center_axis',(0.654304125000725,0.,0.756231520109441));
#1796=DIRECTION('ref_axis',(0.756231520109441,1.94193190595767E-33,-0.654304125000725));
#1797=DIRECTION('',(-0.756231520109441,-1.94193190595767E-33,0.654304125000725));
#1798=DIRECTION('center_axis',(2.56790659251631E-33,-1.,0.));
#1799=DIRECTION('ref_axis',(1.,2.56790659251631E-33,0.));
#1800=DIRECTION('',(0.,-1.,0.));
#1801=DIRECTION('',(0.,1.,0.));
#1802=DIRECTION('center_axis',(2.56790659251631E-33,-1.,0.));
#1803=DIRECTION('ref_axis',(1.,2.56790659251631E-33,0.));
#1804=DIRECTION('',(0.447213595499958,1.14840274014727E-33,0.894427190999916));
#1805=DIRECTION('',(0.756231520109441,1.94193190595767E-33,0.654304125000725));
#1806=DIRECTION('',(0.,0.,-1.));
#1807=DIRECTION('',(-0.447213595499958,-1.14840274014727E-33,-0.894427190999916));
#1808=DIRECTION('',(1.,2.56790659251631E-33,0.));
#1809=DIRECTION('center_axis',(-0.894427190999916,0.,0.447213595499958));
#1810=DIRECTION('ref_axis',(0.447213595499958,1.14840274014727E-33,0.894427190999916));
#1811=DIRECTION('',(-0.447213595499958,-1.14840274014727E-33,-0.894427190999916));
#1812=DIRECTION('',(0.,1.,0.));
#1813=DIRECTION('center_axis',(2.43613009527403E-33,-0.948683298050514,
-0.316227766016838));
#1814=DIRECTION('ref_axis',(8.55284707229502E-50,0.316227766016838,-0.948683298050514));
#1815=DIRECTION('',(1.,2.56790659251631E-33,0.));
#1816=DIRECTION('',(-1.,-2.56790659251631E-33,0.));
#1817=DIRECTION('center_axis',(0.,0.,-1.));
#1818=DIRECTION('ref_axis',(-1.,-2.56790659251631E-33,0.));
#1819=DIRECTION('',(0.,1.,0.));
#1820=DIRECTION('',(-1.,-2.56790659251631E-33,0.));
#1821=DIRECTION('',(0.,1.,0.));
#1822=DIRECTION('center_axis',(-2.43613009527403E-33,0.948683298050514,
-0.316227766016838));
#1823=DIRECTION('ref_axis',(8.55284707229502E-50,0.316227766016838,0.948683298050514));
#1824=DIRECTION('',(0.,1.,0.));
#1825=DIRECTION('center_axis',(0.894427190999916,0.,-0.447213595499958));
#1826=DIRECTION('ref_axis',(-0.447213595499958,-1.14840274014727E-33,-0.894427190999916));
#1827=DIRECTION('',(-0.447213595499958,-1.14840274014727E-33,-0.894427190999916));
#1828=DIRECTION('',(0.,1.,0.));
#1829=DIRECTION('center_axis',(1.,0.,0.));
#1830=DIRECTION('ref_axis',(0.,0.,-1.));
#1831=DIRECTION('',(0.,0.,-1.));
#1832=DIRECTION('',(0.,1.,0.));
#1833=DIRECTION('center_axis',(-0.654304125000725,0.,0.756231520109441));
#1834=DIRECTION('ref_axis',(0.756231520109441,1.94193190595767E-33,0.654304125000725));
#1835=DIRECTION('',(0.756231520109441,1.94193190595767E-33,0.654304125000725));
#1836=DIRECTION('center_axis',(2.56790659251631E-33,-1.,0.));
#1837=DIRECTION('ref_axis',(1.,2.56790659251631E-33,0.));
#1838=DIRECTION('',(0.,1.,0.));
#1839=DIRECTION('',(0.,-1.,0.));
#1840=DIRECTION('',(5.13581318503263E-33,-1.,0.));
#1841=DIRECTION('center_axis',(2.56790659251631E-33,-1.,0.));
#1842=DIRECTION('ref_axis',(1.,2.56790659251631E-33,0.));
#1843=DIRECTION('',(0.447213595499958,1.14840274014727E-33,-0.894427190999916));
#1844=DIRECTION('',(0.756231520109441,1.94193190595767E-33,-0.654304125000725));
#1845=DIRECTION('',(0.,0.,1.));
#1846=DIRECTION('',(-0.447213595499958,-1.14840274014727E-33,0.894427190999916));
#1847=DIRECTION('',(1.,2.56790659251631E-33,0.));
#1848=DIRECTION('center_axis',(2.43613009527403E-33,-0.948683298050514,
0.316227766016838));
#1849=DIRECTION('ref_axis',(1.62408673018269E-33,-0.316227766016838,-0.948683298050514));
#1850=DIRECTION('',(1.,2.56790659251631E-33,0.));
#1851=DIRECTION('',(-1.,-2.56790659251631E-33,0.));
#1852=DIRECTION('center_axis',(0.,0.,1.));
#1853=DIRECTION('ref_axis',(-1.,-2.56790659251631E-33,0.));
#1854=DIRECTION('',(-1.,-2.56790659251631E-33,0.));
#1855=DIRECTION('',(5.13581318503263E-33,-1.,0.));
#1856=DIRECTION('',(5.13581318503263E-33,-1.,0.));
#1857=DIRECTION('center_axis',(-2.43613009527403E-33,0.948683298050514,
0.316227766016838));
#1858=DIRECTION('ref_axis',(1.62408673018269E-33,-0.316227766016838,0.948683298050514));
#1859=DIRECTION('center_axis',(1.,5.13581318503263E-33,0.));
#1860=DIRECTION('ref_axis',(0.,0.,1.));
#1861=DIRECTION('',(0.,0.,-1.));
#1862=DIRECTION('',(5.13581318503263E-33,-1.,0.));
#1863=DIRECTION('',(5.13581318503263E-33,-1.,0.));
#1864=DIRECTION('center_axis',(0.894427190999916,4.59361096058907E-33,0.447213595499958));
#1865=DIRECTION('ref_axis',(-0.447213595499958,-1.14840274014727E-33,0.894427190999916));
#1866=DIRECTION('',(0.447213595499958,1.14840274014727E-33,-0.894427190999916));
#1867=DIRECTION('center_axis',(-0.894427190999916,-4.59361096058907E-33,
-0.447213595499958));
#1868=DIRECTION('ref_axis',(0.447213595499958,1.14840274014727E-33,-0.894427190999916));
#1869=DIRECTION('',(0.447213595499958,1.14840274014727E-33,-0.894427190999916));
#1870=DIRECTION('',(5.13581318503263E-33,-1.,0.));
#1871=DIRECTION('center_axis',(-0.654304125000725,-3.36038375219996E-33,
-0.756231520109441));
#1872=DIRECTION('ref_axis',(0.756231520109441,1.94193190595767E-33,-0.654304125000725));
#1873=DIRECTION('',(-0.756231520109441,-1.94193190595767E-33,0.654304125000725));
#1874=DIRECTION('center_axis',(2.56790659251631E-33,-1.,0.));
#1875=DIRECTION('ref_axis',(1.,2.56790659251631E-33,0.));
#1876=DIRECTION('',(0.,1.,0.));
#1877=DIRECTION('',(0.,-1.,0.));
#1878=DIRECTION('center_axis',(2.56790659251631E-33,-1.,0.));
#1879=DIRECTION('ref_axis',(1.,2.56790659251631E-33,0.));
#1880=DIRECTION('',(-0.447213595499958,-1.14840274014727E-33,-0.894427190999916));
#1881=DIRECTION('',(0.756231520109441,1.94193190595767E-33,0.654304125000725));
#1882=DIRECTION('',(0.,0.,-1.));
#1883=DIRECTION('',(-0.447213595499958,-1.14840274014727E-33,-0.894427190999916));
#1884=DIRECTION('',(-1.,-2.56790659251631E-33,0.));
#1885=DIRECTION('center_axis',(0.894427190999916,4.59361096058907E-33,-0.447213595499958));
#1886=DIRECTION('ref_axis',(0.447213595499958,1.14840274014727E-33,0.894427190999916));
#1887=DIRECTION('',(0.447213595499958,1.14840274014727E-33,0.894427190999916));
#1888=DIRECTION('',(5.13581318503263E-33,-1.,0.));
#1889=DIRECTION('center_axis',(2.43613009527403E-33,-0.948683298050514,
0.316227766016838));
#1890=DIRECTION('ref_axis',(1.62408673018269E-33,-0.316227766016838,-0.948683298050514));
#1891=DIRECTION('',(1.,2.56790659251631E-33,0.));
#1892=DIRECTION('center_axis',(0.,0.,1.));
#1893=DIRECTION('ref_axis',(-1.,-2.56790659251631E-33,0.));
#1894=DIRECTION('',(5.13581318503263E-33,-1.,0.));
#1895=DIRECTION('',(-1.,-2.56790659251631E-33,0.));
#1896=DIRECTION('',(5.13581318503263E-33,-1.,0.));
#1897=DIRECTION('center_axis',(-2.43613009527403E-33,0.948683298050514,
0.316227766016838));
#1898=DIRECTION('ref_axis',(1.62408673018269E-33,-0.316227766016838,0.948683298050514));
#1899=DIRECTION('',(1.,2.56790659251631E-33,0.));
#1900=DIRECTION('',(5.13581318503263E-33,-1.,0.));
#1901=DIRECTION('center_axis',(-0.894427190999916,-4.59361096058907E-33,
0.447213595499958));
#1902=DIRECTION('ref_axis',(-0.447213595499958,-1.14840274014727E-33,-0.894427190999916));
#1903=DIRECTION('',(5.13581318503263E-33,-1.,0.));
#1904=DIRECTION('',(-0.447213595499958,-1.14840274014727E-33,-0.894427190999916));
#1905=DIRECTION('center_axis',(-1.,-5.13581318503263E-33,0.));
#1906=DIRECTION('ref_axis',(0.,0.,-1.));
#1907=DIRECTION('',(5.13581318503263E-33,-1.,0.));
#1908=DIRECTION('',(0.,0.,-1.));
#1909=DIRECTION('center_axis',(0.654304125000725,3.36038375219996E-33,-0.756231520109441));
#1910=DIRECTION('ref_axis',(0.756231520109441,1.94193190595767E-33,0.654304125000725));
#1911=DIRECTION('',(0.756231520109441,1.94193190595767E-33,0.654304125000725));
#1912=DIRECTION('center_axis',(2.56790659251631E-33,-1.,0.));
#1913=DIRECTION('ref_axis',(1.,2.56790659251631E-33,0.));
#1914=CARTESIAN_POINT('',(0.,0.,0.));
#1915=CARTESIAN_POINT('Origin',(3.,3.,5.7));
#1916=CARTESIAN_POINT('',(4.65,3.,5.7));
#1917=CARTESIAN_POINT('Origin',(3.,3.,5.7));
#1918=CARTESIAN_POINT('Origin',(5.8,5.8,0.));
#1919=CARTESIAN_POINT('',(5.8,6.,2.5));
#1920=CARTESIAN_POINT('',(6.,5.8,2.5));
#1921=CARTESIAN_POINT('Origin',(5.8,5.8,2.5));
#1922=CARTESIAN_POINT('',(6.,5.8,0.));
#1923=CARTESIAN_POINT('',(6.,5.8,0.));
#1924=CARTESIAN_POINT('',(5.8,6.,0.));
#1925=CARTESIAN_POINT('Origin',(5.8,5.8,0.));
#1926=CARTESIAN_POINT('',(5.8,6.,0.));
#1927=CARTESIAN_POINT('Origin',(6.,6.,0.));
#1928=CARTESIAN_POINT('',(0.,6.,0.));
#1929=CARTESIAN_POINT('',(6.,6.,0.));
#1930=CARTESIAN_POINT('',(0.,6.,2.5));
#1931=CARTESIAN_POINT('',(0.,6.,0.));
#1932=CARTESIAN_POINT('',(6.,6.,2.5));
#1933=CARTESIAN_POINT('Origin',(3.,3.,0.));
#1934=CARTESIAN_POINT('',(6.,0.2,0.));
#1935=CARTESIAN_POINT('',(6.,1.54074395550979E-32,0.));
#1936=CARTESIAN_POINT('',(5.8,1.48938582365946E-32,0.));
#1937=CARTESIAN_POINT('Origin',(5.8,0.2,0.));
#1938=CARTESIAN_POINT('',(0.2,5.13581318503263E-34,0.));
#1939=CARTESIAN_POINT('',(0.,0.,0.));
#1940=CARTESIAN_POINT('',(0.,0.2,0.));
#1941=CARTESIAN_POINT('Origin',(0.2,0.2,0.));
#1942=CARTESIAN_POINT('',(0.,6.,0.));
#1943=CARTESIAN_POINT('Origin',(0.2,0.2,0.));
#1944=CARTESIAN_POINT('',(0.2,5.13581318503263E-34,2.5));
#1945=CARTESIAN_POINT('',(0.,0.2,2.5));
#1946=CARTESIAN_POINT('Origin',(0.2,0.2,2.5));
#1947=CARTESIAN_POINT('',(0.,0.2,0.));
#1948=CARTESIAN_POINT('',(0.2,0.,0.));
#1949=CARTESIAN_POINT('Origin',(0.,0.,0.));
#1950=CARTESIAN_POINT('',(5.8,1.48938582365946E-32,2.5));
#1951=CARTESIAN_POINT('',(5.8,0.,0.));
#1952=CARTESIAN_POINT('',(0.,0.,2.5));
#1953=CARTESIAN_POINT('Origin',(5.8,0.2,0.));
#1954=CARTESIAN_POINT('',(6.,0.2,2.5));
#1955=CARTESIAN_POINT('Origin',(5.8,0.2,2.5));
#1956=CARTESIAN_POINT('',(6.,0.2,0.));
#1957=CARTESIAN_POINT('Origin',(3.,3.,1.7));
#1958=CARTESIAN_POINT('',(4.65,3.,1.7));
#1959=CARTESIAN_POINT('',(4.65,3.,1.7));
#1960=CARTESIAN_POINT('Origin',(3.,3.,1.7));
#1961=CARTESIAN_POINT('Origin',(3.,3.,2.7));
#1962=CARTESIAN_POINT('',(4.75,3.,2.5));
#1963=CARTESIAN_POINT('Origin',(3.,3.,2.5));
#1964=CARTESIAN_POINT('',(4.75,3.,1.7));
#1965=CARTESIAN_POINT('',(4.75,3.,2.7));
#1966=CARTESIAN_POINT('Origin',(3.,3.,1.7));
#1967=CARTESIAN_POINT('Origin',(3.,3.,1.7));
#1968=CARTESIAN_POINT('Origin',(6.,1.54074395550979E-32,0.));
#1969=CARTESIAN_POINT('',(6.,1.54074395550979E-32,2.5));
#1970=CARTESIAN_POINT('Origin',(0.,6.,0.));
#1971=CARTESIAN_POINT('',(0.,6.,2.5));
#1972=CARTESIAN_POINT('Origin',(3.,3.,2.5));
#1973=CARTESIAN_POINT('Origin',(5.8,5.8,2.5));
#1974=CARTESIAN_POINT('',(5.8,6.,2.7));
#1975=CARTESIAN_POINT('',(6.,5.8,2.7));
#1976=CARTESIAN_POINT('Origin',(5.8,5.8,2.7));
#1977=CARTESIAN_POINT('',(6.,5.8,2.5));
#1978=CARTESIAN_POINT('',(6.,5.8,2.5));
#1979=CARTESIAN_POINT('',(5.8,6.,2.5));
#1980=CARTESIAN_POINT('Origin',(5.8,5.8,2.5));
#1981=CARTESIAN_POINT('',(5.8,6.,2.5));
#1982=CARTESIAN_POINT('Origin',(6.,6.,2.5));
#1983=CARTESIAN_POINT('',(0.2,6.,2.5));
#1984=CARTESIAN_POINT('',(6.,6.,2.5));
#1985=CARTESIAN_POINT('',(0.2,6.,2.7));
#1986=CARTESIAN_POINT('',(0.2,6.,2.5));
#1987=CARTESIAN_POINT('',(6.,6.,2.7));
#1988=CARTESIAN_POINT('Origin',(3.,3.,2.5));
#1989=CARTESIAN_POINT('',(6.,0.2,2.5));
#1990=CARTESIAN_POINT('',(6.,1.54074395550979E-32,2.5));
#1991=CARTESIAN_POINT('',(5.8,1.48938582365946E-32,2.5));
#1992=CARTESIAN_POINT('Origin',(5.8,0.2,2.5));
#1993=CARTESIAN_POINT('',(0.2,5.13581318503263E-34,2.5));
#1994=CARTESIAN_POINT('',(0.,0.,2.5));
#1995=CARTESIAN_POINT('',(0.,0.2,2.5));
#1996=CARTESIAN_POINT('Origin',(0.2,0.2,2.5));
#1997=CARTESIAN_POINT('',(0.,5.8,2.5));
#1998=CARTESIAN_POINT('',(0.,6.,2.5));
#1999=CARTESIAN_POINT('Origin',(0.2,5.8,2.5));
#2000=CARTESIAN_POINT('',(4.75,3.,2.5));
#2001=CARTESIAN_POINT('Origin',(3.,3.,2.5));
#2002=CARTESIAN_POINT('Origin',(0.2,5.8,2.5));
#2003=CARTESIAN_POINT('',(0.,5.8,2.7));
#2004=CARTESIAN_POINT('Origin',(0.2,5.8,2.7));
#2005=CARTESIAN_POINT('',(0.,5.8,2.5));
#2006=CARTESIAN_POINT('Origin',(0.,6.,2.5));
#2007=CARTESIAN_POINT('',(0.,0.2,2.7));
#2008=CARTESIAN_POINT('',(0.,0.2,2.5));
#2009=CARTESIAN_POINT('',(0.,6.,2.7));
#2010=CARTESIAN_POINT('Origin',(0.2,0.2,2.5));
#2011=CARTESIAN_POINT('',(0.2,5.13581318503263E-34,2.7));
#2012=CARTESIAN_POINT('Origin',(0.2,0.2,2.7));
#2013=CARTESIAN_POINT('',(0.2,0.,2.5));
#2014=CARTESIAN_POINT('Origin',(0.,0.,2.5));
#2015=CARTESIAN_POINT('',(5.8,1.48938582365946E-32,2.7));
#2016=CARTESIAN_POINT('',(5.8,0.,2.5));
#2017=CARTESIAN_POINT('',(0.,0.,2.7));
#2018=CARTESIAN_POINT('Origin',(5.8,0.2,2.5));
#2019=CARTESIAN_POINT('',(6.,0.2,2.7));
#2020=CARTESIAN_POINT('Origin',(5.8,0.2,2.7));
#2021=CARTESIAN_POINT('',(6.,0.2,2.5));
#2022=CARTESIAN_POINT('Origin',(3.,3.,2.7));
#2023=CARTESIAN_POINT('',(4.75,3.,2.7));
#2024=CARTESIAN_POINT('Origin',(3.,3.,2.7));
#2025=CARTESIAN_POINT('',(4.75,3.,2.7));
#2026=CARTESIAN_POINT('Origin',(6.,1.54074395550979E-32,2.5));
#2027=CARTESIAN_POINT('',(6.,1.54074395550979E-32,2.7));
#2028=CARTESIAN_POINT('Origin',(3.,3.,2.7));
#2029=CARTESIAN_POINT('Ctrl Pts',(0.499999999999999,5.,2.8));
#2030=CARTESIAN_POINT('Ctrl Pts',(0.499999999999999,4.5,2.8));
#2031=CARTESIAN_POINT('Ctrl Pts',(1.,4.5,2.8));
#2032=CARTESIAN_POINT('Ctrl Pts',(1.5,4.5,2.8));
#2033=CARTESIAN_POINT('Ctrl Pts',(1.5,5.,2.8));
#2034=CARTESIAN_POINT('Ctrl Pts',(1.5,5.5,2.8));
#2035=CARTESIAN_POINT('Ctrl Pts',(1.,5.5,2.8));
#2036=CARTESIAN_POINT('Ctrl Pts',(0.499999999999999,5.5,2.8));
#2037=CARTESIAN_POINT('Ctrl Pts',(0.499999999999999,5.,2.8));
#2038=CARTESIAN_POINT('Ctrl Pts',(0.499999999999999,5.,3.1));
#2039=CARTESIAN_POINT('Ctrl Pts',(0.499999999999999,4.5,3.1));
#2040=CARTESIAN_POINT('Ctrl Pts',(1.,4.5,3.1));
#2041=CARTESIAN_POINT('Ctrl Pts',(1.5,4.5,3.1));
#2042=CARTESIAN_POINT('Ctrl Pts',(1.5,5.,3.1));
#2043=CARTESIAN_POINT('Ctrl Pts',(1.5,5.5,3.1));
#2044=CARTESIAN_POINT('Ctrl Pts',(1.,5.5,3.1));
#2045=CARTESIAN_POINT('Ctrl Pts',(0.499999999999999,5.5,3.1));
#2046=CARTESIAN_POINT('Ctrl Pts',(0.499999999999999,5.,3.1));
#2047=CARTESIAN_POINT('Ctrl Pts',(0.800000000000001,5.,3.1));
#2048=CARTESIAN_POINT('Ctrl Pts',(0.800000000000001,4.8,3.1));
#2049=CARTESIAN_POINT('Ctrl Pts',(1.,4.8,3.1));
#2050=CARTESIAN_POINT('Ctrl Pts',(1.2,4.8,3.1));
#2051=CARTESIAN_POINT('Ctrl Pts',(1.2,5.,3.1));
#2052=CARTESIAN_POINT('Ctrl Pts',(1.2,5.2,3.1));
#2053=CARTESIAN_POINT('Ctrl Pts',(1.,5.2,3.1));
#2054=CARTESIAN_POINT('Ctrl Pts',(0.800000000000001,5.2,3.1));
#2055=CARTESIAN_POINT('Ctrl Pts',(0.800000000000001,5.,3.1));
#2056=CARTESIAN_POINT('',(1.5,5.,2.8));
#2057=CARTESIAN_POINT('',(0.499999999999999,5.,2.8));
#2058=CARTESIAN_POINT('Origin',(0.999999999999999,5.,2.8));
#2059=CARTESIAN_POINT('',(0.799999999999998,5.,3.1));
#2060=CARTESIAN_POINT('Origin',(0.800000000000001,5.,2.8));
#2061=CARTESIAN_POINT('Origin',(0.999999999999999,5.,3.1));
#2062=CARTESIAN_POINT('Origin',(0.999999999999999,5.,2.8));
#2063=CARTESIAN_POINT('Origin',(0.999999999999999,5.,2.7));
#2064=CARTESIAN_POINT('',(1.5,5.,2.7));
#2065=CARTESIAN_POINT('',(1.5,5.,2.7));
#2066=CARTESIAN_POINT('Origin',(0.999999999999999,5.,2.7));
#2067=CARTESIAN_POINT('Origin',(0.999999999999999,5.,3.1));
#2068=CARTESIAN_POINT('Origin',(0.999999999999999,5.,2.7));
#2069=CARTESIAN_POINT('Ctrl Pts',(4.5,5.,2.8));
#2070=CARTESIAN_POINT('Ctrl Pts',(4.5,4.5,2.8));
#2071=CARTESIAN_POINT('Ctrl Pts',(5.,4.5,2.8));
#2072=CARTESIAN_POINT('Ctrl Pts',(5.5,4.5,2.8));
#2073=CARTESIAN_POINT('Ctrl Pts',(5.5,5.,2.8));
#2074=CARTESIAN_POINT('Ctrl Pts',(5.5,5.5,2.8));
#2075=CARTESIAN_POINT('Ctrl Pts',(5.,5.5,2.8));
#2076=CARTESIAN_POINT('Ctrl Pts',(4.5,5.5,2.8));
#2077=CARTESIAN_POINT('Ctrl Pts',(4.5,5.,2.8));
#2078=CARTESIAN_POINT('Ctrl Pts',(4.5,5.,3.1));
#2079=CARTESIAN_POINT('Ctrl Pts',(4.5,4.5,3.1));
#2080=CARTESIAN_POINT('Ctrl Pts',(5.,4.5,3.1));
#2081=CARTESIAN_POINT('Ctrl Pts',(5.5,4.5,3.1));
#2082=CARTESIAN_POINT('Ctrl Pts',(5.5,5.,3.1));
#2083=CARTESIAN_POINT('Ctrl Pts',(5.5,5.5,3.1));
#2084=CARTESIAN_POINT('Ctrl Pts',(5.,5.5,3.1));
#2085=CARTESIAN_POINT('Ctrl Pts',(4.5,5.5,3.1));
#2086=CARTESIAN_POINT('Ctrl Pts',(4.5,5.,3.1));
#2087=CARTESIAN_POINT('Ctrl Pts',(4.8,5.,3.1));
#2088=CARTESIAN_POINT('Ctrl Pts',(4.8,4.8,3.1));
#2089=CARTESIAN_POINT('Ctrl Pts',(5.,4.8,3.1));
#2090=CARTESIAN_POINT('Ctrl Pts',(5.2,4.8,3.1));
#2091=CARTESIAN_POINT('Ctrl Pts',(5.2,5.,3.1));
#2092=CARTESIAN_POINT('Ctrl Pts',(5.2,5.2,3.1));
#2093=CARTESIAN_POINT('Ctrl Pts',(5.,5.2,3.1));
#2094=CARTESIAN_POINT('Ctrl Pts',(4.8,5.2,3.1));
#2095=CARTESIAN_POINT('Ctrl Pts',(4.8,5.,3.1));
#2096=CARTESIAN_POINT('',(5.5,5.,2.8));
#2097=CARTESIAN_POINT('',(4.5,5.,2.8));
#2098=CARTESIAN_POINT('Origin',(5.,5.,2.8));
#2099=CARTESIAN_POINT('',(4.8,5.,3.1));
#2100=CARTESIAN_POINT('Origin',(4.8,5.,2.8));
#2101=CARTESIAN_POINT('Origin',(5.,5.,3.1));
#2102=CARTESIAN_POINT('Origin',(5.,5.,2.8));
#2103=CARTESIAN_POINT('Origin',(5.,5.,2.7));
#2104=CARTESIAN_POINT('',(5.5,5.,2.7));
#2105=CARTESIAN_POINT('',(5.5,5.,2.7));
#2106=CARTESIAN_POINT('Origin',(5.,5.,2.7));
#2107=CARTESIAN_POINT('Origin',(5.,5.,3.1));
#2108=CARTESIAN_POINT('Origin',(5.,5.,2.7));
#2109=CARTESIAN_POINT('Ctrl Pts',(0.499999999999999,1.,2.8));
#2110=CARTESIAN_POINT('Ctrl Pts',(0.499999999999999,0.5,2.8));
#2111=CARTESIAN_POINT('Ctrl Pts',(0.999999999999999,0.5,2.79999999999999));
#2112=CARTESIAN_POINT('Ctrl Pts',(1.5,0.5,2.79999999999999));
#2113=CARTESIAN_POINT('Ctrl Pts',(1.5,1.,2.79999999999999));
#2114=CARTESIAN_POINT('Ctrl Pts',(1.5,1.5,2.79999999999999));
#2115=CARTESIAN_POINT('Ctrl Pts',(0.999999999999999,1.5,2.79999999999999));
#2116=CARTESIAN_POINT('Ctrl Pts',(0.499999999999999,1.5,2.8));
#2117=CARTESIAN_POINT('Ctrl Pts',(0.499999999999999,1.,2.8));
#2118=CARTESIAN_POINT('Ctrl Pts',(0.499999999999999,1.,3.10000000000001));
#2119=CARTESIAN_POINT('Ctrl Pts',(0.499999999999999,0.499999999999996,3.10000000000001));
#2120=CARTESIAN_POINT('Ctrl Pts',(1.,0.499999999999996,3.1));
#2121=CARTESIAN_POINT('Ctrl Pts',(1.50000000000001,0.499999999999996,3.1));
#2122=CARTESIAN_POINT('Ctrl Pts',(1.50000000000001,1.,3.1));
#2123=CARTESIAN_POINT('Ctrl Pts',(1.50000000000001,1.5,3.1));
#2124=CARTESIAN_POINT('Ctrl Pts',(1.,1.5,3.1));
#2125=CARTESIAN_POINT('Ctrl Pts',(0.499999999999999,1.5,3.10000000000001));
#2126=CARTESIAN_POINT('Ctrl Pts',(0.499999999999999,1.,3.10000000000001));
#2127=CARTESIAN_POINT('Ctrl Pts',(0.800000000000006,1.,3.1));
#2128=CARTESIAN_POINT('Ctrl Pts',(0.800000000000006,0.800000000000003,3.1));
#2129=CARTESIAN_POINT('Ctrl Pts',(1.,0.800000000000003,3.1));
#2130=CARTESIAN_POINT('Ctrl Pts',(1.2,0.800000000000003,3.1));
#2131=CARTESIAN_POINT('Ctrl Pts',(1.2,1.,3.1));
#2132=CARTESIAN_POINT('Ctrl Pts',(1.2,1.2,3.1));
#2133=CARTESIAN_POINT('Ctrl Pts',(1.,1.2,3.1));
#2134=CARTESIAN_POINT('Ctrl Pts',(0.800000000000006,1.2,3.1));
#2135=CARTESIAN_POINT('Ctrl Pts',(0.800000000000006,1.,3.1));
#2136=CARTESIAN_POINT('',(1.5,1.,2.8));
#2137=CARTESIAN_POINT('',(0.499999999999999,1.,2.8));
#2138=CARTESIAN_POINT('Origin',(0.999999999999999,1.,2.8));
#2139=CARTESIAN_POINT('',(0.799999999999998,1.,3.1));
#2140=CARTESIAN_POINT('Origin',(0.800000000000001,1.,2.8));
#2141=CARTESIAN_POINT('Origin',(0.999999999999999,1.,3.1));
#2142=CARTESIAN_POINT('Origin',(0.999999999999999,1.,2.8));
#2143=CARTESIAN_POINT('Origin',(0.999999999999999,1.,2.7));
#2144=CARTESIAN_POINT('',(1.5,1.,2.7));
#2145=CARTESIAN_POINT('',(1.5,1.,2.7));
#2146=CARTESIAN_POINT('Origin',(0.999999999999999,1.,2.7));
#2147=CARTESIAN_POINT('Origin',(0.999999999999999,1.,3.1));
#2148=CARTESIAN_POINT('Origin',(0.999999999999999,1.,2.7));
#2149=CARTESIAN_POINT('Ctrl Pts',(4.5,0.999999999999999,2.8));
#2150=CARTESIAN_POINT('Ctrl Pts',(4.5,0.499999999999998,2.8));
#2151=CARTESIAN_POINT('Ctrl Pts',(5.,0.499999999999998,2.8));
#2152=CARTESIAN_POINT('Ctrl Pts',(5.5,0.499999999999998,2.8));
#2153=CARTESIAN_POINT('Ctrl Pts',(5.5,0.999999999999999,2.8));
#2154=CARTESIAN_POINT('Ctrl Pts',(5.5,1.5,2.8));
#2155=CARTESIAN_POINT('Ctrl Pts',(5.,1.5,2.8));
#2156=CARTESIAN_POINT('Ctrl Pts',(4.5,1.5,2.8));
#2157=CARTESIAN_POINT('Ctrl Pts',(4.5,0.999999999999999,2.8));
#2158=CARTESIAN_POINT('Ctrl Pts',(4.5,0.999999999999999,3.1));
#2159=CARTESIAN_POINT('Ctrl Pts',(4.5,0.499999999999998,3.1));
#2160=CARTESIAN_POINT('Ctrl Pts',(5.,0.499999999999997,3.1));
#2161=CARTESIAN_POINT('Ctrl Pts',(5.5,0.499999999999998,3.1));
#2162=CARTESIAN_POINT('Ctrl Pts',(5.5,0.999999999999999,3.1));
#2163=CARTESIAN_POINT('Ctrl Pts',(5.5,1.5,3.1));
#2164=CARTESIAN_POINT('Ctrl Pts',(5.,1.5,3.1));
#2165=CARTESIAN_POINT('Ctrl Pts',(4.5,1.5,3.1));
#2166=CARTESIAN_POINT('Ctrl Pts',(4.5,0.999999999999999,3.1));
#2167=CARTESIAN_POINT('Ctrl Pts',(4.8,0.999999999999999,3.1));
#2168=CARTESIAN_POINT('Ctrl Pts',(4.8,0.8,3.1));
#2169=CARTESIAN_POINT('Ctrl Pts',(5.,0.8,3.1));
#2170=CARTESIAN_POINT('Ctrl Pts',(5.2,0.8,3.1));
#2171=CARTESIAN_POINT('Ctrl Pts',(5.2,0.999999999999999,3.1));
#2172=CARTESIAN_POINT('Ctrl Pts',(5.2,1.2,3.1));
#2173=CARTESIAN_POINT('Ctrl Pts',(5.,1.2,3.1));
#2174=CARTESIAN_POINT('Ctrl Pts',(4.8,1.2,3.1));
#2175=CARTESIAN_POINT('Ctrl Pts',(4.8,0.999999999999999,3.1));
#2176=CARTESIAN_POINT('',(5.5,0.999999999999999,2.8));
#2177=CARTESIAN_POINT('',(4.5,0.999999999999999,2.8));
#2178=CARTESIAN_POINT('Origin',(5.,0.999999999999999,2.8));
#2179=CARTESIAN_POINT('',(4.8,0.999999999999999,3.1));
#2180=CARTESIAN_POINT('Origin',(4.8,0.999999999999999,2.8));
#2181=CARTESIAN_POINT('Origin',(5.,0.999999999999999,3.1));
#2182=CARTESIAN_POINT('Origin',(5.,0.999999999999999,2.8));
#2183=CARTESIAN_POINT('Origin',(5.,0.999999999999999,2.7));
#2184=CARTESIAN_POINT('',(5.5,0.999999999999999,2.7));
#2185=CARTESIAN_POINT('',(5.5,0.999999999999999,2.7));
#2186=CARTESIAN_POINT('Origin',(5.,0.999999999999999,2.7));
#2187=CARTESIAN_POINT('Origin',(5.,0.999999999999999,3.1));
#2188=CARTESIAN_POINT('Origin',(5.,0.999999999999999,2.7));
#2189=CARTESIAN_POINT('Ctrl Pts',(7.21941719663807,0.4,-2.43618744424002));
#2190=CARTESIAN_POINT('Ctrl Pts',(7.21941719663807,1.36,-2.43618744424002));
#2191=CARTESIAN_POINT('Ctrl Pts',(7.26300787874011,0.4,-2.36967266735249));
#2192=CARTESIAN_POINT('Ctrl Pts',(7.26300787874011,1.36,-2.36967266735249));
#2193=CARTESIAN_POINT('Ctrl Pts',(7.30336521159233,0.4,-2.23005321707705));
#2194=CARTESIAN_POINT('Ctrl Pts',(7.30336521159233,1.36,-2.23005321707705));
#2195=CARTESIAN_POINT('Ctrl Pts',(7.26930515895045,0.4,-2.09139672240094));
#2196=CARTESIAN_POINT('Ctrl Pts',(7.26930515895045,1.36,-2.09139672240094));
#2197=CARTESIAN_POINT('Ctrl Pts',(7.24263137313116,0.4,-2.03804915076235));
#2198=CARTESIAN_POINT('Ctrl Pts',(7.24263137313116,1.36,-2.03804915076235));
#2199=CARTESIAN_POINT('',(7.21941719663807,1.2,-2.43618744424002));
#2200=CARTESIAN_POINT('',(7.24263137313116,1.2,-2.03804915076235));
#2201=CARTESIAN_POINT('Ctrl Pts',(7.21941719663807,1.2,-2.43618744424002));
#2202=CARTESIAN_POINT('Ctrl Pts',(7.26300787874011,1.2,-2.36967266735249));
#2203=CARTESIAN_POINT('Ctrl Pts',(7.30336521159233,1.2,-2.23005321707704));
#2204=CARTESIAN_POINT('Ctrl Pts',(7.26930515895045,1.2,-2.09139672240094));
#2205=CARTESIAN_POINT('Ctrl Pts',(7.24263137313116,1.2,-2.03804915076235));
#2206=CARTESIAN_POINT('',(7.24263137313116,0.4,-2.03804915076235));
#2207=CARTESIAN_POINT('',(7.24263137313116,1.2,-2.03804915076235));
#2208=CARTESIAN_POINT('',(7.21941719663807,0.4,-2.43618744424002));
#2209=CARTESIAN_POINT('Ctrl Pts',(7.24263137313116,0.4,-2.03804915076235));
#2210=CARTESIAN_POINT('Ctrl Pts',(7.26930515895045,0.4,-2.09139672240094));
#2211=CARTESIAN_POINT('Ctrl Pts',(7.30336521159233,0.4,-2.23005321707703));
#2212=CARTESIAN_POINT('Ctrl Pts',(7.26300787874011,0.4,-2.36967266735249));
#2213=CARTESIAN_POINT('Ctrl Pts',(7.21941719663807,0.4,-2.43618744424002));
#2214=CARTESIAN_POINT('',(7.21941719663807,0.4,-2.43618744424002));
#2215=CARTESIAN_POINT('Origin',(6.17888543819998,0.4,0.0894427190999916));
#2216=CARTESIAN_POINT('',(6.17888543819998,1.2,0.0894427190999916));
#2217=CARTESIAN_POINT('',(6.17888543819998,1.2,0.0894427190999916));
#2218=CARTESIAN_POINT('',(6.17888543819998,0.4,0.0894427190999916));
#2219=CARTESIAN_POINT('',(6.17888543819998,0.4,0.0894427190999916));
#2220=CARTESIAN_POINT('',(6.17888543819998,0.4,0.0894427190999916));
#2221=CARTESIAN_POINT('Origin',(6.67708922388961,1.2,-1.87789130799666));
#2222=CARTESIAN_POINT('',(7.2021937107988,1.2,-3.4));
#2223=CARTESIAN_POINT('Ctrl Pts',(7.21941719663807,1.2,-2.43618744424003));
#2224=CARTESIAN_POINT('Ctrl Pts',(7.05920694299028,1.2,-2.68065137007472));
#2225=CARTESIAN_POINT('Ctrl Pts',(7.09335951985439,1.2,-2.89948599671762));
#2226=CARTESIAN_POINT('Ctrl Pts',(7.18124220599963,1.2,-3.28883457438323));
#2227=CARTESIAN_POINT('Ctrl Pts',(7.19242775412941,1.2,-3.34389003309747));
#2228=CARTESIAN_POINT('Ctrl Pts',(7.2021937107988,1.2,-3.4));
#2229=CARTESIAN_POINT('',(6.99999999281016,1.2,-3.4));
#2230=CARTESIAN_POINT('',(6.95419741126572,1.2,-3.4));
#2231=CARTESIAN_POINT('',(7.1180339887499,1.2,-2.23606797749979));
#2232=CARTESIAN_POINT('Ctrl Pts',(6.99999999281016,1.2,-3.4));
#2233=CARTESIAN_POINT('Ctrl Pts',(6.99996572515226,1.2,-3.39982824040159));
#2234=CARTESIAN_POINT('Ctrl Pts',(6.99510167893173,1.2,-3.37545674493252));
#2235=CARTESIAN_POINT('Ctrl Pts',(6.98492487401255,1.2,-3.32687555592664));
#2236=CARTESIAN_POINT('Ctrl Pts',(6.96852085294204,1.2,-3.2540855002519));
#2237=CARTESIAN_POINT('Ctrl Pts',(6.94577939374668,1.2,-3.15720695643028));
#2238=CARTESIAN_POINT('Ctrl Pts',(6.92030845620769,1.2,-3.03689922252916));
#2239=CARTESIAN_POINT('Ctrl Pts',(6.90236251061285,1.2,-2.91756723107443));
#2240=CARTESIAN_POINT('Ctrl Pts',(6.89622604514119,1.2,-2.7995792221405));
#2241=CARTESIAN_POINT('Ctrl Pts',(6.90523960370864,1.2,-2.68321831507474));
#2242=CARTESIAN_POINT('Ctrl Pts',(6.93114075063152,1.2,-2.56862373965858));
#2243=CARTESIAN_POINT('Ctrl Pts',(6.97457419158636,1.2,-2.45583861090751));
#2244=CARTESIAN_POINT('Ctrl Pts',(7.02334373957559,1.2,-2.36704869990511));
#2245=CARTESIAN_POINT('Ctrl Pts',(7.06768958963695,1.2,-2.30125137098218));
#2246=CARTESIAN_POINT('Ctrl Pts',(7.10068122899573,1.2,-2.25773730497859));
#2247=CARTESIAN_POINT('Ctrl Pts',(7.1180339887499,1.2,-2.23606797749979));
#2248=CARTESIAN_POINT('',(6.,1.2,0.));
#2249=CARTESIAN_POINT('',(6.,1.2,0.));
#2250=CARTESIAN_POINT('',(6.,1.2,0.244217384006676));
#2251=CARTESIAN_POINT('',(6.,1.2,0.244217384006676));
#2252=CARTESIAN_POINT('',(6.17888543819998,1.2,0.0894427190999916));
#2253=CARTESIAN_POINT('Origin',(6.95419741126572,0.5,-3.7));
#2254=CARTESIAN_POINT('',(7.23130559864184,0.6,-4.));
#2255=CARTESIAN_POINT('',(7.2021937107988,0.4,-3.4));
#2256=CARTESIAN_POINT('Ctrl Pts',(7.23130559831363,0.599999999988317,-3.99999999996495));
#2257=CARTESIAN_POINT('Ctrl Pts',(7.25246382784644,0.533959144751075,-3.80187743425323));
#2258=CARTESIAN_POINT('Ctrl Pts',(7.23640799749588,0.465525667689545,-3.59657700306863));
#2259=CARTESIAN_POINT('Ctrl Pts',(7.2021937107988,0.4,-3.4));
#2260=CARTESIAN_POINT('',(6.99999999281016,0.4,-3.4));
#2261=CARTESIAN_POINT('',(6.95419741126572,0.4,-3.4));
#2262=CARTESIAN_POINT('',(7.02999961998611,0.6,-4.));
#2263=CARTESIAN_POINT('Ctrl Pts',(6.99999999281016,0.4,-3.4));
#2264=CARTESIAN_POINT('Ctrl Pts',(7.00691344373141,0.411550751025083,-3.43465225307525));
#2265=CARTESIAN_POINT('Ctrl Pts',(7.01359387873994,0.423683417671758,-3.47105025301527));
#2266=CARTESIAN_POINT('Ctrl Pts',(7.0195462835772,0.436410369876271,-3.50923110962881));
#2267=CARTESIAN_POINT('Ctrl Pts',(7.02892656735825,0.456466536519884,-3.56939960955965));
#2268=CARTESIAN_POINT('Ctrl Pts',(7.03649129013233,0.477998271649963,-3.63399481494989));
#2269=CARTESIAN_POINT('Ctrl Pts',(7.04017220439399,0.5010517465459,-3.7031552396377));
#2270=CARTESIAN_POINT('Ctrl Pts',(7.04318281649083,0.519907135577585,-3.75972140673275));
#2271=CARTESIAN_POINT('Ctrl Pts',(7.04359363437934,0.539780424869835,-3.81934127460951));
#2272=CARTESIAN_POINT('Ctrl Pts',(7.04031427608034,0.560699217415766,-3.8820976522473));
#2273=CARTESIAN_POINT('Ctrl Pts',(7.03832146875921,0.573411193093265,-3.9202335792798));
#2274=CARTESIAN_POINT('Ctrl Pts',(7.03496868058315,0.58650934241204,-3.95952802723612));
#2275=CARTESIAN_POINT('Ctrl Pts',(7.02999961998611,0.6,-4.));
#2276=CARTESIAN_POINT('',(6.95419741126572,0.6,-4.));
#2277=CARTESIAN_POINT('Origin',(7.23130559864184,0.4,-4.));
#2278=CARTESIAN_POINT('',(7.02999961998611,1.,-4.));
#2279=CARTESIAN_POINT('',(7.02999961998611,0.4,-4.));
#2280=CARTESIAN_POINT('',(7.23130559864184,1.,-4.));
#2281=CARTESIAN_POINT('',(6.95419741126572,1.,-4.));
#2282=CARTESIAN_POINT('',(7.23130559864184,0.4,-4.));
#2283=CARTESIAN_POINT('Ctrl Pts',(7.02999961998611,0.4,-4.));
#2284=CARTESIAN_POINT('Ctrl Pts',(7.02999961998611,1.36,-4.));
#2285=CARTESIAN_POINT('Ctrl Pts',(7.03292384404708,0.4,-3.97618279869209));
#2286=CARTESIAN_POINT('Ctrl Pts',(7.03292384404708,1.36,-3.97618279869209));
#2287=CARTESIAN_POINT('Ctrl Pts',(7.03792675848638,0.4,-3.92850230944495));
#2288=CARTESIAN_POINT('Ctrl Pts',(7.03792675848638,1.36,-3.92850230944495));
#2289=CARTESIAN_POINT('Ctrl Pts',(7.04289454217179,0.4,-3.85684331632925));
#2290=CARTESIAN_POINT('Ctrl Pts',(7.04289454217179,1.36,-3.85684331632925));
#2291=CARTESIAN_POINT('Ctrl Pts',(7.04440807271826,0.4,-3.76101945669349));
#2292=CARTESIAN_POINT('Ctrl Pts',(7.04440807271826,1.36,-3.76101945669349));
#2293=CARTESIAN_POINT('Ctrl Pts',(7.03777314157032,0.4,-3.6407824809013));
#2294=CARTESIAN_POINT('Ctrl Pts',(7.03777314157032,1.36,-3.6407824809013));
#2295=CARTESIAN_POINT('Ctrl Pts',(7.02297465864142,0.4,-3.52013116657304));
#2296=CARTESIAN_POINT('Ctrl Pts',(7.02297465864142,1.36,-3.52013116657304));
#2297=CARTESIAN_POINT('Ctrl Pts',(7.0010678470723,0.4,-3.39916950793056));
#2298=CARTESIAN_POINT('Ctrl Pts',(7.0010678470723,1.36,-3.39916950793056));
#2299=CARTESIAN_POINT('Ctrl Pts',(6.97415586658478,0.4,-3.27809064044249));
#2300=CARTESIAN_POINT('Ctrl Pts',(6.97415586658478,1.36,-3.27809064044249));
#2301=CARTESIAN_POINT('Ctrl Pts',(6.94577939374668,0.4,-3.15720695643028));
#2302=CARTESIAN_POINT('Ctrl Pts',(6.94577939374668,1.36,-3.15720695643028));
#2303=CARTESIAN_POINT('Ctrl Pts',(6.92030845620769,0.4,-3.03689922252916));
#2304=CARTESIAN_POINT('Ctrl Pts',(6.92030845620769,1.36,-3.03689922252916));
#2305=CARTESIAN_POINT('Ctrl Pts',(6.90236251061285,0.4,-2.91756723107443));
#2306=CARTESIAN_POINT('Ctrl Pts',(6.90236251061285,1.36,-2.91756723107443));
#2307=CARTESIAN_POINT('Ctrl Pts',(6.89622604514119,0.4,-2.7995792221405));
#2308=CARTESIAN_POINT('Ctrl Pts',(6.89622604514119,1.36,-2.7995792221405));
#2309=CARTESIAN_POINT('Ctrl Pts',(6.90523960370864,0.4,-2.68321831507474));
#2310=CARTESIAN_POINT('Ctrl Pts',(6.90523960370864,1.36,-2.68321831507474));
#2311=CARTESIAN_POINT('Ctrl Pts',(6.93114075063152,0.4,-2.56862373965858));
#2312=CARTESIAN_POINT('Ctrl Pts',(6.93114075063152,1.36,-2.56862373965858));
#2313=CARTESIAN_POINT('Ctrl Pts',(6.97457419158636,0.4,-2.45583861090751));
#2314=CARTESIAN_POINT('Ctrl Pts',(6.97457419158636,1.36,-2.45583861090751));
#2315=CARTESIAN_POINT('Ctrl Pts',(7.02334373957559,0.4,-2.36704869990511));
#2316=CARTESIAN_POINT('Ctrl Pts',(7.02334373957559,1.36,-2.36704869990511));
#2317=CARTESIAN_POINT('Ctrl Pts',(7.06768958963695,0.4,-2.30125137098218));
#2318=CARTESIAN_POINT('Ctrl Pts',(7.06768958963695,1.36,-2.30125137098218));
#2319=CARTESIAN_POINT('Ctrl Pts',(7.10068122899573,0.4,-2.25773730497859));
#2320=CARTESIAN_POINT('Ctrl Pts',(7.10068122899573,1.36,-2.25773730497859));
#2321=CARTESIAN_POINT('Ctrl Pts',(7.1180339887499,0.4,-2.23606797749979));
#2322=CARTESIAN_POINT('Ctrl Pts',(7.1180339887499,1.36,-2.23606797749979));
#2323=CARTESIAN_POINT('',(7.1180339887499,0.4,-2.23606797749979));
#2324=CARTESIAN_POINT('Ctrl Pts',(7.1180339887499,0.4,-2.23606797749979));
#2325=CARTESIAN_POINT('Ctrl Pts',(7.10068122899573,0.4,-2.25773730497859));
#2326=CARTESIAN_POINT('Ctrl Pts',(7.06768958963695,0.4,-2.30125137098218));
#2327=CARTESIAN_POINT('Ctrl Pts',(7.02334373957559,0.4,-2.36704869990511));
#2328=CARTESIAN_POINT('Ctrl Pts',(6.97457419158636,0.4,-2.45583861090751));
#2329=CARTESIAN_POINT('Ctrl Pts',(6.93114075063152,0.4,-2.56862373965858));
#2330=CARTESIAN_POINT('Ctrl Pts',(6.90523960370864,0.4,-2.68321831507474));
#2331=CARTESIAN_POINT('Ctrl Pts',(6.89622604514119,0.4,-2.7995792221405));
#2332=CARTESIAN_POINT('Ctrl Pts',(6.90236251061285,0.4,-2.91756723107443));
#2333=CARTESIAN_POINT('Ctrl Pts',(6.92030845620769,0.4,-3.03689922252916));
#2334=CARTESIAN_POINT('Ctrl Pts',(6.94581555021079,0.4,-3.15737773547036));
#2335=CARTESIAN_POINT('Ctrl Pts',(6.96856114118536,0.4,-3.25425709831445));
#2336=CARTESIAN_POINT('Ctrl Pts',(6.98496358837853,0.4,-3.32704736131937));
#2337=CARTESIAN_POINT('Ctrl Pts',(6.99513765694654,0.4,-3.37562853995758));
#2338=CARTESIAN_POINT('Ctrl Pts',(6.99999999281016,0.4,-3.4));
#2339=CARTESIAN_POINT('',(7.1180339887499,0.4,-2.23606797749979));
#2340=CARTESIAN_POINT('Ctrl Pts',(7.02999961998611,1.,-4.));
#2341=CARTESIAN_POINT('Ctrl Pts',(7.03599885764764,1.01628751742908,-3.95113744771275));
#2342=CARTESIAN_POINT('Ctrl Pts',(7.0396435209719,1.03200289697998,-3.90399130906007));
#2343=CARTESIAN_POINT('Ctrl Pts',(7.0413802470888,1.04715732274195,-3.85852803177416));
#2344=CARTESIAN_POINT('Ctrl Pts',(7.04381721385942,1.06842194912736,-3.79473415261794));
#2345=CARTESIAN_POINT('Ctrl Pts',(7.04248664619013,1.08858237814512,-3.73425286556465));
#2346=CARTESIAN_POINT('Ctrl Pts',(7.03858407002468,1.10766832256355,-3.67699503230936));
#2347=CARTESIAN_POINT('Ctrl Pts',(7.03506736779371,1.12486711138175,-3.62539866585474));
#2348=CARTESIAN_POINT('Ctrl Pts',(7.0294653324362,1.14119325044006,-3.57642024867984));
#2349=CARTESIAN_POINT('Ctrl Pts',(7.02268303392667,1.15666685587267,-3.52999943238198));
#2350=CARTESIAN_POINT('Ctrl Pts',(7.01701317128876,1.16960247308162,-3.49119258075516));
#2351=CARTESIAN_POINT('Ctrl Pts',(7.01052154396036,1.18194219518606,-3.45417341444182));
#2352=CARTESIAN_POINT('Ctrl Pts',(7.00371191347575,1.19369817254047,-3.4189054823786));
#2353=CARTESIAN_POINT('Ctrl Pts',(7.00248416384982,1.19581772907617,-3.41254681277149));
#2354=CARTESIAN_POINT('Ctrl Pts',(7.00124594132846,1.19791831296861,-3.40624506109418));
#2355=CARTESIAN_POINT('Ctrl Pts',(6.99999999281016,1.2,-3.4));
#2356=CARTESIAN_POINT('Origin',(6.95419741126572,1.1,-3.7));
#2357=CARTESIAN_POINT('Ctrl Pts',(7.2021937107988,1.2,-3.4));
#2358=CARTESIAN_POINT('Ctrl Pts',(7.23640799749588,1.13447433231045,-3.59657700306864));
#2359=CARTESIAN_POINT('Ctrl Pts',(7.25246382784644,1.06604085524892,-3.80187743425323));
#2360=CARTESIAN_POINT('Ctrl Pts',(7.23130559831363,1.00000000001168,-3.99999999996495));
#2361=CARTESIAN_POINT('Origin',(6.,0.4,0.));
#2362=CARTESIAN_POINT('',(6.,0.4,0.244217384006676));
#2363=CARTESIAN_POINT('',(6.,0.4,0.));
#2364=CARTESIAN_POINT('',(6.,0.4,0.244217384006676));
#2365=CARTESIAN_POINT('',(6.,0.4,0.244217384006676));
#2366=CARTESIAN_POINT('',(6.,0.4,0.));
#2367=CARTESIAN_POINT('Origin',(7.1180339887499,0.4,-2.23606797749979));
#2368=CARTESIAN_POINT('',(6.,0.4,0.));
#2369=CARTESIAN_POINT('Ctrl Pts',(7.35417844777922,0.4,-2.2611433000585));
#2370=CARTESIAN_POINT('Ctrl Pts',(7.35417844777922,1.36,-2.2611433000585));
#2371=CARTESIAN_POINT('Ctrl Pts',(7.32750127934665,0.4,-2.29445651980925));
#2372=CARTESIAN_POINT('Ctrl Pts',(7.32750127934665,1.36,-2.29445651980925));
#2373=CARTESIAN_POINT('Ctrl Pts',(7.30082411091407,0.4,-2.32776973956));
#2374=CARTESIAN_POINT('Ctrl Pts',(7.30082411091407,1.36,-2.32776973956));
#2375=CARTESIAN_POINT('Ctrl Pts',(7.2741469424815,0.4,-2.36108295931075));
#2376=CARTESIAN_POINT('Ctrl Pts',(7.2741469424815,1.36,-2.36108295931075));
#2377=CARTESIAN_POINT('Ctrl Pts',(7.05272491770103,0.4,-2.63758458982716));
#2378=CARTESIAN_POINT('Ctrl Pts',(7.05272491770103,1.36,-2.63758458982716));
#2379=CARTESIAN_POINT('Ctrl Pts',(7.08569405572037,0.4,-2.86552552408484));
#2380=CARTESIAN_POINT('Ctrl Pts',(7.08569405572037,1.36,-2.86552552408484));
#2381=CARTESIAN_POINT('Ctrl Pts',(7.16915491709012,0.4,-3.23528399518298));
#2382=CARTESIAN_POINT('Ctrl Pts',(7.16915491709012,1.36,-3.23528399518298));
#2383=CARTESIAN_POINT('Ctrl Pts',(7.22295042632407,0.4,-3.47361541088894));
#2384=CARTESIAN_POINT('Ctrl Pts',(7.22295042632407,1.36,-3.47361541088894));
#2385=CARTESIAN_POINT('Ctrl Pts',(7.2588845168703,0.4,-3.74175504163656));
#2386=CARTESIAN_POINT('Ctrl Pts',(7.2588845168703,1.36,-3.74175504163656));
#2387=CARTESIAN_POINT('Ctrl Pts',(7.23130559831363,0.4,-3.99999999996495));
#2388=CARTESIAN_POINT('Ctrl Pts',(7.23130559831363,1.36,-3.99999999996495));
#2389=CARTESIAN_POINT('Ctrl Pts',(7.21941719663807,0.4,-2.43618744424003));
#2390=CARTESIAN_POINT('Ctrl Pts',(7.05920694299028,0.4,-2.68065137007472));
#2391=CARTESIAN_POINT('Ctrl Pts',(7.09335951985439,0.4,-2.89948599671762));
#2392=CARTESIAN_POINT('Ctrl Pts',(7.18124220599963,0.4,-3.28883457438323));
#2393=CARTESIAN_POINT('Ctrl Pts',(7.19242775412941,0.4,-3.34389003309747));
#2394=CARTESIAN_POINT('Ctrl Pts',(7.2021937107988,0.4,-3.4));
#2395=CARTESIAN_POINT('Origin',(6.,0.4,0.244217384006676));
#2396=CARTESIAN_POINT('',(6.17888543819998,0.4,0.0894427190999916));
#2397=CARTESIAN_POINT('Origin',(6.67708922388961,0.4,-1.87789130799666));
#2398=CARTESIAN_POINT('Ctrl Pts',(-1.24263137313116,0.4,-2.03804915076236));
#2399=CARTESIAN_POINT('Ctrl Pts',(-1.24263137313116,1.36,-2.03804915076236));
#2400=CARTESIAN_POINT('Ctrl Pts',(-1.27819642089021,0.4,-2.10917924628047));
#2401=CARTESIAN_POINT('Ctrl Pts',(-1.27819642089021,1.36,-2.10917924628047));
#2402=CARTESIAN_POINT('Ctrl Pts',(-1.30207695695584,0.4,-2.25254555481076));
#2403=CARTESIAN_POINT('Ctrl Pts',(-1.30207695695584,1.36,-2.25254555481076));
#2404=CARTESIAN_POINT('Ctrl Pts',(-1.2521102082146,0.4,-2.38630136157438));
#2405=CARTESIAN_POINT('Ctrl Pts',(-1.2521102082146,1.36,-2.38630136157438));
#2406=CARTESIAN_POINT('Ctrl Pts',(-1.21941719663807,0.4,-2.43618744424003));
#2407=CARTESIAN_POINT('Ctrl Pts',(-1.21941719663807,1.36,-2.43618744424003));
#2408=CARTESIAN_POINT('',(-1.24263137313116,1.2,-2.03804915076236));
#2409=CARTESIAN_POINT('',(-1.21941719663807,1.2,-2.43618744424003));
#2410=CARTESIAN_POINT('Ctrl Pts',(-1.24263137313116,1.2,-2.03804915076236));
#2411=CARTESIAN_POINT('Ctrl Pts',(-1.27819642089021,1.2,-2.10917924628047));
#2412=CARTESIAN_POINT('Ctrl Pts',(-1.30207695695584,1.2,-2.25254555481076));
#2413=CARTESIAN_POINT('Ctrl Pts',(-1.2521102082146,1.2,-2.38630136157438));
#2414=CARTESIAN_POINT('Ctrl Pts',(-1.21941719663807,1.2,-2.43618744424003));
#2415=CARTESIAN_POINT('',(-1.21941719663807,0.4,-2.43618744424003));
#2416=CARTESIAN_POINT('',(-1.21941719663807,1.2,-2.43618744424003));
#2417=CARTESIAN_POINT('',(-1.24263137313116,0.4,-2.03804915076236));
#2418=CARTESIAN_POINT('Ctrl Pts',(-1.21941719663807,0.4,-2.43618744424003));
#2419=CARTESIAN_POINT('Ctrl Pts',(-1.2521102082146,0.4,-2.38630136157438));
#2420=CARTESIAN_POINT('Ctrl Pts',(-1.30207695695583,0.4,-2.25254555481076));
#2421=CARTESIAN_POINT('Ctrl Pts',(-1.27819642089021,0.4,-2.10917924628047));
#2422=CARTESIAN_POINT('Ctrl Pts',(-1.24263137313116,0.4,-2.03804915076236));
#2423=CARTESIAN_POINT('',(-1.24263137313116,0.4,-2.03804915076236));
#2424=CARTESIAN_POINT('Origin',(-0.677089223889611,1.2,-1.87789130799666));
#2425=CARTESIAN_POINT('',(-0.178885438199983,1.2,0.0894427190999916));
#2426=CARTESIAN_POINT('',(-0.178885438199983,1.2,0.0894427190999916));
#2427=CARTESIAN_POINT('',(0.,1.2,0.244217384006676));
#2428=CARTESIAN_POINT('',(-0.178885438199983,1.2,0.0894427190999916));
#2429=CARTESIAN_POINT('',(0.,1.2,0.));
#2430=CARTESIAN_POINT('',(-1.02716263700653E-33,1.2,0.244217384006676));
#2431=CARTESIAN_POINT('',(-1.11803398874989,1.2,-2.23606797749979));
#2432=CARTESIAN_POINT('',(-1.02716263700653E-33,1.2,0.));
#2433=CARTESIAN_POINT('',(-0.999999992810162,1.2,-3.4));
#2434=CARTESIAN_POINT('Ctrl Pts',(-1.11803398874989,1.2,-2.23606797749979));
#2435=CARTESIAN_POINT('Ctrl Pts',(-1.10068122899573,1.2,-2.25773730497859));
#2436=CARTESIAN_POINT('Ctrl Pts',(-1.06768958963695,1.2,-2.30125137098218));
#2437=CARTESIAN_POINT('Ctrl Pts',(-1.02334373957559,1.2,-2.36704869990511));
#2438=CARTESIAN_POINT('Ctrl Pts',(-0.974574191586358,1.2,-2.45583861090751));
#2439=CARTESIAN_POINT('Ctrl Pts',(-0.931140750631517,1.2,-2.56862373965858));
#2440=CARTESIAN_POINT('Ctrl Pts',(-0.905239603708637,1.2,-2.68321831507474));
#2441=CARTESIAN_POINT('Ctrl Pts',(-0.896226045141186,1.2,-2.7995792221405));
#2442=CARTESIAN_POINT('Ctrl Pts',(-0.90236251061285,1.2,-2.91756723107443));
#2443=CARTESIAN_POINT('Ctrl Pts',(-0.920308456207689,1.2,-3.03689922252916));
#2444=CARTESIAN_POINT('Ctrl Pts',(-0.945815550210786,1.2,-3.15737773547036));
#2445=CARTESIAN_POINT('Ctrl Pts',(-0.968561141185363,1.2,-3.25425709831445));
#2446=CARTESIAN_POINT('Ctrl Pts',(-0.984963588378532,1.2,-3.32704736131937));
#2447=CARTESIAN_POINT('Ctrl Pts',(-0.995137656946541,1.2,-3.37562853995758));
#2448=CARTESIAN_POINT('Ctrl Pts',(-0.999999992810162,1.2,-3.4));
#2449=CARTESIAN_POINT('',(-1.2021937107988,1.2,-3.4));
#2450=CARTESIAN_POINT('',(-0.85354442193786,1.2,-3.4));
#2451=CARTESIAN_POINT('Ctrl Pts',(-1.2021937107988,1.2,-3.4));
#2452=CARTESIAN_POINT('Ctrl Pts',(-1.19242775412941,1.2,-3.34389003309747));
#2453=CARTESIAN_POINT('Ctrl Pts',(-1.18124220599963,1.2,-3.28883457438323));
#2454=CARTESIAN_POINT('Ctrl Pts',(-1.09335951985439,1.2,-2.89948599671762));
#2455=CARTESIAN_POINT('Ctrl Pts',(-1.05920694299028,1.2,-2.68065137007472));
#2456=CARTESIAN_POINT('Ctrl Pts',(-1.21941719663807,1.2,-2.43618744424003));
#2457=CARTESIAN_POINT('Origin',(-1.35417844777656,0.4,-2.26114330005316));
#2458=CARTESIAN_POINT('',(-0.178885438199983,0.4,0.0894427190999916));
#2459=CARTESIAN_POINT('',(-0.178885438199983,0.4,0.0894427190999916));
#2460=CARTESIAN_POINT('',(-0.178885438199983,0.4,0.0894427190999916));
#2461=CARTESIAN_POINT('Origin',(-0.85354442193786,0.5,-3.7));
#2462=CARTESIAN_POINT('',(-1.2021937107988,0.4,-3.4));
#2463=CARTESIAN_POINT('',(-1.23130559864183,0.6,-4.));
#2464=CARTESIAN_POINT('Ctrl Pts',(-1.2021937107988,0.4,-3.4));
#2465=CARTESIAN_POINT('Ctrl Pts',(-1.23640799749588,0.46552566768955,-3.59657700306865));
#2466=CARTESIAN_POINT('Ctrl Pts',(-1.25246382784643,0.533959144751077,-3.80187743425323));
#2467=CARTESIAN_POINT('Ctrl Pts',(-1.23130559831363,0.599999999988317,-3.99999999996495));
#2468=CARTESIAN_POINT('',(-1.02999961998611,0.6,-4.));
#2469=CARTESIAN_POINT('',(-0.85354442193786,0.6,-4.));
#2470=CARTESIAN_POINT('',(-0.999999992810162,0.4,-3.4));
#2471=CARTESIAN_POINT('Ctrl Pts',(-1.02999961998611,0.6,-4.));
#2472=CARTESIAN_POINT('Ctrl Pts',(-1.03599885764788,0.583712482570244,-3.95113744771073));
#2473=CARTESIAN_POINT('Ctrl Pts',(-1.03964352097219,0.567997103018726,-3.90399130905618));
#2474=CARTESIAN_POINT('Ctrl Pts',(-1.04138024708901,0.552842677256182,-3.85852803176855));
#2475=CARTESIAN_POINT('Ctrl Pts',(-1.04381721385942,0.531578050870816,-3.79473415261245));
#2476=CARTESIAN_POINT('Ctrl Pts',(-1.04248664618993,0.511417621853096,-3.73425286555929));
#2477=CARTESIAN_POINT('Ctrl Pts',(-1.03858407002433,0.492331677434714,-3.67699503230414));
#2478=CARTESIAN_POINT('Ctrl Pts',(-1.03506736779321,0.475132888616514,-3.62539866584954));
#2479=CARTESIAN_POINT('Ctrl Pts',(-1.02946533243556,0.458806749558226,-3.57642024867468));
#2480=CARTESIAN_POINT('Ctrl Pts',(-1.02268303392592,0.443333144125627,-3.52999943237688));
#2481=CARTESIAN_POINT('Ctrl Pts',(-1.01701317128821,0.430397526917353,-3.49119258075206));
#2482=CARTESIAN_POINT('Ctrl Pts',(-1.01052154396011,0.418057804813522,-3.45417341444057));
#2483=CARTESIAN_POINT('Ctrl Pts',(-1.00371191347584,0.406301827459674,-3.41890548237902));
#2484=CARTESIAN_POINT('Ctrl Pts',(-1.00248416384988,0.404182270923923,-3.41254681277177));
#2485=CARTESIAN_POINT('Ctrl Pts',(-1.00124594132849,0.40208168703144,-3.40624506109432));
#2486=CARTESIAN_POINT('Ctrl Pts',(-0.999999992810162,0.4,-3.4));
#2487=CARTESIAN_POINT('',(-0.85354442193786,0.4,-3.4));
#2488=CARTESIAN_POINT('Origin',(-1.02999961998611,0.4,-4.));
#2489=CARTESIAN_POINT('',(-1.23130559864183,1.,-4.));
#2490=CARTESIAN_POINT('',(-1.23130559864183,0.4,-4.));
#2491=CARTESIAN_POINT('',(-1.02999961998611,1.,-4.));
#2492=CARTESIAN_POINT('',(-0.85354442193786,1.,-4.));
#2493=CARTESIAN_POINT('',(-1.02999961998611,0.4,-4.));
#2494=CARTESIAN_POINT('Ctrl Pts',(-1.23130559831363,0.4,-3.99999999996495));
#2495=CARTESIAN_POINT('Ctrl Pts',(-1.23130559831363,1.36,-3.99999999996495));
#2496=CARTESIAN_POINT('Ctrl Pts',(-1.2588845168703,0.4,-3.74175504163656));
#2497=CARTESIAN_POINT('Ctrl Pts',(-1.2588845168703,1.36,-3.74175504163656));
#2498=CARTESIAN_POINT('Ctrl Pts',(-1.22295042632407,0.4,-3.47361541088894));
#2499=CARTESIAN_POINT('Ctrl Pts',(-1.22295042632407,1.36,-3.47361541088894));
#2500=CARTESIAN_POINT('Ctrl Pts',(-1.16915491709012,0.4,-3.23528399518298));
#2501=CARTESIAN_POINT('Ctrl Pts',(-1.16915491709012,1.36,-3.23528399518298));
#2502=CARTESIAN_POINT('Ctrl Pts',(-1.08569405572036,0.4,-2.86552552408484));
#2503=CARTESIAN_POINT('Ctrl Pts',(-1.08569405572036,1.36,-2.86552552408484));
#2504=CARTESIAN_POINT('Ctrl Pts',(-1.05272491770103,0.4,-2.63758458982716));
#2505=CARTESIAN_POINT('Ctrl Pts',(-1.05272491770103,1.36,-2.63758458982716));
#2506=CARTESIAN_POINT('Ctrl Pts',(-1.27414694248149,0.4,-2.36108295931075));
#2507=CARTESIAN_POINT('Ctrl Pts',(-1.27414694248149,1.36,-2.36108295931075));
#2508=CARTESIAN_POINT('Ctrl Pts',(-1.30082411091407,0.4,-2.32776973956));
#2509=CARTESIAN_POINT('Ctrl Pts',(-1.30082411091407,1.36,-2.32776973956));
#2510=CARTESIAN_POINT('Ctrl Pts',(-1.32750127934664,0.4,-2.29445651980925));
#2511=CARTESIAN_POINT('Ctrl Pts',(-1.32750127934664,1.36,-2.29445651980925));
#2512=CARTESIAN_POINT('Ctrl Pts',(-1.35417844777922,0.4,-2.2611433000585));
#2513=CARTESIAN_POINT('Ctrl Pts',(-1.35417844777922,1.36,-2.2611433000585));
#2514=CARTESIAN_POINT('Ctrl Pts',(-1.23130559831363,1.00000000001168,-3.99999999996495));
#2515=CARTESIAN_POINT('Ctrl Pts',(-1.25246382784643,1.06604085524892,-3.80187743425323));
#2516=CARTESIAN_POINT('Ctrl Pts',(-1.23640799749588,1.13447433231045,-3.59657700306865));
#2517=CARTESIAN_POINT('Ctrl Pts',(-1.2021937107988,1.2,-3.4));
#2518=CARTESIAN_POINT('Ctrl Pts',(-1.21941719663807,0.4,-2.43618744424003));
#2519=CARTESIAN_POINT('Ctrl Pts',(-1.05920694299028,0.4,-2.68065137007472));
#2520=CARTESIAN_POINT('Ctrl Pts',(-1.09335951985439,0.4,-2.89948599671762));
#2521=CARTESIAN_POINT('Ctrl Pts',(-1.18124220599963,0.4,-3.28883457438323));
#2522=CARTESIAN_POINT('Ctrl Pts',(-1.19242775412941,0.4,-3.34389003309747));
#2523=CARTESIAN_POINT('Ctrl Pts',(-1.2021937107988,0.4,-3.4));
#2524=CARTESIAN_POINT('Origin',(-0.85354442193786,1.1,-3.7));
#2525=CARTESIAN_POINT('Ctrl Pts',(-0.999999992810162,1.2,-3.4));
#2526=CARTESIAN_POINT('Ctrl Pts',(-1.00691344373131,1.18844924897507,-3.43465225307478));
#2527=CARTESIAN_POINT('Ctrl Pts',(-1.01359387873975,1.17631658232858,-3.47105025301426));
#2528=CARTESIAN_POINT('Ctrl Pts',(-1.01954628357694,1.16358963012428,-3.50923110962717));
#2529=CARTESIAN_POINT('Ctrl Pts',(-1.02892656735758,1.14353346348165,-3.56939960955506));
#2530=CARTESIAN_POINT('Ctrl Pts',(-1.03649129013142,1.12200172835271,-3.63399481494186));
#2531=CARTESIAN_POINT('Ctrl Pts',(-1.04017220439335,1.09894825345809,-3.70315523962573));
#2532=CARTESIAN_POINT('Ctrl Pts',(-1.04318281649088,1.08009286442455,-3.75972140672634));
#2533=CARTESIAN_POINT('Ctrl Pts',(-1.0435936343796,1.06021957513025,-3.81934127460927));
#2534=CARTESIAN_POINT('Ctrl Pts',(-1.04031427608,1.03930078258204,-3.88209765225387));
#2535=CARTESIAN_POINT('Ctrl Pts',(-1.03832146875883,1.02658880690523,-3.92023357928432));
#2536=CARTESIAN_POINT('Ctrl Pts',(-1.03496868058286,1.01349065758718,-3.95952802723845));
#2537=CARTESIAN_POINT('Ctrl Pts',(-1.02999961998611,1.,-4.));
#2538=CARTESIAN_POINT('Ctrl Pts',(-1.11803398874989,0.4,-2.23606797749979));
#2539=CARTESIAN_POINT('Ctrl Pts',(-1.11803398874989,1.36,-2.23606797749979));
#2540=CARTESIAN_POINT('Ctrl Pts',(-1.10068122899573,0.4,-2.25773730497859));
#2541=CARTESIAN_POINT('Ctrl Pts',(-1.10068122899573,1.36,-2.25773730497859));
#2542=CARTESIAN_POINT('Ctrl Pts',(-1.06768958963695,0.4,-2.30125137098218));
#2543=CARTESIAN_POINT('Ctrl Pts',(-1.06768958963695,1.36,-2.30125137098218));
#2544=CARTESIAN_POINT('Ctrl Pts',(-1.02334373957559,0.4,-2.36704869990511));
#2545=CARTESIAN_POINT('Ctrl Pts',(-1.02334373957559,1.36,-2.36704869990511));
#2546=CARTESIAN_POINT('Ctrl Pts',(-0.974574191586358,0.4,-2.45583861090751));
#2547=CARTESIAN_POINT('Ctrl Pts',(-0.974574191586358,1.36,-2.45583861090751));
#2548=CARTESIAN_POINT('Ctrl Pts',(-0.931140750631517,0.4,-2.56862373965858));
#2549=CARTESIAN_POINT('Ctrl Pts',(-0.931140750631517,1.36,-2.56862373965858));
#2550=CARTESIAN_POINT('Ctrl Pts',(-0.905239603708637,0.4,-2.68321831507474));
#2551=CARTESIAN_POINT('Ctrl Pts',(-0.905239603708637,1.36,-2.68321831507474));
#2552=CARTESIAN_POINT('Ctrl Pts',(-0.896226045141186,0.4,-2.7995792221405));
#2553=CARTESIAN_POINT('Ctrl Pts',(-0.896226045141186,1.36,-2.7995792221405));
#2554=CARTESIAN_POINT('Ctrl Pts',(-0.90236251061285,0.4,-2.91756723107443));
#2555=CARTESIAN_POINT('Ctrl Pts',(-0.90236251061285,1.36,-2.91756723107443));
#2556=CARTESIAN_POINT('Ctrl Pts',(-0.920308456207689,0.4,-3.03689922252916));
#2557=CARTESIAN_POINT('Ctrl Pts',(-0.920308456207689,1.36,-3.03689922252916));
#2558=CARTESIAN_POINT('Ctrl Pts',(-0.945779393746677,0.4,-3.15720695643028));
#2559=CARTESIAN_POINT('Ctrl Pts',(-0.945779393746677,1.36,-3.15720695643028));
#2560=CARTESIAN_POINT('Ctrl Pts',(-0.974155866584783,0.4,-3.27809064044249));
#2561=CARTESIAN_POINT('Ctrl Pts',(-0.974155866584783,1.36,-3.27809064044249));
#2562=CARTESIAN_POINT('Ctrl Pts',(-1.0010678470723,0.4,-3.39916950793056));
#2563=CARTESIAN_POINT('Ctrl Pts',(-1.0010678470723,1.36,-3.39916950793056));
#2564=CARTESIAN_POINT('Ctrl Pts',(-1.02297465864142,0.4,-3.52013116657304));
#2565=CARTESIAN_POINT('Ctrl Pts',(-1.02297465864142,1.36,-3.52013116657304));
#2566=CARTESIAN_POINT('Ctrl Pts',(-1.03777314157032,0.4,-3.6407824809013));
#2567=CARTESIAN_POINT('Ctrl Pts',(-1.03777314157032,1.36,-3.6407824809013));
#2568=CARTESIAN_POINT('Ctrl Pts',(-1.04440807271826,0.4,-3.76101945669349));
#2569=CARTESIAN_POINT('Ctrl Pts',(-1.04440807271826,1.36,-3.76101945669349));
#2570=CARTESIAN_POINT('Ctrl Pts',(-1.04289454217179,0.4,-3.85684331632925));
#2571=CARTESIAN_POINT('Ctrl Pts',(-1.04289454217179,1.36,-3.85684331632925));
#2572=CARTESIAN_POINT('Ctrl Pts',(-1.03792675848638,0.4,-3.92850230944495));
#2573=CARTESIAN_POINT('Ctrl Pts',(-1.03792675848638,1.36,-3.92850230944495));
#2574=CARTESIAN_POINT('Ctrl Pts',(-1.03292384404707,0.4,-3.97618279869209));
#2575=CARTESIAN_POINT('Ctrl Pts',(-1.03292384404707,1.36,-3.97618279869209));
#2576=CARTESIAN_POINT('Ctrl Pts',(-1.02999961998611,0.4,-4.));
#2577=CARTESIAN_POINT('Ctrl Pts',(-1.02999961998611,1.36,-4.));
#2578=CARTESIAN_POINT('',(-1.11803398874989,0.4,-2.23606797749979));
#2579=CARTESIAN_POINT('',(-1.11803398874989,0.4,-2.23606797749979));
#2580=CARTESIAN_POINT('Ctrl Pts',(-1.11803398874989,0.4,-2.23606797749979));
#2581=CARTESIAN_POINT('Ctrl Pts',(-1.10068122899573,0.4,-2.25773730497859));
#2582=CARTESIAN_POINT('Ctrl Pts',(-1.06768958963695,0.4,-2.30125137098218));
#2583=CARTESIAN_POINT('Ctrl Pts',(-1.02334373957559,0.4,-2.36704869990511));
#2584=CARTESIAN_POINT('Ctrl Pts',(-0.974574191586358,0.4,-2.45583861090751));
#2585=CARTESIAN_POINT('Ctrl Pts',(-0.931140750631517,0.4,-2.56862373965858));
#2586=CARTESIAN_POINT('Ctrl Pts',(-0.905239603708637,0.4,-2.68321831507474));
#2587=CARTESIAN_POINT('Ctrl Pts',(-0.896226045141186,0.4,-2.7995792221405));
#2588=CARTESIAN_POINT('Ctrl Pts',(-0.90236251061285,0.4,-2.91756723107443));
#2589=CARTESIAN_POINT('Ctrl Pts',(-0.920308456207689,0.4,-3.03689922252916));
#2590=CARTESIAN_POINT('Ctrl Pts',(-0.945815550210786,0.4,-3.15737773547036));
#2591=CARTESIAN_POINT('Ctrl Pts',(-0.968561141185363,0.4,-3.25425709831445));
#2592=CARTESIAN_POINT('Ctrl Pts',(-0.984963588378532,0.4,-3.32704736131937));
#2593=CARTESIAN_POINT('Ctrl Pts',(-0.995137656946541,0.4,-3.37562853995758));
#2594=CARTESIAN_POINT('Ctrl Pts',(-0.999999992810162,0.4,-3.4));
#2595=CARTESIAN_POINT('Origin',(-1.02716263700653E-33,0.4,0.));
#2596=CARTESIAN_POINT('',(-1.02716263700653E-33,0.4,0.));
#2597=CARTESIAN_POINT('',(-1.02716263700653E-33,0.4,0.));
#2598=CARTESIAN_POINT('',(-1.02716263700653E-33,0.4,0.));
#2599=CARTESIAN_POINT('Origin',(-1.02716263700653E-33,0.4,0.244217384006676));
#2600=CARTESIAN_POINT('',(-1.02716263700653E-33,0.4,0.244217384006676));
#2601=CARTESIAN_POINT('',(-1.02716263700653E-33,0.4,0.244217384006676));
#2602=CARTESIAN_POINT('',(-1.02716263700653E-33,0.4,0.244217384006676));
#2603=CARTESIAN_POINT('Origin',(-0.178885438199983,0.4,0.0894427190999916));
#2604=CARTESIAN_POINT('',(-0.178885438199983,0.4,0.0894427190999916));
#2605=CARTESIAN_POINT('Origin',(-0.677089223889611,0.4,-1.87789130799666));
#2606=CARTESIAN_POINT('Ctrl Pts',(7.24263137313116,5.6,-2.03804915076235));
#2607=CARTESIAN_POINT('Ctrl Pts',(7.24263137313116,4.64,-2.03804915076235));
#2608=CARTESIAN_POINT('Ctrl Pts',(7.27819642089021,5.6,-2.10917924628047));
#2609=CARTESIAN_POINT('Ctrl Pts',(7.27819642089021,4.64,-2.10917924628047));
#2610=CARTESIAN_POINT('Ctrl Pts',(7.30204368418988,5.6,-2.25254166184375));
#2611=CARTESIAN_POINT('Ctrl Pts',(7.30204368418988,4.64,-2.25254166184375));
#2612=CARTESIAN_POINT('Ctrl Pts',(7.2521102082146,5.6,-2.38630136157438));
#2613=CARTESIAN_POINT('Ctrl Pts',(7.2521102082146,4.64,-2.38630136157438));
#2614=CARTESIAN_POINT('Ctrl Pts',(7.21941719663807,5.6,-2.43618744424002));
#2615=CARTESIAN_POINT('Ctrl Pts',(7.21941719663807,4.64,-2.43618744424002));
#2616=CARTESIAN_POINT('',(7.24263137313116,4.8,-2.03804915076235));
#2617=CARTESIAN_POINT('',(7.21941719663807,4.8,-2.43618744424002));
#2618=CARTESIAN_POINT('Ctrl Pts',(7.24263137313116,4.8,-2.03804915076235));
#2619=CARTESIAN_POINT('Ctrl Pts',(7.27819642089021,4.8,-2.10917924628047));
#2620=CARTESIAN_POINT('Ctrl Pts',(7.30204368418988,4.8,-2.25254166184374));
#2621=CARTESIAN_POINT('Ctrl Pts',(7.2521102082146,4.8,-2.38630136157438));
#2622=CARTESIAN_POINT('Ctrl Pts',(7.21941719663807,4.8,-2.43618744424002));
#2623=CARTESIAN_POINT('',(7.21941719663807,5.6,-2.43618744424002));
#2624=CARTESIAN_POINT('',(7.21941719663807,4.8,-2.43618744424002));
#2625=CARTESIAN_POINT('',(7.24263137313116,5.6,-2.03804915076235));
#2626=CARTESIAN_POINT('Ctrl Pts',(7.21941719663807,5.6,-2.43618744424002));
#2627=CARTESIAN_POINT('Ctrl Pts',(7.2521102082146,5.6,-2.38630136157438));
#2628=CARTESIAN_POINT('Ctrl Pts',(7.30204368418987,5.6,-2.25254166184373));
#2629=CARTESIAN_POINT('Ctrl Pts',(7.27819642089021,5.6,-2.10917924628047));
#2630=CARTESIAN_POINT('Ctrl Pts',(7.24263137313116,5.6,-2.03804915076235));
#2631=CARTESIAN_POINT('',(7.24263137313116,5.6,-2.03804915076235));
#2632=CARTESIAN_POINT('Ctrl Pts',(7.35417844777922,5.6,-2.2611433000585));
#2633=CARTESIAN_POINT('Ctrl Pts',(7.35417844777922,4.64,-2.2611433000585));
#2634=CARTESIAN_POINT('Ctrl Pts',(7.32750127934665,5.6,-2.29445651980925));
#2635=CARTESIAN_POINT('Ctrl Pts',(7.32750127934665,4.64,-2.29445651980925));
#2636=CARTESIAN_POINT('Ctrl Pts',(7.30082411091407,5.6,-2.32776973956));
#2637=CARTESIAN_POINT('Ctrl Pts',(7.30082411091407,4.64,-2.32776973956));
#2638=CARTESIAN_POINT('Ctrl Pts',(7.2741469424815,5.6,-2.36108295931075));
#2639=CARTESIAN_POINT('Ctrl Pts',(7.2741469424815,4.64,-2.36108295931075));
#2640=CARTESIAN_POINT('Ctrl Pts',(7.05272491770103,5.6,-2.63758458982716));
#2641=CARTESIAN_POINT('Ctrl Pts',(7.05272491770103,4.64,-2.63758458982716));
#2642=CARTESIAN_POINT('Ctrl Pts',(7.08569405572037,5.6,-2.86552552408484));
#2643=CARTESIAN_POINT('Ctrl Pts',(7.08569405572037,4.64,-2.86552552408484));
#2644=CARTESIAN_POINT('Ctrl Pts',(7.16915491709012,5.6,-3.23528399518298));
#2645=CARTESIAN_POINT('Ctrl Pts',(7.16915491709012,4.64,-3.23528399518298));
#2646=CARTESIAN_POINT('Ctrl Pts',(7.22295042632407,5.6,-3.47361541088894));
#2647=CARTESIAN_POINT('Ctrl Pts',(7.22295042632407,4.64,-3.47361541088894));
#2648=CARTESIAN_POINT('Ctrl Pts',(7.2588845168703,5.6,-3.74175504163656));
#2649=CARTESIAN_POINT('Ctrl Pts',(7.2588845168703,4.64,-3.74175504163656));
#2650=CARTESIAN_POINT('Ctrl Pts',(7.23130559831363,5.6,-3.99999999996495));
#2651=CARTESIAN_POINT('Ctrl Pts',(7.23130559831363,4.64,-3.99999999996495));
#2652=CARTESIAN_POINT('',(7.2021937107988,4.8,-3.4));
#2653=CARTESIAN_POINT('Ctrl Pts',(7.21941719663807,4.8,-2.43618744424002));
#2654=CARTESIAN_POINT('Ctrl Pts',(7.05920694299028,4.8,-2.68065137007471));
#2655=CARTESIAN_POINT('Ctrl Pts',(7.09335951985439,4.8,-2.89948599671762));
#2656=CARTESIAN_POINT('Ctrl Pts',(7.18124220599963,4.8,-3.28883457438323));
#2657=CARTESIAN_POINT('Ctrl Pts',(7.19242775412941,4.8,-3.34389003309747));
#2658=CARTESIAN_POINT('Ctrl Pts',(7.2021937107988,4.8,-3.4));
#2659=CARTESIAN_POINT('',(7.23130559864184,5.,-4.));
#2660=CARTESIAN_POINT('Ctrl Pts',(7.2021937107988,4.8,-3.4));
#2661=CARTESIAN_POINT('Ctrl Pts',(7.23640799749588,4.86552566768955,-3.59657700306864));
#2662=CARTESIAN_POINT('Ctrl Pts',(7.25246382784643,4.93395914475108,-3.80187743425323));
#2663=CARTESIAN_POINT('Ctrl Pts',(7.23130559831363,4.99999999998832,-3.99999999996495));
#2664=CARTESIAN_POINT('',(7.23130559864184,5.4,-4.));
#2665=CARTESIAN_POINT('',(7.23130559864184,5.6,-4.));
#2666=CARTESIAN_POINT('',(7.2021937107988,5.6,-3.4));
#2667=CARTESIAN_POINT('Ctrl Pts',(7.23130559831363,5.40000000001168,-3.99999999996495));
#2668=CARTESIAN_POINT('Ctrl Pts',(7.25246382784644,5.46604085524892,-3.80187743425323));
#2669=CARTESIAN_POINT('Ctrl Pts',(7.23640799749588,5.53447433231046,-3.59657700306864));
#2670=CARTESIAN_POINT('Ctrl Pts',(7.2021937107988,5.6,-3.4));
#2671=CARTESIAN_POINT('Ctrl Pts',(7.21941719663807,5.6,-2.43618744424002));
#2672=CARTESIAN_POINT('Ctrl Pts',(7.05920694299028,5.6,-2.68065137007471));
#2673=CARTESIAN_POINT('Ctrl Pts',(7.09335951985439,5.6,-2.89948599671762));
#2674=CARTESIAN_POINT('Ctrl Pts',(7.18124220599963,5.6,-3.28883457438323));
#2675=CARTESIAN_POINT('Ctrl Pts',(7.19242775412941,5.6,-3.34389003309747));
#2676=CARTESIAN_POINT('Ctrl Pts',(7.2021937107988,5.6,-3.4));
#2677=CARTESIAN_POINT('Origin',(6.67708922388961,4.8,-1.87789130799666));
#2678=CARTESIAN_POINT('',(6.17888543819998,4.8,0.0894427190999916));
#2679=CARTESIAN_POINT('',(6.17888543819998,4.8,0.0894427190999916));
#2680=CARTESIAN_POINT('',(6.,4.8,0.244217384006676));
#2681=CARTESIAN_POINT('',(6.17888543819998,4.8,0.0894427190999916));
#2682=CARTESIAN_POINT('',(6.,4.8,0.));
#2683=CARTESIAN_POINT('',(6.,4.8,0.244217384006676));
#2684=CARTESIAN_POINT('',(7.1180339887499,4.8,-2.23606797749979));
#2685=CARTESIAN_POINT('',(6.,4.8,0.));
#2686=CARTESIAN_POINT('',(6.99999999281016,4.8,-3.4));
#2687=CARTESIAN_POINT('Ctrl Pts',(6.99999999281016,4.8,-3.4));
#2688=CARTESIAN_POINT('Ctrl Pts',(6.99996572515226,4.8,-3.39982824040159));
#2689=CARTESIAN_POINT('Ctrl Pts',(6.99510167893173,4.8,-3.37545674493252));
#2690=CARTESIAN_POINT('Ctrl Pts',(6.98492487401255,4.8,-3.32687555592664));
#2691=CARTESIAN_POINT('Ctrl Pts',(6.96852085294204,4.8,-3.2540855002519));
#2692=CARTESIAN_POINT('Ctrl Pts',(6.94577939374668,4.8,-3.15720695643028));
#2693=CARTESIAN_POINT('Ctrl Pts',(6.92030845620769,4.8,-3.03689922252916));
#2694=CARTESIAN_POINT('Ctrl Pts',(6.90236251061285,4.8,-2.91756723107443));
#2695=CARTESIAN_POINT('Ctrl Pts',(6.89622604514119,4.8,-2.7995792221405));
#2696=CARTESIAN_POINT('Ctrl Pts',(6.90523960370864,4.8,-2.68321831507474));
#2697=CARTESIAN_POINT('Ctrl Pts',(6.93114075063152,4.8,-2.56862373965858));
#2698=CARTESIAN_POINT('Ctrl Pts',(6.97457419158636,4.8,-2.45583861090751));
#2699=CARTESIAN_POINT('Ctrl Pts',(7.02334373957559,4.8,-2.36704869990511));
#2700=CARTESIAN_POINT('Ctrl Pts',(7.06768958963695,4.8,-2.30125137098218));
#2701=CARTESIAN_POINT('Ctrl Pts',(7.10068122899573,4.8,-2.25773730497859));
#2702=CARTESIAN_POINT('Ctrl Pts',(7.1180339887499,4.8,-2.23606797749979));
#2703=CARTESIAN_POINT('',(6.95419741126572,4.8,-3.4));
#2704=CARTESIAN_POINT('Origin',(6.95419741126572,5.5,-3.7));
#2705=CARTESIAN_POINT('',(7.02999961998611,5.4,-4.));
#2706=CARTESIAN_POINT('',(6.95419741126572,5.4,-4.));
#2707=CARTESIAN_POINT('',(6.99999999281016,5.6,-3.4));
#2708=CARTESIAN_POINT('Ctrl Pts',(6.99999999281016,5.6,-3.4));
#2709=CARTESIAN_POINT('Ctrl Pts',(7.00691344373141,5.58844924897492,-3.43465225307525));
#2710=CARTESIAN_POINT('Ctrl Pts',(7.01359387873994,5.57631658232824,-3.47105025301527));
#2711=CARTESIAN_POINT('Ctrl Pts',(7.0195462835772,5.56358963012373,-3.50923110962881));
#2712=CARTESIAN_POINT('Ctrl Pts',(7.02892656735825,5.54353346348012,-3.56939960955965));
#2713=CARTESIAN_POINT('Ctrl Pts',(7.03649129013233,5.52200172835004,-3.63399481494989));
#2714=CARTESIAN_POINT('Ctrl Pts',(7.04017220439399,5.4989482534541,-3.7031552396377));
#2715=CARTESIAN_POINT('Ctrl Pts',(7.04318281649083,5.48009286442242,-3.75972140673276));
#2716=CARTESIAN_POINT('Ctrl Pts',(7.04359363437934,5.46021957513017,-3.81934127460951));
#2717=CARTESIAN_POINT('Ctrl Pts',(7.04031427608034,5.43930078258423,-3.8820976522473));
#2718=CARTESIAN_POINT('Ctrl Pts',(7.03832146875921,5.42658880690674,-3.9202335792798));
#2719=CARTESIAN_POINT('Ctrl Pts',(7.03496868058315,5.41349065758796,-3.95952802723612));
#2720=CARTESIAN_POINT('Ctrl Pts',(7.02999961998611,5.4,-4.));
#2721=CARTESIAN_POINT('',(6.95419741126572,5.6,-3.4));
#2722=CARTESIAN_POINT('Origin',(7.23130559864184,5.6,-4.));
#2723=CARTESIAN_POINT('',(7.02999961998611,5.,-4.));
#2724=CARTESIAN_POINT('',(6.95419741126572,5.,-4.));
#2725=CARTESIAN_POINT('',(7.02999961998611,5.6,-4.));
#2726=CARTESIAN_POINT('Ctrl Pts',(7.02999961998611,5.6,-4.));
#2727=CARTESIAN_POINT('Ctrl Pts',(7.02999961998611,4.64,-4.));
#2728=CARTESIAN_POINT('Ctrl Pts',(7.03292384404708,5.6,-3.97618279869209));
#2729=CARTESIAN_POINT('Ctrl Pts',(7.03292384404708,4.64,-3.97618279869209));
#2730=CARTESIAN_POINT('Ctrl Pts',(7.03792675848638,5.6,-3.92850230944495));
#2731=CARTESIAN_POINT('Ctrl Pts',(7.03792675848638,4.64,-3.92850230944495));
#2732=CARTESIAN_POINT('Ctrl Pts',(7.04289454217179,5.6,-3.85684331632925));
#2733=CARTESIAN_POINT('Ctrl Pts',(7.04289454217179,4.64,-3.85684331632925));
#2734=CARTESIAN_POINT('Ctrl Pts',(7.04440807271826,5.6,-3.76101945669349));
#2735=CARTESIAN_POINT('Ctrl Pts',(7.04440807271826,4.64,-3.76101945669349));
#2736=CARTESIAN_POINT('Ctrl Pts',(7.03777314157032,5.6,-3.6407824809013));
#2737=CARTESIAN_POINT('Ctrl Pts',(7.03777314157032,4.64,-3.6407824809013));
#2738=CARTESIAN_POINT('Ctrl Pts',(7.02297465864142,5.6,-3.52013116657304));
#2739=CARTESIAN_POINT('Ctrl Pts',(7.02297465864142,4.64,-3.52013116657304));
#2740=CARTESIAN_POINT('Ctrl Pts',(7.0010678470723,5.6,-3.39916950793056));
#2741=CARTESIAN_POINT('Ctrl Pts',(7.0010678470723,4.64,-3.39916950793056));
#2742=CARTESIAN_POINT('Ctrl Pts',(6.97415586658478,5.6,-3.27809064044249));
#2743=CARTESIAN_POINT('Ctrl Pts',(6.97415586658478,4.64,-3.27809064044249));
#2744=CARTESIAN_POINT('Ctrl Pts',(6.94577939374668,5.6,-3.15720695643028));
#2745=CARTESIAN_POINT('Ctrl Pts',(6.94577939374668,4.64,-3.15720695643028));
#2746=CARTESIAN_POINT('Ctrl Pts',(6.92030845620769,5.6,-3.03689922252916));
#2747=CARTESIAN_POINT('Ctrl Pts',(6.92030845620769,4.64,-3.03689922252916));
#2748=CARTESIAN_POINT('Ctrl Pts',(6.90236251061285,5.6,-2.91756723107443));
#2749=CARTESIAN_POINT('Ctrl Pts',(6.90236251061285,4.64,-2.91756723107443));
#2750=CARTESIAN_POINT('Ctrl Pts',(6.89622604514119,5.6,-2.7995792221405));
#2751=CARTESIAN_POINT('Ctrl Pts',(6.89622604514119,4.64,-2.7995792221405));
#2752=CARTESIAN_POINT('Ctrl Pts',(6.90523960370864,5.6,-2.68321831507474));
#2753=CARTESIAN_POINT('Ctrl Pts',(6.90523960370864,4.64,-2.68321831507474));
#2754=CARTESIAN_POINT('Ctrl Pts',(6.93114075063152,5.6,-2.56862373965858));
#2755=CARTESIAN_POINT('Ctrl Pts',(6.93114075063152,4.64,-2.56862373965858));
#2756=CARTESIAN_POINT('Ctrl Pts',(6.97457419158636,5.6,-2.45583861090751));
#2757=CARTESIAN_POINT('Ctrl Pts',(6.97457419158636,4.64,-2.45583861090751));
#2758=CARTESIAN_POINT('Ctrl Pts',(7.02334373957559,5.6,-2.36704869990511));
#2759=CARTESIAN_POINT('Ctrl Pts',(7.02334373957559,4.64,-2.36704869990511));
#2760=CARTESIAN_POINT('Ctrl Pts',(7.06768958963695,5.6,-2.30125137098218));
#2761=CARTESIAN_POINT('Ctrl Pts',(7.06768958963695,4.64,-2.30125137098218));
#2762=CARTESIAN_POINT('Ctrl Pts',(7.10068122899573,5.6,-2.25773730497859));
#2763=CARTESIAN_POINT('Ctrl Pts',(7.10068122899573,4.64,-2.25773730497859));
#2764=CARTESIAN_POINT('Ctrl Pts',(7.1180339887499,5.6,-2.23606797749979));
#2765=CARTESIAN_POINT('Ctrl Pts',(7.1180339887499,4.64,-2.23606797749979));
#2766=CARTESIAN_POINT('Ctrl Pts',(7.02999961998611,5.,-4.));
#2767=CARTESIAN_POINT('Ctrl Pts',(7.03599885764764,4.98371248257092,-3.95113744771275));
#2768=CARTESIAN_POINT('Ctrl Pts',(7.0396435209719,4.96799710302002,-3.90399130906007));
#2769=CARTESIAN_POINT('Ctrl Pts',(7.0413802470888,4.95284267725806,-3.85852803177417));
#2770=CARTESIAN_POINT('Ctrl Pts',(7.04381721385942,4.93157805087265,-3.79473415261794));
#2771=CARTESIAN_POINT('Ctrl Pts',(7.04248664619013,4.91141762185488,-3.73425286556465));
#2772=CARTESIAN_POINT('Ctrl Pts',(7.03858407002468,4.89233167743645,-3.67699503230936));
#2773=CARTESIAN_POINT('Ctrl Pts',(7.03506736779371,4.87513288861825,-3.62539866585474));
#2774=CARTESIAN_POINT('Ctrl Pts',(7.0294653324362,4.85880674955995,-3.57642024867984));
#2775=CARTESIAN_POINT('Ctrl Pts',(7.02268303392667,4.84333314412733,-3.52999943238198));
#2776=CARTESIAN_POINT('Ctrl Pts',(7.01701317128876,4.83039752691839,-3.49119258075516));
#2777=CARTESIAN_POINT('Ctrl Pts',(7.01052154396036,4.81805780481394,-3.45417341444182));
#2778=CARTESIAN_POINT('Ctrl Pts',(7.00371191347575,4.80630182745953,-3.4189054823786));
#2779=CARTESIAN_POINT('Ctrl Pts',(7.00248416384982,4.80418227092383,-3.41254681277149));
#2780=CARTESIAN_POINT('Ctrl Pts',(7.00124594132846,4.80208168703139,-3.40624506109418));
#2781=CARTESIAN_POINT('Ctrl Pts',(6.99999999281016,4.8,-3.4));
#2782=CARTESIAN_POINT('',(7.1180339887499,5.6,-2.23606797749979));
#2783=CARTESIAN_POINT('',(7.1180339887499,5.6,-2.23606797749979));
#2784=CARTESIAN_POINT('Ctrl Pts',(7.1180339887499,5.6,-2.23606797749979));
#2785=CARTESIAN_POINT('Ctrl Pts',(7.10068122899573,5.6,-2.25773730497859));
#2786=CARTESIAN_POINT('Ctrl Pts',(7.06768958963695,5.6,-2.30125137098218));
#2787=CARTESIAN_POINT('Ctrl Pts',(7.02334373957559,5.6,-2.36704869990511));
#2788=CARTESIAN_POINT('Ctrl Pts',(6.97457419158636,5.6,-2.45583861090751));
#2789=CARTESIAN_POINT('Ctrl Pts',(6.93114075063152,5.6,-2.56862373965858));
#2790=CARTESIAN_POINT('Ctrl Pts',(6.90523960370864,5.6,-2.68321831507474));
#2791=CARTESIAN_POINT('Ctrl Pts',(6.89622604514119,5.6,-2.7995792221405));
#2792=CARTESIAN_POINT('Ctrl Pts',(6.90236251061285,5.6,-2.91756723107443));
#2793=CARTESIAN_POINT('Ctrl Pts',(6.92030845620769,5.6,-3.03689922252916));
#2794=CARTESIAN_POINT('Ctrl Pts',(6.94581555021079,5.6,-3.15737773547036));
#2795=CARTESIAN_POINT('Ctrl Pts',(6.96856114118536,5.6,-3.25425709831445));
#2796=CARTESIAN_POINT('Ctrl Pts',(6.98496358837853,5.6,-3.32704736131937));
#2797=CARTESIAN_POINT('Ctrl Pts',(6.99513765694654,5.6,-3.37562853995758));
#2798=CARTESIAN_POINT('Ctrl Pts',(6.99999999281016,5.6,-3.4));
#2799=CARTESIAN_POINT('Origin',(6.95419741126572,4.9,-3.7));
#2800=CARTESIAN_POINT('Origin',(6.,5.6,0.));
#2801=CARTESIAN_POINT('',(6.,5.6,0.244217384006676));
#2802=CARTESIAN_POINT('',(6.,5.6,0.));
#2803=CARTESIAN_POINT('',(6.,5.6,0.244217384006676));
#2804=CARTESIAN_POINT('',(6.,5.6,0.));
#2805=CARTESIAN_POINT('',(6.,5.6,0.244217384006676));
#2806=CARTESIAN_POINT('Origin',(7.1180339887499,5.6,-2.23606797749979));
#2807=CARTESIAN_POINT('',(6.,5.6,0.));
#2808=CARTESIAN_POINT('Origin',(6.17888543819998,5.6,0.0894427190999916));
#2809=CARTESIAN_POINT('',(6.17888543819998,5.6,0.0894427190999916));
#2810=CARTESIAN_POINT('',(6.17888543819998,5.6,0.0894427190999916));
#2811=CARTESIAN_POINT('',(6.17888543819998,5.6,0.0894427190999916));
#2812=CARTESIAN_POINT('Origin',(6.,5.6,0.244217384006676));
#2813=CARTESIAN_POINT('',(6.17888543819998,5.6,0.0894427190999916));
#2814=CARTESIAN_POINT('Origin',(6.67708922388961,5.6,-1.87789130799666));
#2815=CARTESIAN_POINT('Ctrl Pts',(-1.21941719663807,5.6,-2.43618744424003));
#2816=CARTESIAN_POINT('Ctrl Pts',(-1.21941719663807,4.64,-2.43618744424003));
#2817=CARTESIAN_POINT('Ctrl Pts',(-1.26300787874011,5.6,-2.36967266735249));
#2818=CARTESIAN_POINT('Ctrl Pts',(-1.26300787874011,4.64,-2.36967266735249));
#2819=CARTESIAN_POINT('Ctrl Pts',(-1.30337006062609,5.6,-2.23005321712407));
#2820=CARTESIAN_POINT('Ctrl Pts',(-1.30337006062609,4.64,-2.23005321712407));
#2821=CARTESIAN_POINT('Ctrl Pts',(-1.26930515895045,5.6,-2.09139672240094));
#2822=CARTESIAN_POINT('Ctrl Pts',(-1.26930515895045,4.64,-2.09139672240094));
#2823=CARTESIAN_POINT('Ctrl Pts',(-1.24263137313116,5.6,-2.03804915076236));
#2824=CARTESIAN_POINT('Ctrl Pts',(-1.24263137313116,4.64,-2.03804915076236));
#2825=CARTESIAN_POINT('',(-1.21941719663807,4.8,-2.43618744424003));
#2826=CARTESIAN_POINT('',(-1.24263137313116,4.8,-2.03804915076236));
#2827=CARTESIAN_POINT('Ctrl Pts',(-1.21941719663807,4.8,-2.43618744424003));
#2828=CARTESIAN_POINT('Ctrl Pts',(-1.26300787874011,4.8,-2.36967266735249));
#2829=CARTESIAN_POINT('Ctrl Pts',(-1.3033700606261,4.8,-2.23005321712407));
#2830=CARTESIAN_POINT('Ctrl Pts',(-1.26930515895045,4.8,-2.09139672240094));
#2831=CARTESIAN_POINT('Ctrl Pts',(-1.24263137313116,4.8,-2.03804915076236));
#2832=CARTESIAN_POINT('',(-1.24263137313116,5.6,-2.03804915076236));
#2833=CARTESIAN_POINT('',(-1.24263137313116,4.8,-2.03804915076236));
#2834=CARTESIAN_POINT('',(-1.21941719663807,5.6,-2.43618744424003));
#2835=CARTESIAN_POINT('Ctrl Pts',(-1.24263137313116,5.6,-2.03804915076236));
#2836=CARTESIAN_POINT('Ctrl Pts',(-1.26930515895045,5.6,-2.09139672240094));
#2837=CARTESIAN_POINT('Ctrl Pts',(-1.30337006062608,5.6,-2.23005321712407));
#2838=CARTESIAN_POINT('Ctrl Pts',(-1.26300787874011,5.6,-2.36967266735249));
#2839=CARTESIAN_POINT('Ctrl Pts',(-1.21941719663807,5.6,-2.43618744424003));
#2840=CARTESIAN_POINT('',(-1.21941719663807,5.6,-2.43618744424003));
#2841=CARTESIAN_POINT('Origin',(-0.677089223889611,5.6,-1.87789130799666));
#2842=CARTESIAN_POINT('',(-0.178885438199983,5.6,0.0894427190999916));
#2843=CARTESIAN_POINT('',(-0.178885438199983,5.6,0.0894427190999916));
#2844=CARTESIAN_POINT('',(1.02716263700653E-33,5.6,0.244217384006676));
#2845=CARTESIAN_POINT('',(-0.178885438199983,5.6,0.0894427190999916));
#2846=CARTESIAN_POINT('',(1.02716263700653E-33,5.6,0.));
#2847=CARTESIAN_POINT('',(1.02716263700653E-33,5.6,0.244217384006676));
#2848=CARTESIAN_POINT('',(-1.11803398874989,5.6,-2.23606797749979));
#2849=CARTESIAN_POINT('',(1.02716263700653E-33,5.6,0.));
#2850=CARTESIAN_POINT('',(-0.999999992810162,5.6,-3.4));
#2851=CARTESIAN_POINT('Ctrl Pts',(-1.11803398874989,5.6,-2.23606797749979));
#2852=CARTESIAN_POINT('Ctrl Pts',(-1.10068122899573,5.6,-2.25773730497859));
#2853=CARTESIAN_POINT('Ctrl Pts',(-1.06768958963695,5.6,-2.30125137098218));
#2854=CARTESIAN_POINT('Ctrl Pts',(-1.02334373957559,5.6,-2.36704869990511));
#2855=CARTESIAN_POINT('Ctrl Pts',(-0.974574191586358,5.6,-2.45583861090751));
#2856=CARTESIAN_POINT('Ctrl Pts',(-0.931140750631517,5.6,-2.56862373965858));
#2857=CARTESIAN_POINT('Ctrl Pts',(-0.905239603708637,5.6,-2.68321831507474));
#2858=CARTESIAN_POINT('Ctrl Pts',(-0.896226045141186,5.6,-2.7995792221405));
#2859=CARTESIAN_POINT('Ctrl Pts',(-0.90236251061285,5.6,-2.91756723107443));
#2860=CARTESIAN_POINT('Ctrl Pts',(-0.920308456207689,5.6,-3.03689922252916));
#2861=CARTESIAN_POINT('Ctrl Pts',(-0.945815550210786,5.6,-3.15737773547036));
#2862=CARTESIAN_POINT('Ctrl Pts',(-0.968561141185363,5.6,-3.25425709831445));
#2863=CARTESIAN_POINT('Ctrl Pts',(-0.984963588378532,5.6,-3.32704736131937));
#2864=CARTESIAN_POINT('Ctrl Pts',(-0.995137656946541,5.6,-3.37562853995758));
#2865=CARTESIAN_POINT('Ctrl Pts',(-0.999999992810162,5.6,-3.4));
#2866=CARTESIAN_POINT('',(-1.2021937107988,5.6,-3.4));
#2867=CARTESIAN_POINT('',(-0.85354442193786,5.6,-3.4));
#2868=CARTESIAN_POINT('Ctrl Pts',(-1.21941719663807,5.6,-2.43618744424003));
#2869=CARTESIAN_POINT('Ctrl Pts',(-1.05920694299028,5.6,-2.68065137007472));
#2870=CARTESIAN_POINT('Ctrl Pts',(-1.09335951985439,5.6,-2.89948599671762));
#2871=CARTESIAN_POINT('Ctrl Pts',(-1.18124220599963,5.6,-3.28883457438323));
#2872=CARTESIAN_POINT('Ctrl Pts',(-1.19242775412941,5.6,-3.34389003309747));
#2873=CARTESIAN_POINT('Ctrl Pts',(-1.2021937107988,5.6,-3.4));
#2874=CARTESIAN_POINT('Origin',(-1.35417844777656,5.6,-2.26114330005316));
#2875=CARTESIAN_POINT('',(-0.178885438199983,4.8,0.0894427190999916));
#2876=CARTESIAN_POINT('',(-0.178885438199983,4.8,0.0894427190999916));
#2877=CARTESIAN_POINT('',(-0.178885438199983,5.6,0.0894427190999916));
#2878=CARTESIAN_POINT('Origin',(-0.85354442193786,5.5,-3.7));
#2879=CARTESIAN_POINT('',(-1.23130559864183,5.4,-4.));
#2880=CARTESIAN_POINT('Ctrl Pts',(-1.2021937107988,5.6,-3.4));
#2881=CARTESIAN_POINT('Ctrl Pts',(-1.23640799749588,5.53447433231045,-3.59657700306865));
#2882=CARTESIAN_POINT('Ctrl Pts',(-1.25246382784643,5.46604085524892,-3.80187743425323));
#2883=CARTESIAN_POINT('Ctrl Pts',(-1.23130559831363,5.40000000001168,-3.99999999996495));
#2884=CARTESIAN_POINT('',(-1.02999961998611,5.4,-4.));
#2885=CARTESIAN_POINT('Ctrl Pts',(-1.02999961998611,5.4,-4.));
#2886=CARTESIAN_POINT('Ctrl Pts',(-1.03599885764788,5.41628751742976,-3.95113744771073));
#2887=CARTESIAN_POINT('Ctrl Pts',(-1.03964352097219,5.43200289698127,-3.90399130905618));
#2888=CARTESIAN_POINT('Ctrl Pts',(-1.04138024708901,5.44715732274382,-3.85852803176855));
#2889=CARTESIAN_POINT('Ctrl Pts',(-1.04381721385942,5.46842194912919,-3.79473415261245));
#2890=CARTESIAN_POINT('Ctrl Pts',(-1.04248664618993,5.4885823781469,-3.73425286555929));
#2891=CARTESIAN_POINT('Ctrl Pts',(-1.03858407002433,5.50766832256529,-3.67699503230414));
#2892=CARTESIAN_POINT('Ctrl Pts',(-1.03506736779321,5.52486711138349,-3.62539866584954));
#2893=CARTESIAN_POINT('Ctrl Pts',(-1.02946533243556,5.54119325044177,-3.57642024867468));
#2894=CARTESIAN_POINT('Ctrl Pts',(-1.02268303392592,5.55666685587437,-3.52999943237688));
#2895=CARTESIAN_POINT('Ctrl Pts',(-1.01701317128821,5.56960247308265,-3.49119258075206));
#2896=CARTESIAN_POINT('Ctrl Pts',(-1.01052154396011,5.58194219518648,-3.45417341444057));
#2897=CARTESIAN_POINT('Ctrl Pts',(-1.00371191347584,5.59369817254033,-3.41890548237902));
#2898=CARTESIAN_POINT('Ctrl Pts',(-1.00248416384988,5.59581772907608,-3.41254681277177));
#2899=CARTESIAN_POINT('Ctrl Pts',(-1.00124594132849,5.59791831296856,-3.40624506109432));
#2900=CARTESIAN_POINT('Ctrl Pts',(-0.999999992810162,5.6,-3.4));
#2901=CARTESIAN_POINT('',(-0.85354442193786,5.4,-4.));
#2902=CARTESIAN_POINT('Origin',(-1.02999961998611,5.6,-4.));
#2903=CARTESIAN_POINT('',(-1.02999961998611,5.,-4.));
#2904=CARTESIAN_POINT('',(-1.02999961998611,5.6,-4.));
#2905=CARTESIAN_POINT('',(-1.23130559864183,5.,-4.));
#2906=CARTESIAN_POINT('',(-0.85354442193786,5.,-4.));
#2907=CARTESIAN_POINT('',(-1.23130559864183,5.6,-4.));
#2908=CARTESIAN_POINT('Ctrl Pts',(-1.23130559831363,5.6,-3.99999999996495));
#2909=CARTESIAN_POINT('Ctrl Pts',(-1.23130559831363,4.64,-3.99999999996495));
#2910=CARTESIAN_POINT('Ctrl Pts',(-1.2588845168703,5.6,-3.74175504163656));
#2911=CARTESIAN_POINT('Ctrl Pts',(-1.2588845168703,4.64,-3.74175504163656));
#2912=CARTESIAN_POINT('Ctrl Pts',(-1.22295042632407,5.6,-3.47361541088894));
#2913=CARTESIAN_POINT('Ctrl Pts',(-1.22295042632407,4.64,-3.47361541088894));
#2914=CARTESIAN_POINT('Ctrl Pts',(-1.16915491709012,5.6,-3.23528399518298));
#2915=CARTESIAN_POINT('Ctrl Pts',(-1.16915491709012,4.64,-3.23528399518298));
#2916=CARTESIAN_POINT('Ctrl Pts',(-1.08569405572036,5.6,-2.86552552408484));
#2917=CARTESIAN_POINT('Ctrl Pts',(-1.08569405572036,4.64,-2.86552552408484));
#2918=CARTESIAN_POINT('Ctrl Pts',(-1.05272491770103,5.6,-2.63758458982716));
#2919=CARTESIAN_POINT('Ctrl Pts',(-1.05272491770103,4.64,-2.63758458982716));
#2920=CARTESIAN_POINT('Ctrl Pts',(-1.27414694248149,5.6,-2.36108295931075));
#2921=CARTESIAN_POINT('Ctrl Pts',(-1.27414694248149,4.64,-2.36108295931075));
#2922=CARTESIAN_POINT('Ctrl Pts',(-1.30082411091407,5.6,-2.32776973956));
#2923=CARTESIAN_POINT('Ctrl Pts',(-1.30082411091407,4.64,-2.32776973956));
#2924=CARTESIAN_POINT('Ctrl Pts',(-1.32750127934664,5.6,-2.29445651980925));
#2925=CARTESIAN_POINT('Ctrl Pts',(-1.32750127934664,4.64,-2.29445651980925));
#2926=CARTESIAN_POINT('Ctrl Pts',(-1.35417844777922,5.6,-2.2611433000585));
#2927=CARTESIAN_POINT('Ctrl Pts',(-1.35417844777922,4.64,-2.2611433000585));
#2928=CARTESIAN_POINT('',(-1.2021937107988,4.8,-3.4));
#2929=CARTESIAN_POINT('Ctrl Pts',(-1.23130559831363,4.99999999998832,-3.99999999996495));
#2930=CARTESIAN_POINT('Ctrl Pts',(-1.25246382784643,4.93395914475108,-3.80187743425323));
#2931=CARTESIAN_POINT('Ctrl Pts',(-1.23640799749588,4.86552566768955,-3.59657700306865));
#2932=CARTESIAN_POINT('Ctrl Pts',(-1.2021937107988,4.8,-3.4));
#2933=CARTESIAN_POINT('Ctrl Pts',(-1.2021937107988,4.8,-3.4));
#2934=CARTESIAN_POINT('Ctrl Pts',(-1.19242775412941,4.8,-3.34389003309747));
#2935=CARTESIAN_POINT('Ctrl Pts',(-1.18124220599963,4.8,-3.28883457438323));
#2936=CARTESIAN_POINT('Ctrl Pts',(-1.09335951985439,4.8,-2.89948599671762));
#2937=CARTESIAN_POINT('Ctrl Pts',(-1.05920694299028,4.8,-2.68065137007472));
#2938=CARTESIAN_POINT('Ctrl Pts',(-1.21941719663807,4.8,-2.43618744424003));
#2939=CARTESIAN_POINT('Origin',(-0.85354442193786,4.9,-3.7));
#2940=CARTESIAN_POINT('',(-0.999999992810162,4.8,-3.4));
#2941=CARTESIAN_POINT('Ctrl Pts',(-0.999999992810162,4.8,-3.4));
#2942=CARTESIAN_POINT('Ctrl Pts',(-1.00691344373131,4.81155075102493,-3.43465225307478));
#2943=CARTESIAN_POINT('Ctrl Pts',(-1.01359387873975,4.82368341767142,-3.47105025301426));
#2944=CARTESIAN_POINT('Ctrl Pts',(-1.01954628357694,4.83641036987572,-3.50923110962717));
#2945=CARTESIAN_POINT('Ctrl Pts',(-1.02892656735758,4.85646653651835,-3.56939960955506));
#2946=CARTESIAN_POINT('Ctrl Pts',(-1.03649129013142,4.87799827164729,-3.63399481494186));
#2947=CARTESIAN_POINT('Ctrl Pts',(-1.04017220439335,4.90105174654191,-3.70315523962573));
#2948=CARTESIAN_POINT('Ctrl Pts',(-1.04318281649088,4.91990713557545,-3.75972140672634));
#2949=CARTESIAN_POINT('Ctrl Pts',(-1.0435936343796,4.93978042486976,-3.81934127460927));
#2950=CARTESIAN_POINT('Ctrl Pts',(-1.04031427608,4.96069921741796,-3.88209765225387));
#2951=CARTESIAN_POINT('Ctrl Pts',(-1.03832146875883,4.97341119309477,-3.92023357928432));
#2952=CARTESIAN_POINT('Ctrl Pts',(-1.03496868058286,4.98650934241282,-3.95952802723845));
#2953=CARTESIAN_POINT('Ctrl Pts',(-1.02999961998611,5.,-4.));
#2954=CARTESIAN_POINT('',(-0.85354442193786,4.8,-3.4));
#2955=CARTESIAN_POINT('Ctrl Pts',(-1.11803398874989,5.6,-2.23606797749979));
#2956=CARTESIAN_POINT('Ctrl Pts',(-1.11803398874989,4.64,-2.23606797749979));
#2957=CARTESIAN_POINT('Ctrl Pts',(-1.10068122899573,5.6,-2.25773730497859));
#2958=CARTESIAN_POINT('Ctrl Pts',(-1.10068122899573,4.64,-2.25773730497859));
#2959=CARTESIAN_POINT('Ctrl Pts',(-1.06768958963695,5.6,-2.30125137098218));
#2960=CARTESIAN_POINT('Ctrl Pts',(-1.06768958963695,4.64,-2.30125137098218));
#2961=CARTESIAN_POINT('Ctrl Pts',(-1.02334373957559,5.6,-2.36704869990511));
#2962=CARTESIAN_POINT('Ctrl Pts',(-1.02334373957559,4.64,-2.36704869990511));
#2963=CARTESIAN_POINT('Ctrl Pts',(-0.974574191586358,5.6,-2.45583861090751));
#2964=CARTESIAN_POINT('Ctrl Pts',(-0.974574191586358,4.64,-2.45583861090751));
#2965=CARTESIAN_POINT('Ctrl Pts',(-0.931140750631517,5.6,-2.56862373965858));
#2966=CARTESIAN_POINT('Ctrl Pts',(-0.931140750631517,4.64,-2.56862373965858));
#2967=CARTESIAN_POINT('Ctrl Pts',(-0.905239603708637,5.6,-2.68321831507474));
#2968=CARTESIAN_POINT('Ctrl Pts',(-0.905239603708637,4.64,-2.68321831507474));
#2969=CARTESIAN_POINT('Ctrl Pts',(-0.896226045141186,5.6,-2.7995792221405));
#2970=CARTESIAN_POINT('Ctrl Pts',(-0.896226045141186,4.64,-2.7995792221405));
#2971=CARTESIAN_POINT('Ctrl Pts',(-0.90236251061285,5.6,-2.91756723107443));
#2972=CARTESIAN_POINT('Ctrl Pts',(-0.90236251061285,4.64,-2.91756723107443));
#2973=CARTESIAN_POINT('Ctrl Pts',(-0.920308456207689,5.6,-3.03689922252916));
#2974=CARTESIAN_POINT('Ctrl Pts',(-0.920308456207689,4.64,-3.03689922252916));
#2975=CARTESIAN_POINT('Ctrl Pts',(-0.945779393746677,5.6,-3.15720695643028));
#2976=CARTESIAN_POINT('Ctrl Pts',(-0.945779393746677,4.64,-3.15720695643028));
#2977=CARTESIAN_POINT('Ctrl Pts',(-0.974155866584783,5.6,-3.27809064044249));
#2978=CARTESIAN_POINT('Ctrl Pts',(-0.974155866584783,4.64,-3.27809064044249));
#2979=CARTESIAN_POINT('Ctrl Pts',(-1.0010678470723,5.6,-3.39916950793056));
#2980=CARTESIAN_POINT('Ctrl Pts',(-1.0010678470723,4.64,-3.39916950793056));
#2981=CARTESIAN_POINT('Ctrl Pts',(-1.02297465864142,5.6,-3.52013116657304));
#2982=CARTESIAN_POINT('Ctrl Pts',(-1.02297465864142,4.64,-3.52013116657304));
#2983=CARTESIAN_POINT('Ctrl Pts',(-1.03777314157032,5.6,-3.6407824809013));
#2984=CARTESIAN_POINT('Ctrl Pts',(-1.03777314157032,4.64,-3.6407824809013));
#2985=CARTESIAN_POINT('Ctrl Pts',(-1.04440807271826,5.6,-3.76101945669349));
#2986=CARTESIAN_POINT('Ctrl Pts',(-1.04440807271826,4.64,-3.76101945669349));
#2987=CARTESIAN_POINT('Ctrl Pts',(-1.04289454217179,5.6,-3.85684331632925));
#2988=CARTESIAN_POINT('Ctrl Pts',(-1.04289454217179,4.64,-3.85684331632925));
#2989=CARTESIAN_POINT('Ctrl Pts',(-1.03792675848638,5.6,-3.92850230944495));
#2990=CARTESIAN_POINT('Ctrl Pts',(-1.03792675848638,4.64,-3.92850230944495));
#2991=CARTESIAN_POINT('Ctrl Pts',(-1.03292384404707,5.6,-3.97618279869209));
#2992=CARTESIAN_POINT('Ctrl Pts',(-1.03292384404707,4.64,-3.97618279869209));
#2993=CARTESIAN_POINT('Ctrl Pts',(-1.02999961998611,5.6,-4.));
#2994=CARTESIAN_POINT('Ctrl Pts',(-1.02999961998611,4.64,-4.));
#2995=CARTESIAN_POINT('',(-1.11803398874989,4.8,-2.23606797749979));
#2996=CARTESIAN_POINT('',(-1.11803398874989,5.6,-2.23606797749979));
#2997=CARTESIAN_POINT('Ctrl Pts',(-1.11803398874989,4.8,-2.23606797749979));
#2998=CARTESIAN_POINT('Ctrl Pts',(-1.10068122899573,4.8,-2.25773730497859));
#2999=CARTESIAN_POINT('Ctrl Pts',(-1.06768958963695,4.8,-2.30125137098218));
#3000=CARTESIAN_POINT('Ctrl Pts',(-1.02334373957559,4.8,-2.36704869990511));
#3001=CARTESIAN_POINT('Ctrl Pts',(-0.974574191586358,4.8,-2.45583861090751));
#3002=CARTESIAN_POINT('Ctrl Pts',(-0.931140750631517,4.8,-2.56862373965858));
#3003=CARTESIAN_POINT('Ctrl Pts',(-0.905239603708637,4.8,-2.68321831507474));
#3004=CARTESIAN_POINT('Ctrl Pts',(-0.896226045141186,4.8,-2.7995792221405));
#3005=CARTESIAN_POINT('Ctrl Pts',(-0.90236251061285,4.8,-2.91756723107443));
#3006=CARTESIAN_POINT('Ctrl Pts',(-0.920308456207689,4.8,-3.03689922252916));
#3007=CARTESIAN_POINT('Ctrl Pts',(-0.945815550210786,4.8,-3.15737773547036));
#3008=CARTESIAN_POINT('Ctrl Pts',(-0.968561141185363,4.8,-3.25425709831445));
#3009=CARTESIAN_POINT('Ctrl Pts',(-0.984963588378532,4.8,-3.32704736131937));
#3010=CARTESIAN_POINT('Ctrl Pts',(-0.995137656946541,4.8,-3.37562853995758));
#3011=CARTESIAN_POINT('Ctrl Pts',(-0.999999992810162,4.8,-3.4));
#3012=CARTESIAN_POINT('Origin',(1.02716263700653E-33,5.6,0.));
#3013=CARTESIAN_POINT('',(6.16297582203915E-33,4.8,0.));
#3014=CARTESIAN_POINT('',(1.02716263700653E-33,5.6,0.));
#3015=CARTESIAN_POINT('',(5.13581318503263E-33,4.8,0.));
#3016=CARTESIAN_POINT('Origin',(1.02716263700653E-33,5.6,0.244217384006676));
#3017=CARTESIAN_POINT('',(6.16297582203915E-33,4.8,0.244217384006676));
#3018=CARTESIAN_POINT('',(1.02716263700653E-33,5.6,0.244217384006676));
#3019=CARTESIAN_POINT('',(5.13581318503263E-33,4.8,0.244217384006676));
#3020=CARTESIAN_POINT('Origin',(-0.178885438199983,5.6,0.0894427190999916));
#3021=CARTESIAN_POINT('',(-0.178885438199983,4.8,0.0894427190999916));
#3022=CARTESIAN_POINT('Origin',(-0.677089223889611,4.8,-1.87789130799666));
#3023=UNCERTAINTY_MEASURE_WITH_UNIT(LENGTH_MEASURE(0.01),#3027,
'DISTANCE_ACCURACY_VALUE',
'Maximum model space distance between geometric entities at asserted c
onnectivities');
#3024=UNCERTAINTY_MEASURE_WITH_UNIT(LENGTH_MEASURE(0.01),#3027,
'DISTANCE_ACCURACY_VALUE',
'Maximum model space distance between geometric entities at asserted c
onnectivities');
#3025=(
GEOMETRIC_REPRESENTATION_CONTEXT(3)
GLOBAL_UNCERTAINTY_ASSIGNED_CONTEXT((#3023))
GLOBAL_UNIT_ASSIGNED_CONTEXT((#3027,#3029,#3030))
REPRESENTATION_CONTEXT('','3D')
);
#3026=(
GEOMETRIC_REPRESENTATION_CONTEXT(3)
GLOBAL_UNCERTAINTY_ASSIGNED_CONTEXT((#3024))
GLOBAL_UNIT_ASSIGNED_CONTEXT((#3027,#3029,#3030))
REPRESENTATION_CONTEXT('','3D')
);
#3027=(
LENGTH_UNIT()
NAMED_UNIT(*)
SI_UNIT(.MILLI.,.METRE.)
);
#3028=(
LENGTH_UNIT()
NAMED_UNIT(*)
SI_UNIT($,.METRE.)
);
#3029=(
NAMED_UNIT(*)
PLANE_ANGLE_UNIT()
SI_UNIT($,.RADIAN.)
);
#3030=(
NAMED_UNIT(*)
SI_UNIT($,.STERADIAN.)
SOLID_ANGLE_UNIT()
);
#3031=SHAPE_DEFINITION_REPRESENTATION(#3032,#3033);
#3032=PRODUCT_DEFINITION_SHAPE('',$,#3035);
#3033=SHAPE_REPRESENTATION('',(#1457),#3025);
#3034=PRODUCT_DEFINITION_CONTEXT('part definition',#3039,'design');
#3035=PRODUCT_DEFINITION('\X2\043A043D043E043F043A0430\X0\ \X2\043C0430043B0435043D044C043A0430044F\X0\',
'Button 6x6-vyssie v2',#3036,#3034);
#3036=PRODUCT_DEFINITION_FORMATION('',$,#3041);
#3037=PRODUCT_RELATED_PRODUCT_CATEGORY('Button 6x6-vyssie v2',
'Button 6x6-vyssie v2',(#3041));
#3038=APPLICATION_PROTOCOL_DEFINITION('international standard',
'automotive_design',2009,#3039);
#3039=APPLICATION_CONTEXT(
'Core Data for Automotive Mechanical Design Process');
#3040=PRODUCT_CONTEXT('part definition',#3039,'mechanical');
#3041=PRODUCT('\X2\043A043D043E043F043A0430\X0\ \X2\043C0430043B0435043D044C043A0430044F\X0\',
'Button 6x6-vyssie v2',$,(#3040));
#3042=PRESENTATION_STYLE_ASSIGNMENT((#3045));
#3043=PRESENTATION_STYLE_ASSIGNMENT((#3046));
#3044=PRESENTATION_STYLE_ASSIGNMENT((#3047));
#3045=SURFACE_STYLE_USAGE(.BOTH.,#3048);
#3046=SURFACE_STYLE_USAGE(.BOTH.,#3049);
#3047=SURFACE_STYLE_USAGE(.BOTH.,#3050);
#3048=SURFACE_SIDE_STYLE('',(#3051));
#3049=SURFACE_SIDE_STYLE('',(#3052));
#3050=SURFACE_SIDE_STYLE('',(#3053));
#3051=SURFACE_STYLE_FILL_AREA(#3054);
#3052=SURFACE_STYLE_FILL_AREA(#3055);
#3053=SURFACE_STYLE_FILL_AREA(#3056);
#3054=FILL_AREA_STYLE('Steel - Satin',(#3057));
#3055=FILL_AREA_STYLE('Opaque(18,18,17)',(#3058));
#3056=FILL_AREA_STYLE('Opaque(245,245,246)',(#3059));
#3057=FILL_AREA_STYLE_COLOUR('Steel - Satin',#3060);
#3058=FILL_AREA_STYLE_COLOUR('Opaque(18,18,17)',#3061);
#3059=FILL_AREA_STYLE_COLOUR('Opaque(245,245,246)',#3062);
#3060=COLOUR_RGB('Steel - Satin',0.627450980392157,0.627450980392157,0.627450980392157);
#3061=COLOUR_RGB('Opaque(18,18,17)',0.0705882352941176,0.0705882352941176,
0.0666666666666667);
#3062=COLOUR_RGB('Opaque(245,245,246)',0.96078431372549,0.96078431372549,
0.964705882352941);
ENDSEC;
END-ISO-10303-21;
