ISO-10303-21;
HEADER;
/* Generated by software containing ST-Developer
 * from STEP Tools, Inc. (www.steptools.com) 
 */

FILE_DESCRIPTION(
/* description */ (''),
/* implementation_level */ '2;1');

FILE_NAME(
/* name */ 'Button 6x6x13.step',
/* time_stamp */ '2026-04-20T16:24:43+02:00',
/* author */ (''),
/* organization */ (''),
/* preprocessor_version */ 'ST-DEVELOPER v20.1',
/* originating_system */ 'Autodesk Translation Framework v14.24.0.0',
/* authorisation */ '');

FILE_SCHEMA (('AUTOMOTIVE_DESIGN { 1 0 10303 214 3 1 1 }'));
ENDSEC;

DATA;
#10=MECHANICAL_DESIGN_GEOMETRIC_PRESENTATION_REPRESENTATION('',(#69,#70,
#71,#72,#73,#74,#75,#76,#77,#78),#3051);
#11=SHAPE_REPRESENTATION_RELATIONSHIP('SRR','None',#3058,#12);
#12=ADVANCED_BREP_SHAPE_REPRESENTATION('',(#79,#80,#81,#82,#83,#84,#85,
#86,#87,#88),#3050);
#13=B_SPLINE_CURVE_WITH_KNOTS('',3,(#2226,#2227,#2228,#2229,#2230),
 .UNSPECIFIED.,.F.,.F.,(4,1,4),(0.,0.0239190615613303,0.041858357732328),
 .UNSPECIFIED.);
#14=B_SPLINE_CURVE_WITH_KNOTS('',3,(#2234,#2235,#2236,#2237,#2238),
 .UNSPECIFIED.,.F.,.F.,(4,1,4),(0.,0.0179392961709977,0.041858357732328),
 .UNSPECIFIED.);
#15=B_SPLINE_CURVE_WITH_KNOTS('',3,(#2248,#2249,#2250,#2251,#2252,#2253),
 .UNSPECIFIED.,.F.,.F.,(4,2,4),(0.0551667243229046,0.600650169439731,0.687639831568897),
 .UNSPECIFIED.);
#16=B_SPLINE_CURVE_WITH_KNOTS('',5,(#2257,#2258,#2259,#2260,#2261,#2262,
#2263,#2264,#2265,#2266,#2267,#2268,#2269,#2270,#2271,#2272),
 .UNSPECIFIED.,.F.,.F.,(6,1,1,1,1,1,1,1,1,1,1,6),(-0.667139839461524,-0.666666666666667,
-0.6,-0.533333333333333,-0.466666666666667,-0.4,-0.333333333333333,-0.266666666666667,
-0.2,-0.133333333333333,-0.0666666666666667,0.),.UNSPECIFIED.);
#17=B_SPLINE_CURVE_WITH_KNOTS('',3,(#2281,#2282,#2283,#2284),
 .UNSPECIFIED.,.F.,.F.,(4,4),(-0.0630048202983055,0.),.UNSPECIFIED.);
#18=B_SPLINE_CURVE_WITH_KNOTS('',3,(#2288,#2289,#2290,#2291,#2292,#2293,
#2294,#2295,#2296,#2297,#2298,#2299,#2300),.UNSPECIFIED.,.F.,.F.,(4,3,3,
3,4),(-0.0764629942966758,-0.0600124020376846,-0.034088220471617,-0.0128848864422465,
0.),.UNSPECIFIED.);
#19=B_SPLINE_CURVE_WITH_KNOTS('',5,(#2349,#2350,#2351,#2352,#2353,#2354,
#2355,#2356,#2357,#2358,#2359,#2360,#2361,#2362,#2363),.UNSPECIFIED.,.F.,
 .F.,(6,1,1,1,1,1,1,1,1,1,6),(0.,0.0666666666666667,0.133333333333333,0.2,
0.266666666666667,0.333333333333333,0.4,0.466666666666667,0.533333333333333,
0.6,0.667139839461524),.UNSPECIFIED.);
#20=B_SPLINE_CURVE_WITH_KNOTS('',3,(#2365,#2366,#2367,#2368,#2369,#2370,
#2371,#2372,#2373,#2374,#2375,#2376,#2377,#2378,#2379,#2380),
 .UNSPECIFIED.,.F.,.F.,(4,3,3,3,3,4),(-0.0518375112787118,-0.0412913305081222,
-0.0264929740806295,-0.0131578306120569,-0.00200992380475726,0.),
 .UNSPECIFIED.);
#21=B_SPLINE_CURVE_WITH_KNOTS('',3,(#2382,#2383,#2384,#2385),
 .UNSPECIFIED.,.F.,.F.,(4,4),(-0.0629725770899231,0.),.UNSPECIFIED.);
#22=B_SPLINE_CURVE_WITH_KNOTS('',3,(#2414,#2415,#2416,#2417,#2418,#2419),
 .UNSPECIFIED.,.F.,.F.,(4,2,4),(0.0551667243229046,0.600650169439731,0.687639831568897),
 .UNSPECIFIED.);
#23=B_SPLINE_CURVE_WITH_KNOTS('',3,(#2435,#2436,#2437,#2438,#2439),
 .UNSPECIFIED.,.F.,.F.,(4,1,4),(0.,0.0239190615613303,0.041858357732328),
 .UNSPECIFIED.);
#24=B_SPLINE_CURVE_WITH_KNOTS('',3,(#2443,#2444,#2445,#2446,#2447),
 .UNSPECIFIED.,.F.,.F.,(4,1,4),(0.,0.0179392961709977,0.0418583577323279),
 .UNSPECIFIED.);
#25=B_SPLINE_CURVE_WITH_KNOTS('',5,(#2459,#2460,#2461,#2462,#2463,#2464,
#2465,#2466,#2467,#2468,#2469,#2470,#2471,#2472,#2473),.UNSPECIFIED.,.F.,
 .F.,(6,1,1,1,1,1,1,1,1,1,6),(0.,0.0666666666666667,0.133333333333333,0.2,
0.266666666666667,0.333333333333333,0.4,0.466666666666667,0.533333333333333,
0.6,0.667139839461524),.UNSPECIFIED.);
#26=B_SPLINE_CURVE_WITH_KNOTS('',3,(#2476,#2477,#2478,#2479,#2480,#2481),
 .UNSPECIFIED.,.F.,.F.,(4,2,4),(-0.687639831568897,-0.600650169439731,-0.0551667243229043),
 .UNSPECIFIED.);
#27=B_SPLINE_CURVE_WITH_KNOTS('',3,(#2489,#2490,#2491,#2492),
 .UNSPECIFIED.,.F.,.F.,(4,4),(-0.0629725770899222,0.),.UNSPECIFIED.);
#28=B_SPLINE_CURVE_WITH_KNOTS('',3,(#2496,#2497,#2498,#2499,#2500,#2501,
#2502,#2503,#2504,#2505,#2506,#2507,#2508,#2509,#2510,#2511),
 .UNSPECIFIED.,.F.,.F.,(4,3,3,3,3,4),(-0.0518375112786602,-0.0412913305076517,
-0.0264929740801634,-0.0131578306115647,-0.00200992380480225,0.),
 .UNSPECIFIED.);
#29=B_SPLINE_CURVE_WITH_KNOTS('',3,(#2539,#2540,#2541,#2542),
 .UNSPECIFIED.,.F.,.F.,(4,4),(-0.0630048202983091,0.),.UNSPECIFIED.);
#30=B_SPLINE_CURVE_WITH_KNOTS('',3,(#2543,#2544,#2545,#2546,#2547,#2548),
 .UNSPECIFIED.,.F.,.F.,(4,2,4),(0.0551667243229043,0.600650169439731,0.687639831568897),
 .UNSPECIFIED.);
#31=B_SPLINE_CURVE_WITH_KNOTS('',3,(#2550,#2551,#2552,#2553,#2554,#2555,
#2556,#2557,#2558,#2559,#2560,#2561,#2562),.UNSPECIFIED.,.F.,.F.,(4,3,3,
3,4),(-0.0764629942965497,-0.0600124020378569,-0.0340882204730961,-0.0128848864415048,
0.),.UNSPECIFIED.);
#32=B_SPLINE_CURVE_WITH_KNOTS('',5,(#2605,#2606,#2607,#2608,#2609,#2610,
#2611,#2612,#2613,#2614,#2615,#2616,#2617,#2618,#2619),.UNSPECIFIED.,.F.,
 .F.,(6,1,1,1,1,1,1,1,1,1,6),(0.,0.0666666666666667,0.133333333333333,0.2,
0.266666666666667,0.333333333333333,0.4,0.466666666666667,0.533333333333333,
0.6,0.667139839461524),.UNSPECIFIED.);
#33=B_SPLINE_CURVE_WITH_KNOTS('',3,(#2643,#2644,#2645,#2646,#2647),
 .UNSPECIFIED.,.F.,.F.,(4,1,4),(0.,0.0239190615613303,0.0418583577323279),
 .UNSPECIFIED.);
#34=B_SPLINE_CURVE_WITH_KNOTS('',3,(#2651,#2652,#2653,#2654,#2655),
 .UNSPECIFIED.,.F.,.F.,(4,1,4),(0.,0.0179392961709977,0.0418583577323279),
 .UNSPECIFIED.);
#35=B_SPLINE_CURVE_WITH_KNOTS('',3,(#2678,#2679,#2680,#2681,#2682,#2683),
 .UNSPECIFIED.,.F.,.F.,(4,2,4),(0.0551667243229036,0.600650169439731,0.687639831568897),
 .UNSPECIFIED.);
#36=B_SPLINE_CURVE_WITH_KNOTS('',3,(#2685,#2686,#2687,#2688),
 .UNSPECIFIED.,.F.,.F.,(4,4),(-0.0629725770899231,0.),.UNSPECIFIED.);
#37=B_SPLINE_CURVE_WITH_KNOTS('',3,(#2692,#2693,#2694,#2695),
 .UNSPECIFIED.,.F.,.F.,(4,4),(-0.0630048202983055,0.),.UNSPECIFIED.);
#38=B_SPLINE_CURVE_WITH_KNOTS('',3,(#2696,#2697,#2698,#2699,#2700,#2701),
 .UNSPECIFIED.,.F.,.F.,(4,2,4),(0.055166724322904,0.600650169439731,0.687639831568897),
 .UNSPECIFIED.);
#39=B_SPLINE_CURVE_WITH_KNOTS('',5,(#2712,#2713,#2714,#2715,#2716,#2717,
#2718,#2719,#2720,#2721,#2722,#2723,#2724,#2725,#2726,#2727),
 .UNSPECIFIED.,.F.,.F.,(6,1,1,1,1,1,1,1,1,1,1,6),(-0.667139839461524,-0.666666666666667,
-0.6,-0.533333333333333,-0.466666666666667,-0.4,-0.333333333333333,-0.266666666666667,
-0.2,-0.133333333333333,-0.0666666666666667,0.),.UNSPECIFIED.);
#40=B_SPLINE_CURVE_WITH_KNOTS('',3,(#2733,#2734,#2735,#2736,#2737,#2738,
#2739,#2740,#2741,#2742,#2743,#2744,#2745),.UNSPECIFIED.,.F.,.F.,(4,3,3,
3,4),(-0.0764629942966758,-0.0600124020376846,-0.034088220471617,-0.0128848864422465,
0.),.UNSPECIFIED.);
#41=B_SPLINE_CURVE_WITH_KNOTS('',3,(#2791,#2792,#2793,#2794,#2795,#2796,
#2797,#2798,#2799,#2800,#2801,#2802,#2803,#2804,#2805,#2806),
 .UNSPECIFIED.,.F.,.F.,(4,3,3,3,3,4),(-0.0518375112787118,-0.0412913305081222,
-0.0264929740806295,-0.0131578306120569,-0.00200992380475726,0.),
 .UNSPECIFIED.);
#42=B_SPLINE_CURVE_WITH_KNOTS('',5,(#2809,#2810,#2811,#2812,#2813,#2814,
#2815,#2816,#2817,#2818,#2819,#2820,#2821,#2822,#2823),.UNSPECIFIED.,.F.,
 .F.,(6,1,1,1,1,1,1,1,1,1,6),(0.,0.0666666666666667,0.133333333333333,0.2,
0.266666666666667,0.333333333333333,0.4,0.466666666666667,0.533333333333333,
0.6,0.667139839461524),.UNSPECIFIED.);
#43=B_SPLINE_CURVE_WITH_KNOTS('',3,(#2852,#2853,#2854,#2855,#2856),
 .UNSPECIFIED.,.F.,.F.,(4,1,4),(0.,0.0239190615613303,0.0418583577323281),
 .UNSPECIFIED.);
#44=B_SPLINE_CURVE_WITH_KNOTS('',3,(#2860,#2861,#2862,#2863,#2864),
 .UNSPECIFIED.,.F.,.F.,(4,1,4),(0.,0.0179392961709977,0.041858357732328),
 .UNSPECIFIED.);
#45=B_SPLINE_CURVE_WITH_KNOTS('',5,(#2876,#2877,#2878,#2879,#2880,#2881,
#2882,#2883,#2884,#2885,#2886,#2887,#2888,#2889,#2890),.UNSPECIFIED.,.F.,
 .F.,(6,1,1,1,1,1,1,1,1,1,6),(0.,0.0666666666666667,0.133333333333333,0.2,
0.266666666666667,0.333333333333333,0.4,0.466666666666667,0.533333333333333,
0.6,0.667139839461524),.UNSPECIFIED.);
#46=B_SPLINE_CURVE_WITH_KNOTS('',3,(#2893,#2894,#2895,#2896,#2897,#2898),
 .UNSPECIFIED.,.F.,.F.,(4,2,4),(0.0551667243229044,0.600650169439731,0.687639831568897),
 .UNSPECIFIED.);
#47=B_SPLINE_CURVE_WITH_KNOTS('',3,(#2905,#2906,#2907,#2908),
 .UNSPECIFIED.,.F.,.F.,(4,4),(-0.0629725770899222,0.),.UNSPECIFIED.);
#48=B_SPLINE_CURVE_WITH_KNOTS('',3,(#2910,#2911,#2912,#2913,#2914,#2915,
#2916,#2917,#2918,#2919,#2920,#2921,#2922,#2923,#2924,#2925),
 .UNSPECIFIED.,.F.,.F.,(4,3,3,3,3,4),(-0.0518375112786602,-0.0412913305076517,
-0.0264929740801634,-0.0131578306115647,-0.00200992380480225,0.),
 .UNSPECIFIED.);
#49=B_SPLINE_CURVE_WITH_KNOTS('',3,(#2954,#2955,#2956,#2957),
 .UNSPECIFIED.,.F.,.F.,(4,4),(-0.0630048202983091,0.),.UNSPECIFIED.);
#50=B_SPLINE_CURVE_WITH_KNOTS('',3,(#2958,#2959,#2960,#2961,#2962,#2963),
 .UNSPECIFIED.,.F.,.F.,(4,2,4),(-0.687639831568897,-0.600650169439731,-0.0551667243229044),
 .UNSPECIFIED.);
#51=B_SPLINE_CURVE_WITH_KNOTS('',3,(#2966,#2967,#2968,#2969,#2970,#2971,
#2972,#2973,#2974,#2975,#2976,#2977,#2978),.UNSPECIFIED.,.F.,.F.,(4,3,3,
3,4),(-0.0764629942965497,-0.0600124020378569,-0.0340882204730961,-0.0128848864415048,
0.),.UNSPECIFIED.);
#52=B_SPLINE_CURVE_WITH_KNOTS('',5,(#3022,#3023,#3024,#3025,#3026,#3027,
#3028,#3029,#3030,#3031,#3032,#3033,#3034,#3035,#3036),.UNSPECIFIED.,.F.,
 .F.,(6,1,1,1,1,1,1,1,1,1,6),(0.,0.0666666666666667,0.133333333333333,0.2,
0.266666666666667,0.333333333333333,0.4,0.466666666666667,0.533333333333333,
0.6,0.667139839461524),.UNSPECIFIED.);
#53=B_SPLINE_SURFACE_WITH_KNOTS('',3,1,((#2214,#2215),(#2216,#2217),(#2218,
#2219),(#2220,#2221),(#2222,#2223)),.UNSPECIFIED.,.F.,.F.,.F.,(4,1,4),(2,
2),(0.,0.571428571428571,1.),(0.,0.096),.UNSPECIFIED.);
#54=B_SPLINE_SURFACE_WITH_KNOTS('',5,1,((#2308,#2309),(#2310,#2311),(#2312,
#2313),(#2314,#2315),(#2316,#2317),(#2318,#2319),(#2320,#2321),(#2322,#2323),
(#2324,#2325),(#2326,#2327),(#2328,#2329),(#2330,#2331),(#2332,#2333),(#2334,
#2335),(#2336,#2337),(#2338,#2339),(#2340,#2341),(#2342,#2343),(#2344,#2345),
(#2346,#2347)),.UNSPECIFIED.,.F.,.F.,.F.,(6,1,1,1,1,1,1,1,1,1,1,1,1,1,1,
6),(2,2),(-1.,-0.933333333333333,-0.866666666666667,-0.8,-0.733333333333333,
-0.666666666666667,-0.6,-0.533333333333333,-0.466666666666667,-0.4,-0.333333333333333,
-0.266666666666667,-0.2,-0.133333333333333,-0.0666666666666667,0.),(0.,
0.096),.UNSPECIFIED.);
#55=B_SPLINE_SURFACE_WITH_KNOTS('',3,1,((#2394,#2395),(#2396,#2397),(#2398,
#2399),(#2400,#2401),(#2402,#2403),(#2404,#2405),(#2406,#2407),(#2408,#2409),
(#2410,#2411),(#2412,#2413)),.UNSPECIFIED.,.F.,.F.,.F.,(4,3,3,4),(2,2),
(-0.0614937769219584,0.,0.600650169439731,0.987805073021646),(0.,0.096),
 .UNSPECIFIED.);
#56=B_SPLINE_SURFACE_WITH_KNOTS('',3,1,((#2423,#2424),(#2425,#2426),(#2427,
#2428),(#2429,#2430),(#2431,#2432)),.UNSPECIFIED.,.F.,.F.,.F.,(4,1,4),(2,
2),(0.,0.571428571428571,1.),(0.,0.096),.UNSPECIFIED.);
#57=B_SPLINE_SURFACE_WITH_KNOTS('',3,1,((#2519,#2520),(#2521,#2522),(#2523,
#2524),(#2525,#2526),(#2527,#2528),(#2529,#2530),(#2531,#2532),(#2533,#2534),
(#2535,#2536),(#2537,#2538)),.UNSPECIFIED.,.F.,.F.,.F.,(4,3,3,4),(2,2),
(-0.987805073021646,-0.600650169439731,0.,0.0614937769219584),(0.,0.096),
 .UNSPECIFIED.);
#58=B_SPLINE_SURFACE_WITH_KNOTS('',5,1,((#2563,#2564),(#2565,#2566),(#2567,
#2568),(#2569,#2570),(#2571,#2572),(#2573,#2574),(#2575,#2576),(#2577,#2578),
(#2579,#2580),(#2581,#2582),(#2583,#2584),(#2585,#2586),(#2587,#2588),(#2589,
#2590),(#2591,#2592),(#2593,#2594),(#2595,#2596),(#2597,#2598),(#2599,#2600),
(#2601,#2602)),.UNSPECIFIED.,.F.,.F.,.F.,(6,1,1,1,1,1,1,1,1,1,1,1,1,1,1,
6),(2,2),(0.,0.0666666666666667,0.133333333333333,0.2,0.266666666666667,
0.333333333333333,0.4,0.466666666666667,0.533333333333333,0.6,0.666666666666667,
0.733333333333333,0.8,0.866666666666667,0.933333333333333,1.),(0.,0.096),
 .UNSPECIFIED.);
#59=B_SPLINE_SURFACE_WITH_KNOTS('',3,1,((#2631,#2632),(#2633,#2634),(#2635,
#2636),(#2637,#2638),(#2639,#2640)),.UNSPECIFIED.,.F.,.F.,.F.,(4,1,4),(2,
2),(0.,0.571428571428571,1.),(0.,0.0959999999999999),.UNSPECIFIED.);
#60=B_SPLINE_SURFACE_WITH_KNOTS('',3,1,((#2657,#2658),(#2659,#2660),(#2661,
#2662),(#2663,#2664),(#2665,#2666),(#2667,#2668),(#2669,#2670),(#2671,#2672),
(#2673,#2674),(#2675,#2676)),.UNSPECIFIED.,.F.,.F.,.F.,(4,3,3,4),(2,2),
(-0.0614937769219584,0.,0.600650169439731,0.987805073021646),(0.,0.0959999999999999),
 .UNSPECIFIED.);
#61=B_SPLINE_SURFACE_WITH_KNOTS('',5,1,((#2751,#2752),(#2753,#2754),(#2755,
#2756),(#2757,#2758),(#2759,#2760),(#2761,#2762),(#2763,#2764),(#2765,#2766),
(#2767,#2768),(#2769,#2770),(#2771,#2772),(#2773,#2774),(#2775,#2776),(#2777,
#2778),(#2779,#2780),(#2781,#2782),(#2783,#2784),(#2785,#2786),(#2787,#2788),
(#2789,#2790)),.UNSPECIFIED.,.F.,.F.,.F.,(6,1,1,1,1,1,1,1,1,1,1,1,1,1,1,
6),(2,2),(-1.,-0.933333333333333,-0.866666666666667,-0.8,-0.733333333333333,
-0.666666666666667,-0.6,-0.533333333333333,-0.466666666666667,-0.4,-0.333333333333333,
-0.266666666666667,-0.2,-0.133333333333333,-0.0666666666666667,0.),(0.,
0.0959999999999999),.UNSPECIFIED.);
#62=B_SPLINE_SURFACE_WITH_KNOTS('',3,1,((#2840,#2841),(#2842,#2843),(#2844,
#2845),(#2846,#2847),(#2848,#2849)),.UNSPECIFIED.,.F.,.F.,.F.,(4,1,4),(2,
2),(0.,0.571428571428571,1.),(0.,0.0959999999999999),.UNSPECIFIED.);
#63=B_SPLINE_SURFACE_WITH_KNOTS('',3,1,((#2933,#2934),(#2935,#2936),(#2937,
#2938),(#2939,#2940),(#2941,#2942),(#2943,#2944),(#2945,#2946),(#2947,#2948),
(#2949,#2950),(#2951,#2952)),.UNSPECIFIED.,.F.,.F.,.F.,(4,3,3,4),(2,2),
(-0.987805073021646,-0.600650169439731,0.,0.0614937769219584),(0.,0.0959999999999999),
 .UNSPECIFIED.);
#64=B_SPLINE_SURFACE_WITH_KNOTS('',5,1,((#2980,#2981),(#2982,#2983),(#2984,
#2985),(#2986,#2987),(#2988,#2989),(#2990,#2991),(#2992,#2993),(#2994,#2995),
(#2996,#2997),(#2998,#2999),(#3000,#3001),(#3002,#3003),(#3004,#3005),(#3006,
#3007),(#3008,#3009),(#3010,#3011),(#3012,#3013),(#3014,#3015),(#3016,#3017),
(#3018,#3019)),.UNSPECIFIED.,.F.,.F.,.F.,(6,1,1,1,1,1,1,1,1,1,1,1,1,1,1,
6),(2,2),(0.,0.0666666666666667,0.133333333333333,0.2,0.266666666666667,
0.333333333333333,0.4,0.466666666666667,0.533333333333333,0.6,0.666666666666667,
0.733333333333333,0.8,0.866666666666667,0.933333333333333,1.),(0.,0.0959999999999999),
 .UNSPECIFIED.);
#65=(
BOUNDED_SURFACE()
B_SPLINE_SURFACE(2,2,((#2054,#2055,#2056,#2057,#2058,#2059,#2060,#2061,
#2062),(#2063,#2064,#2065,#2066,#2067,#2068,#2069,#2070,#2071),(#2072,#2073,
#2074,#2075,#2076,#2077,#2078,#2079,#2080)),.UNSPECIFIED.,.F.,.T.,.F.)
B_SPLINE_SURFACE_WITH_KNOTS((3,3),(3,2,2,2,3),(0.,1.5707963267949),(-3.14159265358979,
-1.5707963267949,0.,1.5707963267949,3.14159265358979),.UNSPECIFIED.)
GEOMETRIC_REPRESENTATION_ITEM()
RATIONAL_B_SPLINE_SURFACE(((1.,0.707106781186548,1.,0.707106781186548,1.,
0.707106781186548,1.,0.707106781186548,1.),(0.707106781186547,0.5,0.707106781186547,
0.5,0.707106781186547,0.5,0.707106781186547,0.5,0.707106781186547),(1.,
0.707106781186548,1.,0.707106781186548,1.,0.707106781186548,1.,0.707106781186548,
1.)))
REPRESENTATION_ITEM('')
SURFACE()
);
#66=(
BOUNDED_SURFACE()
B_SPLINE_SURFACE(2,2,((#2094,#2095,#2096,#2097,#2098,#2099,#2100,#2101,
#2102),(#2103,#2104,#2105,#2106,#2107,#2108,#2109,#2110,#2111),(#2112,#2113,
#2114,#2115,#2116,#2117,#2118,#2119,#2120)),.UNSPECIFIED.,.F.,.T.,.F.)
B_SPLINE_SURFACE_WITH_KNOTS((3,3),(3,2,2,2,3),(-1.08613738671095E-15,1.57079632679489),
(-3.14159265358979,-1.5707963267949,0.,1.5707963267949,3.14159265358979),
 .UNSPECIFIED.)
GEOMETRIC_REPRESENTATION_ITEM()
RATIONAL_B_SPLINE_SURFACE(((1.,0.707106781186548,1.,0.707106781186548,1.,
0.707106781186548,1.,0.707106781186548,1.),(0.707106781186542,0.499999999999996,
0.707106781186542,0.499999999999996,0.707106781186542,0.499999999999996,
0.707106781186542,0.499999999999996,0.707106781186542),(1.,0.707106781186548,
1.,0.707106781186548,1.,0.707106781186548,1.,0.707106781186548,1.)))
REPRESENTATION_ITEM('')
SURFACE()
);
#67=(
BOUNDED_SURFACE()
B_SPLINE_SURFACE(2,2,((#2134,#2135,#2136,#2137,#2138,#2139,#2140,#2141,
#2142),(#2143,#2144,#2145,#2146,#2147,#2148,#2149,#2150,#2151),(#2152,#2153,
#2154,#2155,#2156,#2157,#2158,#2159,#2160)),.UNSPECIFIED.,.F.,.T.,.F.)
B_SPLINE_SURFACE_WITH_KNOTS((3,3),(3,2,2,2,3),(-1.18797401178287E-14,1.5707963267949),
(-3.14159265358979,-1.5707963267949,0.,1.5707963267949,3.14159265358979),
 .UNSPECIFIED.)
GEOMETRIC_REPRESENTATION_ITEM()
RATIONAL_B_SPLINE_SURFACE(((1.,0.707106781186548,1.,0.707106781186548,1.,
0.707106781186548,1.,0.707106781186548,1.),(0.707106781186542,0.499999999999996,
0.707106781186542,0.499999999999996,0.707106781186542,0.499999999999996,
0.707106781186542,0.499999999999996,0.707106781186542),(1.,0.707106781186548,
1.,0.707106781186548,1.,0.707106781186548,1.,0.707106781186548,1.)))
REPRESENTATION_ITEM('')
SURFACE()
);
#68=(
BOUNDED_SURFACE()
B_SPLINE_SURFACE(2,2,((#2174,#2175,#2176,#2177,#2178,#2179,#2180,#2181,
#2182),(#2183,#2184,#2185,#2186,#2187,#2188,#2189,#2190,#2191),(#2192,#2193,
#2194,#2195,#2196,#2197,#2198,#2199,#2200)),.UNSPECIFIED.,.F.,.T.,.F.)
B_SPLINE_SURFACE_WITH_KNOTS((3,3),(3,2,2,2,3),(-1.08613738671095E-15,1.57079632679489),
(-3.14159265358979,-1.5707963267949,0.,1.5707963267949,3.14159265358979),
 .UNSPECIFIED.)
GEOMETRIC_REPRESENTATION_ITEM()
RATIONAL_B_SPLINE_SURFACE(((1.,0.707106781186548,1.,0.707106781186548,1.,
0.707106781186548,1.,0.707106781186548,1.),(0.707106781186547,0.5,0.707106781186547,
0.5,0.707106781186547,0.5,0.707106781186547,0.5,0.707106781186547),(1.,
0.707106781186548,1.,0.707106781186548,1.,0.707106781186548,1.,0.707106781186548,
1.)))
REPRESENTATION_ITEM('')
SURFACE()
);
#69=STYLED_ITEM('',(#3068),#79);
#70=STYLED_ITEM('',(#3069),#80);
#71=STYLED_ITEM('',(#3068),#81);
#72=STYLED_ITEM('',(#3068),#82);
#73=STYLED_ITEM('',(#3068),#83);
#74=STYLED_ITEM('',(#3068),#84);
#75=STYLED_ITEM('',(#3069),#85);
#76=STYLED_ITEM('',(#3069),#86);
#77=STYLED_ITEM('',(#3069),#87);
#78=STYLED_ITEM('',(#3069),#88);
#79=MANIFOLD_SOLID_BREP('Body1',#1449);
#80=MANIFOLD_SOLID_BREP('Body2',#1450);
#81=MANIFOLD_SOLID_BREP('Body3',#1451);
#82=MANIFOLD_SOLID_BREP('Body4',#1452);
#83=MANIFOLD_SOLID_BREP('Body5',#1453);
#84=MANIFOLD_SOLID_BREP('Body6',#1454);
#85=MANIFOLD_SOLID_BREP('Body7',#1455);
#86=MANIFOLD_SOLID_BREP('Body8',#1456);
#87=MANIFOLD_SOLID_BREP('Body9',#1457);
#88=MANIFOLD_SOLID_BREP('Body10',#1458);
#89=FACE_BOUND('',#446,.T.);
#90=FACE_BOUND('',#450,.T.);
#91=FACE_BOUND('',#454,.T.);
#92=FACE_BOUND('',#463,.T.);
#93=CYLINDRICAL_SURFACE('',#1476,0.2);
#94=CYLINDRICAL_SURFACE('',#1483,0.2);
#95=CYLINDRICAL_SURFACE('',#1486,0.2);
#96=CYLINDRICAL_SURFACE('',#1488,1.65);
#97=CYLINDRICAL_SURFACE('',#1490,1.75);
#98=CYLINDRICAL_SURFACE('',#1497,0.2);
#99=CYLINDRICAL_SURFACE('',#1506,0.2);
#100=CYLINDRICAL_SURFACE('',#1509,0.2);
#101=CYLINDRICAL_SURFACE('',#1512,0.2);
#102=CYLINDRICAL_SURFACE('',#1514,1.75);
#103=CYLINDRICAL_SURFACE('',#1522,0.5);
#104=CYLINDRICAL_SURFACE('',#1530,0.5);
#105=CYLINDRICAL_SURFACE('',#1538,0.5);
#106=CYLINDRICAL_SURFACE('',#1546,0.5);
#107=LINE('',#1941,#226);
#108=LINE('',#1948,#227);
#109=LINE('',#1951,#228);
#110=LINE('',#1954,#229);
#111=LINE('',#1956,#230);
#112=LINE('',#1957,#231);
#113=LINE('',#1960,#232);
#114=LINE('',#1964,#233);
#115=LINE('',#1967,#234);
#116=LINE('',#1972,#235);
#117=LINE('',#1973,#236);
#118=LINE('',#1976,#237);
#119=LINE('',#1977,#238);
#120=LINE('',#1981,#239);
#121=LINE('',#1984,#240);
#122=LINE('',#1990,#241);
#123=LINE('',#1994,#242);
#124=LINE('',#1996,#243);
#125=LINE('',#2003,#244);
#126=LINE('',#2006,#245);
#127=LINE('',#2009,#246);
#128=LINE('',#2011,#247);
#129=LINE('',#2012,#248);
#130=LINE('',#2015,#249);
#131=LINE('',#2019,#250);
#132=LINE('',#2023,#251);
#133=LINE('',#2030,#252);
#134=LINE('',#2033,#253);
#135=LINE('',#2034,#254);
#136=LINE('',#2038,#255);
#137=LINE('',#2041,#256);
#138=LINE('',#2042,#257);
#139=LINE('',#2046,#258);
#140=LINE('',#2050,#259);
#141=LINE('',#2052,#260);
#142=LINE('',#2090,#261);
#143=LINE('',#2130,#262);
#144=LINE('',#2170,#263);
#145=LINE('',#2210,#264);
#146=LINE('',#2232,#265);
#147=LINE('',#2239,#266);
#148=LINE('',#2242,#267);
#149=LINE('',#2244,#268);
#150=LINE('',#2245,#269);
#151=LINE('',#2255,#270);
#152=LINE('',#2274,#271);
#153=LINE('',#2276,#272);
#154=LINE('',#2277,#273);
#155=LINE('',#2286,#274);
#156=LINE('',#2301,#275);
#157=LINE('',#2304,#276);
#158=LINE('',#2306,#277);
#159=LINE('',#2307,#278);
#160=LINE('',#2364,#279);
#161=LINE('',#2389,#280);
#162=LINE('',#2390,#281);
#163=LINE('',#2391,#282);
#164=LINE('',#2393,#283);
#165=LINE('',#2421,#284);
#166=LINE('',#2441,#285);
#167=LINE('',#2448,#286);
#168=LINE('',#2451,#287);
#169=LINE('',#2453,#288);
#170=LINE('',#2455,#289);
#171=LINE('',#2457,#290);
#172=LINE('',#2475,#291);
#173=LINE('',#2484,#292);
#174=LINE('',#2485,#293);
#175=LINE('',#2494,#294);
#176=LINE('',#2512,#295);
#177=LINE('',#2515,#296);
#178=LINE('',#2517,#297);
#179=LINE('',#2518,#298);
#180=LINE('',#2604,#299);
#181=LINE('',#2622,#300);
#182=LINE('',#2623,#301);
#183=LINE('',#2626,#302);
#184=LINE('',#2627,#303);
#185=LINE('',#2629,#304);
#186=LINE('',#2649,#305);
#187=LINE('',#2656,#306);
#188=LINE('',#2690,#307);
#189=LINE('',#2704,#308);
#190=LINE('',#2706,#309);
#191=LINE('',#2708,#310);
#192=LINE('',#2710,#311);
#193=LINE('',#2728,#312);
#194=LINE('',#2731,#313);
#195=LINE('',#2746,#314);
#196=LINE('',#2749,#315);
#197=LINE('',#2750,#316);
#198=LINE('',#2808,#317);
#199=LINE('',#2828,#318);
#200=LINE('',#2829,#319);
#201=LINE('',#2830,#320);
#202=LINE('',#2832,#321);
#203=LINE('',#2835,#322);
#204=LINE('',#2836,#323);
#205=LINE('',#2838,#324);
#206=LINE('',#2858,#325);
#207=LINE('',#2865,#326);
#208=LINE('',#2868,#327);
#209=LINE('',#2870,#328);
#210=LINE('',#2872,#329);
#211=LINE('',#2874,#330);
#212=LINE('',#2892,#331);
#213=LINE('',#2901,#332);
#214=LINE('',#2902,#333);
#215=LINE('',#2926,#334);
#216=LINE('',#2929,#335);
#217=LINE('',#2931,#336);
#218=LINE('',#2932,#337);
#219=LINE('',#2979,#338);
#220=LINE('',#3021,#339);
#221=LINE('',#3039,#340);
#222=LINE('',#3040,#341);
#223=LINE('',#3043,#342);
#224=LINE('',#3044,#343);
#225=LINE('',#3046,#344);
#226=VECTOR('',#1594,1.65);
#227=VECTOR('',#1601,10.);
#228=VECTOR('',#1604,10.);
#229=VECTOR('',#1607,10.);
#230=VECTOR('',#1608,10.);
#231=VECTOR('',#1609,10.);
#232=VECTOR('',#1612,10.);
#233=VECTOR('',#1615,10.);
#234=VECTOR('',#1618,10.);
#235=VECTOR('',#1623,10.);
#236=VECTOR('',#1624,10.);
#237=VECTOR('',#1627,10.);
#238=VECTOR('',#1628,10.);
#239=VECTOR('',#1633,10.);
#240=VECTOR('',#1636,1.65);
#241=VECTOR('',#1643,1.75);
#242=VECTOR('',#1650,10.);
#243=VECTOR('',#1653,10.);
#244=VECTOR('',#1660,10.);
#245=VECTOR('',#1663,10.);
#246=VECTOR('',#1666,10.);
#247=VECTOR('',#1667,10.);
#248=VECTOR('',#1668,10.);
#249=VECTOR('',#1671,10.);
#250=VECTOR('',#1674,10.);
#251=VECTOR('',#1677,10.);
#252=VECTOR('',#1686,10.);
#253=VECTOR('',#1689,10.);
#254=VECTOR('',#1690,10.);
#255=VECTOR('',#1695,10.);
#256=VECTOR('',#1698,10.);
#257=VECTOR('',#1699,10.);
#258=VECTOR('',#1704,10.);
#259=VECTOR('',#1709,1.75);
#260=VECTOR('',#1712,10.);
#261=VECTOR('',#1725,0.5);
#262=VECTOR('',#1742,0.5);
#263=VECTOR('',#1759,0.5);
#264=VECTOR('',#1776,0.5);
#265=VECTOR('',#1783,10.);
#266=VECTOR('',#1784,10.);
#267=VECTOR('',#1787,10.);
#268=VECTOR('',#1788,10.);
#269=VECTOR('',#1789,10.);
#270=VECTOR('',#1792,10.);
#271=VECTOR('',#1793,10.);
#272=VECTOR('',#1794,10.);
#273=VECTOR('',#1795,10.);
#274=VECTOR('',#1798,10.);
#275=VECTOR('',#1799,10.);
#276=VECTOR('',#1802,10.);
#277=VECTOR('',#1803,10.);
#278=VECTOR('',#1804,10.);
#279=VECTOR('',#1805,10.);
#280=VECTOR('',#1810,10.);
#281=VECTOR('',#1811,10.);
#282=VECTOR('',#1812,10.);
#283=VECTOR('',#1815,10.);
#284=VECTOR('',#1818,10.);
#285=VECTOR('',#1821,10.);
#286=VECTOR('',#1822,10.);
#287=VECTOR('',#1825,10.);
#288=VECTOR('',#1826,10.);
#289=VECTOR('',#1827,10.);
#290=VECTOR('',#1828,10.);
#291=VECTOR('',#1829,10.);
#292=VECTOR('',#1832,10.);
#293=VECTOR('',#1833,10.);
#294=VECTOR('',#1836,10.);
#295=VECTOR('',#1837,10.);
#296=VECTOR('',#1840,10.);
#297=VECTOR('',#1841,10.);
#298=VECTOR('',#1842,10.);
#299=VECTOR('',#1845,10.);
#300=VECTOR('',#1848,10.);
#301=VECTOR('',#1849,10.);
#302=VECTOR('',#1852,10.);
#303=VECTOR('',#1853,10.);
#304=VECTOR('',#1856,10.);
#305=VECTOR('',#1859,10.);
#306=VECTOR('',#1860,10.);
#307=VECTOR('',#1861,10.);
#308=VECTOR('',#1864,10.);
#309=VECTOR('',#1865,10.);
#310=VECTOR('',#1866,10.);
#311=VECTOR('',#1867,10.);
#312=VECTOR('',#1868,10.);
#313=VECTOR('',#1871,10.);
#314=VECTOR('',#1872,10.);
#315=VECTOR('',#1875,10.);
#316=VECTOR('',#1876,10.);
#317=VECTOR('',#1877,10.);
#318=VECTOR('',#1882,10.);
#319=VECTOR('',#1883,10.);
#320=VECTOR('',#1884,10.);
#321=VECTOR('',#1887,10.);
#322=VECTOR('',#1890,10.);
#323=VECTOR('',#1891,10.);
#324=VECTOR('',#1894,10.);
#325=VECTOR('',#1897,10.);
#326=VECTOR('',#1898,10.);
#327=VECTOR('',#1901,10.);
#328=VECTOR('',#1902,10.);
#329=VECTOR('',#1903,10.);
#330=VECTOR('',#1904,10.);
#331=VECTOR('',#1905,10.);
#332=VECTOR('',#1908,10.);
#333=VECTOR('',#1909,10.);
#334=VECTOR('',#1912,10.);
#335=VECTOR('',#1915,10.);
#336=VECTOR('',#1916,10.);
#337=VECTOR('',#1917,10.);
#338=VECTOR('',#1920,10.);
#339=VECTOR('',#1921,10.);
#340=VECTOR('',#1924,10.);
#341=VECTOR('',#1925,10.);
#342=VECTOR('',#1928,10.);
#343=VECTOR('',#1929,10.);
#344=VECTOR('',#1932,10.);
#345=CONICAL_SURFACE('',#1474,1.65,0.0172396711945297);
#346=FACE_OUTER_BOUND('',#435,.T.);
#347=FACE_OUTER_BOUND('',#436,.T.);
#348=FACE_OUTER_BOUND('',#437,.T.);
#349=FACE_OUTER_BOUND('',#438,.T.);
#350=FACE_OUTER_BOUND('',#439,.T.);
#351=FACE_OUTER_BOUND('',#440,.T.);
#352=FACE_OUTER_BOUND('',#441,.T.);
#353=FACE_OUTER_BOUND('',#442,.T.);
#354=FACE_OUTER_BOUND('',#443,.T.);
#355=FACE_OUTER_BOUND('',#444,.T.);
#356=FACE_OUTER_BOUND('',#445,.T.);
#357=FACE_OUTER_BOUND('',#447,.T.);
#358=FACE_OUTER_BOUND('',#448,.T.);
#359=FACE_OUTER_BOUND('',#449,.T.);
#360=FACE_OUTER_BOUND('',#451,.T.);
#361=FACE_OUTER_BOUND('',#452,.T.);
#362=FACE_OUTER_BOUND('',#453,.T.);
#363=FACE_OUTER_BOUND('',#455,.T.);
#364=FACE_OUTER_BOUND('',#456,.T.);
#365=FACE_OUTER_BOUND('',#457,.T.);
#366=FACE_OUTER_BOUND('',#458,.T.);
#367=FACE_OUTER_BOUND('',#459,.T.);
#368=FACE_OUTER_BOUND('',#460,.T.);
#369=FACE_OUTER_BOUND('',#461,.T.);
#370=FACE_OUTER_BOUND('',#462,.T.);
#371=FACE_OUTER_BOUND('',#464,.T.);
#372=FACE_OUTER_BOUND('',#465,.T.);
#373=FACE_OUTER_BOUND('',#466,.T.);
#374=FACE_OUTER_BOUND('',#467,.T.);
#375=FACE_OUTER_BOUND('',#468,.T.);
#376=FACE_OUTER_BOUND('',#469,.T.);
#377=FACE_OUTER_BOUND('',#470,.T.);
#378=FACE_OUTER_BOUND('',#471,.T.);
#379=FACE_OUTER_BOUND('',#472,.T.);
#380=FACE_OUTER_BOUND('',#473,.T.);
#381=FACE_OUTER_BOUND('',#474,.T.);
#382=FACE_OUTER_BOUND('',#475,.T.);
#383=FACE_OUTER_BOUND('',#476,.T.);
#384=FACE_OUTER_BOUND('',#477,.T.);
#385=FACE_OUTER_BOUND('',#478,.T.);
#386=FACE_OUTER_BOUND('',#479,.T.);
#387=FACE_OUTER_BOUND('',#480,.T.);
#388=FACE_OUTER_BOUND('',#481,.T.);
#389=FACE_OUTER_BOUND('',#482,.T.);
#390=FACE_OUTER_BOUND('',#483,.T.);
#391=FACE_OUTER_BOUND('',#484,.T.);
#392=FACE_OUTER_BOUND('',#485,.T.);
#393=FACE_OUTER_BOUND('',#486,.T.);
#394=FACE_OUTER_BOUND('',#487,.T.);
#395=FACE_OUTER_BOUND('',#488,.T.);
#396=FACE_OUTER_BOUND('',#489,.T.);
#397=FACE_OUTER_BOUND('',#490,.T.);
#398=FACE_OUTER_BOUND('',#491,.T.);
#399=FACE_OUTER_BOUND('',#492,.T.);
#400=FACE_OUTER_BOUND('',#493,.T.);
#401=FACE_OUTER_BOUND('',#494,.T.);
#402=FACE_OUTER_BOUND('',#495,.T.);
#403=FACE_OUTER_BOUND('',#496,.T.);
#404=FACE_OUTER_BOUND('',#497,.T.);
#405=FACE_OUTER_BOUND('',#498,.T.);
#406=FACE_OUTER_BOUND('',#499,.T.);
#407=FACE_OUTER_BOUND('',#500,.T.);
#408=FACE_OUTER_BOUND('',#501,.T.);
#409=FACE_OUTER_BOUND('',#502,.T.);
#410=FACE_OUTER_BOUND('',#503,.T.);
#411=FACE_OUTER_BOUND('',#504,.T.);
#412=FACE_OUTER_BOUND('',#505,.T.);
#413=FACE_OUTER_BOUND('',#506,.T.);
#414=FACE_OUTER_BOUND('',#507,.T.);
#415=FACE_OUTER_BOUND('',#508,.T.);
#416=FACE_OUTER_BOUND('',#509,.T.);
#417=FACE_OUTER_BOUND('',#510,.T.);
#418=FACE_OUTER_BOUND('',#511,.T.);
#419=FACE_OUTER_BOUND('',#512,.T.);
#420=FACE_OUTER_BOUND('',#513,.T.);
#421=FACE_OUTER_BOUND('',#514,.T.);
#422=FACE_OUTER_BOUND('',#515,.T.);
#423=FACE_OUTER_BOUND('',#516,.T.);
#424=FACE_OUTER_BOUND('',#517,.T.);
#425=FACE_OUTER_BOUND('',#518,.T.);
#426=FACE_OUTER_BOUND('',#519,.T.);
#427=FACE_OUTER_BOUND('',#520,.T.);
#428=FACE_OUTER_BOUND('',#521,.T.);
#429=FACE_OUTER_BOUND('',#522,.T.);
#430=FACE_OUTER_BOUND('',#523,.T.);
#431=FACE_OUTER_BOUND('',#524,.T.);
#432=FACE_OUTER_BOUND('',#525,.T.);
#433=FACE_OUTER_BOUND('',#526,.T.);
#434=FACE_OUTER_BOUND('',#527,.T.);
#435=EDGE_LOOP('',(#902));
#436=EDGE_LOOP('',(#903,#904,#905,#906));
#437=EDGE_LOOP('',(#907,#908,#909,#910));
#438=EDGE_LOOP('',(#911,#912,#913,#914));
#439=EDGE_LOOP('',(#915,#916,#917,#918,#919,#920,#921));
#440=EDGE_LOOP('',(#922,#923,#924,#925));
#441=EDGE_LOOP('',(#926,#927,#928,#929));
#442=EDGE_LOOP('',(#930,#931,#932,#933));
#443=EDGE_LOOP('',(#934,#935,#936,#937));
#444=EDGE_LOOP('',(#938,#939,#940,#941));
#445=EDGE_LOOP('',(#942));
#446=EDGE_LOOP('',(#943));
#447=EDGE_LOOP('',(#944,#945,#946,#947));
#448=EDGE_LOOP('',(#948,#949,#950,#951));
#449=EDGE_LOOP('',(#952,#953,#954,#955,#956,#957,#958));
#450=EDGE_LOOP('',(#959));
#451=EDGE_LOOP('',(#960,#961,#962,#963));
#452=EDGE_LOOP('',(#964,#965,#966,#967));
#453=EDGE_LOOP('',(#968,#969,#970,#971,#972,#973,#974,#975));
#454=EDGE_LOOP('',(#976));
#455=EDGE_LOOP('',(#977,#978,#979,#980));
#456=EDGE_LOOP('',(#981,#982,#983,#984));
#457=EDGE_LOOP('',(#985,#986,#987,#988));
#458=EDGE_LOOP('',(#989,#990,#991,#992));
#459=EDGE_LOOP('',(#993,#994,#995,#996));
#460=EDGE_LOOP('',(#997,#998,#999,#1000));
#461=EDGE_LOOP('',(#1001,#1002,#1003,#1004));
#462=EDGE_LOOP('',(#1005,#1006,#1007,#1008,#1009,#1010,#1011,#1012));
#463=EDGE_LOOP('',(#1013));
#464=EDGE_LOOP('',(#1014,#1015,#1016,#1017,#1018));
#465=EDGE_LOOP('',(#1019,#1020,#1021,#1022,#1023));
#466=EDGE_LOOP('',(#1024));
#467=EDGE_LOOP('',(#1025));
#468=EDGE_LOOP('',(#1026,#1027,#1028,#1029,#1030));
#469=EDGE_LOOP('',(#1031,#1032,#1033,#1034,#1035));
#470=EDGE_LOOP('',(#1036));
#471=EDGE_LOOP('',(#1037));
#472=EDGE_LOOP('',(#1038,#1039,#1040,#1041,#1042));
#473=EDGE_LOOP('',(#1043,#1044,#1045,#1046,#1047));
#474=EDGE_LOOP('',(#1048));
#475=EDGE_LOOP('',(#1049));
#476=EDGE_LOOP('',(#1050,#1051,#1052,#1053,#1054));
#477=EDGE_LOOP('',(#1055,#1056,#1057,#1058,#1059));
#478=EDGE_LOOP('',(#1060));
#479=EDGE_LOOP('',(#1061));
#480=EDGE_LOOP('',(#1062,#1063,#1064,#1065));
#481=EDGE_LOOP('',(#1066,#1067,#1068,#1069));
#482=EDGE_LOOP('',(#1070,#1071,#1072,#1073,#1074,#1075,#1076,#1077));
#483=EDGE_LOOP('',(#1078,#1079,#1080,#1081));
#484=EDGE_LOOP('',(#1082,#1083,#1084,#1085));
#485=EDGE_LOOP('',(#1086,#1087,#1088,#1089,#1090,#1091));
#486=EDGE_LOOP('',(#1092,#1093,#1094,#1095));
#487=EDGE_LOOP('',(#1096,#1097,#1098,#1099));
#488=EDGE_LOOP('',(#1100,#1101,#1102,#1103));
#489=EDGE_LOOP('',(#1104,#1105,#1106,#1107,#1108,#1109));
#490=EDGE_LOOP('',(#1110,#1111,#1112,#1113));
#491=EDGE_LOOP('',(#1114,#1115,#1116,#1117,#1118,#1119,#1120,#1121));
#492=EDGE_LOOP('',(#1122,#1123,#1124,#1125));
#493=EDGE_LOOP('',(#1126,#1127,#1128,#1129,#1130,#1131,#1132,#1133));
#494=EDGE_LOOP('',(#1134,#1135,#1136,#1137));
#495=EDGE_LOOP('',(#1138,#1139,#1140,#1141));
#496=EDGE_LOOP('',(#1142,#1143,#1144,#1145));
#497=EDGE_LOOP('',(#1146,#1147,#1148,#1149,#1150,#1151));
#498=EDGE_LOOP('',(#1152,#1153,#1154,#1155));
#499=EDGE_LOOP('',(#1156,#1157,#1158,#1159,#1160,#1161));
#500=EDGE_LOOP('',(#1162,#1163,#1164,#1165));
#501=EDGE_LOOP('',(#1166,#1167,#1168,#1169));
#502=EDGE_LOOP('',(#1170,#1171,#1172,#1173));
#503=EDGE_LOOP('',(#1174,#1175,#1176,#1177,#1178,#1179,#1180,#1181));
#504=EDGE_LOOP('',(#1182,#1183,#1184,#1185));
#505=EDGE_LOOP('',(#1186,#1187,#1188,#1189,#1190,#1191));
#506=EDGE_LOOP('',(#1192,#1193,#1194,#1195,#1196,#1197,#1198,#1199));
#507=EDGE_LOOP('',(#1200,#1201,#1202,#1203));
#508=EDGE_LOOP('',(#1204,#1205,#1206,#1207));
#509=EDGE_LOOP('',(#1208,#1209,#1210,#1211,#1212,#1213));
#510=EDGE_LOOP('',(#1214,#1215,#1216,#1217));
#511=EDGE_LOOP('',(#1218,#1219,#1220,#1221));
#512=EDGE_LOOP('',(#1222,#1223,#1224,#1225));
#513=EDGE_LOOP('',(#1226,#1227,#1228,#1229));
#514=EDGE_LOOP('',(#1230,#1231,#1232,#1233));
#515=EDGE_LOOP('',(#1234,#1235,#1236,#1237,#1238,#1239,#1240,#1241));
#516=EDGE_LOOP('',(#1242,#1243,#1244,#1245));
#517=EDGE_LOOP('',(#1246,#1247,#1248,#1249,#1250,#1251,#1252,#1253));
#518=EDGE_LOOP('',(#1254,#1255,#1256,#1257));
#519=EDGE_LOOP('',(#1258,#1259,#1260,#1261));
#520=EDGE_LOOP('',(#1262,#1263,#1264,#1265));
#521=EDGE_LOOP('',(#1266,#1267,#1268,#1269,#1270,#1271));
#522=EDGE_LOOP('',(#1272,#1273,#1274,#1275));
#523=EDGE_LOOP('',(#1276,#1277,#1278,#1279,#1280,#1281));
#524=EDGE_LOOP('',(#1282,#1283,#1284,#1285));
#525=EDGE_LOOP('',(#1286,#1287,#1288,#1289));
#526=EDGE_LOOP('',(#1290,#1291,#1292,#1293));
#527=EDGE_LOOP('',(#1294,#1295,#1296,#1297,#1298,#1299,#1300,#1301));
#528=CIRCLE('',#1473,1.5);
#529=CIRCLE('',#1475,1.65);
#530=CIRCLE('',#1477,0.2);
#531=CIRCLE('',#1478,0.2);
#532=CIRCLE('',#1481,0.2);
#533=CIRCLE('',#1482,0.2);
#534=CIRCLE('',#1484,0.2);
#535=CIRCLE('',#1487,0.2);
#536=CIRCLE('',#1489,1.65);
#537=CIRCLE('',#1491,1.75);
#538=CIRCLE('',#1492,1.75);
#539=CIRCLE('',#1498,0.2);
#540=CIRCLE('',#1499,0.2);
#541=CIRCLE('',#1502,0.2);
#542=CIRCLE('',#1503,0.2);
#543=CIRCLE('',#1504,0.2);
#544=CIRCLE('',#1505,1.75);
#545=CIRCLE('',#1507,0.2);
#546=CIRCLE('',#1510,0.2);
#547=CIRCLE('',#1513,0.2);
#548=CIRCLE('',#1515,1.75);
#549=CIRCLE('',#1518,0.5);
#550=CIRCLE('',#1519,0.300000000000002);
#551=CIRCLE('',#1520,0.2);
#552=CIRCLE('',#1521,0.5);
#553=CIRCLE('',#1523,0.5);
#554=CIRCLE('',#1526,0.5);
#555=CIRCLE('',#1527,0.300000000000003);
#556=CIRCLE('',#1528,0.2);
#557=CIRCLE('',#1529,0.5);
#558=CIRCLE('',#1531,0.5);
#559=CIRCLE('',#1534,0.5);
#560=CIRCLE('',#1535,0.300000000000002);
#561=CIRCLE('',#1536,0.2);
#562=CIRCLE('',#1537,0.5);
#563=CIRCLE('',#1539,0.5);
#564=CIRCLE('',#1542,0.5);
#565=CIRCLE('',#1543,0.300000000000002);
#566=CIRCLE('',#1544,0.2);
#567=CIRCLE('',#1545,0.5);
#568=CIRCLE('',#1547,0.5);
#569=VERTEX_POINT('',#1937);
#570=VERTEX_POINT('',#1940);
#571=VERTEX_POINT('',#1944);
#572=VERTEX_POINT('',#1945);
#573=VERTEX_POINT('',#1947);
#574=VERTEX_POINT('',#1949);
#575=VERTEX_POINT('',#1953);
#576=VERTEX_POINT('',#1955);
#577=VERTEX_POINT('',#1959);
#578=VERTEX_POINT('',#1961);
#579=VERTEX_POINT('',#1963);
#580=VERTEX_POINT('',#1965);
#581=VERTEX_POINT('',#1969);
#582=VERTEX_POINT('',#1970);
#583=VERTEX_POINT('',#1975);
#584=VERTEX_POINT('',#1979);
#585=VERTEX_POINT('',#1983);
#586=VERTEX_POINT('',#1987);
#587=VERTEX_POINT('',#1989);
#588=VERTEX_POINT('',#1999);
#589=VERTEX_POINT('',#2000);
#590=VERTEX_POINT('',#2002);
#591=VERTEX_POINT('',#2004);
#592=VERTEX_POINT('',#2008);
#593=VERTEX_POINT('',#2010);
#594=VERTEX_POINT('',#2014);
#595=VERTEX_POINT('',#2016);
#596=VERTEX_POINT('',#2018);
#597=VERTEX_POINT('',#2020);
#598=VERTEX_POINT('',#2022);
#599=VERTEX_POINT('',#2025);
#600=VERTEX_POINT('',#2028);
#601=VERTEX_POINT('',#2032);
#602=VERTEX_POINT('',#2036);
#603=VERTEX_POINT('',#2040);
#604=VERTEX_POINT('',#2044);
#605=VERTEX_POINT('',#2048);
#606=VERTEX_POINT('',#2081);
#607=VERTEX_POINT('',#2082);
#608=VERTEX_POINT('',#2084);
#609=VERTEX_POINT('',#2089);
#610=VERTEX_POINT('',#2121);
#611=VERTEX_POINT('',#2122);
#612=VERTEX_POINT('',#2124);
#613=VERTEX_POINT('',#2129);
#614=VERTEX_POINT('',#2161);
#615=VERTEX_POINT('',#2162);
#616=VERTEX_POINT('',#2164);
#617=VERTEX_POINT('',#2169);
#618=VERTEX_POINT('',#2201);
#619=VERTEX_POINT('',#2202);
#620=VERTEX_POINT('',#2204);
#621=VERTEX_POINT('',#2209);
#622=VERTEX_POINT('',#2224);
#623=VERTEX_POINT('',#2225);
#624=VERTEX_POINT('',#2231);
#625=VERTEX_POINT('',#2233);
#626=VERTEX_POINT('',#2241);
#627=VERTEX_POINT('',#2243);
#628=VERTEX_POINT('',#2247);
#629=VERTEX_POINT('',#2254);
#630=VERTEX_POINT('',#2256);
#631=VERTEX_POINT('',#2273);
#632=VERTEX_POINT('',#2275);
#633=VERTEX_POINT('',#2279);
#634=VERTEX_POINT('',#2280);
#635=VERTEX_POINT('',#2285);
#636=VERTEX_POINT('',#2287);
#637=VERTEX_POINT('',#2303);
#638=VERTEX_POINT('',#2305);
#639=VERTEX_POINT('',#2348);
#640=VERTEX_POINT('',#2387);
#641=VERTEX_POINT('',#2388);
#642=VERTEX_POINT('',#2433);
#643=VERTEX_POINT('',#2434);
#644=VERTEX_POINT('',#2440);
#645=VERTEX_POINT('',#2442);
#646=VERTEX_POINT('',#2450);
#647=VERTEX_POINT('',#2452);
#648=VERTEX_POINT('',#2454);
#649=VERTEX_POINT('',#2456);
#650=VERTEX_POINT('',#2458);
#651=VERTEX_POINT('',#2474);
#652=VERTEX_POINT('',#2483);
#653=VERTEX_POINT('',#2487);
#654=VERTEX_POINT('',#2488);
#655=VERTEX_POINT('',#2493);
#656=VERTEX_POINT('',#2495);
#657=VERTEX_POINT('',#2514);
#658=VERTEX_POINT('',#2516);
#659=VERTEX_POINT('',#2603);
#660=VERTEX_POINT('',#2621);
#661=VERTEX_POINT('',#2625);
#662=VERTEX_POINT('',#2641);
#663=VERTEX_POINT('',#2642);
#664=VERTEX_POINT('',#2648);
#665=VERTEX_POINT('',#2650);
#666=VERTEX_POINT('',#2677);
#667=VERTEX_POINT('',#2684);
#668=VERTEX_POINT('',#2689);
#669=VERTEX_POINT('',#2691);
#670=VERTEX_POINT('',#2703);
#671=VERTEX_POINT('',#2705);
#672=VERTEX_POINT('',#2707);
#673=VERTEX_POINT('',#2709);
#674=VERTEX_POINT('',#2711);
#675=VERTEX_POINT('',#2730);
#676=VERTEX_POINT('',#2732);
#677=VERTEX_POINT('',#2748);
#678=VERTEX_POINT('',#2807);
#679=VERTEX_POINT('',#2826);
#680=VERTEX_POINT('',#2827);
#681=VERTEX_POINT('',#2834);
#682=VERTEX_POINT('',#2850);
#683=VERTEX_POINT('',#2851);
#684=VERTEX_POINT('',#2857);
#685=VERTEX_POINT('',#2859);
#686=VERTEX_POINT('',#2867);
#687=VERTEX_POINT('',#2869);
#688=VERTEX_POINT('',#2871);
#689=VERTEX_POINT('',#2873);
#690=VERTEX_POINT('',#2875);
#691=VERTEX_POINT('',#2891);
#692=VERTEX_POINT('',#2900);
#693=VERTEX_POINT('',#2904);
#694=VERTEX_POINT('',#2909);
#695=VERTEX_POINT('',#2928);
#696=VERTEX_POINT('',#2930);
#697=VERTEX_POINT('',#2953);
#698=VERTEX_POINT('',#2965);
#699=VERTEX_POINT('',#3020);
#700=VERTEX_POINT('',#3038);
#701=VERTEX_POINT('',#3042);
#702=EDGE_CURVE('',#569,#569,#528,.T.);
#703=EDGE_CURVE('',#569,#570,#107,.T.);
#704=EDGE_CURVE('',#570,#570,#529,.T.);
#705=EDGE_CURVE('',#571,#572,#530,.T.);
#706=EDGE_CURVE('',#572,#573,#108,.T.);
#707=EDGE_CURVE('',#573,#574,#531,.T.);
#708=EDGE_CURVE('',#574,#571,#109,.T.);
#709=EDGE_CURVE('',#574,#575,#110,.T.);
#710=EDGE_CURVE('',#575,#576,#111,.T.);
#711=EDGE_CURVE('',#571,#576,#112,.T.);
#712=EDGE_CURVE('',#577,#573,#113,.T.);
#713=EDGE_CURVE('',#578,#577,#532,.T.);
#714=EDGE_CURVE('',#579,#578,#114,.T.);
#715=EDGE_CURVE('',#580,#579,#533,.T.);
#716=EDGE_CURVE('',#575,#580,#115,.T.);
#717=EDGE_CURVE('',#581,#582,#534,.T.);
#718=EDGE_CURVE('',#582,#580,#116,.T.);
#719=EDGE_CURVE('',#579,#581,#117,.T.);
#720=EDGE_CURVE('',#583,#578,#118,.T.);
#721=EDGE_CURVE('',#581,#583,#119,.T.);
#722=EDGE_CURVE('',#584,#583,#535,.T.);
#723=EDGE_CURVE('',#577,#584,#120,.T.);
#724=EDGE_CURVE('',#570,#585,#121,.T.);
#725=EDGE_CURVE('',#585,#585,#536,.T.);
#726=EDGE_CURVE('',#586,#586,#537,.T.);
#727=EDGE_CURVE('',#586,#587,#122,.T.);
#728=EDGE_CURVE('',#587,#587,#538,.T.);
#729=EDGE_CURVE('',#584,#572,#123,.T.);
#730=EDGE_CURVE('',#576,#582,#124,.T.);
#731=EDGE_CURVE('',#588,#589,#539,.T.);
#732=EDGE_CURVE('',#589,#590,#125,.T.);
#733=EDGE_CURVE('',#590,#591,#540,.T.);
#734=EDGE_CURVE('',#591,#588,#126,.T.);
#735=EDGE_CURVE('',#591,#592,#127,.T.);
#736=EDGE_CURVE('',#593,#592,#128,.T.);
#737=EDGE_CURVE('',#588,#593,#129,.T.);
#738=EDGE_CURVE('',#594,#590,#130,.T.);
#739=EDGE_CURVE('',#595,#594,#541,.T.);
#740=EDGE_CURVE('',#596,#595,#131,.T.);
#741=EDGE_CURVE('',#597,#596,#542,.T.);
#742=EDGE_CURVE('',#598,#597,#132,.T.);
#743=EDGE_CURVE('',#592,#598,#543,.T.);
#744=EDGE_CURVE('',#599,#599,#544,.T.);
#745=EDGE_CURVE('',#600,#593,#545,.T.);
#746=EDGE_CURVE('',#598,#600,#133,.T.);
#747=EDGE_CURVE('',#601,#597,#134,.T.);
#748=EDGE_CURVE('',#600,#601,#135,.T.);
#749=EDGE_CURVE('',#602,#601,#546,.T.);
#750=EDGE_CURVE('',#596,#602,#136,.T.);
#751=EDGE_CURVE('',#603,#595,#137,.T.);
#752=EDGE_CURVE('',#602,#603,#138,.T.);
#753=EDGE_CURVE('',#604,#603,#547,.T.);
#754=EDGE_CURVE('',#594,#604,#139,.T.);
#755=EDGE_CURVE('',#605,#605,#548,.T.);
#756=EDGE_CURVE('',#605,#599,#140,.T.);
#757=EDGE_CURVE('',#604,#589,#141,.T.);
#758=EDGE_CURVE('',#606,#607,#549,.T.);
#759=EDGE_CURVE('',#607,#608,#550,.T.);
#760=EDGE_CURVE('',#608,#608,#551,.T.);
#761=EDGE_CURVE('',#607,#606,#552,.T.);
#762=EDGE_CURVE('',#606,#609,#142,.T.);
#763=EDGE_CURVE('',#609,#609,#553,.T.);
#764=EDGE_CURVE('',#610,#611,#554,.T.);
#765=EDGE_CURVE('',#611,#612,#555,.T.);
#766=EDGE_CURVE('',#612,#612,#556,.T.);
#767=EDGE_CURVE('',#611,#610,#557,.T.);
#768=EDGE_CURVE('',#610,#613,#143,.T.);
#769=EDGE_CURVE('',#613,#613,#558,.T.);
#770=EDGE_CURVE('',#614,#615,#559,.T.);
#771=EDGE_CURVE('',#615,#616,#560,.T.);
#772=EDGE_CURVE('',#616,#616,#561,.T.);
#773=EDGE_CURVE('',#615,#614,#562,.T.);
#774=EDGE_CURVE('',#614,#617,#144,.T.);
#775=EDGE_CURVE('',#617,#617,#563,.T.);
#776=EDGE_CURVE('',#618,#619,#564,.T.);
#777=EDGE_CURVE('',#619,#620,#565,.T.);
#778=EDGE_CURVE('',#620,#620,#566,.T.);
#779=EDGE_CURVE('',#619,#618,#567,.T.);
#780=EDGE_CURVE('',#618,#621,#145,.T.);
#781=EDGE_CURVE('',#621,#621,#568,.T.);
#782=EDGE_CURVE('',#622,#623,#13,.T.);
#783=EDGE_CURVE('',#623,#624,#146,.T.);
#784=EDGE_CURVE('',#624,#625,#14,.T.);
#785=EDGE_CURVE('',#625,#622,#147,.T.);
#786=EDGE_CURVE('',#626,#623,#148,.T.);
#787=EDGE_CURVE('',#627,#626,#149,.T.);
#788=EDGE_CURVE('',#627,#624,#150,.T.);
#789=EDGE_CURVE('',#622,#628,#15,.T.);
#790=EDGE_CURVE('',#629,#628,#151,.T.);
#791=EDGE_CURVE('',#629,#630,#16,.T.);
#792=EDGE_CURVE('',#630,#631,#152,.T.);
#793=EDGE_CURVE('',#631,#632,#153,.T.);
#794=EDGE_CURVE('',#632,#626,#154,.T.);
#795=EDGE_CURVE('',#633,#634,#17,.T.);
#796=EDGE_CURVE('',#634,#635,#155,.T.);
#797=EDGE_CURVE('',#635,#636,#18,.T.);
#798=EDGE_CURVE('',#636,#633,#156,.T.);
#799=EDGE_CURVE('',#636,#637,#157,.T.);
#800=EDGE_CURVE('',#638,#637,#158,.T.);
#801=EDGE_CURVE('',#633,#638,#159,.T.);
#802=EDGE_CURVE('',#639,#635,#19,.T.);
#803=EDGE_CURVE('',#639,#630,#160,.T.);
#804=EDGE_CURVE('',#637,#629,#20,.T.);
#805=EDGE_CURVE('',#628,#638,#21,.T.);
#806=EDGE_CURVE('',#640,#641,#161,.T.);
#807=EDGE_CURVE('',#640,#632,#162,.T.);
#808=EDGE_CURVE('',#641,#631,#163,.T.);
#809=EDGE_CURVE('',#641,#639,#164,.T.);
#810=EDGE_CURVE('',#625,#634,#22,.T.);
#811=EDGE_CURVE('',#627,#640,#165,.T.);
#812=EDGE_CURVE('',#642,#643,#23,.T.);
#813=EDGE_CURVE('',#643,#644,#166,.T.);
#814=EDGE_CURVE('',#644,#645,#24,.T.);
#815=EDGE_CURVE('',#645,#642,#167,.T.);
#816=EDGE_CURVE('',#642,#646,#168,.T.);
#817=EDGE_CURVE('',#646,#647,#169,.T.);
#818=EDGE_CURVE('',#647,#648,#170,.T.);
#819=EDGE_CURVE('',#648,#649,#171,.T.);
#820=EDGE_CURVE('',#649,#650,#25,.T.);
#821=EDGE_CURVE('',#651,#650,#172,.T.);
#822=EDGE_CURVE('',#651,#643,#26,.T.);
#823=EDGE_CURVE('',#652,#645,#173,.T.);
#824=EDGE_CURVE('',#652,#646,#174,.T.);
#825=EDGE_CURVE('',#653,#654,#27,.T.);
#826=EDGE_CURVE('',#654,#655,#175,.T.);
#827=EDGE_CURVE('',#655,#656,#28,.T.);
#828=EDGE_CURVE('',#656,#653,#176,.T.);
#829=EDGE_CURVE('',#654,#657,#177,.T.);
#830=EDGE_CURVE('',#658,#657,#178,.T.);
#831=EDGE_CURVE('',#655,#658,#179,.T.);
#832=EDGE_CURVE('',#657,#651,#29,.T.);
#833=EDGE_CURVE('',#644,#653,#30,.T.);
#834=EDGE_CURVE('',#650,#658,#31,.T.);
#835=EDGE_CURVE('',#659,#649,#180,.T.);
#836=EDGE_CURVE('',#659,#656,#32,.T.);
#837=EDGE_CURVE('',#660,#659,#181,.T.);
#838=EDGE_CURVE('',#660,#648,#182,.T.);
#839=EDGE_CURVE('',#661,#660,#183,.T.);
#840=EDGE_CURVE('',#661,#647,#184,.T.);
#841=EDGE_CURVE('',#652,#661,#185,.T.);
#842=EDGE_CURVE('',#662,#663,#33,.T.);
#843=EDGE_CURVE('',#663,#664,#186,.T.);
#844=EDGE_CURVE('',#664,#665,#34,.T.);
#845=EDGE_CURVE('',#665,#662,#187,.T.);
#846=EDGE_CURVE('',#663,#666,#35,.T.);
#847=EDGE_CURVE('',#666,#667,#36,.T.);
#848=EDGE_CURVE('',#668,#667,#188,.T.);
#849=EDGE_CURVE('',#668,#669,#37,.T.);
#850=EDGE_CURVE('',#664,#669,#38,.T.);
#851=EDGE_CURVE('',#670,#662,#189,.T.);
#852=EDGE_CURVE('',#671,#670,#190,.T.);
#853=EDGE_CURVE('',#672,#671,#191,.T.);
#854=EDGE_CURVE('',#673,#672,#192,.T.);
#855=EDGE_CURVE('',#674,#673,#39,.T.);
#856=EDGE_CURVE('',#674,#666,#193,.T.);
#857=EDGE_CURVE('',#675,#668,#194,.T.);
#858=EDGE_CURVE('',#676,#675,#40,.T.);
#859=EDGE_CURVE('',#669,#676,#195,.T.);
#860=EDGE_CURVE('',#667,#677,#196,.T.);
#861=EDGE_CURVE('',#675,#677,#197,.T.);
#862=EDGE_CURVE('',#677,#674,#41,.T.);
#863=EDGE_CURVE('',#678,#673,#198,.T.);
#864=EDGE_CURVE('',#678,#676,#42,.T.);
#865=EDGE_CURVE('',#679,#680,#199,.T.);
#866=EDGE_CURVE('',#680,#672,#200,.T.);
#867=EDGE_CURVE('',#679,#671,#201,.T.);
#868=EDGE_CURVE('',#680,#678,#202,.T.);
#869=EDGE_CURVE('',#681,#665,#203,.T.);
#870=EDGE_CURVE('',#681,#670,#204,.T.);
#871=EDGE_CURVE('',#681,#679,#205,.T.);
#872=EDGE_CURVE('',#682,#683,#43,.T.);
#873=EDGE_CURVE('',#683,#684,#206,.T.);
#874=EDGE_CURVE('',#684,#685,#44,.T.);
#875=EDGE_CURVE('',#685,#682,#207,.T.);
#876=EDGE_CURVE('',#686,#684,#208,.T.);
#877=EDGE_CURVE('',#686,#687,#209,.T.);
#878=EDGE_CURVE('',#687,#688,#210,.T.);
#879=EDGE_CURVE('',#688,#689,#211,.T.);
#880=EDGE_CURVE('',#689,#690,#45,.T.);
#881=EDGE_CURVE('',#690,#691,#212,.T.);
#882=EDGE_CURVE('',#685,#691,#46,.T.);
#883=EDGE_CURVE('',#683,#692,#213,.T.);
#884=EDGE_CURVE('',#686,#692,#214,.T.);
#885=EDGE_CURVE('',#691,#693,#47,.T.);
#886=EDGE_CURVE('',#694,#690,#48,.T.);
#887=EDGE_CURVE('',#693,#694,#215,.T.);
#888=EDGE_CURVE('',#694,#695,#216,.T.);
#889=EDGE_CURVE('',#695,#696,#217,.T.);
#890=EDGE_CURVE('',#693,#696,#218,.T.);
#891=EDGE_CURVE('',#696,#697,#49,.T.);
#892=EDGE_CURVE('',#697,#682,#50,.T.);
#893=EDGE_CURVE('',#698,#695,#51,.T.);
#894=EDGE_CURVE('',#697,#698,#219,.T.);
#895=EDGE_CURVE('',#689,#699,#220,.T.);
#896=EDGE_CURVE('',#699,#698,#52,.T.);
#897=EDGE_CURVE('',#688,#700,#221,.T.);
#898=EDGE_CURVE('',#700,#699,#222,.T.);
#899=EDGE_CURVE('',#687,#701,#223,.T.);
#900=EDGE_CURVE('',#701,#700,#224,.T.);
#901=EDGE_CURVE('',#692,#701,#225,.T.);
#902=ORIENTED_EDGE('',*,*,#702,.F.);
#903=ORIENTED_EDGE('',*,*,#702,.T.);
#904=ORIENTED_EDGE('',*,*,#703,.T.);
#905=ORIENTED_EDGE('',*,*,#704,.T.);
#906=ORIENTED_EDGE('',*,*,#703,.F.);
#907=ORIENTED_EDGE('',*,*,#705,.T.);
#908=ORIENTED_EDGE('',*,*,#706,.T.);
#909=ORIENTED_EDGE('',*,*,#707,.T.);
#910=ORIENTED_EDGE('',*,*,#708,.T.);
#911=ORIENTED_EDGE('',*,*,#708,.F.);
#912=ORIENTED_EDGE('',*,*,#709,.T.);
#913=ORIENTED_EDGE('',*,*,#710,.T.);
#914=ORIENTED_EDGE('',*,*,#711,.F.);
#915=ORIENTED_EDGE('',*,*,#707,.F.);
#916=ORIENTED_EDGE('',*,*,#712,.F.);
#917=ORIENTED_EDGE('',*,*,#713,.F.);
#918=ORIENTED_EDGE('',*,*,#714,.F.);
#919=ORIENTED_EDGE('',*,*,#715,.F.);
#920=ORIENTED_EDGE('',*,*,#716,.F.);
#921=ORIENTED_EDGE('',*,*,#709,.F.);
#922=ORIENTED_EDGE('',*,*,#717,.T.);
#923=ORIENTED_EDGE('',*,*,#718,.T.);
#924=ORIENTED_EDGE('',*,*,#715,.T.);
#925=ORIENTED_EDGE('',*,*,#719,.T.);
#926=ORIENTED_EDGE('',*,*,#719,.F.);
#927=ORIENTED_EDGE('',*,*,#714,.T.);
#928=ORIENTED_EDGE('',*,*,#720,.F.);
#929=ORIENTED_EDGE('',*,*,#721,.F.);
#930=ORIENTED_EDGE('',*,*,#722,.T.);
#931=ORIENTED_EDGE('',*,*,#720,.T.);
#932=ORIENTED_EDGE('',*,*,#713,.T.);
#933=ORIENTED_EDGE('',*,*,#723,.T.);
#934=ORIENTED_EDGE('',*,*,#704,.F.);
#935=ORIENTED_EDGE('',*,*,#724,.T.);
#936=ORIENTED_EDGE('',*,*,#725,.F.);
#937=ORIENTED_EDGE('',*,*,#724,.F.);
#938=ORIENTED_EDGE('',*,*,#726,.F.);
#939=ORIENTED_EDGE('',*,*,#727,.T.);
#940=ORIENTED_EDGE('',*,*,#728,.T.);
#941=ORIENTED_EDGE('',*,*,#727,.F.);
#942=ORIENTED_EDGE('',*,*,#728,.F.);
#943=ORIENTED_EDGE('',*,*,#725,.T.);
#944=ORIENTED_EDGE('',*,*,#706,.F.);
#945=ORIENTED_EDGE('',*,*,#729,.F.);
#946=ORIENTED_EDGE('',*,*,#723,.F.);
#947=ORIENTED_EDGE('',*,*,#712,.T.);
#948=ORIENTED_EDGE('',*,*,#718,.F.);
#949=ORIENTED_EDGE('',*,*,#730,.F.);
#950=ORIENTED_EDGE('',*,*,#710,.F.);
#951=ORIENTED_EDGE('',*,*,#716,.T.);
#952=ORIENTED_EDGE('',*,*,#705,.F.);
#953=ORIENTED_EDGE('',*,*,#711,.T.);
#954=ORIENTED_EDGE('',*,*,#730,.T.);
#955=ORIENTED_EDGE('',*,*,#717,.F.);
#956=ORIENTED_EDGE('',*,*,#721,.T.);
#957=ORIENTED_EDGE('',*,*,#722,.F.);
#958=ORIENTED_EDGE('',*,*,#729,.T.);
#959=ORIENTED_EDGE('',*,*,#726,.T.);
#960=ORIENTED_EDGE('',*,*,#731,.T.);
#961=ORIENTED_EDGE('',*,*,#732,.T.);
#962=ORIENTED_EDGE('',*,*,#733,.T.);
#963=ORIENTED_EDGE('',*,*,#734,.T.);
#964=ORIENTED_EDGE('',*,*,#734,.F.);
#965=ORIENTED_EDGE('',*,*,#735,.T.);
#966=ORIENTED_EDGE('',*,*,#736,.F.);
#967=ORIENTED_EDGE('',*,*,#737,.F.);
#968=ORIENTED_EDGE('',*,*,#733,.F.);
#969=ORIENTED_EDGE('',*,*,#738,.F.);
#970=ORIENTED_EDGE('',*,*,#739,.F.);
#971=ORIENTED_EDGE('',*,*,#740,.F.);
#972=ORIENTED_EDGE('',*,*,#741,.F.);
#973=ORIENTED_EDGE('',*,*,#742,.F.);
#974=ORIENTED_EDGE('',*,*,#743,.F.);
#975=ORIENTED_EDGE('',*,*,#735,.F.);
#976=ORIENTED_EDGE('',*,*,#744,.T.);
#977=ORIENTED_EDGE('',*,*,#745,.T.);
#978=ORIENTED_EDGE('',*,*,#736,.T.);
#979=ORIENTED_EDGE('',*,*,#743,.T.);
#980=ORIENTED_EDGE('',*,*,#746,.T.);
#981=ORIENTED_EDGE('',*,*,#746,.F.);
#982=ORIENTED_EDGE('',*,*,#742,.T.);
#983=ORIENTED_EDGE('',*,*,#747,.F.);
#984=ORIENTED_EDGE('',*,*,#748,.F.);
#985=ORIENTED_EDGE('',*,*,#749,.T.);
#986=ORIENTED_EDGE('',*,*,#747,.T.);
#987=ORIENTED_EDGE('',*,*,#741,.T.);
#988=ORIENTED_EDGE('',*,*,#750,.T.);
#989=ORIENTED_EDGE('',*,*,#750,.F.);
#990=ORIENTED_EDGE('',*,*,#740,.T.);
#991=ORIENTED_EDGE('',*,*,#751,.F.);
#992=ORIENTED_EDGE('',*,*,#752,.F.);
#993=ORIENTED_EDGE('',*,*,#753,.T.);
#994=ORIENTED_EDGE('',*,*,#751,.T.);
#995=ORIENTED_EDGE('',*,*,#739,.T.);
#996=ORIENTED_EDGE('',*,*,#754,.T.);
#997=ORIENTED_EDGE('',*,*,#755,.F.);
#998=ORIENTED_EDGE('',*,*,#756,.T.);
#999=ORIENTED_EDGE('',*,*,#744,.F.);
#1000=ORIENTED_EDGE('',*,*,#756,.F.);
#1001=ORIENTED_EDGE('',*,*,#732,.F.);
#1002=ORIENTED_EDGE('',*,*,#757,.F.);
#1003=ORIENTED_EDGE('',*,*,#754,.F.);
#1004=ORIENTED_EDGE('',*,*,#738,.T.);
#1005=ORIENTED_EDGE('',*,*,#731,.F.);
#1006=ORIENTED_EDGE('',*,*,#737,.T.);
#1007=ORIENTED_EDGE('',*,*,#745,.F.);
#1008=ORIENTED_EDGE('',*,*,#748,.T.);
#1009=ORIENTED_EDGE('',*,*,#749,.F.);
#1010=ORIENTED_EDGE('',*,*,#752,.T.);
#1011=ORIENTED_EDGE('',*,*,#753,.F.);
#1012=ORIENTED_EDGE('',*,*,#757,.T.);
#1013=ORIENTED_EDGE('',*,*,#755,.T.);
#1014=ORIENTED_EDGE('',*,*,#758,.T.);
#1015=ORIENTED_EDGE('',*,*,#759,.T.);
#1016=ORIENTED_EDGE('',*,*,#760,.T.);
#1017=ORIENTED_EDGE('',*,*,#759,.F.);
#1018=ORIENTED_EDGE('',*,*,#761,.T.);
#1019=ORIENTED_EDGE('',*,*,#758,.F.);
#1020=ORIENTED_EDGE('',*,*,#762,.T.);
#1021=ORIENTED_EDGE('',*,*,#763,.T.);
#1022=ORIENTED_EDGE('',*,*,#762,.F.);
#1023=ORIENTED_EDGE('',*,*,#761,.F.);
#1024=ORIENTED_EDGE('',*,*,#760,.F.);
#1025=ORIENTED_EDGE('',*,*,#763,.F.);
#1026=ORIENTED_EDGE('',*,*,#764,.T.);
#1027=ORIENTED_EDGE('',*,*,#765,.T.);
#1028=ORIENTED_EDGE('',*,*,#766,.T.);
#1029=ORIENTED_EDGE('',*,*,#765,.F.);
#1030=ORIENTED_EDGE('',*,*,#767,.T.);
#1031=ORIENTED_EDGE('',*,*,#764,.F.);
#1032=ORIENTED_EDGE('',*,*,#768,.T.);
#1033=ORIENTED_EDGE('',*,*,#769,.T.);
#1034=ORIENTED_EDGE('',*,*,#768,.F.);
#1035=ORIENTED_EDGE('',*,*,#767,.F.);
#1036=ORIENTED_EDGE('',*,*,#766,.F.);
#1037=ORIENTED_EDGE('',*,*,#769,.F.);
#1038=ORIENTED_EDGE('',*,*,#770,.T.);
#1039=ORIENTED_EDGE('',*,*,#771,.T.);
#1040=ORIENTED_EDGE('',*,*,#772,.T.);
#1041=ORIENTED_EDGE('',*,*,#771,.F.);
#1042=ORIENTED_EDGE('',*,*,#773,.T.);
#1043=ORIENTED_EDGE('',*,*,#770,.F.);
#1044=ORIENTED_EDGE('',*,*,#774,.T.);
#1045=ORIENTED_EDGE('',*,*,#775,.T.);
#1046=ORIENTED_EDGE('',*,*,#774,.F.);
#1047=ORIENTED_EDGE('',*,*,#773,.F.);
#1048=ORIENTED_EDGE('',*,*,#772,.F.);
#1049=ORIENTED_EDGE('',*,*,#775,.F.);
#1050=ORIENTED_EDGE('',*,*,#776,.T.);
#1051=ORIENTED_EDGE('',*,*,#777,.T.);
#1052=ORIENTED_EDGE('',*,*,#778,.T.);
#1053=ORIENTED_EDGE('',*,*,#777,.F.);
#1054=ORIENTED_EDGE('',*,*,#779,.T.);
#1055=ORIENTED_EDGE('',*,*,#776,.F.);
#1056=ORIENTED_EDGE('',*,*,#780,.T.);
#1057=ORIENTED_EDGE('',*,*,#781,.T.);
#1058=ORIENTED_EDGE('',*,*,#780,.F.);
#1059=ORIENTED_EDGE('',*,*,#779,.F.);
#1060=ORIENTED_EDGE('',*,*,#778,.F.);
#1061=ORIENTED_EDGE('',*,*,#781,.F.);
#1062=ORIENTED_EDGE('',*,*,#782,.T.);
#1063=ORIENTED_EDGE('',*,*,#783,.T.);
#1064=ORIENTED_EDGE('',*,*,#784,.T.);
#1065=ORIENTED_EDGE('',*,*,#785,.T.);
#1066=ORIENTED_EDGE('',*,*,#783,.F.);
#1067=ORIENTED_EDGE('',*,*,#786,.F.);
#1068=ORIENTED_EDGE('',*,*,#787,.F.);
#1069=ORIENTED_EDGE('',*,*,#788,.T.);
#1070=ORIENTED_EDGE('',*,*,#782,.F.);
#1071=ORIENTED_EDGE('',*,*,#789,.T.);
#1072=ORIENTED_EDGE('',*,*,#790,.F.);
#1073=ORIENTED_EDGE('',*,*,#791,.T.);
#1074=ORIENTED_EDGE('',*,*,#792,.T.);
#1075=ORIENTED_EDGE('',*,*,#793,.T.);
#1076=ORIENTED_EDGE('',*,*,#794,.T.);
#1077=ORIENTED_EDGE('',*,*,#786,.T.);
#1078=ORIENTED_EDGE('',*,*,#795,.T.);
#1079=ORIENTED_EDGE('',*,*,#796,.T.);
#1080=ORIENTED_EDGE('',*,*,#797,.T.);
#1081=ORIENTED_EDGE('',*,*,#798,.T.);
#1082=ORIENTED_EDGE('',*,*,#798,.F.);
#1083=ORIENTED_EDGE('',*,*,#799,.T.);
#1084=ORIENTED_EDGE('',*,*,#800,.F.);
#1085=ORIENTED_EDGE('',*,*,#801,.F.);
#1086=ORIENTED_EDGE('',*,*,#797,.F.);
#1087=ORIENTED_EDGE('',*,*,#802,.F.);
#1088=ORIENTED_EDGE('',*,*,#803,.T.);
#1089=ORIENTED_EDGE('',*,*,#791,.F.);
#1090=ORIENTED_EDGE('',*,*,#804,.F.);
#1091=ORIENTED_EDGE('',*,*,#799,.F.);
#1092=ORIENTED_EDGE('',*,*,#804,.T.);
#1093=ORIENTED_EDGE('',*,*,#790,.T.);
#1094=ORIENTED_EDGE('',*,*,#805,.T.);
#1095=ORIENTED_EDGE('',*,*,#800,.T.);
#1096=ORIENTED_EDGE('',*,*,#806,.F.);
#1097=ORIENTED_EDGE('',*,*,#807,.T.);
#1098=ORIENTED_EDGE('',*,*,#793,.F.);
#1099=ORIENTED_EDGE('',*,*,#808,.F.);
#1100=ORIENTED_EDGE('',*,*,#809,.F.);
#1101=ORIENTED_EDGE('',*,*,#808,.T.);
#1102=ORIENTED_EDGE('',*,*,#792,.F.);
#1103=ORIENTED_EDGE('',*,*,#803,.F.);
#1104=ORIENTED_EDGE('',*,*,#785,.F.);
#1105=ORIENTED_EDGE('',*,*,#810,.T.);
#1106=ORIENTED_EDGE('',*,*,#795,.F.);
#1107=ORIENTED_EDGE('',*,*,#801,.T.);
#1108=ORIENTED_EDGE('',*,*,#805,.F.);
#1109=ORIENTED_EDGE('',*,*,#789,.F.);
#1110=ORIENTED_EDGE('',*,*,#811,.F.);
#1111=ORIENTED_EDGE('',*,*,#787,.T.);
#1112=ORIENTED_EDGE('',*,*,#794,.F.);
#1113=ORIENTED_EDGE('',*,*,#807,.F.);
#1114=ORIENTED_EDGE('',*,*,#784,.F.);
#1115=ORIENTED_EDGE('',*,*,#788,.F.);
#1116=ORIENTED_EDGE('',*,*,#811,.T.);
#1117=ORIENTED_EDGE('',*,*,#806,.T.);
#1118=ORIENTED_EDGE('',*,*,#809,.T.);
#1119=ORIENTED_EDGE('',*,*,#802,.T.);
#1120=ORIENTED_EDGE('',*,*,#796,.F.);
#1121=ORIENTED_EDGE('',*,*,#810,.F.);
#1122=ORIENTED_EDGE('',*,*,#812,.T.);
#1123=ORIENTED_EDGE('',*,*,#813,.T.);
#1124=ORIENTED_EDGE('',*,*,#814,.T.);
#1125=ORIENTED_EDGE('',*,*,#815,.T.);
#1126=ORIENTED_EDGE('',*,*,#812,.F.);
#1127=ORIENTED_EDGE('',*,*,#816,.T.);
#1128=ORIENTED_EDGE('',*,*,#817,.T.);
#1129=ORIENTED_EDGE('',*,*,#818,.T.);
#1130=ORIENTED_EDGE('',*,*,#819,.T.);
#1131=ORIENTED_EDGE('',*,*,#820,.T.);
#1132=ORIENTED_EDGE('',*,*,#821,.F.);
#1133=ORIENTED_EDGE('',*,*,#822,.T.);
#1134=ORIENTED_EDGE('',*,*,#815,.F.);
#1135=ORIENTED_EDGE('',*,*,#823,.F.);
#1136=ORIENTED_EDGE('',*,*,#824,.T.);
#1137=ORIENTED_EDGE('',*,*,#816,.F.);
#1138=ORIENTED_EDGE('',*,*,#825,.T.);
#1139=ORIENTED_EDGE('',*,*,#826,.T.);
#1140=ORIENTED_EDGE('',*,*,#827,.T.);
#1141=ORIENTED_EDGE('',*,*,#828,.T.);
#1142=ORIENTED_EDGE('',*,*,#826,.F.);
#1143=ORIENTED_EDGE('',*,*,#829,.T.);
#1144=ORIENTED_EDGE('',*,*,#830,.F.);
#1145=ORIENTED_EDGE('',*,*,#831,.F.);
#1146=ORIENTED_EDGE('',*,*,#813,.F.);
#1147=ORIENTED_EDGE('',*,*,#822,.F.);
#1148=ORIENTED_EDGE('',*,*,#832,.F.);
#1149=ORIENTED_EDGE('',*,*,#829,.F.);
#1150=ORIENTED_EDGE('',*,*,#825,.F.);
#1151=ORIENTED_EDGE('',*,*,#833,.F.);
#1152=ORIENTED_EDGE('',*,*,#832,.T.);
#1153=ORIENTED_EDGE('',*,*,#821,.T.);
#1154=ORIENTED_EDGE('',*,*,#834,.T.);
#1155=ORIENTED_EDGE('',*,*,#830,.T.);
#1156=ORIENTED_EDGE('',*,*,#827,.F.);
#1157=ORIENTED_EDGE('',*,*,#831,.T.);
#1158=ORIENTED_EDGE('',*,*,#834,.F.);
#1159=ORIENTED_EDGE('',*,*,#820,.F.);
#1160=ORIENTED_EDGE('',*,*,#835,.F.);
#1161=ORIENTED_EDGE('',*,*,#836,.T.);
#1162=ORIENTED_EDGE('',*,*,#837,.T.);
#1163=ORIENTED_EDGE('',*,*,#835,.T.);
#1164=ORIENTED_EDGE('',*,*,#819,.F.);
#1165=ORIENTED_EDGE('',*,*,#838,.F.);
#1166=ORIENTED_EDGE('',*,*,#839,.T.);
#1167=ORIENTED_EDGE('',*,*,#838,.T.);
#1168=ORIENTED_EDGE('',*,*,#818,.F.);
#1169=ORIENTED_EDGE('',*,*,#840,.F.);
#1170=ORIENTED_EDGE('',*,*,#841,.T.);
#1171=ORIENTED_EDGE('',*,*,#840,.T.);
#1172=ORIENTED_EDGE('',*,*,#817,.F.);
#1173=ORIENTED_EDGE('',*,*,#824,.F.);
#1174=ORIENTED_EDGE('',*,*,#814,.F.);
#1175=ORIENTED_EDGE('',*,*,#833,.T.);
#1176=ORIENTED_EDGE('',*,*,#828,.F.);
#1177=ORIENTED_EDGE('',*,*,#836,.F.);
#1178=ORIENTED_EDGE('',*,*,#837,.F.);
#1179=ORIENTED_EDGE('',*,*,#839,.F.);
#1180=ORIENTED_EDGE('',*,*,#841,.F.);
#1181=ORIENTED_EDGE('',*,*,#823,.T.);
#1182=ORIENTED_EDGE('',*,*,#842,.T.);
#1183=ORIENTED_EDGE('',*,*,#843,.T.);
#1184=ORIENTED_EDGE('',*,*,#844,.T.);
#1185=ORIENTED_EDGE('',*,*,#845,.T.);
#1186=ORIENTED_EDGE('',*,*,#843,.F.);
#1187=ORIENTED_EDGE('',*,*,#846,.T.);
#1188=ORIENTED_EDGE('',*,*,#847,.T.);
#1189=ORIENTED_EDGE('',*,*,#848,.F.);
#1190=ORIENTED_EDGE('',*,*,#849,.T.);
#1191=ORIENTED_EDGE('',*,*,#850,.F.);
#1192=ORIENTED_EDGE('',*,*,#842,.F.);
#1193=ORIENTED_EDGE('',*,*,#851,.F.);
#1194=ORIENTED_EDGE('',*,*,#852,.F.);
#1195=ORIENTED_EDGE('',*,*,#853,.F.);
#1196=ORIENTED_EDGE('',*,*,#854,.F.);
#1197=ORIENTED_EDGE('',*,*,#855,.F.);
#1198=ORIENTED_EDGE('',*,*,#856,.T.);
#1199=ORIENTED_EDGE('',*,*,#846,.F.);
#1200=ORIENTED_EDGE('',*,*,#849,.F.);
#1201=ORIENTED_EDGE('',*,*,#857,.F.);
#1202=ORIENTED_EDGE('',*,*,#858,.F.);
#1203=ORIENTED_EDGE('',*,*,#859,.F.);
#1204=ORIENTED_EDGE('',*,*,#857,.T.);
#1205=ORIENTED_EDGE('',*,*,#848,.T.);
#1206=ORIENTED_EDGE('',*,*,#860,.T.);
#1207=ORIENTED_EDGE('',*,*,#861,.F.);
#1208=ORIENTED_EDGE('',*,*,#858,.T.);
#1209=ORIENTED_EDGE('',*,*,#861,.T.);
#1210=ORIENTED_EDGE('',*,*,#862,.T.);
#1211=ORIENTED_EDGE('',*,*,#855,.T.);
#1212=ORIENTED_EDGE('',*,*,#863,.F.);
#1213=ORIENTED_EDGE('',*,*,#864,.T.);
#1214=ORIENTED_EDGE('',*,*,#862,.F.);
#1215=ORIENTED_EDGE('',*,*,#860,.F.);
#1216=ORIENTED_EDGE('',*,*,#847,.F.);
#1217=ORIENTED_EDGE('',*,*,#856,.F.);
#1218=ORIENTED_EDGE('',*,*,#865,.T.);
#1219=ORIENTED_EDGE('',*,*,#866,.T.);
#1220=ORIENTED_EDGE('',*,*,#853,.T.);
#1221=ORIENTED_EDGE('',*,*,#867,.F.);
#1222=ORIENTED_EDGE('',*,*,#868,.T.);
#1223=ORIENTED_EDGE('',*,*,#863,.T.);
#1224=ORIENTED_EDGE('',*,*,#854,.T.);
#1225=ORIENTED_EDGE('',*,*,#866,.F.);
#1226=ORIENTED_EDGE('',*,*,#845,.F.);
#1227=ORIENTED_EDGE('',*,*,#869,.F.);
#1228=ORIENTED_EDGE('',*,*,#870,.T.);
#1229=ORIENTED_EDGE('',*,*,#851,.T.);
#1230=ORIENTED_EDGE('',*,*,#871,.T.);
#1231=ORIENTED_EDGE('',*,*,#867,.T.);
#1232=ORIENTED_EDGE('',*,*,#852,.T.);
#1233=ORIENTED_EDGE('',*,*,#870,.F.);
#1234=ORIENTED_EDGE('',*,*,#844,.F.);
#1235=ORIENTED_EDGE('',*,*,#850,.T.);
#1236=ORIENTED_EDGE('',*,*,#859,.T.);
#1237=ORIENTED_EDGE('',*,*,#864,.F.);
#1238=ORIENTED_EDGE('',*,*,#868,.F.);
#1239=ORIENTED_EDGE('',*,*,#865,.F.);
#1240=ORIENTED_EDGE('',*,*,#871,.F.);
#1241=ORIENTED_EDGE('',*,*,#869,.T.);
#1242=ORIENTED_EDGE('',*,*,#872,.T.);
#1243=ORIENTED_EDGE('',*,*,#873,.T.);
#1244=ORIENTED_EDGE('',*,*,#874,.T.);
#1245=ORIENTED_EDGE('',*,*,#875,.T.);
#1246=ORIENTED_EDGE('',*,*,#874,.F.);
#1247=ORIENTED_EDGE('',*,*,#876,.F.);
#1248=ORIENTED_EDGE('',*,*,#877,.T.);
#1249=ORIENTED_EDGE('',*,*,#878,.T.);
#1250=ORIENTED_EDGE('',*,*,#879,.T.);
#1251=ORIENTED_EDGE('',*,*,#880,.T.);
#1252=ORIENTED_EDGE('',*,*,#881,.T.);
#1253=ORIENTED_EDGE('',*,*,#882,.F.);
#1254=ORIENTED_EDGE('',*,*,#873,.F.);
#1255=ORIENTED_EDGE('',*,*,#883,.T.);
#1256=ORIENTED_EDGE('',*,*,#884,.F.);
#1257=ORIENTED_EDGE('',*,*,#876,.T.);
#1258=ORIENTED_EDGE('',*,*,#885,.F.);
#1259=ORIENTED_EDGE('',*,*,#881,.F.);
#1260=ORIENTED_EDGE('',*,*,#886,.F.);
#1261=ORIENTED_EDGE('',*,*,#887,.F.);
#1262=ORIENTED_EDGE('',*,*,#887,.T.);
#1263=ORIENTED_EDGE('',*,*,#888,.T.);
#1264=ORIENTED_EDGE('',*,*,#889,.T.);
#1265=ORIENTED_EDGE('',*,*,#890,.F.);
#1266=ORIENTED_EDGE('',*,*,#875,.F.);
#1267=ORIENTED_EDGE('',*,*,#882,.T.);
#1268=ORIENTED_EDGE('',*,*,#885,.T.);
#1269=ORIENTED_EDGE('',*,*,#890,.T.);
#1270=ORIENTED_EDGE('',*,*,#891,.T.);
#1271=ORIENTED_EDGE('',*,*,#892,.T.);
#1272=ORIENTED_EDGE('',*,*,#891,.F.);
#1273=ORIENTED_EDGE('',*,*,#889,.F.);
#1274=ORIENTED_EDGE('',*,*,#893,.F.);
#1275=ORIENTED_EDGE('',*,*,#894,.F.);
#1276=ORIENTED_EDGE('',*,*,#886,.T.);
#1277=ORIENTED_EDGE('',*,*,#880,.F.);
#1278=ORIENTED_EDGE('',*,*,#895,.T.);
#1279=ORIENTED_EDGE('',*,*,#896,.T.);
#1280=ORIENTED_EDGE('',*,*,#893,.T.);
#1281=ORIENTED_EDGE('',*,*,#888,.F.);
#1282=ORIENTED_EDGE('',*,*,#879,.F.);
#1283=ORIENTED_EDGE('',*,*,#897,.T.);
#1284=ORIENTED_EDGE('',*,*,#898,.T.);
#1285=ORIENTED_EDGE('',*,*,#895,.F.);
#1286=ORIENTED_EDGE('',*,*,#878,.F.);
#1287=ORIENTED_EDGE('',*,*,#899,.T.);
#1288=ORIENTED_EDGE('',*,*,#900,.T.);
#1289=ORIENTED_EDGE('',*,*,#897,.F.);
#1290=ORIENTED_EDGE('',*,*,#877,.F.);
#1291=ORIENTED_EDGE('',*,*,#884,.T.);
#1292=ORIENTED_EDGE('',*,*,#901,.T.);
#1293=ORIENTED_EDGE('',*,*,#899,.F.);
#1294=ORIENTED_EDGE('',*,*,#872,.F.);
#1295=ORIENTED_EDGE('',*,*,#892,.F.);
#1296=ORIENTED_EDGE('',*,*,#894,.T.);
#1297=ORIENTED_EDGE('',*,*,#896,.F.);
#1298=ORIENTED_EDGE('',*,*,#898,.F.);
#1299=ORIENTED_EDGE('',*,*,#900,.F.);
#1300=ORIENTED_EDGE('',*,*,#901,.F.);
#1301=ORIENTED_EDGE('',*,*,#883,.F.);
#1302=PLANE('',#1472);
#1303=PLANE('',#1479);
#1304=PLANE('',#1480);
#1305=PLANE('',#1485);
#1306=PLANE('',#1493);
#1307=PLANE('',#1494);
#1308=PLANE('',#1495);
#1309=PLANE('',#1496);
#1310=PLANE('',#1500);
#1311=PLANE('',#1501);
#1312=PLANE('',#1508);
#1313=PLANE('',#1511);
#1314=PLANE('',#1516);
#1315=PLANE('',#1517);
#1316=PLANE('',#1524);
#1317=PLANE('',#1525);
#1318=PLANE('',#1532);
#1319=PLANE('',#1533);
#1320=PLANE('',#1540);
#1321=PLANE('',#1541);
#1322=PLANE('',#1548);
#1323=PLANE('',#1549);
#1324=PLANE('',#1550);
#1325=PLANE('',#1551);
#1326=PLANE('',#1552);
#1327=PLANE('',#1553);
#1328=PLANE('',#1554);
#1329=PLANE('',#1555);
#1330=PLANE('',#1556);
#1331=PLANE('',#1557);
#1332=PLANE('',#1558);
#1333=PLANE('',#1559);
#1334=PLANE('',#1560);
#1335=PLANE('',#1561);
#1336=PLANE('',#1562);
#1337=PLANE('',#1563);
#1338=PLANE('',#1564);
#1339=PLANE('',#1565);
#1340=PLANE('',#1566);
#1341=PLANE('',#1567);
#1342=PLANE('',#1568);
#1343=PLANE('',#1569);
#1344=PLANE('',#1570);
#1345=PLANE('',#1571);
#1346=PLANE('',#1572);
#1347=PLANE('',#1573);
#1348=PLANE('',#1574);
#1349=PLANE('',#1575);
#1350=PLANE('',#1576);
#1351=PLANE('',#1577);
#1352=PLANE('',#1578);
#1353=PLANE('',#1579);
#1354=PLANE('',#1580);
#1355=PLANE('',#1581);
#1356=PLANE('',#1582);
#1357=PLANE('',#1583);
#1358=PLANE('',#1584);
#1359=PLANE('',#1585);
#1360=ADVANCED_FACE('',(#346),#1302,.F.);
#1361=ADVANCED_FACE('',(#347),#345,.T.);
#1362=ADVANCED_FACE('',(#348),#93,.T.);
#1363=ADVANCED_FACE('',(#349),#1303,.T.);
#1364=ADVANCED_FACE('',(#350),#1304,.F.);
#1365=ADVANCED_FACE('',(#351),#94,.T.);
#1366=ADVANCED_FACE('',(#352),#1305,.T.);
#1367=ADVANCED_FACE('',(#353),#95,.T.);
#1368=ADVANCED_FACE('',(#354),#96,.T.);
#1369=ADVANCED_FACE('',(#355),#97,.F.);
#1370=ADVANCED_FACE('',(#356,#89),#1306,.T.);
#1371=ADVANCED_FACE('',(#357),#1307,.T.);
#1372=ADVANCED_FACE('',(#358),#1308,.T.);
#1373=ADVANCED_FACE('',(#359,#90),#1309,.T.);
#1374=ADVANCED_FACE('',(#360),#98,.T.);
#1375=ADVANCED_FACE('',(#361),#1310,.T.);
#1376=ADVANCED_FACE('',(#362,#91),#1311,.F.);
#1377=ADVANCED_FACE('',(#363),#99,.T.);
#1378=ADVANCED_FACE('',(#364),#1312,.T.);
#1379=ADVANCED_FACE('',(#365),#100,.T.);
#1380=ADVANCED_FACE('',(#366),#1313,.T.);
#1381=ADVANCED_FACE('',(#367),#101,.T.);
#1382=ADVANCED_FACE('',(#368),#102,.F.);
#1383=ADVANCED_FACE('',(#369),#1314,.T.);
#1384=ADVANCED_FACE('',(#370,#92),#1315,.T.);
#1385=ADVANCED_FACE('',(#371),#65,.F.);
#1386=ADVANCED_FACE('',(#372),#103,.T.);
#1387=ADVANCED_FACE('',(#373),#1316,.T.);
#1388=ADVANCED_FACE('',(#374),#1317,.F.);
#1389=ADVANCED_FACE('',(#375),#66,.F.);
#1390=ADVANCED_FACE('',(#376),#104,.T.);
#1391=ADVANCED_FACE('',(#377),#1318,.T.);
#1392=ADVANCED_FACE('',(#378),#1319,.F.);
#1393=ADVANCED_FACE('',(#379),#67,.F.);
#1394=ADVANCED_FACE('',(#380),#105,.T.);
#1395=ADVANCED_FACE('',(#381),#1320,.T.);
#1396=ADVANCED_FACE('',(#382),#1321,.F.);
#1397=ADVANCED_FACE('',(#383),#68,.F.);
#1398=ADVANCED_FACE('',(#384),#106,.T.);
#1399=ADVANCED_FACE('',(#385),#1322,.T.);
#1400=ADVANCED_FACE('',(#386),#1323,.F.);
#1401=ADVANCED_FACE('',(#387),#53,.F.);
#1402=ADVANCED_FACE('',(#388),#1324,.T.);
#1403=ADVANCED_FACE('',(#389),#1325,.F.);
#1404=ADVANCED_FACE('',(#390),#1326,.T.);
#1405=ADVANCED_FACE('',(#391),#1327,.T.);
#1406=ADVANCED_FACE('',(#392),#54,.T.);
#1407=ADVANCED_FACE('',(#393),#1328,.T.);
#1408=ADVANCED_FACE('',(#394),#1329,.T.);
#1409=ADVANCED_FACE('',(#395),#1330,.T.);
#1410=ADVANCED_FACE('',(#396),#55,.T.);
#1411=ADVANCED_FACE('',(#397),#1331,.T.);
#1412=ADVANCED_FACE('',(#398),#1332,.T.);
#1413=ADVANCED_FACE('',(#399),#56,.F.);
#1414=ADVANCED_FACE('',(#400),#1333,.F.);
#1415=ADVANCED_FACE('',(#401),#1334,.T.);
#1416=ADVANCED_FACE('',(#402),#1335,.T.);
#1417=ADVANCED_FACE('',(#403),#1336,.T.);
#1418=ADVANCED_FACE('',(#404),#57,.T.);
#1419=ADVANCED_FACE('',(#405),#1337,.T.);
#1420=ADVANCED_FACE('',(#406),#58,.T.);
#1421=ADVANCED_FACE('',(#407),#1338,.T.);
#1422=ADVANCED_FACE('',(#408),#1339,.T.);
#1423=ADVANCED_FACE('',(#409),#1340,.T.);
#1424=ADVANCED_FACE('',(#410),#1341,.T.);
#1425=ADVANCED_FACE('',(#411),#59,.F.);
#1426=ADVANCED_FACE('',(#412),#60,.F.);
#1427=ADVANCED_FACE('',(#413),#1342,.T.);
#1428=ADVANCED_FACE('',(#414),#1343,.F.);
#1429=ADVANCED_FACE('',(#415),#1344,.F.);
#1430=ADVANCED_FACE('',(#416),#61,.F.);
#1431=ADVANCED_FACE('',(#417),#1345,.F.);
#1432=ADVANCED_FACE('',(#418),#1346,.F.);
#1433=ADVANCED_FACE('',(#419),#1347,.F.);
#1434=ADVANCED_FACE('',(#420),#1348,.F.);
#1435=ADVANCED_FACE('',(#421),#1349,.F.);
#1436=ADVANCED_FACE('',(#422),#1350,.F.);
#1437=ADVANCED_FACE('',(#423),#62,.F.);
#1438=ADVANCED_FACE('',(#424),#1351,.F.);
#1439=ADVANCED_FACE('',(#425),#1352,.F.);
#1440=ADVANCED_FACE('',(#426),#1353,.F.);
#1441=ADVANCED_FACE('',(#427),#1354,.F.);
#1442=ADVANCED_FACE('',(#428),#63,.F.);
#1443=ADVANCED_FACE('',(#429),#1355,.F.);
#1444=ADVANCED_FACE('',(#430),#64,.F.);
#1445=ADVANCED_FACE('',(#431),#1356,.F.);
#1446=ADVANCED_FACE('',(#432),#1357,.F.);
#1447=ADVANCED_FACE('',(#433),#1358,.F.);
#1448=ADVANCED_FACE('',(#434),#1359,.T.);
#1449=CLOSED_SHELL('',(#1360,#1361,#1362,#1363,#1364,#1365,#1366,#1367,
#1368,#1369,#1370,#1371,#1372,#1373));
#1450=CLOSED_SHELL('',(#1374,#1375,#1376,#1377,#1378,#1379,#1380,#1381,
#1382,#1383,#1384));
#1451=CLOSED_SHELL('',(#1385,#1386,#1387,#1388));
#1452=CLOSED_SHELL('',(#1389,#1390,#1391,#1392));
#1453=CLOSED_SHELL('',(#1393,#1394,#1395,#1396));
#1454=CLOSED_SHELL('',(#1397,#1398,#1399,#1400));
#1455=CLOSED_SHELL('',(#1401,#1402,#1403,#1404,#1405,#1406,#1407,#1408,
#1409,#1410,#1411,#1412));
#1456=CLOSED_SHELL('',(#1413,#1414,#1415,#1416,#1417,#1418,#1419,#1420,
#1421,#1422,#1423,#1424));
#1457=CLOSED_SHELL('',(#1425,#1426,#1427,#1428,#1429,#1430,#1431,#1432,
#1433,#1434,#1435,#1436));
#1458=CLOSED_SHELL('',(#1437,#1438,#1439,#1440,#1441,#1442,#1443,#1444,
#1445,#1446,#1447,#1448));
#1459=DERIVED_UNIT_ELEMENT(#1461,1.);
#1460=DERIVED_UNIT_ELEMENT(#3053,-3.);
#1461=(
MASS_UNIT()
NAMED_UNIT(*)
SI_UNIT(.KILO.,.GRAM.)
);
#1462=DERIVED_UNIT((#1459,#1460));
#1463=MEASURE_REPRESENTATION_ITEM('density measure',
POSITIVE_RATIO_MEASURE(7850.),#1462);
#1464=PROPERTY_DEFINITION_REPRESENTATION(#1469,#1466);
#1465=PROPERTY_DEFINITION_REPRESENTATION(#1470,#1467);
#1466=REPRESENTATION('material name',(#1468),#3050);
#1467=REPRESENTATION('density',(#1463),#3050);
#1468=DESCRIPTIVE_REPRESENTATION_ITEM('Steel','Steel');
#1469=PROPERTY_DEFINITION('material property','material name',#3060);
#1470=PROPERTY_DEFINITION('material property','density of part',#3060);
#1471=AXIS2_PLACEMENT_3D('',#1935,#1586,#1587);
#1472=AXIS2_PLACEMENT_3D('',#1936,#1588,#1589);
#1473=AXIS2_PLACEMENT_3D('',#1938,#1590,#1591);
#1474=AXIS2_PLACEMENT_3D('',#1939,#1592,#1593);
#1475=AXIS2_PLACEMENT_3D('',#1942,#1595,#1596);
#1476=AXIS2_PLACEMENT_3D('',#1943,#1597,#1598);
#1477=AXIS2_PLACEMENT_3D('',#1946,#1599,#1600);
#1478=AXIS2_PLACEMENT_3D('',#1950,#1602,#1603);
#1479=AXIS2_PLACEMENT_3D('',#1952,#1605,#1606);
#1480=AXIS2_PLACEMENT_3D('',#1958,#1610,#1611);
#1481=AXIS2_PLACEMENT_3D('',#1962,#1613,#1614);
#1482=AXIS2_PLACEMENT_3D('',#1966,#1616,#1617);
#1483=AXIS2_PLACEMENT_3D('',#1968,#1619,#1620);
#1484=AXIS2_PLACEMENT_3D('',#1971,#1621,#1622);
#1485=AXIS2_PLACEMENT_3D('',#1974,#1625,#1626);
#1486=AXIS2_PLACEMENT_3D('',#1978,#1629,#1630);
#1487=AXIS2_PLACEMENT_3D('',#1980,#1631,#1632);
#1488=AXIS2_PLACEMENT_3D('',#1982,#1634,#1635);
#1489=AXIS2_PLACEMENT_3D('',#1985,#1637,#1638);
#1490=AXIS2_PLACEMENT_3D('',#1986,#1639,#1640);
#1491=AXIS2_PLACEMENT_3D('',#1988,#1641,#1642);
#1492=AXIS2_PLACEMENT_3D('',#1991,#1644,#1645);
#1493=AXIS2_PLACEMENT_3D('',#1992,#1646,#1647);
#1494=AXIS2_PLACEMENT_3D('',#1993,#1648,#1649);
#1495=AXIS2_PLACEMENT_3D('',#1995,#1651,#1652);
#1496=AXIS2_PLACEMENT_3D('',#1997,#1654,#1655);
#1497=AXIS2_PLACEMENT_3D('',#1998,#1656,#1657);
#1498=AXIS2_PLACEMENT_3D('',#2001,#1658,#1659);
#1499=AXIS2_PLACEMENT_3D('',#2005,#1661,#1662);
#1500=AXIS2_PLACEMENT_3D('',#2007,#1664,#1665);
#1501=AXIS2_PLACEMENT_3D('',#2013,#1669,#1670);
#1502=AXIS2_PLACEMENT_3D('',#2017,#1672,#1673);
#1503=AXIS2_PLACEMENT_3D('',#2021,#1675,#1676);
#1504=AXIS2_PLACEMENT_3D('',#2024,#1678,#1679);
#1505=AXIS2_PLACEMENT_3D('',#2026,#1680,#1681);
#1506=AXIS2_PLACEMENT_3D('',#2027,#1682,#1683);
#1507=AXIS2_PLACEMENT_3D('',#2029,#1684,#1685);
#1508=AXIS2_PLACEMENT_3D('',#2031,#1687,#1688);
#1509=AXIS2_PLACEMENT_3D('',#2035,#1691,#1692);
#1510=AXIS2_PLACEMENT_3D('',#2037,#1693,#1694);
#1511=AXIS2_PLACEMENT_3D('',#2039,#1696,#1697);
#1512=AXIS2_PLACEMENT_3D('',#2043,#1700,#1701);
#1513=AXIS2_PLACEMENT_3D('',#2045,#1702,#1703);
#1514=AXIS2_PLACEMENT_3D('',#2047,#1705,#1706);
#1515=AXIS2_PLACEMENT_3D('',#2049,#1707,#1708);
#1516=AXIS2_PLACEMENT_3D('',#2051,#1710,#1711);
#1517=AXIS2_PLACEMENT_3D('',#2053,#1713,#1714);
#1518=AXIS2_PLACEMENT_3D('',#2083,#1715,#1716);
#1519=AXIS2_PLACEMENT_3D('',#2085,#1717,#1718);
#1520=AXIS2_PLACEMENT_3D('',#2086,#1719,#1720);
#1521=AXIS2_PLACEMENT_3D('',#2087,#1721,#1722);
#1522=AXIS2_PLACEMENT_3D('',#2088,#1723,#1724);
#1523=AXIS2_PLACEMENT_3D('',#2091,#1726,#1727);
#1524=AXIS2_PLACEMENT_3D('',#2092,#1728,#1729);
#1525=AXIS2_PLACEMENT_3D('',#2093,#1730,#1731);
#1526=AXIS2_PLACEMENT_3D('',#2123,#1732,#1733);
#1527=AXIS2_PLACEMENT_3D('',#2125,#1734,#1735);
#1528=AXIS2_PLACEMENT_3D('',#2126,#1736,#1737);
#1529=AXIS2_PLACEMENT_3D('',#2127,#1738,#1739);
#1530=AXIS2_PLACEMENT_3D('',#2128,#1740,#1741);
#1531=AXIS2_PLACEMENT_3D('',#2131,#1743,#1744);
#1532=AXIS2_PLACEMENT_3D('',#2132,#1745,#1746);
#1533=AXIS2_PLACEMENT_3D('',#2133,#1747,#1748);
#1534=AXIS2_PLACEMENT_3D('',#2163,#1749,#1750);
#1535=AXIS2_PLACEMENT_3D('',#2165,#1751,#1752);
#1536=AXIS2_PLACEMENT_3D('',#2166,#1753,#1754);
#1537=AXIS2_PLACEMENT_3D('',#2167,#1755,#1756);
#1538=AXIS2_PLACEMENT_3D('',#2168,#1757,#1758);
#1539=AXIS2_PLACEMENT_3D('',#2171,#1760,#1761);
#1540=AXIS2_PLACEMENT_3D('',#2172,#1762,#1763);
#1541=AXIS2_PLACEMENT_3D('',#2173,#1764,#1765);
#1542=AXIS2_PLACEMENT_3D('',#2203,#1766,#1767);
#1543=AXIS2_PLACEMENT_3D('',#2205,#1768,#1769);
#1544=AXIS2_PLACEMENT_3D('',#2206,#1770,#1771);
#1545=AXIS2_PLACEMENT_3D('',#2207,#1772,#1773);
#1546=AXIS2_PLACEMENT_3D('',#2208,#1774,#1775);
#1547=AXIS2_PLACEMENT_3D('',#2211,#1777,#1778);
#1548=AXIS2_PLACEMENT_3D('',#2212,#1779,#1780);
#1549=AXIS2_PLACEMENT_3D('',#2213,#1781,#1782);
#1550=AXIS2_PLACEMENT_3D('',#2240,#1785,#1786);
#1551=AXIS2_PLACEMENT_3D('',#2246,#1790,#1791);
#1552=AXIS2_PLACEMENT_3D('',#2278,#1796,#1797);
#1553=AXIS2_PLACEMENT_3D('',#2302,#1800,#1801);
#1554=AXIS2_PLACEMENT_3D('',#2381,#1806,#1807);
#1555=AXIS2_PLACEMENT_3D('',#2386,#1808,#1809);
#1556=AXIS2_PLACEMENT_3D('',#2392,#1813,#1814);
#1557=AXIS2_PLACEMENT_3D('',#2420,#1816,#1817);
#1558=AXIS2_PLACEMENT_3D('',#2422,#1819,#1820);
#1559=AXIS2_PLACEMENT_3D('',#2449,#1823,#1824);
#1560=AXIS2_PLACEMENT_3D('',#2482,#1830,#1831);
#1561=AXIS2_PLACEMENT_3D('',#2486,#1834,#1835);
#1562=AXIS2_PLACEMENT_3D('',#2513,#1838,#1839);
#1563=AXIS2_PLACEMENT_3D('',#2549,#1843,#1844);
#1564=AXIS2_PLACEMENT_3D('',#2620,#1846,#1847);
#1565=AXIS2_PLACEMENT_3D('',#2624,#1850,#1851);
#1566=AXIS2_PLACEMENT_3D('',#2628,#1854,#1855);
#1567=AXIS2_PLACEMENT_3D('',#2630,#1857,#1858);
#1568=AXIS2_PLACEMENT_3D('',#2702,#1862,#1863);
#1569=AXIS2_PLACEMENT_3D('',#2729,#1869,#1870);
#1570=AXIS2_PLACEMENT_3D('',#2747,#1873,#1874);
#1571=AXIS2_PLACEMENT_3D('',#2824,#1878,#1879);
#1572=AXIS2_PLACEMENT_3D('',#2825,#1880,#1881);
#1573=AXIS2_PLACEMENT_3D('',#2831,#1885,#1886);
#1574=AXIS2_PLACEMENT_3D('',#2833,#1888,#1889);
#1575=AXIS2_PLACEMENT_3D('',#2837,#1892,#1893);
#1576=AXIS2_PLACEMENT_3D('',#2839,#1895,#1896);
#1577=AXIS2_PLACEMENT_3D('',#2866,#1899,#1900);
#1578=AXIS2_PLACEMENT_3D('',#2899,#1906,#1907);
#1579=AXIS2_PLACEMENT_3D('',#2903,#1910,#1911);
#1580=AXIS2_PLACEMENT_3D('',#2927,#1913,#1914);
#1581=AXIS2_PLACEMENT_3D('',#2964,#1918,#1919);
#1582=AXIS2_PLACEMENT_3D('',#3037,#1922,#1923);
#1583=AXIS2_PLACEMENT_3D('',#3041,#1926,#1927);
#1584=AXIS2_PLACEMENT_3D('',#3045,#1930,#1931);
#1585=AXIS2_PLACEMENT_3D('',#3047,#1933,#1934);
#1586=DIRECTION('axis',(0.,0.,1.));
#1587=DIRECTION('refdir',(1.,0.,0.));
#1588=DIRECTION('center_axis',(0.,0.,-1.));
#1589=DIRECTION('ref_axis',(-1.,0.,0.));
#1590=DIRECTION('center_axis',(0.,0.,-1.));
#1591=DIRECTION('ref_axis',(1.,0.,0.));
#1592=DIRECTION('center_axis',(0.,0.,-1.));
#1593=DIRECTION('ref_axis',(-1.,0.,0.));
#1594=DIRECTION('',(0.0172388172508448,2.11114623673332E-18,-0.999851400548998));
#1595=DIRECTION('center_axis',(0.,0.,1.));
#1596=DIRECTION('ref_axis',(-1.,0.,0.));
#1597=DIRECTION('center_axis',(0.,0.,1.));
#1598=DIRECTION('ref_axis',(0.707106781186548,0.707106781186548,0.));
#1599=DIRECTION('center_axis',(0.,0.,-1.));
#1600=DIRECTION('ref_axis',(0.707106781186548,0.707106781186548,0.));
#1601=DIRECTION('',(0.,0.,-1.));
#1602=DIRECTION('center_axis',(0.,0.,1.));
#1603=DIRECTION('ref_axis',(0.707106781186548,0.707106781186548,0.));
#1604=DIRECTION('',(0.,0.,1.));
#1605=DIRECTION('center_axis',(0.,1.,0.));
#1606=DIRECTION('ref_axis',(-1.,0.,0.));
#1607=DIRECTION('',(-1.,0.,0.));
#1608=DIRECTION('',(0.,0.,1.));
#1609=DIRECTION('',(-1.,0.,0.));
#1610=DIRECTION('center_axis',(0.,0.,1.));
#1611=DIRECTION('ref_axis',(1.,0.,0.));
#1612=DIRECTION('',(0.,1.,0.));
#1613=DIRECTION('center_axis',(0.,0.,1.));
#1614=DIRECTION('ref_axis',(0.707106781186548,-0.707106781186547,0.));
#1615=DIRECTION('',(1.,2.56790659251631E-33,0.));
#1616=DIRECTION('center_axis',(0.,0.,1.));
#1617=DIRECTION('ref_axis',(-0.707106781186547,-0.707106781186548,0.));
#1618=DIRECTION('',(0.,-1.,0.));
#1619=DIRECTION('center_axis',(0.,0.,1.));
#1620=DIRECTION('ref_axis',(-0.707106781186547,-0.707106781186548,0.));
#1621=DIRECTION('center_axis',(0.,0.,-1.));
#1622=DIRECTION('ref_axis',(-0.707106781186547,-0.707106781186548,0.));
#1623=DIRECTION('',(0.,0.,-1.));
#1624=DIRECTION('',(0.,0.,1.));
#1625=DIRECTION('center_axis',(2.56790659251631E-33,-1.,0.));
#1626=DIRECTION('ref_axis',(1.,2.56790659251631E-33,0.));
#1627=DIRECTION('',(0.,0.,-1.));
#1628=DIRECTION('',(1.,2.56790659251631E-33,0.));
#1629=DIRECTION('center_axis',(0.,0.,1.));
#1630=DIRECTION('ref_axis',(0.707106781186548,-0.707106781186547,0.));
#1631=DIRECTION('center_axis',(0.,0.,-1.));
#1632=DIRECTION('ref_axis',(0.707106781186548,-0.707106781186547,0.));
#1633=DIRECTION('',(0.,0.,1.));
#1634=DIRECTION('center_axis',(0.,0.,1.));
#1635=DIRECTION('ref_axis',(-1.,0.,0.));
#1636=DIRECTION('',(0.,0.,-1.));
#1637=DIRECTION('center_axis',(0.,0.,-1.));
#1638=DIRECTION('ref_axis',(-1.,0.,0.));
#1639=DIRECTION('center_axis',(0.,0.,-1.));
#1640=DIRECTION('ref_axis',(-1.,0.,0.));
#1641=DIRECTION('center_axis',(0.,0.,-1.));
#1642=DIRECTION('ref_axis',(-1.,0.,0.));
#1643=DIRECTION('',(0.,0.,-1.));
#1644=DIRECTION('center_axis',(0.,0.,-1.));
#1645=DIRECTION('ref_axis',(-1.,0.,0.));
#1646=DIRECTION('center_axis',(0.,0.,1.));
#1647=DIRECTION('ref_axis',(-1.,0.,0.));
#1648=DIRECTION('center_axis',(1.,0.,0.));
#1649=DIRECTION('ref_axis',(0.,1.,0.));
#1650=DIRECTION('',(0.,1.,0.));
#1651=DIRECTION('center_axis',(-1.,0.,0.));
#1652=DIRECTION('ref_axis',(0.,-1.,0.));
#1653=DIRECTION('',(0.,-1.,0.));
#1654=DIRECTION('center_axis',(0.,0.,1.));
#1655=DIRECTION('ref_axis',(1.,0.,0.));
#1656=DIRECTION('center_axis',(0.,0.,1.));
#1657=DIRECTION('ref_axis',(0.707106781186548,0.707106781186548,0.));
#1658=DIRECTION('center_axis',(0.,0.,-1.));
#1659=DIRECTION('ref_axis',(0.707106781186548,0.707106781186548,0.));
#1660=DIRECTION('',(0.,0.,-1.));
#1661=DIRECTION('center_axis',(0.,0.,1.));
#1662=DIRECTION('ref_axis',(0.707106781186548,0.707106781186548,0.));
#1663=DIRECTION('',(0.,0.,1.));
#1664=DIRECTION('center_axis',(0.,1.,0.));
#1665=DIRECTION('ref_axis',(-1.,0.,0.));
#1666=DIRECTION('',(-1.,0.,0.));
#1667=DIRECTION('',(0.,0.,-1.));
#1668=DIRECTION('',(-1.,0.,0.));
#1669=DIRECTION('center_axis',(0.,0.,1.));
#1670=DIRECTION('ref_axis',(1.,0.,0.));
#1671=DIRECTION('',(0.,1.,0.));
#1672=DIRECTION('center_axis',(0.,0.,1.));
#1673=DIRECTION('ref_axis',(0.707106781186548,-0.707106781186547,0.));
#1674=DIRECTION('',(1.,2.56790659251631E-33,0.));
#1675=DIRECTION('center_axis',(0.,0.,1.));
#1676=DIRECTION('ref_axis',(-0.707106781186547,-0.707106781186548,0.));
#1677=DIRECTION('',(0.,-1.,0.));
#1678=DIRECTION('center_axis',(0.,0.,1.));
#1679=DIRECTION('ref_axis',(-0.707106781186548,0.707106781186548,0.));
#1680=DIRECTION('center_axis',(0.,0.,1.));
#1681=DIRECTION('ref_axis',(-1.,0.,0.));
#1682=DIRECTION('center_axis',(0.,0.,1.));
#1683=DIRECTION('ref_axis',(-0.707106781186548,0.707106781186548,0.));
#1684=DIRECTION('center_axis',(0.,0.,-1.));
#1685=DIRECTION('ref_axis',(-0.707106781186548,0.707106781186548,0.));
#1686=DIRECTION('',(0.,0.,1.));
#1687=DIRECTION('center_axis',(-1.,0.,0.));
#1688=DIRECTION('ref_axis',(0.,-1.,0.));
#1689=DIRECTION('',(0.,0.,-1.));
#1690=DIRECTION('',(0.,-1.,0.));
#1691=DIRECTION('center_axis',(0.,0.,1.));
#1692=DIRECTION('ref_axis',(-0.707106781186547,-0.707106781186548,0.));
#1693=DIRECTION('center_axis',(0.,0.,-1.));
#1694=DIRECTION('ref_axis',(-0.707106781186547,-0.707106781186548,0.));
#1695=DIRECTION('',(0.,0.,1.));
#1696=DIRECTION('center_axis',(2.56790659251631E-33,-1.,0.));
#1697=DIRECTION('ref_axis',(1.,2.56790659251631E-33,0.));
#1698=DIRECTION('',(0.,0.,-1.));
#1699=DIRECTION('',(1.,2.56790659251631E-33,0.));
#1700=DIRECTION('center_axis',(0.,0.,1.));
#1701=DIRECTION('ref_axis',(0.707106781186548,-0.707106781186547,0.));
#1702=DIRECTION('center_axis',(0.,0.,-1.));
#1703=DIRECTION('ref_axis',(0.707106781186548,-0.707106781186547,0.));
#1704=DIRECTION('',(0.,0.,1.));
#1705=DIRECTION('center_axis',(0.,0.,-1.));
#1706=DIRECTION('ref_axis',(-1.,0.,0.));
#1707=DIRECTION('center_axis',(0.,0.,-1.));
#1708=DIRECTION('ref_axis',(-1.,0.,0.));
#1709=DIRECTION('',(0.,0.,-1.));
#1710=DIRECTION('center_axis',(1.,0.,0.));
#1711=DIRECTION('ref_axis',(0.,1.,0.));
#1712=DIRECTION('',(0.,1.,0.));
#1713=DIRECTION('center_axis',(0.,0.,1.));
#1714=DIRECTION('ref_axis',(1.,0.,0.));
#1715=DIRECTION('center_axis',(0.,0.,1.));
#1716=DIRECTION('ref_axis',(-1.,0.,0.));
#1717=DIRECTION('center_axis',(0.,1.,0.));
#1718=DIRECTION('ref_axis',(-1.,0.,0.));
#1719=DIRECTION('center_axis',(0.,0.,-1.));
#1720=DIRECTION('ref_axis',(-1.,0.,0.));
#1721=DIRECTION('center_axis',(0.,0.,1.));
#1722=DIRECTION('ref_axis',(-1.,0.,0.));
#1723=DIRECTION('center_axis',(0.,0.,1.));
#1724=DIRECTION('ref_axis',(-1.,0.,0.));
#1725=DIRECTION('',(0.,0.,-1.));
#1726=DIRECTION('center_axis',(0.,0.,1.));
#1727=DIRECTION('ref_axis',(-1.,0.,0.));
#1728=DIRECTION('center_axis',(0.,0.,1.));
#1729=DIRECTION('ref_axis',(-1.,0.,0.));
#1730=DIRECTION('center_axis',(0.,0.,1.));
#1731=DIRECTION('ref_axis',(-1.,0.,0.));
#1732=DIRECTION('center_axis',(0.,0.,1.));
#1733=DIRECTION('ref_axis',(-1.,0.,0.));
#1734=DIRECTION('center_axis',(-1.54218164238818E-30,1.,1.3890737339994E-15));
#1735=DIRECTION('ref_axis',(-1.,0.,-1.11022302462516E-15));
#1736=DIRECTION('center_axis',(0.,0.,-1.));
#1737=DIRECTION('ref_axis',(-1.,0.,0.));
#1738=DIRECTION('center_axis',(0.,0.,1.));
#1739=DIRECTION('ref_axis',(-1.,0.,0.));
#1740=DIRECTION('center_axis',(0.,0.,1.));
#1741=DIRECTION('ref_axis',(-1.,0.,0.));
#1742=DIRECTION('',(0.,0.,-1.));
#1743=DIRECTION('center_axis',(0.,0.,1.));
#1744=DIRECTION('ref_axis',(-1.,0.,0.));
#1745=DIRECTION('center_axis',(0.,0.,1.));
#1746=DIRECTION('ref_axis',(-1.,0.,0.));
#1747=DIRECTION('center_axis',(0.,0.,1.));
#1748=DIRECTION('ref_axis',(-1.,0.,0.));
#1749=DIRECTION('center_axis',(0.,0.,1.));
#1750=DIRECTION('ref_axis',(-1.,0.,0.));
#1751=DIRECTION('center_axis',(4.71264384393741E-30,1.,4.71641356877475E-16));
#1752=DIRECTION('ref_axis',(-1.,0.,9.99200722162641E-15));
#1753=DIRECTION('center_axis',(0.,0.,-1.));
#1754=DIRECTION('ref_axis',(-1.,0.,0.));
#1755=DIRECTION('center_axis',(0.,0.,1.));
#1756=DIRECTION('ref_axis',(-1.,0.,0.));
#1757=DIRECTION('center_axis',(0.,0.,1.));
#1758=DIRECTION('ref_axis',(-1.,0.,0.));
#1759=DIRECTION('',(0.,0.,-1.));
#1760=DIRECTION('center_axis',(0.,0.,1.));
#1761=DIRECTION('ref_axis',(-1.,0.,0.));
#1762=DIRECTION('center_axis',(0.,0.,1.));
#1763=DIRECTION('ref_axis',(-1.,0.,0.));
#1764=DIRECTION('center_axis',(0.,0.,1.));
#1765=DIRECTION('ref_axis',(-1.,0.,0.));
#1766=DIRECTION('center_axis',(0.,0.,1.));
#1767=DIRECTION('ref_axis',(-1.,0.,0.));
#1768=DIRECTION('center_axis',(-1.54218164238817E-30,1.,1.3890737339994E-15));
#1769=DIRECTION('ref_axis',(-1.,0.,-1.11022302462515E-15));
#1770=DIRECTION('center_axis',(0.,0.,-1.));
#1771=DIRECTION('ref_axis',(-1.,0.,0.));
#1772=DIRECTION('center_axis',(0.,0.,1.));
#1773=DIRECTION('ref_axis',(-1.,0.,0.));
#1774=DIRECTION('center_axis',(0.,0.,1.));
#1775=DIRECTION('ref_axis',(-1.,0.,0.));
#1776=DIRECTION('',(0.,0.,-1.));
#1777=DIRECTION('center_axis',(0.,0.,1.));
#1778=DIRECTION('ref_axis',(-1.,0.,0.));
#1779=DIRECTION('center_axis',(0.,0.,1.));
#1780=DIRECTION('ref_axis',(-1.,0.,0.));
#1781=DIRECTION('center_axis',(0.,0.,1.));
#1782=DIRECTION('ref_axis',(-1.,0.,0.));
#1783=DIRECTION('',(0.,-1.,0.));
#1784=DIRECTION('',(0.,1.,0.));
#1785=DIRECTION('center_axis',(0.894427190999916,0.,0.447213595499958));
#1786=DIRECTION('ref_axis',(0.447213595499958,1.14840274014727E-33,-0.894427190999916));
#1787=DIRECTION('',(0.447213595499958,1.14840274014727E-33,-0.894427190999916));
#1788=DIRECTION('',(0.,1.,0.));
#1789=DIRECTION('',(0.447213595499958,1.14840274014727E-33,-0.894427190999916));
#1790=DIRECTION('center_axis',(2.56790659251631E-33,-1.,0.));
#1791=DIRECTION('ref_axis',(1.,2.56790659251631E-33,0.));
#1792=DIRECTION('',(1.,2.56790659251631E-33,0.));
#1793=DIRECTION('',(-0.447213595499958,-1.14840274014727E-33,0.894427190999916));
#1794=DIRECTION('',(0.,0.,1.));
#1795=DIRECTION('',(0.756231520109441,1.94193190595767E-33,-0.654304125000725));
#1796=DIRECTION('center_axis',(2.43613009527403E-33,-0.948683298050514,
-0.316227766016838));
#1797=DIRECTION('ref_axis',(8.55284707229502E-50,0.316227766016838,-0.948683298050514));
#1798=DIRECTION('',(-1.,-2.56790659251631E-33,0.));
#1799=DIRECTION('',(1.,2.56790659251631E-33,0.));
#1800=DIRECTION('center_axis',(0.,0.,-1.));
#1801=DIRECTION('ref_axis',(-1.,-2.56790659251631E-33,0.));
#1802=DIRECTION('',(0.,1.,0.));
#1803=DIRECTION('',(-1.,-2.56790659251631E-33,0.));
#1804=DIRECTION('',(0.,1.,0.));
#1805=DIRECTION('',(0.,1.,0.));
#1806=DIRECTION('center_axis',(-2.43613009527403E-33,0.948683298050514,
-0.316227766016838));
#1807=DIRECTION('ref_axis',(8.55284707229502E-50,0.316227766016838,0.948683298050514));
#1808=DIRECTION('center_axis',(-1.,0.,0.));
#1809=DIRECTION('ref_axis',(0.,0.,1.));
#1810=DIRECTION('',(0.,0.,-1.));
#1811=DIRECTION('',(0.,1.,0.));
#1812=DIRECTION('',(0.,1.,0.));
#1813=DIRECTION('center_axis',(-0.894427190999916,0.,-0.447213595499958));
#1814=DIRECTION('ref_axis',(-0.447213595499958,-1.14840274014727E-33,0.894427190999916));
#1815=DIRECTION('',(0.447213595499958,1.14840274014727E-33,-0.894427190999916));
#1816=DIRECTION('center_axis',(0.654304125000725,0.,0.756231520109441));
#1817=DIRECTION('ref_axis',(0.756231520109441,1.94193190595767E-33,-0.654304125000725));
#1818=DIRECTION('',(-0.756231520109441,-1.94193190595767E-33,0.654304125000725));
#1819=DIRECTION('center_axis',(2.56790659251631E-33,-1.,0.));
#1820=DIRECTION('ref_axis',(1.,2.56790659251631E-33,0.));
#1821=DIRECTION('',(0.,-1.,0.));
#1822=DIRECTION('',(0.,1.,0.));
#1823=DIRECTION('center_axis',(2.56790659251631E-33,-1.,0.));
#1824=DIRECTION('ref_axis',(1.,2.56790659251631E-33,0.));
#1825=DIRECTION('',(0.447213595499958,1.14840274014727E-33,0.894427190999916));
#1826=DIRECTION('',(0.756231520109441,1.94193190595767E-33,0.654304125000725));
#1827=DIRECTION('',(0.,0.,-1.));
#1828=DIRECTION('',(-0.447213595499958,-1.14840274014727E-33,-0.894427190999916));
#1829=DIRECTION('',(1.,2.56790659251631E-33,0.));
#1830=DIRECTION('center_axis',(-0.894427190999916,0.,0.447213595499958));
#1831=DIRECTION('ref_axis',(0.447213595499958,1.14840274014727E-33,0.894427190999916));
#1832=DIRECTION('',(-0.447213595499958,-1.14840274014727E-33,-0.894427190999916));
#1833=DIRECTION('',(0.,1.,0.));
#1834=DIRECTION('center_axis',(2.43613009527403E-33,-0.948683298050514,
-0.316227766016838));
#1835=DIRECTION('ref_axis',(8.55284707229502E-50,0.316227766016838,-0.948683298050514));
#1836=DIRECTION('',(1.,2.56790659251631E-33,0.));
#1837=DIRECTION('',(-1.,-2.56790659251631E-33,0.));
#1838=DIRECTION('center_axis',(0.,0.,-1.));
#1839=DIRECTION('ref_axis',(-1.,-2.56790659251631E-33,0.));
#1840=DIRECTION('',(0.,1.,0.));
#1841=DIRECTION('',(-1.,-2.56790659251631E-33,0.));
#1842=DIRECTION('',(0.,1.,0.));
#1843=DIRECTION('center_axis',(-2.43613009527403E-33,0.948683298050514,
-0.316227766016838));
#1844=DIRECTION('ref_axis',(8.55284707229502E-50,0.316227766016838,0.948683298050514));
#1845=DIRECTION('',(0.,1.,0.));
#1846=DIRECTION('center_axis',(0.894427190999916,0.,-0.447213595499958));
#1847=DIRECTION('ref_axis',(-0.447213595499958,-1.14840274014727E-33,-0.894427190999916));
#1848=DIRECTION('',(-0.447213595499958,-1.14840274014727E-33,-0.894427190999916));
#1849=DIRECTION('',(0.,1.,0.));
#1850=DIRECTION('center_axis',(1.,0.,0.));
#1851=DIRECTION('ref_axis',(0.,0.,-1.));
#1852=DIRECTION('',(0.,0.,-1.));
#1853=DIRECTION('',(0.,1.,0.));
#1854=DIRECTION('center_axis',(-0.654304125000725,0.,0.756231520109441));
#1855=DIRECTION('ref_axis',(0.756231520109441,1.94193190595767E-33,0.654304125000725));
#1856=DIRECTION('',(0.756231520109441,1.94193190595767E-33,0.654304125000725));
#1857=DIRECTION('center_axis',(2.56790659251631E-33,-1.,0.));
#1858=DIRECTION('ref_axis',(1.,2.56790659251631E-33,0.));
#1859=DIRECTION('',(0.,1.,0.));
#1860=DIRECTION('',(0.,-1.,0.));
#1861=DIRECTION('',(5.13581318503263E-33,-1.,0.));
#1862=DIRECTION('center_axis',(2.56790659251631E-33,-1.,0.));
#1863=DIRECTION('ref_axis',(1.,2.56790659251631E-33,0.));
#1864=DIRECTION('',(0.447213595499958,1.14840274014727E-33,-0.894427190999916));
#1865=DIRECTION('',(0.756231520109441,1.94193190595767E-33,-0.654304125000725));
#1866=DIRECTION('',(0.,0.,1.));
#1867=DIRECTION('',(-0.447213595499958,-1.14840274014727E-33,0.894427190999916));
#1868=DIRECTION('',(1.,2.56790659251631E-33,0.));
#1869=DIRECTION('center_axis',(2.43613009527403E-33,-0.948683298050514,
0.316227766016838));
#1870=DIRECTION('ref_axis',(1.62408673018269E-33,-0.316227766016838,-0.948683298050514));
#1871=DIRECTION('',(1.,2.56790659251631E-33,0.));
#1872=DIRECTION('',(-1.,-2.56790659251631E-33,0.));
#1873=DIRECTION('center_axis',(0.,0.,1.));
#1874=DIRECTION('ref_axis',(-1.,-2.56790659251631E-33,0.));
#1875=DIRECTION('',(-1.,-2.56790659251631E-33,0.));
#1876=DIRECTION('',(5.13581318503263E-33,-1.,0.));
#1877=DIRECTION('',(5.13581318503263E-33,-1.,0.));
#1878=DIRECTION('center_axis',(-2.43613009527403E-33,0.948683298050514,
0.316227766016838));
#1879=DIRECTION('ref_axis',(1.62408673018269E-33,-0.316227766016838,0.948683298050514));
#1880=DIRECTION('center_axis',(1.,5.13581318503263E-33,0.));
#1881=DIRECTION('ref_axis',(0.,0.,1.));
#1882=DIRECTION('',(0.,0.,-1.));
#1883=DIRECTION('',(5.13581318503263E-33,-1.,0.));
#1884=DIRECTION('',(5.13581318503263E-33,-1.,0.));
#1885=DIRECTION('center_axis',(0.894427190999916,4.59361096058907E-33,0.447213595499958));
#1886=DIRECTION('ref_axis',(-0.447213595499958,-1.14840274014727E-33,0.894427190999916));
#1887=DIRECTION('',(0.447213595499958,1.14840274014727E-33,-0.894427190999916));
#1888=DIRECTION('center_axis',(-0.894427190999916,-4.59361096058907E-33,
-0.447213595499958));
#1889=DIRECTION('ref_axis',(0.447213595499958,1.14840274014727E-33,-0.894427190999916));
#1890=DIRECTION('',(0.447213595499958,1.14840274014727E-33,-0.894427190999916));
#1891=DIRECTION('',(5.13581318503263E-33,-1.,0.));
#1892=DIRECTION('center_axis',(-0.654304125000725,-3.36038375219996E-33,
-0.756231520109441));
#1893=DIRECTION('ref_axis',(0.756231520109441,1.94193190595767E-33,-0.654304125000725));
#1894=DIRECTION('',(-0.756231520109441,-1.94193190595767E-33,0.654304125000725));
#1895=DIRECTION('center_axis',(2.56790659251631E-33,-1.,0.));
#1896=DIRECTION('ref_axis',(1.,2.56790659251631E-33,0.));
#1897=DIRECTION('',(0.,1.,0.));
#1898=DIRECTION('',(0.,-1.,0.));
#1899=DIRECTION('center_axis',(2.56790659251631E-33,-1.,0.));
#1900=DIRECTION('ref_axis',(1.,2.56790659251631E-33,0.));
#1901=DIRECTION('',(-0.447213595499958,-1.14840274014727E-33,-0.894427190999916));
#1902=DIRECTION('',(0.756231520109441,1.94193190595767E-33,0.654304125000725));
#1903=DIRECTION('',(0.,0.,-1.));
#1904=DIRECTION('',(-0.447213595499958,-1.14840274014727E-33,-0.894427190999916));
#1905=DIRECTION('',(-1.,-2.56790659251631E-33,0.));
#1906=DIRECTION('center_axis',(0.894427190999916,4.59361096058907E-33,-0.447213595499958));
#1907=DIRECTION('ref_axis',(0.447213595499958,1.14840274014727E-33,0.894427190999916));
#1908=DIRECTION('',(0.447213595499958,1.14840274014727E-33,0.894427190999916));
#1909=DIRECTION('',(5.13581318503263E-33,-1.,0.));
#1910=DIRECTION('center_axis',(2.43613009527403E-33,-0.948683298050514,
0.316227766016838));
#1911=DIRECTION('ref_axis',(1.62408673018269E-33,-0.316227766016838,-0.948683298050514));
#1912=DIRECTION('',(1.,2.56790659251631E-33,0.));
#1913=DIRECTION('center_axis',(0.,0.,1.));
#1914=DIRECTION('ref_axis',(-1.,-2.56790659251631E-33,0.));
#1915=DIRECTION('',(5.13581318503263E-33,-1.,0.));
#1916=DIRECTION('',(-1.,-2.56790659251631E-33,0.));
#1917=DIRECTION('',(5.13581318503263E-33,-1.,0.));
#1918=DIRECTION('center_axis',(-2.43613009527403E-33,0.948683298050514,
0.316227766016838));
#1919=DIRECTION('ref_axis',(1.62408673018269E-33,-0.316227766016838,0.948683298050514));
#1920=DIRECTION('',(1.,2.56790659251631E-33,0.));
#1921=DIRECTION('',(5.13581318503263E-33,-1.,0.));
#1922=DIRECTION('center_axis',(-0.894427190999916,-4.59361096058907E-33,
0.447213595499958));
#1923=DIRECTION('ref_axis',(-0.447213595499958,-1.14840274014727E-33,-0.894427190999916));
#1924=DIRECTION('',(5.13581318503263E-33,-1.,0.));
#1925=DIRECTION('',(-0.447213595499958,-1.14840274014727E-33,-0.894427190999916));
#1926=DIRECTION('center_axis',(-1.,-5.13581318503263E-33,0.));
#1927=DIRECTION('ref_axis',(0.,0.,-1.));
#1928=DIRECTION('',(5.13581318503263E-33,-1.,0.));
#1929=DIRECTION('',(0.,0.,-1.));
#1930=DIRECTION('center_axis',(0.654304125000725,3.36038375219996E-33,-0.756231520109441));
#1931=DIRECTION('ref_axis',(0.756231520109441,1.94193190595767E-33,0.654304125000725));
#1932=DIRECTION('',(0.756231520109441,1.94193190595767E-33,0.654304125000725));
#1933=DIRECTION('center_axis',(2.56790659251631E-33,-1.,0.));
#1934=DIRECTION('ref_axis',(1.,2.56790659251631E-33,0.));
#1935=CARTESIAN_POINT('',(0.,0.,0.));
#1936=CARTESIAN_POINT('Origin',(3.,3.,12.7));
#1937=CARTESIAN_POINT('',(4.5,3.,12.7));
#1938=CARTESIAN_POINT('Origin',(3.,3.,12.7));
#1939=CARTESIAN_POINT('Origin',(3.,3.,4.));
#1940=CARTESIAN_POINT('',(4.65,3.,4.));
#1941=CARTESIAN_POINT('',(4.65,3.,4.));
#1942=CARTESIAN_POINT('Origin',(3.,3.,4.));
#1943=CARTESIAN_POINT('Origin',(5.8,5.8,0.));
#1944=CARTESIAN_POINT('',(5.8,6.,2.5));
#1945=CARTESIAN_POINT('',(6.,5.8,2.5));
#1946=CARTESIAN_POINT('Origin',(5.8,5.8,2.5));
#1947=CARTESIAN_POINT('',(6.,5.8,0.));
#1948=CARTESIAN_POINT('',(6.,5.8,0.));
#1949=CARTESIAN_POINT('',(5.8,6.,0.));
#1950=CARTESIAN_POINT('Origin',(5.8,5.8,0.));
#1951=CARTESIAN_POINT('',(5.8,6.,0.));
#1952=CARTESIAN_POINT('Origin',(6.,6.,0.));
#1953=CARTESIAN_POINT('',(0.,6.,0.));
#1954=CARTESIAN_POINT('',(6.,6.,0.));
#1955=CARTESIAN_POINT('',(0.,6.,2.5));
#1956=CARTESIAN_POINT('',(0.,6.,0.));
#1957=CARTESIAN_POINT('',(6.,6.,2.5));
#1958=CARTESIAN_POINT('Origin',(3.,3.,0.));
#1959=CARTESIAN_POINT('',(6.,0.2,0.));
#1960=CARTESIAN_POINT('',(6.,1.54074395550979E-32,0.));
#1961=CARTESIAN_POINT('',(5.8,1.48938582365946E-32,0.));
#1962=CARTESIAN_POINT('Origin',(5.8,0.2,0.));
#1963=CARTESIAN_POINT('',(0.2,5.13581318503263E-34,0.));
#1964=CARTESIAN_POINT('',(0.,0.,0.));
#1965=CARTESIAN_POINT('',(0.,0.2,0.));
#1966=CARTESIAN_POINT('Origin',(0.2,0.2,0.));
#1967=CARTESIAN_POINT('',(0.,6.,0.));
#1968=CARTESIAN_POINT('Origin',(0.2,0.2,0.));
#1969=CARTESIAN_POINT('',(0.2,5.13581318503263E-34,2.5));
#1970=CARTESIAN_POINT('',(0.,0.2,2.5));
#1971=CARTESIAN_POINT('Origin',(0.2,0.2,2.5));
#1972=CARTESIAN_POINT('',(0.,0.2,0.));
#1973=CARTESIAN_POINT('',(0.2,0.,0.));
#1974=CARTESIAN_POINT('Origin',(0.,0.,0.));
#1975=CARTESIAN_POINT('',(5.8,1.48938582365946E-32,2.5));
#1976=CARTESIAN_POINT('',(5.8,0.,0.));
#1977=CARTESIAN_POINT('',(0.,0.,2.5));
#1978=CARTESIAN_POINT('Origin',(5.8,0.2,0.));
#1979=CARTESIAN_POINT('',(6.,0.2,2.5));
#1980=CARTESIAN_POINT('Origin',(5.8,0.2,2.5));
#1981=CARTESIAN_POINT('',(6.,0.2,0.));
#1982=CARTESIAN_POINT('Origin',(3.,3.,1.7));
#1983=CARTESIAN_POINT('',(4.65,3.,1.7));
#1984=CARTESIAN_POINT('',(4.65,3.,1.7));
#1985=CARTESIAN_POINT('Origin',(3.,3.,1.7));
#1986=CARTESIAN_POINT('Origin',(3.,3.,2.7));
#1987=CARTESIAN_POINT('',(4.75,3.,2.5));
#1988=CARTESIAN_POINT('Origin',(3.,3.,2.5));
#1989=CARTESIAN_POINT('',(4.75,3.,1.7));
#1990=CARTESIAN_POINT('',(4.75,3.,2.7));
#1991=CARTESIAN_POINT('Origin',(3.,3.,1.7));
#1992=CARTESIAN_POINT('Origin',(3.,3.,1.7));
#1993=CARTESIAN_POINT('Origin',(6.,1.54074395550979E-32,0.));
#1994=CARTESIAN_POINT('',(6.,1.54074395550979E-32,2.5));
#1995=CARTESIAN_POINT('Origin',(0.,6.,0.));
#1996=CARTESIAN_POINT('',(0.,6.,2.5));
#1997=CARTESIAN_POINT('Origin',(3.,3.,2.5));
#1998=CARTESIAN_POINT('Origin',(5.8,5.8,2.5));
#1999=CARTESIAN_POINT('',(5.8,6.,2.7));
#2000=CARTESIAN_POINT('',(6.,5.8,2.7));
#2001=CARTESIAN_POINT('Origin',(5.8,5.8,2.7));
#2002=CARTESIAN_POINT('',(6.,5.8,2.5));
#2003=CARTESIAN_POINT('',(6.,5.8,2.5));
#2004=CARTESIAN_POINT('',(5.8,6.,2.5));
#2005=CARTESIAN_POINT('Origin',(5.8,5.8,2.5));
#2006=CARTESIAN_POINT('',(5.8,6.,2.5));
#2007=CARTESIAN_POINT('Origin',(6.,6.,2.5));
#2008=CARTESIAN_POINT('',(0.2,6.,2.5));
#2009=CARTESIAN_POINT('',(6.,6.,2.5));
#2010=CARTESIAN_POINT('',(0.2,6.,2.7));
#2011=CARTESIAN_POINT('',(0.2,6.,2.5));
#2012=CARTESIAN_POINT('',(6.,6.,2.7));
#2013=CARTESIAN_POINT('Origin',(3.,3.,2.5));
#2014=CARTESIAN_POINT('',(6.,0.2,2.5));
#2015=CARTESIAN_POINT('',(6.,1.54074395550979E-32,2.5));
#2016=CARTESIAN_POINT('',(5.8,1.48938582365946E-32,2.5));
#2017=CARTESIAN_POINT('Origin',(5.8,0.2,2.5));
#2018=CARTESIAN_POINT('',(0.2,5.13581318503263E-34,2.5));
#2019=CARTESIAN_POINT('',(0.,0.,2.5));
#2020=CARTESIAN_POINT('',(0.,0.2,2.5));
#2021=CARTESIAN_POINT('Origin',(0.2,0.2,2.5));
#2022=CARTESIAN_POINT('',(0.,5.8,2.5));
#2023=CARTESIAN_POINT('',(0.,6.,2.5));
#2024=CARTESIAN_POINT('Origin',(0.2,5.8,2.5));
#2025=CARTESIAN_POINT('',(4.75,3.,2.5));
#2026=CARTESIAN_POINT('Origin',(3.,3.,2.5));
#2027=CARTESIAN_POINT('Origin',(0.2,5.8,2.5));
#2028=CARTESIAN_POINT('',(0.,5.8,2.7));
#2029=CARTESIAN_POINT('Origin',(0.2,5.8,2.7));
#2030=CARTESIAN_POINT('',(0.,5.8,2.5));
#2031=CARTESIAN_POINT('Origin',(0.,6.,2.5));
#2032=CARTESIAN_POINT('',(0.,0.2,2.7));
#2033=CARTESIAN_POINT('',(0.,0.2,2.5));
#2034=CARTESIAN_POINT('',(0.,6.,2.7));
#2035=CARTESIAN_POINT('Origin',(0.2,0.2,2.5));
#2036=CARTESIAN_POINT('',(0.2,5.13581318503263E-34,2.7));
#2037=CARTESIAN_POINT('Origin',(0.2,0.2,2.7));
#2038=CARTESIAN_POINT('',(0.2,0.,2.5));
#2039=CARTESIAN_POINT('Origin',(0.,0.,2.5));
#2040=CARTESIAN_POINT('',(5.8,1.48938582365946E-32,2.7));
#2041=CARTESIAN_POINT('',(5.8,0.,2.5));
#2042=CARTESIAN_POINT('',(0.,0.,2.7));
#2043=CARTESIAN_POINT('Origin',(5.8,0.2,2.5));
#2044=CARTESIAN_POINT('',(6.,0.2,2.7));
#2045=CARTESIAN_POINT('Origin',(5.8,0.2,2.7));
#2046=CARTESIAN_POINT('',(6.,0.2,2.5));
#2047=CARTESIAN_POINT('Origin',(3.,3.,2.7));
#2048=CARTESIAN_POINT('',(4.75,3.,2.7));
#2049=CARTESIAN_POINT('Origin',(3.,3.,2.7));
#2050=CARTESIAN_POINT('',(4.75,3.,2.7));
#2051=CARTESIAN_POINT('Origin',(6.,1.54074395550979E-32,2.5));
#2052=CARTESIAN_POINT('',(6.,1.54074395550979E-32,2.7));
#2053=CARTESIAN_POINT('Origin',(3.,3.,2.7));
#2054=CARTESIAN_POINT('Ctrl Pts',(0.499999999999999,5.,2.8));
#2055=CARTESIAN_POINT('Ctrl Pts',(0.499999999999999,4.5,2.8));
#2056=CARTESIAN_POINT('Ctrl Pts',(1.,4.5,2.8));
#2057=CARTESIAN_POINT('Ctrl Pts',(1.5,4.5,2.8));
#2058=CARTESIAN_POINT('Ctrl Pts',(1.5,5.,2.8));
#2059=CARTESIAN_POINT('Ctrl Pts',(1.5,5.5,2.8));
#2060=CARTESIAN_POINT('Ctrl Pts',(1.,5.5,2.8));
#2061=CARTESIAN_POINT('Ctrl Pts',(0.499999999999999,5.5,2.8));
#2062=CARTESIAN_POINT('Ctrl Pts',(0.499999999999999,5.,2.8));
#2063=CARTESIAN_POINT('Ctrl Pts',(0.499999999999999,5.,3.1));
#2064=CARTESIAN_POINT('Ctrl Pts',(0.499999999999999,4.5,3.1));
#2065=CARTESIAN_POINT('Ctrl Pts',(1.,4.5,3.1));
#2066=CARTESIAN_POINT('Ctrl Pts',(1.5,4.5,3.1));
#2067=CARTESIAN_POINT('Ctrl Pts',(1.5,5.,3.1));
#2068=CARTESIAN_POINT('Ctrl Pts',(1.5,5.5,3.1));
#2069=CARTESIAN_POINT('Ctrl Pts',(1.,5.5,3.1));
#2070=CARTESIAN_POINT('Ctrl Pts',(0.499999999999999,5.5,3.1));
#2071=CARTESIAN_POINT('Ctrl Pts',(0.499999999999999,5.,3.1));
#2072=CARTESIAN_POINT('Ctrl Pts',(0.800000000000001,5.,3.1));
#2073=CARTESIAN_POINT('Ctrl Pts',(0.800000000000001,4.8,3.1));
#2074=CARTESIAN_POINT('Ctrl Pts',(1.,4.8,3.1));
#2075=CARTESIAN_POINT('Ctrl Pts',(1.2,4.8,3.1));
#2076=CARTESIAN_POINT('Ctrl Pts',(1.2,5.,3.1));
#2077=CARTESIAN_POINT('Ctrl Pts',(1.2,5.2,3.1));
#2078=CARTESIAN_POINT('Ctrl Pts',(1.,5.2,3.1));
#2079=CARTESIAN_POINT('Ctrl Pts',(0.800000000000001,5.2,3.1));
#2080=CARTESIAN_POINT('Ctrl Pts',(0.800000000000001,5.,3.1));
#2081=CARTESIAN_POINT('',(1.5,5.,2.8));
#2082=CARTESIAN_POINT('',(0.499999999999999,5.,2.8));
#2083=CARTESIAN_POINT('Origin',(0.999999999999999,5.,2.8));
#2084=CARTESIAN_POINT('',(0.799999999999998,5.,3.1));
#2085=CARTESIAN_POINT('Origin',(0.800000000000001,5.,2.8));
#2086=CARTESIAN_POINT('Origin',(0.999999999999999,5.,3.1));
#2087=CARTESIAN_POINT('Origin',(0.999999999999999,5.,2.8));
#2088=CARTESIAN_POINT('Origin',(0.999999999999999,5.,2.7));
#2089=CARTESIAN_POINT('',(1.5,5.,2.7));
#2090=CARTESIAN_POINT('',(1.5,5.,2.7));
#2091=CARTESIAN_POINT('Origin',(0.999999999999999,5.,2.7));
#2092=CARTESIAN_POINT('Origin',(0.999999999999999,5.,3.1));
#2093=CARTESIAN_POINT('Origin',(0.999999999999999,5.,2.7));
#2094=CARTESIAN_POINT('Ctrl Pts',(4.5,5.,2.8));
#2095=CARTESIAN_POINT('Ctrl Pts',(4.5,4.5,2.8));
#2096=CARTESIAN_POINT('Ctrl Pts',(5.,4.5,2.8));
#2097=CARTESIAN_POINT('Ctrl Pts',(5.5,4.5,2.8));
#2098=CARTESIAN_POINT('Ctrl Pts',(5.5,5.,2.8));
#2099=CARTESIAN_POINT('Ctrl Pts',(5.5,5.5,2.8));
#2100=CARTESIAN_POINT('Ctrl Pts',(5.,5.5,2.8));
#2101=CARTESIAN_POINT('Ctrl Pts',(4.5,5.5,2.8));
#2102=CARTESIAN_POINT('Ctrl Pts',(4.5,5.,2.8));
#2103=CARTESIAN_POINT('Ctrl Pts',(4.5,5.,3.1));
#2104=CARTESIAN_POINT('Ctrl Pts',(4.5,4.5,3.1));
#2105=CARTESIAN_POINT('Ctrl Pts',(5.,4.5,3.1));
#2106=CARTESIAN_POINT('Ctrl Pts',(5.5,4.5,3.1));
#2107=CARTESIAN_POINT('Ctrl Pts',(5.5,5.,3.1));
#2108=CARTESIAN_POINT('Ctrl Pts',(5.5,5.5,3.1));
#2109=CARTESIAN_POINT('Ctrl Pts',(5.,5.5,3.1));
#2110=CARTESIAN_POINT('Ctrl Pts',(4.5,5.5,3.1));
#2111=CARTESIAN_POINT('Ctrl Pts',(4.5,5.,3.1));
#2112=CARTESIAN_POINT('Ctrl Pts',(4.8,5.,3.1));
#2113=CARTESIAN_POINT('Ctrl Pts',(4.8,4.8,3.1));
#2114=CARTESIAN_POINT('Ctrl Pts',(5.,4.8,3.1));
#2115=CARTESIAN_POINT('Ctrl Pts',(5.2,4.8,3.1));
#2116=CARTESIAN_POINT('Ctrl Pts',(5.2,5.,3.1));
#2117=CARTESIAN_POINT('Ctrl Pts',(5.2,5.2,3.1));
#2118=CARTESIAN_POINT('Ctrl Pts',(5.,5.2,3.1));
#2119=CARTESIAN_POINT('Ctrl Pts',(4.8,5.2,3.1));
#2120=CARTESIAN_POINT('Ctrl Pts',(4.8,5.,3.1));
#2121=CARTESIAN_POINT('',(5.5,5.,2.8));
#2122=CARTESIAN_POINT('',(4.5,5.,2.8));
#2123=CARTESIAN_POINT('Origin',(5.,5.,2.8));
#2124=CARTESIAN_POINT('',(4.8,5.,3.1));
#2125=CARTESIAN_POINT('Origin',(4.8,5.,2.8));
#2126=CARTESIAN_POINT('Origin',(5.,5.,3.1));
#2127=CARTESIAN_POINT('Origin',(5.,5.,2.8));
#2128=CARTESIAN_POINT('Origin',(5.,5.,2.7));
#2129=CARTESIAN_POINT('',(5.5,5.,2.7));
#2130=CARTESIAN_POINT('',(5.5,5.,2.7));
#2131=CARTESIAN_POINT('Origin',(5.,5.,2.7));
#2132=CARTESIAN_POINT('Origin',(5.,5.,3.1));
#2133=CARTESIAN_POINT('Origin',(5.,5.,2.7));
#2134=CARTESIAN_POINT('Ctrl Pts',(0.499999999999999,1.,2.8));
#2135=CARTESIAN_POINT('Ctrl Pts',(0.499999999999999,0.5,2.8));
#2136=CARTESIAN_POINT('Ctrl Pts',(0.999999999999999,0.5,2.79999999999999));
#2137=CARTESIAN_POINT('Ctrl Pts',(1.5,0.5,2.79999999999999));
#2138=CARTESIAN_POINT('Ctrl Pts',(1.5,1.,2.79999999999999));
#2139=CARTESIAN_POINT('Ctrl Pts',(1.5,1.5,2.79999999999999));
#2140=CARTESIAN_POINT('Ctrl Pts',(0.999999999999999,1.5,2.79999999999999));
#2141=CARTESIAN_POINT('Ctrl Pts',(0.499999999999999,1.5,2.8));
#2142=CARTESIAN_POINT('Ctrl Pts',(0.499999999999999,1.,2.8));
#2143=CARTESIAN_POINT('Ctrl Pts',(0.499999999999999,1.,3.10000000000001));
#2144=CARTESIAN_POINT('Ctrl Pts',(0.499999999999999,0.499999999999996,3.10000000000001));
#2145=CARTESIAN_POINT('Ctrl Pts',(1.,0.499999999999996,3.1));
#2146=CARTESIAN_POINT('Ctrl Pts',(1.50000000000001,0.499999999999996,3.1));
#2147=CARTESIAN_POINT('Ctrl Pts',(1.50000000000001,1.,3.1));
#2148=CARTESIAN_POINT('Ctrl Pts',(1.50000000000001,1.5,3.1));
#2149=CARTESIAN_POINT('Ctrl Pts',(1.,1.5,3.1));
#2150=CARTESIAN_POINT('Ctrl Pts',(0.499999999999999,1.5,3.10000000000001));
#2151=CARTESIAN_POINT('Ctrl Pts',(0.499999999999999,1.,3.10000000000001));
#2152=CARTESIAN_POINT('Ctrl Pts',(0.800000000000006,1.,3.1));
#2153=CARTESIAN_POINT('Ctrl Pts',(0.800000000000006,0.800000000000003,3.1));
#2154=CARTESIAN_POINT('Ctrl Pts',(1.,0.800000000000003,3.1));
#2155=CARTESIAN_POINT('Ctrl Pts',(1.2,0.800000000000003,3.1));
#2156=CARTESIAN_POINT('Ctrl Pts',(1.2,1.,3.1));
#2157=CARTESIAN_POINT('Ctrl Pts',(1.2,1.2,3.1));
#2158=CARTESIAN_POINT('Ctrl Pts',(1.,1.2,3.1));
#2159=CARTESIAN_POINT('Ctrl Pts',(0.800000000000006,1.2,3.1));
#2160=CARTESIAN_POINT('Ctrl Pts',(0.800000000000006,1.,3.1));
#2161=CARTESIAN_POINT('',(1.5,1.,2.8));
#2162=CARTESIAN_POINT('',(0.499999999999999,1.,2.8));
#2163=CARTESIAN_POINT('Origin',(0.999999999999999,1.,2.8));
#2164=CARTESIAN_POINT('',(0.799999999999998,1.,3.1));
#2165=CARTESIAN_POINT('Origin',(0.800000000000001,1.,2.8));
#2166=CARTESIAN_POINT('Origin',(0.999999999999999,1.,3.1));
#2167=CARTESIAN_POINT('Origin',(0.999999999999999,1.,2.8));
#2168=CARTESIAN_POINT('Origin',(0.999999999999999,1.,2.7));
#2169=CARTESIAN_POINT('',(1.5,1.,2.7));
#2170=CARTESIAN_POINT('',(1.5,1.,2.7));
#2171=CARTESIAN_POINT('Origin',(0.999999999999999,1.,2.7));
#2172=CARTESIAN_POINT('Origin',(0.999999999999999,1.,3.1));
#2173=CARTESIAN_POINT('Origin',(0.999999999999999,1.,2.7));
#2174=CARTESIAN_POINT('Ctrl Pts',(4.5,0.999999999999999,2.8));
#2175=CARTESIAN_POINT('Ctrl Pts',(4.5,0.499999999999998,2.8));
#2176=CARTESIAN_POINT('Ctrl Pts',(5.,0.499999999999998,2.8));
#2177=CARTESIAN_POINT('Ctrl Pts',(5.5,0.499999999999998,2.8));
#2178=CARTESIAN_POINT('Ctrl Pts',(5.5,0.999999999999999,2.8));
#2179=CARTESIAN_POINT('Ctrl Pts',(5.5,1.5,2.8));
#2180=CARTESIAN_POINT('Ctrl Pts',(5.,1.5,2.8));
#2181=CARTESIAN_POINT('Ctrl Pts',(4.5,1.5,2.8));
#2182=CARTESIAN_POINT('Ctrl Pts',(4.5,0.999999999999999,2.8));
#2183=CARTESIAN_POINT('Ctrl Pts',(4.5,0.999999999999999,3.1));
#2184=CARTESIAN_POINT('Ctrl Pts',(4.5,0.499999999999998,3.1));
#2185=CARTESIAN_POINT('Ctrl Pts',(5.,0.499999999999997,3.1));
#2186=CARTESIAN_POINT('Ctrl Pts',(5.5,0.499999999999998,3.1));
#2187=CARTESIAN_POINT('Ctrl Pts',(5.5,0.999999999999999,3.1));
#2188=CARTESIAN_POINT('Ctrl Pts',(5.5,1.5,3.1));
#2189=CARTESIAN_POINT('Ctrl Pts',(5.,1.5,3.1));
#2190=CARTESIAN_POINT('Ctrl Pts',(4.5,1.5,3.1));
#2191=CARTESIAN_POINT('Ctrl Pts',(4.5,0.999999999999999,3.1));
#2192=CARTESIAN_POINT('Ctrl Pts',(4.8,0.999999999999999,3.1));
#2193=CARTESIAN_POINT('Ctrl Pts',(4.8,0.8,3.1));
#2194=CARTESIAN_POINT('Ctrl Pts',(5.,0.8,3.1));
#2195=CARTESIAN_POINT('Ctrl Pts',(5.2,0.8,3.1));
#2196=CARTESIAN_POINT('Ctrl Pts',(5.2,0.999999999999999,3.1));
#2197=CARTESIAN_POINT('Ctrl Pts',(5.2,1.2,3.1));
#2198=CARTESIAN_POINT('Ctrl Pts',(5.,1.2,3.1));
#2199=CARTESIAN_POINT('Ctrl Pts',(4.8,1.2,3.1));
#2200=CARTESIAN_POINT('Ctrl Pts',(4.8,0.999999999999999,3.1));
#2201=CARTESIAN_POINT('',(5.5,0.999999999999999,2.8));
#2202=CARTESIAN_POINT('',(4.5,0.999999999999999,2.8));
#2203=CARTESIAN_POINT('Origin',(5.,0.999999999999999,2.8));
#2204=CARTESIAN_POINT('',(4.8,0.999999999999999,3.1));
#2205=CARTESIAN_POINT('Origin',(4.8,0.999999999999999,2.8));
#2206=CARTESIAN_POINT('Origin',(5.,0.999999999999999,3.1));
#2207=CARTESIAN_POINT('Origin',(5.,0.999999999999999,2.8));
#2208=CARTESIAN_POINT('Origin',(5.,0.999999999999999,2.7));
#2209=CARTESIAN_POINT('',(5.5,0.999999999999999,2.7));
#2210=CARTESIAN_POINT('',(5.5,0.999999999999999,2.7));
#2211=CARTESIAN_POINT('Origin',(5.,0.999999999999999,2.7));
#2212=CARTESIAN_POINT('Origin',(5.,0.999999999999999,3.1));
#2213=CARTESIAN_POINT('Origin',(5.,0.999999999999999,2.7));
#2214=CARTESIAN_POINT('Ctrl Pts',(7.21941719663807,0.4,-2.43618744424002));
#2215=CARTESIAN_POINT('Ctrl Pts',(7.21941719663807,1.36,-2.43618744424002));
#2216=CARTESIAN_POINT('Ctrl Pts',(7.26300787874011,0.4,-2.36967266735249));
#2217=CARTESIAN_POINT('Ctrl Pts',(7.26300787874011,1.36,-2.36967266735249));
#2218=CARTESIAN_POINT('Ctrl Pts',(7.30336521159233,0.4,-2.23005321707705));
#2219=CARTESIAN_POINT('Ctrl Pts',(7.30336521159233,1.36,-2.23005321707705));
#2220=CARTESIAN_POINT('Ctrl Pts',(7.26930515895045,0.4,-2.09139672240094));
#2221=CARTESIAN_POINT('Ctrl Pts',(7.26930515895045,1.36,-2.09139672240094));
#2222=CARTESIAN_POINT('Ctrl Pts',(7.24263137313116,0.4,-2.03804915076235));
#2223=CARTESIAN_POINT('Ctrl Pts',(7.24263137313116,1.36,-2.03804915076235));
#2224=CARTESIAN_POINT('',(7.21941719663807,1.2,-2.43618744424002));
#2225=CARTESIAN_POINT('',(7.24263137313116,1.2,-2.03804915076235));
#2226=CARTESIAN_POINT('Ctrl Pts',(7.21941719663807,1.2,-2.43618744424002));
#2227=CARTESIAN_POINT('Ctrl Pts',(7.26300787874011,1.2,-2.36967266735249));
#2228=CARTESIAN_POINT('Ctrl Pts',(7.30336521159233,1.2,-2.23005321707704));
#2229=CARTESIAN_POINT('Ctrl Pts',(7.26930515895045,1.2,-2.09139672240094));
#2230=CARTESIAN_POINT('Ctrl Pts',(7.24263137313116,1.2,-2.03804915076235));
#2231=CARTESIAN_POINT('',(7.24263137313116,0.4,-2.03804915076235));
#2232=CARTESIAN_POINT('',(7.24263137313116,1.2,-2.03804915076235));
#2233=CARTESIAN_POINT('',(7.21941719663807,0.4,-2.43618744424002));
#2234=CARTESIAN_POINT('Ctrl Pts',(7.24263137313116,0.4,-2.03804915076235));
#2235=CARTESIAN_POINT('Ctrl Pts',(7.26930515895045,0.4,-2.09139672240094));
#2236=CARTESIAN_POINT('Ctrl Pts',(7.30336521159233,0.4,-2.23005321707703));
#2237=CARTESIAN_POINT('Ctrl Pts',(7.26300787874011,0.4,-2.36967266735249));
#2238=CARTESIAN_POINT('Ctrl Pts',(7.21941719663807,0.4,-2.43618744424002));
#2239=CARTESIAN_POINT('',(7.21941719663807,0.4,-2.43618744424002));
#2240=CARTESIAN_POINT('Origin',(6.17888543819998,0.4,0.0894427190999916));
#2241=CARTESIAN_POINT('',(6.17888543819998,1.2,0.0894427190999916));
#2242=CARTESIAN_POINT('',(6.17888543819998,1.2,0.0894427190999916));
#2243=CARTESIAN_POINT('',(6.17888543819998,0.4,0.0894427190999916));
#2244=CARTESIAN_POINT('',(6.17888543819998,0.4,0.0894427190999916));
#2245=CARTESIAN_POINT('',(6.17888543819998,0.4,0.0894427190999916));
#2246=CARTESIAN_POINT('Origin',(6.67708922388961,1.2,-1.87789130799666));
#2247=CARTESIAN_POINT('',(7.2021937107988,1.2,-3.4));
#2248=CARTESIAN_POINT('Ctrl Pts',(7.21941719663807,1.2,-2.43618744424003));
#2249=CARTESIAN_POINT('Ctrl Pts',(7.05920694299028,1.2,-2.68065137007472));
#2250=CARTESIAN_POINT('Ctrl Pts',(7.09335951985439,1.2,-2.89948599671762));
#2251=CARTESIAN_POINT('Ctrl Pts',(7.18124220599963,1.2,-3.28883457438323));
#2252=CARTESIAN_POINT('Ctrl Pts',(7.19242775412941,1.2,-3.34389003309747));
#2253=CARTESIAN_POINT('Ctrl Pts',(7.2021937107988,1.2,-3.4));
#2254=CARTESIAN_POINT('',(6.99999999281016,1.2,-3.4));
#2255=CARTESIAN_POINT('',(6.95419741126572,1.2,-3.4));
#2256=CARTESIAN_POINT('',(7.1180339887499,1.2,-2.23606797749979));
#2257=CARTESIAN_POINT('Ctrl Pts',(6.99999999281016,1.2,-3.4));
#2258=CARTESIAN_POINT('Ctrl Pts',(6.99996572515226,1.2,-3.39982824040159));
#2259=CARTESIAN_POINT('Ctrl Pts',(6.99510167893173,1.2,-3.37545674493252));
#2260=CARTESIAN_POINT('Ctrl Pts',(6.98492487401255,1.2,-3.32687555592664));
#2261=CARTESIAN_POINT('Ctrl Pts',(6.96852085294204,1.2,-3.2540855002519));
#2262=CARTESIAN_POINT('Ctrl Pts',(6.94577939374668,1.2,-3.15720695643028));
#2263=CARTESIAN_POINT('Ctrl Pts',(6.92030845620769,1.2,-3.03689922252916));
#2264=CARTESIAN_POINT('Ctrl Pts',(6.90236251061285,1.2,-2.91756723107443));
#2265=CARTESIAN_POINT('Ctrl Pts',(6.89622604514119,1.2,-2.7995792221405));
#2266=CARTESIAN_POINT('Ctrl Pts',(6.90523960370864,1.2,-2.68321831507474));
#2267=CARTESIAN_POINT('Ctrl Pts',(6.93114075063152,1.2,-2.56862373965858));
#2268=CARTESIAN_POINT('Ctrl Pts',(6.97457419158636,1.2,-2.45583861090751));
#2269=CARTESIAN_POINT('Ctrl Pts',(7.02334373957559,1.2,-2.36704869990511));
#2270=CARTESIAN_POINT('Ctrl Pts',(7.06768958963695,1.2,-2.30125137098218));
#2271=CARTESIAN_POINT('Ctrl Pts',(7.10068122899573,1.2,-2.25773730497859));
#2272=CARTESIAN_POINT('Ctrl Pts',(7.1180339887499,1.2,-2.23606797749979));
#2273=CARTESIAN_POINT('',(6.,1.2,0.));
#2274=CARTESIAN_POINT('',(6.,1.2,0.));
#2275=CARTESIAN_POINT('',(6.,1.2,0.244217384006676));
#2276=CARTESIAN_POINT('',(6.,1.2,0.244217384006676));
#2277=CARTESIAN_POINT('',(6.17888543819998,1.2,0.0894427190999916));
#2278=CARTESIAN_POINT('Origin',(6.95419741126572,0.5,-3.7));
#2279=CARTESIAN_POINT('',(7.23130559864184,0.6,-4.));
#2280=CARTESIAN_POINT('',(7.2021937107988,0.4,-3.4));
#2281=CARTESIAN_POINT('Ctrl Pts',(7.23130559831363,0.599999999988317,-3.99999999996495));
#2282=CARTESIAN_POINT('Ctrl Pts',(7.25246382784644,0.533959144751075,-3.80187743425323));
#2283=CARTESIAN_POINT('Ctrl Pts',(7.23640799749588,0.465525667689545,-3.59657700306863));
#2284=CARTESIAN_POINT('Ctrl Pts',(7.2021937107988,0.4,-3.4));
#2285=CARTESIAN_POINT('',(6.99999999281016,0.4,-3.4));
#2286=CARTESIAN_POINT('',(6.95419741126572,0.4,-3.4));
#2287=CARTESIAN_POINT('',(7.02999961998611,0.6,-4.));
#2288=CARTESIAN_POINT('Ctrl Pts',(6.99999999281016,0.4,-3.4));
#2289=CARTESIAN_POINT('Ctrl Pts',(7.00691344373141,0.411550751025083,-3.43465225307525));
#2290=CARTESIAN_POINT('Ctrl Pts',(7.01359387873994,0.423683417671758,-3.47105025301527));
#2291=CARTESIAN_POINT('Ctrl Pts',(7.0195462835772,0.436410369876271,-3.50923110962881));
#2292=CARTESIAN_POINT('Ctrl Pts',(7.02892656735825,0.456466536519884,-3.56939960955965));
#2293=CARTESIAN_POINT('Ctrl Pts',(7.03649129013233,0.477998271649963,-3.63399481494989));
#2294=CARTESIAN_POINT('Ctrl Pts',(7.04017220439399,0.5010517465459,-3.7031552396377));
#2295=CARTESIAN_POINT('Ctrl Pts',(7.04318281649083,0.519907135577585,-3.75972140673275));
#2296=CARTESIAN_POINT('Ctrl Pts',(7.04359363437934,0.539780424869835,-3.81934127460951));
#2297=CARTESIAN_POINT('Ctrl Pts',(7.04031427608034,0.560699217415766,-3.8820976522473));
#2298=CARTESIAN_POINT('Ctrl Pts',(7.03832146875921,0.573411193093265,-3.9202335792798));
#2299=CARTESIAN_POINT('Ctrl Pts',(7.03496868058315,0.58650934241204,-3.95952802723612));
#2300=CARTESIAN_POINT('Ctrl Pts',(7.02999961998611,0.6,-4.));
#2301=CARTESIAN_POINT('',(6.95419741126572,0.6,-4.));
#2302=CARTESIAN_POINT('Origin',(7.23130559864184,0.4,-4.));
#2303=CARTESIAN_POINT('',(7.02999961998611,1.,-4.));
#2304=CARTESIAN_POINT('',(7.02999961998611,0.4,-4.));
#2305=CARTESIAN_POINT('',(7.23130559864184,1.,-4.));
#2306=CARTESIAN_POINT('',(6.95419741126572,1.,-4.));
#2307=CARTESIAN_POINT('',(7.23130559864184,0.4,-4.));
#2308=CARTESIAN_POINT('Ctrl Pts',(7.02999961998611,0.4,-4.));
#2309=CARTESIAN_POINT('Ctrl Pts',(7.02999961998611,1.36,-4.));
#2310=CARTESIAN_POINT('Ctrl Pts',(7.03292384404708,0.4,-3.97618279869209));
#2311=CARTESIAN_POINT('Ctrl Pts',(7.03292384404708,1.36,-3.97618279869209));
#2312=CARTESIAN_POINT('Ctrl Pts',(7.03792675848638,0.4,-3.92850230944495));
#2313=CARTESIAN_POINT('Ctrl Pts',(7.03792675848638,1.36,-3.92850230944495));
#2314=CARTESIAN_POINT('Ctrl Pts',(7.04289454217179,0.4,-3.85684331632925));
#2315=CARTESIAN_POINT('Ctrl Pts',(7.04289454217179,1.36,-3.85684331632925));
#2316=CARTESIAN_POINT('Ctrl Pts',(7.04440807271826,0.4,-3.76101945669349));
#2317=CARTESIAN_POINT('Ctrl Pts',(7.04440807271826,1.36,-3.76101945669349));
#2318=CARTESIAN_POINT('Ctrl Pts',(7.03777314157032,0.4,-3.6407824809013));
#2319=CARTESIAN_POINT('Ctrl Pts',(7.03777314157032,1.36,-3.6407824809013));
#2320=CARTESIAN_POINT('Ctrl Pts',(7.02297465864142,0.4,-3.52013116657304));
#2321=CARTESIAN_POINT('Ctrl Pts',(7.02297465864142,1.36,-3.52013116657304));
#2322=CARTESIAN_POINT('Ctrl Pts',(7.0010678470723,0.4,-3.39916950793056));
#2323=CARTESIAN_POINT('Ctrl Pts',(7.0010678470723,1.36,-3.39916950793056));
#2324=CARTESIAN_POINT('Ctrl Pts',(6.97415586658478,0.4,-3.27809064044249));
#2325=CARTESIAN_POINT('Ctrl Pts',(6.97415586658478,1.36,-3.27809064044249));
#2326=CARTESIAN_POINT('Ctrl Pts',(6.94577939374668,0.4,-3.15720695643028));
#2327=CARTESIAN_POINT('Ctrl Pts',(6.94577939374668,1.36,-3.15720695643028));
#2328=CARTESIAN_POINT('Ctrl Pts',(6.92030845620769,0.4,-3.03689922252916));
#2329=CARTESIAN_POINT('Ctrl Pts',(6.92030845620769,1.36,-3.03689922252916));
#2330=CARTESIAN_POINT('Ctrl Pts',(6.90236251061285,0.4,-2.91756723107443));
#2331=CARTESIAN_POINT('Ctrl Pts',(6.90236251061285,1.36,-2.91756723107443));
#2332=CARTESIAN_POINT('Ctrl Pts',(6.89622604514119,0.4,-2.7995792221405));
#2333=CARTESIAN_POINT('Ctrl Pts',(6.89622604514119,1.36,-2.7995792221405));
#2334=CARTESIAN_POINT('Ctrl Pts',(6.90523960370864,0.4,-2.68321831507474));
#2335=CARTESIAN_POINT('Ctrl Pts',(6.90523960370864,1.36,-2.68321831507474));
#2336=CARTESIAN_POINT('Ctrl Pts',(6.93114075063152,0.4,-2.56862373965858));
#2337=CARTESIAN_POINT('Ctrl Pts',(6.93114075063152,1.36,-2.56862373965858));
#2338=CARTESIAN_POINT('Ctrl Pts',(6.97457419158636,0.4,-2.45583861090751));
#2339=CARTESIAN_POINT('Ctrl Pts',(6.97457419158636,1.36,-2.45583861090751));
#2340=CARTESIAN_POINT('Ctrl Pts',(7.02334373957559,0.4,-2.36704869990511));
#2341=CARTESIAN_POINT('Ctrl Pts',(7.02334373957559,1.36,-2.36704869990511));
#2342=CARTESIAN_POINT('Ctrl Pts',(7.06768958963695,0.4,-2.30125137098218));
#2343=CARTESIAN_POINT('Ctrl Pts',(7.06768958963695,1.36,-2.30125137098218));
#2344=CARTESIAN_POINT('Ctrl Pts',(7.10068122899573,0.4,-2.25773730497859));
#2345=CARTESIAN_POINT('Ctrl Pts',(7.10068122899573,1.36,-2.25773730497859));
#2346=CARTESIAN_POINT('Ctrl Pts',(7.1180339887499,0.4,-2.23606797749979));
#2347=CARTESIAN_POINT('Ctrl Pts',(7.1180339887499,1.36,-2.23606797749979));
#2348=CARTESIAN_POINT('',(7.1180339887499,0.4,-2.23606797749979));
#2349=CARTESIAN_POINT('Ctrl Pts',(7.1180339887499,0.4,-2.23606797749979));
#2350=CARTESIAN_POINT('Ctrl Pts',(7.10068122899573,0.4,-2.25773730497859));
#2351=CARTESIAN_POINT('Ctrl Pts',(7.06768958963695,0.4,-2.30125137098218));
#2352=CARTESIAN_POINT('Ctrl Pts',(7.02334373957559,0.4,-2.36704869990511));
#2353=CARTESIAN_POINT('Ctrl Pts',(6.97457419158636,0.4,-2.45583861090751));
#2354=CARTESIAN_POINT('Ctrl Pts',(6.93114075063152,0.4,-2.56862373965858));
#2355=CARTESIAN_POINT('Ctrl Pts',(6.90523960370864,0.4,-2.68321831507474));
#2356=CARTESIAN_POINT('Ctrl Pts',(6.89622604514119,0.4,-2.7995792221405));
#2357=CARTESIAN_POINT('Ctrl Pts',(6.90236251061285,0.4,-2.91756723107443));
#2358=CARTESIAN_POINT('Ctrl Pts',(6.92030845620769,0.4,-3.03689922252916));
#2359=CARTESIAN_POINT('Ctrl Pts',(6.94581555021079,0.4,-3.15737773547036));
#2360=CARTESIAN_POINT('Ctrl Pts',(6.96856114118536,0.4,-3.25425709831445));
#2361=CARTESIAN_POINT('Ctrl Pts',(6.98496358837853,0.4,-3.32704736131937));
#2362=CARTESIAN_POINT('Ctrl Pts',(6.99513765694654,0.4,-3.37562853995758));
#2363=CARTESIAN_POINT('Ctrl Pts',(6.99999999281016,0.4,-3.4));
#2364=CARTESIAN_POINT('',(7.1180339887499,0.4,-2.23606797749979));
#2365=CARTESIAN_POINT('Ctrl Pts',(7.02999961998611,1.,-4.));
#2366=CARTESIAN_POINT('Ctrl Pts',(7.03599885764764,1.01628751742908,-3.95113744771275));
#2367=CARTESIAN_POINT('Ctrl Pts',(7.0396435209719,1.03200289697998,-3.90399130906007));
#2368=CARTESIAN_POINT('Ctrl Pts',(7.0413802470888,1.04715732274195,-3.85852803177416));
#2369=CARTESIAN_POINT('Ctrl Pts',(7.04381721385942,1.06842194912736,-3.79473415261794));
#2370=CARTESIAN_POINT('Ctrl Pts',(7.04248664619013,1.08858237814512,-3.73425286556465));
#2371=CARTESIAN_POINT('Ctrl Pts',(7.03858407002468,1.10766832256355,-3.67699503230936));
#2372=CARTESIAN_POINT('Ctrl Pts',(7.03506736779371,1.12486711138175,-3.62539866585474));
#2373=CARTESIAN_POINT('Ctrl Pts',(7.0294653324362,1.14119325044006,-3.57642024867984));
#2374=CARTESIAN_POINT('Ctrl Pts',(7.02268303392667,1.15666685587267,-3.52999943238198));
#2375=CARTESIAN_POINT('Ctrl Pts',(7.01701317128876,1.16960247308162,-3.49119258075516));
#2376=CARTESIAN_POINT('Ctrl Pts',(7.01052154396036,1.18194219518606,-3.45417341444182));
#2377=CARTESIAN_POINT('Ctrl Pts',(7.00371191347575,1.19369817254047,-3.4189054823786));
#2378=CARTESIAN_POINT('Ctrl Pts',(7.00248416384982,1.19581772907617,-3.41254681277149));
#2379=CARTESIAN_POINT('Ctrl Pts',(7.00124594132846,1.19791831296861,-3.40624506109418));
#2380=CARTESIAN_POINT('Ctrl Pts',(6.99999999281016,1.2,-3.4));
#2381=CARTESIAN_POINT('Origin',(6.95419741126572,1.1,-3.7));
#2382=CARTESIAN_POINT('Ctrl Pts',(7.2021937107988,1.2,-3.4));
#2383=CARTESIAN_POINT('Ctrl Pts',(7.23640799749588,1.13447433231045,-3.59657700306864));
#2384=CARTESIAN_POINT('Ctrl Pts',(7.25246382784644,1.06604085524892,-3.80187743425323));
#2385=CARTESIAN_POINT('Ctrl Pts',(7.23130559831363,1.00000000001168,-3.99999999996495));
#2386=CARTESIAN_POINT('Origin',(6.,0.4,0.));
#2387=CARTESIAN_POINT('',(6.,0.4,0.244217384006676));
#2388=CARTESIAN_POINT('',(6.,0.4,0.));
#2389=CARTESIAN_POINT('',(6.,0.4,0.244217384006676));
#2390=CARTESIAN_POINT('',(6.,0.4,0.244217384006676));
#2391=CARTESIAN_POINT('',(6.,0.4,0.));
#2392=CARTESIAN_POINT('Origin',(7.1180339887499,0.4,-2.23606797749979));
#2393=CARTESIAN_POINT('',(6.,0.4,0.));
#2394=CARTESIAN_POINT('Ctrl Pts',(7.35417844777922,0.4,-2.2611433000585));
#2395=CARTESIAN_POINT('Ctrl Pts',(7.35417844777922,1.36,-2.2611433000585));
#2396=CARTESIAN_POINT('Ctrl Pts',(7.32750127934665,0.4,-2.29445651980925));
#2397=CARTESIAN_POINT('Ctrl Pts',(7.32750127934665,1.36,-2.29445651980925));
#2398=CARTESIAN_POINT('Ctrl Pts',(7.30082411091407,0.4,-2.32776973956));
#2399=CARTESIAN_POINT('Ctrl Pts',(7.30082411091407,1.36,-2.32776973956));
#2400=CARTESIAN_POINT('Ctrl Pts',(7.2741469424815,0.4,-2.36108295931075));
#2401=CARTESIAN_POINT('Ctrl Pts',(7.2741469424815,1.36,-2.36108295931075));
#2402=CARTESIAN_POINT('Ctrl Pts',(7.05272491770103,0.4,-2.63758458982716));
#2403=CARTESIAN_POINT('Ctrl Pts',(7.05272491770103,1.36,-2.63758458982716));
#2404=CARTESIAN_POINT('Ctrl Pts',(7.08569405572037,0.4,-2.86552552408484));
#2405=CARTESIAN_POINT('Ctrl Pts',(7.08569405572037,1.36,-2.86552552408484));
#2406=CARTESIAN_POINT('Ctrl Pts',(7.16915491709012,0.4,-3.23528399518298));
#2407=CARTESIAN_POINT('Ctrl Pts',(7.16915491709012,1.36,-3.23528399518298));
#2408=CARTESIAN_POINT('Ctrl Pts',(7.22295042632407,0.4,-3.47361541088894));
#2409=CARTESIAN_POINT('Ctrl Pts',(7.22295042632407,1.36,-3.47361541088894));
#2410=CARTESIAN_POINT('Ctrl Pts',(7.2588845168703,0.4,-3.74175504163656));
#2411=CARTESIAN_POINT('Ctrl Pts',(7.2588845168703,1.36,-3.74175504163656));
#2412=CARTESIAN_POINT('Ctrl Pts',(7.23130559831363,0.4,-3.99999999996495));
#2413=CARTESIAN_POINT('Ctrl Pts',(7.23130559831363,1.36,-3.99999999996495));
#2414=CARTESIAN_POINT('Ctrl Pts',(7.21941719663807,0.4,-2.43618744424003));
#2415=CARTESIAN_POINT('Ctrl Pts',(7.05920694299028,0.4,-2.68065137007472));
#2416=CARTESIAN_POINT('Ctrl Pts',(7.09335951985439,0.4,-2.89948599671762));
#2417=CARTESIAN_POINT('Ctrl Pts',(7.18124220599963,0.4,-3.28883457438323));
#2418=CARTESIAN_POINT('Ctrl Pts',(7.19242775412941,0.4,-3.34389003309747));
#2419=CARTESIAN_POINT('Ctrl Pts',(7.2021937107988,0.4,-3.4));
#2420=CARTESIAN_POINT('Origin',(6.,0.4,0.244217384006676));
#2421=CARTESIAN_POINT('',(6.17888543819998,0.4,0.0894427190999916));
#2422=CARTESIAN_POINT('Origin',(6.67708922388961,0.4,-1.87789130799666));
#2423=CARTESIAN_POINT('Ctrl Pts',(-1.24263137313116,0.4,-2.03804915076236));
#2424=CARTESIAN_POINT('Ctrl Pts',(-1.24263137313116,1.36,-2.03804915076236));
#2425=CARTESIAN_POINT('Ctrl Pts',(-1.27819642089021,0.4,-2.10917924628047));
#2426=CARTESIAN_POINT('Ctrl Pts',(-1.27819642089021,1.36,-2.10917924628047));
#2427=CARTESIAN_POINT('Ctrl Pts',(-1.30207695695584,0.4,-2.25254555481076));
#2428=CARTESIAN_POINT('Ctrl Pts',(-1.30207695695584,1.36,-2.25254555481076));
#2429=CARTESIAN_POINT('Ctrl Pts',(-1.2521102082146,0.4,-2.38630136157438));
#2430=CARTESIAN_POINT('Ctrl Pts',(-1.2521102082146,1.36,-2.38630136157438));
#2431=CARTESIAN_POINT('Ctrl Pts',(-1.21941719663807,0.4,-2.43618744424003));
#2432=CARTESIAN_POINT('Ctrl Pts',(-1.21941719663807,1.36,-2.43618744424003));
#2433=CARTESIAN_POINT('',(-1.24263137313116,1.2,-2.03804915076236));
#2434=CARTESIAN_POINT('',(-1.21941719663807,1.2,-2.43618744424003));
#2435=CARTESIAN_POINT('Ctrl Pts',(-1.24263137313116,1.2,-2.03804915076236));
#2436=CARTESIAN_POINT('Ctrl Pts',(-1.27819642089021,1.2,-2.10917924628047));
#2437=CARTESIAN_POINT('Ctrl Pts',(-1.30207695695584,1.2,-2.25254555481076));
#2438=CARTESIAN_POINT('Ctrl Pts',(-1.2521102082146,1.2,-2.38630136157438));
#2439=CARTESIAN_POINT('Ctrl Pts',(-1.21941719663807,1.2,-2.43618744424003));
#2440=CARTESIAN_POINT('',(-1.21941719663807,0.4,-2.43618744424003));
#2441=CARTESIAN_POINT('',(-1.21941719663807,1.2,-2.43618744424003));
#2442=CARTESIAN_POINT('',(-1.24263137313116,0.4,-2.03804915076236));
#2443=CARTESIAN_POINT('Ctrl Pts',(-1.21941719663807,0.4,-2.43618744424003));
#2444=CARTESIAN_POINT('Ctrl Pts',(-1.2521102082146,0.4,-2.38630136157438));
#2445=CARTESIAN_POINT('Ctrl Pts',(-1.30207695695583,0.4,-2.25254555481076));
#2446=CARTESIAN_POINT('Ctrl Pts',(-1.27819642089021,0.4,-2.10917924628047));
#2447=CARTESIAN_POINT('Ctrl Pts',(-1.24263137313116,0.4,-2.03804915076236));
#2448=CARTESIAN_POINT('',(-1.24263137313116,0.4,-2.03804915076236));
#2449=CARTESIAN_POINT('Origin',(-0.677089223889611,1.2,-1.87789130799666));
#2450=CARTESIAN_POINT('',(-0.178885438199983,1.2,0.0894427190999916));
#2451=CARTESIAN_POINT('',(-0.178885438199983,1.2,0.0894427190999916));
#2452=CARTESIAN_POINT('',(0.,1.2,0.244217384006676));
#2453=CARTESIAN_POINT('',(-0.178885438199983,1.2,0.0894427190999916));
#2454=CARTESIAN_POINT('',(0.,1.2,0.));
#2455=CARTESIAN_POINT('',(-1.02716263700653E-33,1.2,0.244217384006676));
#2456=CARTESIAN_POINT('',(-1.11803398874989,1.2,-2.23606797749979));
#2457=CARTESIAN_POINT('',(-1.02716263700653E-33,1.2,0.));
#2458=CARTESIAN_POINT('',(-0.999999992810162,1.2,-3.4));
#2459=CARTESIAN_POINT('Ctrl Pts',(-1.11803398874989,1.2,-2.23606797749979));
#2460=CARTESIAN_POINT('Ctrl Pts',(-1.10068122899573,1.2,-2.25773730497859));
#2461=CARTESIAN_POINT('Ctrl Pts',(-1.06768958963695,1.2,-2.30125137098218));
#2462=CARTESIAN_POINT('Ctrl Pts',(-1.02334373957559,1.2,-2.36704869990511));
#2463=CARTESIAN_POINT('Ctrl Pts',(-0.974574191586358,1.2,-2.45583861090751));
#2464=CARTESIAN_POINT('Ctrl Pts',(-0.931140750631517,1.2,-2.56862373965858));
#2465=CARTESIAN_POINT('Ctrl Pts',(-0.905239603708637,1.2,-2.68321831507474));
#2466=CARTESIAN_POINT('Ctrl Pts',(-0.896226045141186,1.2,-2.7995792221405));
#2467=CARTESIAN_POINT('Ctrl Pts',(-0.90236251061285,1.2,-2.91756723107443));
#2468=CARTESIAN_POINT('Ctrl Pts',(-0.920308456207689,1.2,-3.03689922252916));
#2469=CARTESIAN_POINT('Ctrl Pts',(-0.945815550210786,1.2,-3.15737773547036));
#2470=CARTESIAN_POINT('Ctrl Pts',(-0.968561141185363,1.2,-3.25425709831445));
#2471=CARTESIAN_POINT('Ctrl Pts',(-0.984963588378532,1.2,-3.32704736131937));
#2472=CARTESIAN_POINT('Ctrl Pts',(-0.995137656946541,1.2,-3.37562853995758));
#2473=CARTESIAN_POINT('Ctrl Pts',(-0.999999992810162,1.2,-3.4));
#2474=CARTESIAN_POINT('',(-1.2021937107988,1.2,-3.4));
#2475=CARTESIAN_POINT('',(-0.85354442193786,1.2,-3.4));
#2476=CARTESIAN_POINT('Ctrl Pts',(-1.2021937107988,1.2,-3.4));
#2477=CARTESIAN_POINT('Ctrl Pts',(-1.19242775412941,1.2,-3.34389003309747));
#2478=CARTESIAN_POINT('Ctrl Pts',(-1.18124220599963,1.2,-3.28883457438323));
#2479=CARTESIAN_POINT('Ctrl Pts',(-1.09335951985439,1.2,-2.89948599671762));
#2480=CARTESIAN_POINT('Ctrl Pts',(-1.05920694299028,1.2,-2.68065137007472));
#2481=CARTESIAN_POINT('Ctrl Pts',(-1.21941719663807,1.2,-2.43618744424003));
#2482=CARTESIAN_POINT('Origin',(-1.35417844777656,0.4,-2.26114330005316));
#2483=CARTESIAN_POINT('',(-0.178885438199983,0.4,0.0894427190999916));
#2484=CARTESIAN_POINT('',(-0.178885438199983,0.4,0.0894427190999916));
#2485=CARTESIAN_POINT('',(-0.178885438199983,0.4,0.0894427190999916));
#2486=CARTESIAN_POINT('Origin',(-0.85354442193786,0.5,-3.7));
#2487=CARTESIAN_POINT('',(-1.2021937107988,0.4,-3.4));
#2488=CARTESIAN_POINT('',(-1.23130559864183,0.6,-4.));
#2489=CARTESIAN_POINT('Ctrl Pts',(-1.2021937107988,0.4,-3.4));
#2490=CARTESIAN_POINT('Ctrl Pts',(-1.23640799749588,0.46552566768955,-3.59657700306865));
#2491=CARTESIAN_POINT('Ctrl Pts',(-1.25246382784643,0.533959144751077,-3.80187743425323));
#2492=CARTESIAN_POINT('Ctrl Pts',(-1.23130559831363,0.599999999988317,-3.99999999996495));
#2493=CARTESIAN_POINT('',(-1.02999961998611,0.6,-4.));
#2494=CARTESIAN_POINT('',(-0.85354442193786,0.6,-4.));
#2495=CARTESIAN_POINT('',(-0.999999992810162,0.4,-3.4));
#2496=CARTESIAN_POINT('Ctrl Pts',(-1.02999961998611,0.6,-4.));
#2497=CARTESIAN_POINT('Ctrl Pts',(-1.03599885764788,0.583712482570244,-3.95113744771073));
#2498=CARTESIAN_POINT('Ctrl Pts',(-1.03964352097219,0.567997103018726,-3.90399130905618));
#2499=CARTESIAN_POINT('Ctrl Pts',(-1.04138024708901,0.552842677256182,-3.85852803176855));
#2500=CARTESIAN_POINT('Ctrl Pts',(-1.04381721385942,0.531578050870816,-3.79473415261245));
#2501=CARTESIAN_POINT('Ctrl Pts',(-1.04248664618993,0.511417621853096,-3.73425286555929));
#2502=CARTESIAN_POINT('Ctrl Pts',(-1.03858407002433,0.492331677434714,-3.67699503230414));
#2503=CARTESIAN_POINT('Ctrl Pts',(-1.03506736779321,0.475132888616514,-3.62539866584954));
#2504=CARTESIAN_POINT('Ctrl Pts',(-1.02946533243556,0.458806749558226,-3.57642024867468));
#2505=CARTESIAN_POINT('Ctrl Pts',(-1.02268303392592,0.443333144125627,-3.52999943237688));
#2506=CARTESIAN_POINT('Ctrl Pts',(-1.01701317128821,0.430397526917353,-3.49119258075206));
#2507=CARTESIAN_POINT('Ctrl Pts',(-1.01052154396011,0.418057804813522,-3.45417341444057));
#2508=CARTESIAN_POINT('Ctrl Pts',(-1.00371191347584,0.406301827459674,-3.41890548237902));
#2509=CARTESIAN_POINT('Ctrl Pts',(-1.00248416384988,0.404182270923923,-3.41254681277177));
#2510=CARTESIAN_POINT('Ctrl Pts',(-1.00124594132849,0.40208168703144,-3.40624506109432));
#2511=CARTESIAN_POINT('Ctrl Pts',(-0.999999992810162,0.4,-3.4));
#2512=CARTESIAN_POINT('',(-0.85354442193786,0.4,-3.4));
#2513=CARTESIAN_POINT('Origin',(-1.02999961998611,0.4,-4.));
#2514=CARTESIAN_POINT('',(-1.23130559864183,1.,-4.));
#2515=CARTESIAN_POINT('',(-1.23130559864183,0.4,-4.));
#2516=CARTESIAN_POINT('',(-1.02999961998611,1.,-4.));
#2517=CARTESIAN_POINT('',(-0.85354442193786,1.,-4.));
#2518=CARTESIAN_POINT('',(-1.02999961998611,0.4,-4.));
#2519=CARTESIAN_POINT('Ctrl Pts',(-1.23130559831363,0.4,-3.99999999996495));
#2520=CARTESIAN_POINT('Ctrl Pts',(-1.23130559831363,1.36,-3.99999999996495));
#2521=CARTESIAN_POINT('Ctrl Pts',(-1.2588845168703,0.4,-3.74175504163656));
#2522=CARTESIAN_POINT('Ctrl Pts',(-1.2588845168703,1.36,-3.74175504163656));
#2523=CARTESIAN_POINT('Ctrl Pts',(-1.22295042632407,0.4,-3.47361541088894));
#2524=CARTESIAN_POINT('Ctrl Pts',(-1.22295042632407,1.36,-3.47361541088894));
#2525=CARTESIAN_POINT('Ctrl Pts',(-1.16915491709012,0.4,-3.23528399518298));
#2526=CARTESIAN_POINT('Ctrl Pts',(-1.16915491709012,1.36,-3.23528399518298));
#2527=CARTESIAN_POINT('Ctrl Pts',(-1.08569405572036,0.4,-2.86552552408484));
#2528=CARTESIAN_POINT('Ctrl Pts',(-1.08569405572036,1.36,-2.86552552408484));
#2529=CARTESIAN_POINT('Ctrl Pts',(-1.05272491770103,0.4,-2.63758458982716));
#2530=CARTESIAN_POINT('Ctrl Pts',(-1.05272491770103,1.36,-2.63758458982716));
#2531=CARTESIAN_POINT('Ctrl Pts',(-1.27414694248149,0.4,-2.36108295931075));
#2532=CARTESIAN_POINT('Ctrl Pts',(-1.27414694248149,1.36,-2.36108295931075));
#2533=CARTESIAN_POINT('Ctrl Pts',(-1.30082411091407,0.4,-2.32776973956));
#2534=CARTESIAN_POINT('Ctrl Pts',(-1.30082411091407,1.36,-2.32776973956));
#2535=CARTESIAN_POINT('Ctrl Pts',(-1.32750127934664,0.4,-2.29445651980925));
#2536=CARTESIAN_POINT('Ctrl Pts',(-1.32750127934664,1.36,-2.29445651980925));
#2537=CARTESIAN_POINT('Ctrl Pts',(-1.35417844777922,0.4,-2.2611433000585));
#2538=CARTESIAN_POINT('Ctrl Pts',(-1.35417844777922,1.36,-2.2611433000585));
#2539=CARTESIAN_POINT('Ctrl Pts',(-1.23130559831363,1.00000000001168,-3.99999999996495));
#2540=CARTESIAN_POINT('Ctrl Pts',(-1.25246382784643,1.06604085524892,-3.80187743425323));
#2541=CARTESIAN_POINT('Ctrl Pts',(-1.23640799749588,1.13447433231045,-3.59657700306865));
#2542=CARTESIAN_POINT('Ctrl Pts',(-1.2021937107988,1.2,-3.4));
#2543=CARTESIAN_POINT('Ctrl Pts',(-1.21941719663807,0.4,-2.43618744424003));
#2544=CARTESIAN_POINT('Ctrl Pts',(-1.05920694299028,0.4,-2.68065137007472));
#2545=CARTESIAN_POINT('Ctrl Pts',(-1.09335951985439,0.4,-2.89948599671762));
#2546=CARTESIAN_POINT('Ctrl Pts',(-1.18124220599963,0.4,-3.28883457438323));
#2547=CARTESIAN_POINT('Ctrl Pts',(-1.19242775412941,0.4,-3.34389003309747));
#2548=CARTESIAN_POINT('Ctrl Pts',(-1.2021937107988,0.4,-3.4));
#2549=CARTESIAN_POINT('Origin',(-0.85354442193786,1.1,-3.7));
#2550=CARTESIAN_POINT('Ctrl Pts',(-0.999999992810162,1.2,-3.4));
#2551=CARTESIAN_POINT('Ctrl Pts',(-1.00691344373131,1.18844924897507,-3.43465225307478));
#2552=CARTESIAN_POINT('Ctrl Pts',(-1.01359387873975,1.17631658232858,-3.47105025301426));
#2553=CARTESIAN_POINT('Ctrl Pts',(-1.01954628357694,1.16358963012428,-3.50923110962717));
#2554=CARTESIAN_POINT('Ctrl Pts',(-1.02892656735758,1.14353346348165,-3.56939960955506));
#2555=CARTESIAN_POINT('Ctrl Pts',(-1.03649129013142,1.12200172835271,-3.63399481494186));
#2556=CARTESIAN_POINT('Ctrl Pts',(-1.04017220439335,1.09894825345809,-3.70315523962573));
#2557=CARTESIAN_POINT('Ctrl Pts',(-1.04318281649088,1.08009286442455,-3.75972140672634));
#2558=CARTESIAN_POINT('Ctrl Pts',(-1.0435936343796,1.06021957513025,-3.81934127460927));
#2559=CARTESIAN_POINT('Ctrl Pts',(-1.04031427608,1.03930078258204,-3.88209765225387));
#2560=CARTESIAN_POINT('Ctrl Pts',(-1.03832146875883,1.02658880690523,-3.92023357928432));
#2561=CARTESIAN_POINT('Ctrl Pts',(-1.03496868058286,1.01349065758718,-3.95952802723845));
#2562=CARTESIAN_POINT('Ctrl Pts',(-1.02999961998611,1.,-4.));
#2563=CARTESIAN_POINT('Ctrl Pts',(-1.11803398874989,0.4,-2.23606797749979));
#2564=CARTESIAN_POINT('Ctrl Pts',(-1.11803398874989,1.36,-2.23606797749979));
#2565=CARTESIAN_POINT('Ctrl Pts',(-1.10068122899573,0.4,-2.25773730497859));
#2566=CARTESIAN_POINT('Ctrl Pts',(-1.10068122899573,1.36,-2.25773730497859));
#2567=CARTESIAN_POINT('Ctrl Pts',(-1.06768958963695,0.4,-2.30125137098218));
#2568=CARTESIAN_POINT('Ctrl Pts',(-1.06768958963695,1.36,-2.30125137098218));
#2569=CARTESIAN_POINT('Ctrl Pts',(-1.02334373957559,0.4,-2.36704869990511));
#2570=CARTESIAN_POINT('Ctrl Pts',(-1.02334373957559,1.36,-2.36704869990511));
#2571=CARTESIAN_POINT('Ctrl Pts',(-0.974574191586358,0.4,-2.45583861090751));
#2572=CARTESIAN_POINT('Ctrl Pts',(-0.974574191586358,1.36,-2.45583861090751));
#2573=CARTESIAN_POINT('Ctrl Pts',(-0.931140750631517,0.4,-2.56862373965858));
#2574=CARTESIAN_POINT('Ctrl Pts',(-0.931140750631517,1.36,-2.56862373965858));
#2575=CARTESIAN_POINT('Ctrl Pts',(-0.905239603708637,0.4,-2.68321831507474));
#2576=CARTESIAN_POINT('Ctrl Pts',(-0.905239603708637,1.36,-2.68321831507474));
#2577=CARTESIAN_POINT('Ctrl Pts',(-0.896226045141186,0.4,-2.7995792221405));
#2578=CARTESIAN_POINT('Ctrl Pts',(-0.896226045141186,1.36,-2.7995792221405));
#2579=CARTESIAN_POINT('Ctrl Pts',(-0.90236251061285,0.4,-2.91756723107443));
#2580=CARTESIAN_POINT('Ctrl Pts',(-0.90236251061285,1.36,-2.91756723107443));
#2581=CARTESIAN_POINT('Ctrl Pts',(-0.920308456207689,0.4,-3.03689922252916));
#2582=CARTESIAN_POINT('Ctrl Pts',(-0.920308456207689,1.36,-3.03689922252916));
#2583=CARTESIAN_POINT('Ctrl Pts',(-0.945779393746677,0.4,-3.15720695643028));
#2584=CARTESIAN_POINT('Ctrl Pts',(-0.945779393746677,1.36,-3.15720695643028));
#2585=CARTESIAN_POINT('Ctrl Pts',(-0.974155866584783,0.4,-3.27809064044249));
#2586=CARTESIAN_POINT('Ctrl Pts',(-0.974155866584783,1.36,-3.27809064044249));
#2587=CARTESIAN_POINT('Ctrl Pts',(-1.0010678470723,0.4,-3.39916950793056));
#2588=CARTESIAN_POINT('Ctrl Pts',(-1.0010678470723,1.36,-3.39916950793056));
#2589=CARTESIAN_POINT('Ctrl Pts',(-1.02297465864142,0.4,-3.52013116657304));
#2590=CARTESIAN_POINT('Ctrl Pts',(-1.02297465864142,1.36,-3.52013116657304));
#2591=CARTESIAN_POINT('Ctrl Pts',(-1.03777314157032,0.4,-3.6407824809013));
#2592=CARTESIAN_POINT('Ctrl Pts',(-1.03777314157032,1.36,-3.6407824809013));
#2593=CARTESIAN_POINT('Ctrl Pts',(-1.04440807271826,0.4,-3.76101945669349));
#2594=CARTESIAN_POINT('Ctrl Pts',(-1.04440807271826,1.36,-3.76101945669349));
#2595=CARTESIAN_POINT('Ctrl Pts',(-1.04289454217179,0.4,-3.85684331632925));
#2596=CARTESIAN_POINT('Ctrl Pts',(-1.04289454217179,1.36,-3.85684331632925));
#2597=CARTESIAN_POINT('Ctrl Pts',(-1.03792675848638,0.4,-3.92850230944495));
#2598=CARTESIAN_POINT('Ctrl Pts',(-1.03792675848638,1.36,-3.92850230944495));
#2599=CARTESIAN_POINT('Ctrl Pts',(-1.03292384404707,0.4,-3.97618279869209));
#2600=CARTESIAN_POINT('Ctrl Pts',(-1.03292384404707,1.36,-3.97618279869209));
#2601=CARTESIAN_POINT('Ctrl Pts',(-1.02999961998611,0.4,-4.));
#2602=CARTESIAN_POINT('Ctrl Pts',(-1.02999961998611,1.36,-4.));
#2603=CARTESIAN_POINT('',(-1.11803398874989,0.4,-2.23606797749979));
#2604=CARTESIAN_POINT('',(-1.11803398874989,0.4,-2.23606797749979));
#2605=CARTESIAN_POINT('Ctrl Pts',(-1.11803398874989,0.4,-2.23606797749979));
#2606=CARTESIAN_POINT('Ctrl Pts',(-1.10068122899573,0.4,-2.25773730497859));
#2607=CARTESIAN_POINT('Ctrl Pts',(-1.06768958963695,0.4,-2.30125137098218));
#2608=CARTESIAN_POINT('Ctrl Pts',(-1.02334373957559,0.4,-2.36704869990511));
#2609=CARTESIAN_POINT('Ctrl Pts',(-0.974574191586358,0.4,-2.45583861090751));
#2610=CARTESIAN_POINT('Ctrl Pts',(-0.931140750631517,0.4,-2.56862373965858));
#2611=CARTESIAN_POINT('Ctrl Pts',(-0.905239603708637,0.4,-2.68321831507474));
#2612=CARTESIAN_POINT('Ctrl Pts',(-0.896226045141186,0.4,-2.7995792221405));
#2613=CARTESIAN_POINT('Ctrl Pts',(-0.90236251061285,0.4,-2.91756723107443));
#2614=CARTESIAN_POINT('Ctrl Pts',(-0.920308456207689,0.4,-3.03689922252916));
#2615=CARTESIAN_POINT('Ctrl Pts',(-0.945815550210786,0.4,-3.15737773547036));
#2616=CARTESIAN_POINT('Ctrl Pts',(-0.968561141185363,0.4,-3.25425709831445));
#2617=CARTESIAN_POINT('Ctrl Pts',(-0.984963588378532,0.4,-3.32704736131937));
#2618=CARTESIAN_POINT('Ctrl Pts',(-0.995137656946541,0.4,-3.37562853995758));
#2619=CARTESIAN_POINT('Ctrl Pts',(-0.999999992810162,0.4,-3.4));
#2620=CARTESIAN_POINT('Origin',(-1.02716263700653E-33,0.4,0.));
#2621=CARTESIAN_POINT('',(-1.02716263700653E-33,0.4,0.));
#2622=CARTESIAN_POINT('',(-1.02716263700653E-33,0.4,0.));
#2623=CARTESIAN_POINT('',(-1.02716263700653E-33,0.4,0.));
#2624=CARTESIAN_POINT('Origin',(-1.02716263700653E-33,0.4,0.244217384006676));
#2625=CARTESIAN_POINT('',(-1.02716263700653E-33,0.4,0.244217384006676));
#2626=CARTESIAN_POINT('',(-1.02716263700653E-33,0.4,0.244217384006676));
#2627=CARTESIAN_POINT('',(-1.02716263700653E-33,0.4,0.244217384006676));
#2628=CARTESIAN_POINT('Origin',(-0.178885438199983,0.4,0.0894427190999916));
#2629=CARTESIAN_POINT('',(-0.178885438199983,0.4,0.0894427190999916));
#2630=CARTESIAN_POINT('Origin',(-0.677089223889611,0.4,-1.87789130799666));
#2631=CARTESIAN_POINT('Ctrl Pts',(7.24263137313116,5.6,-2.03804915076235));
#2632=CARTESIAN_POINT('Ctrl Pts',(7.24263137313116,4.64,-2.03804915076235));
#2633=CARTESIAN_POINT('Ctrl Pts',(7.27819642089021,5.6,-2.10917924628047));
#2634=CARTESIAN_POINT('Ctrl Pts',(7.27819642089021,4.64,-2.10917924628047));
#2635=CARTESIAN_POINT('Ctrl Pts',(7.30204368418988,5.6,-2.25254166184375));
#2636=CARTESIAN_POINT('Ctrl Pts',(7.30204368418988,4.64,-2.25254166184375));
#2637=CARTESIAN_POINT('Ctrl Pts',(7.2521102082146,5.6,-2.38630136157438));
#2638=CARTESIAN_POINT('Ctrl Pts',(7.2521102082146,4.64,-2.38630136157438));
#2639=CARTESIAN_POINT('Ctrl Pts',(7.21941719663807,5.6,-2.43618744424002));
#2640=CARTESIAN_POINT('Ctrl Pts',(7.21941719663807,4.64,-2.43618744424002));
#2641=CARTESIAN_POINT('',(7.24263137313116,4.8,-2.03804915076235));
#2642=CARTESIAN_POINT('',(7.21941719663807,4.8,-2.43618744424002));
#2643=CARTESIAN_POINT('Ctrl Pts',(7.24263137313116,4.8,-2.03804915076235));
#2644=CARTESIAN_POINT('Ctrl Pts',(7.27819642089021,4.8,-2.10917924628047));
#2645=CARTESIAN_POINT('Ctrl Pts',(7.30204368418988,4.8,-2.25254166184374));
#2646=CARTESIAN_POINT('Ctrl Pts',(7.2521102082146,4.8,-2.38630136157438));
#2647=CARTESIAN_POINT('Ctrl Pts',(7.21941719663807,4.8,-2.43618744424002));
#2648=CARTESIAN_POINT('',(7.21941719663807,5.6,-2.43618744424002));
#2649=CARTESIAN_POINT('',(7.21941719663807,4.8,-2.43618744424002));
#2650=CARTESIAN_POINT('',(7.24263137313116,5.6,-2.03804915076235));
#2651=CARTESIAN_POINT('Ctrl Pts',(7.21941719663807,5.6,-2.43618744424002));
#2652=CARTESIAN_POINT('Ctrl Pts',(7.2521102082146,5.6,-2.38630136157438));
#2653=CARTESIAN_POINT('Ctrl Pts',(7.30204368418987,5.6,-2.25254166184373));
#2654=CARTESIAN_POINT('Ctrl Pts',(7.27819642089021,5.6,-2.10917924628047));
#2655=CARTESIAN_POINT('Ctrl Pts',(7.24263137313116,5.6,-2.03804915076235));
#2656=CARTESIAN_POINT('',(7.24263137313116,5.6,-2.03804915076235));
#2657=CARTESIAN_POINT('Ctrl Pts',(7.35417844777922,5.6,-2.2611433000585));
#2658=CARTESIAN_POINT('Ctrl Pts',(7.35417844777922,4.64,-2.2611433000585));
#2659=CARTESIAN_POINT('Ctrl Pts',(7.32750127934665,5.6,-2.29445651980925));
#2660=CARTESIAN_POINT('Ctrl Pts',(7.32750127934665,4.64,-2.29445651980925));
#2661=CARTESIAN_POINT('Ctrl Pts',(7.30082411091407,5.6,-2.32776973956));
#2662=CARTESIAN_POINT('Ctrl Pts',(7.30082411091407,4.64,-2.32776973956));
#2663=CARTESIAN_POINT('Ctrl Pts',(7.2741469424815,5.6,-2.36108295931075));
#2664=CARTESIAN_POINT('Ctrl Pts',(7.2741469424815,4.64,-2.36108295931075));
#2665=CARTESIAN_POINT('Ctrl Pts',(7.05272491770103,5.6,-2.63758458982716));
#2666=CARTESIAN_POINT('Ctrl Pts',(7.05272491770103,4.64,-2.63758458982716));
#2667=CARTESIAN_POINT('Ctrl Pts',(7.08569405572037,5.6,-2.86552552408484));
#2668=CARTESIAN_POINT('Ctrl Pts',(7.08569405572037,4.64,-2.86552552408484));
#2669=CARTESIAN_POINT('Ctrl Pts',(7.16915491709012,5.6,-3.23528399518298));
#2670=CARTESIAN_POINT('Ctrl Pts',(7.16915491709012,4.64,-3.23528399518298));
#2671=CARTESIAN_POINT('Ctrl Pts',(7.22295042632407,5.6,-3.47361541088894));
#2672=CARTESIAN_POINT('Ctrl Pts',(7.22295042632407,4.64,-3.47361541088894));
#2673=CARTESIAN_POINT('Ctrl Pts',(7.2588845168703,5.6,-3.74175504163656));
#2674=CARTESIAN_POINT('Ctrl Pts',(7.2588845168703,4.64,-3.74175504163656));
#2675=CARTESIAN_POINT('Ctrl Pts',(7.23130559831363,5.6,-3.99999999996495));
#2676=CARTESIAN_POINT('Ctrl Pts',(7.23130559831363,4.64,-3.99999999996495));
#2677=CARTESIAN_POINT('',(7.2021937107988,4.8,-3.4));
#2678=CARTESIAN_POINT('Ctrl Pts',(7.21941719663807,4.8,-2.43618744424002));
#2679=CARTESIAN_POINT('Ctrl Pts',(7.05920694299028,4.8,-2.68065137007471));
#2680=CARTESIAN_POINT('Ctrl Pts',(7.09335951985439,4.8,-2.89948599671762));
#2681=CARTESIAN_POINT('Ctrl Pts',(7.18124220599963,4.8,-3.28883457438323));
#2682=CARTESIAN_POINT('Ctrl Pts',(7.19242775412941,4.8,-3.34389003309747));
#2683=CARTESIAN_POINT('Ctrl Pts',(7.2021937107988,4.8,-3.4));
#2684=CARTESIAN_POINT('',(7.23130559864184,5.,-4.));
#2685=CARTESIAN_POINT('Ctrl Pts',(7.2021937107988,4.8,-3.4));
#2686=CARTESIAN_POINT('Ctrl Pts',(7.23640799749588,4.86552566768955,-3.59657700306864));
#2687=CARTESIAN_POINT('Ctrl Pts',(7.25246382784643,4.93395914475108,-3.80187743425323));
#2688=CARTESIAN_POINT('Ctrl Pts',(7.23130559831363,4.99999999998832,-3.99999999996495));
#2689=CARTESIAN_POINT('',(7.23130559864184,5.4,-4.));
#2690=CARTESIAN_POINT('',(7.23130559864184,5.6,-4.));
#2691=CARTESIAN_POINT('',(7.2021937107988,5.6,-3.4));
#2692=CARTESIAN_POINT('Ctrl Pts',(7.23130559831363,5.40000000001168,-3.99999999996495));
#2693=CARTESIAN_POINT('Ctrl Pts',(7.25246382784644,5.46604085524892,-3.80187743425323));
#2694=CARTESIAN_POINT('Ctrl Pts',(7.23640799749588,5.53447433231046,-3.59657700306864));
#2695=CARTESIAN_POINT('Ctrl Pts',(7.2021937107988,5.6,-3.4));
#2696=CARTESIAN_POINT('Ctrl Pts',(7.21941719663807,5.6,-2.43618744424002));
#2697=CARTESIAN_POINT('Ctrl Pts',(7.05920694299028,5.6,-2.68065137007471));
#2698=CARTESIAN_POINT('Ctrl Pts',(7.09335951985439,5.6,-2.89948599671762));
#2699=CARTESIAN_POINT('Ctrl Pts',(7.18124220599963,5.6,-3.28883457438323));
#2700=CARTESIAN_POINT('Ctrl Pts',(7.19242775412941,5.6,-3.34389003309747));
#2701=CARTESIAN_POINT('Ctrl Pts',(7.2021937107988,5.6,-3.4));
#2702=CARTESIAN_POINT('Origin',(6.67708922388961,4.8,-1.87789130799666));
#2703=CARTESIAN_POINT('',(6.17888543819998,4.8,0.0894427190999916));
#2704=CARTESIAN_POINT('',(6.17888543819998,4.8,0.0894427190999916));
#2705=CARTESIAN_POINT('',(6.,4.8,0.244217384006676));
#2706=CARTESIAN_POINT('',(6.17888543819998,4.8,0.0894427190999916));
#2707=CARTESIAN_POINT('',(6.,4.8,0.));
#2708=CARTESIAN_POINT('',(6.,4.8,0.244217384006676));
#2709=CARTESIAN_POINT('',(7.1180339887499,4.8,-2.23606797749979));
#2710=CARTESIAN_POINT('',(6.,4.8,0.));
#2711=CARTESIAN_POINT('',(6.99999999281016,4.8,-3.4));
#2712=CARTESIAN_POINT('Ctrl Pts',(6.99999999281016,4.8,-3.4));
#2713=CARTESIAN_POINT('Ctrl Pts',(6.99996572515226,4.8,-3.39982824040159));
#2714=CARTESIAN_POINT('Ctrl Pts',(6.99510167893173,4.8,-3.37545674493252));
#2715=CARTESIAN_POINT('Ctrl Pts',(6.98492487401255,4.8,-3.32687555592664));
#2716=CARTESIAN_POINT('Ctrl Pts',(6.96852085294204,4.8,-3.2540855002519));
#2717=CARTESIAN_POINT('Ctrl Pts',(6.94577939374668,4.8,-3.15720695643028));
#2718=CARTESIAN_POINT('Ctrl Pts',(6.92030845620769,4.8,-3.03689922252916));
#2719=CARTESIAN_POINT('Ctrl Pts',(6.90236251061285,4.8,-2.91756723107443));
#2720=CARTESIAN_POINT('Ctrl Pts',(6.89622604514119,4.8,-2.7995792221405));
#2721=CARTESIAN_POINT('Ctrl Pts',(6.90523960370864,4.8,-2.68321831507474));
#2722=CARTESIAN_POINT('Ctrl Pts',(6.93114075063152,4.8,-2.56862373965858));
#2723=CARTESIAN_POINT('Ctrl Pts',(6.97457419158636,4.8,-2.45583861090751));
#2724=CARTESIAN_POINT('Ctrl Pts',(7.02334373957559,4.8,-2.36704869990511));
#2725=CARTESIAN_POINT('Ctrl Pts',(7.06768958963695,4.8,-2.30125137098218));
#2726=CARTESIAN_POINT('Ctrl Pts',(7.10068122899573,4.8,-2.25773730497859));
#2727=CARTESIAN_POINT('Ctrl Pts',(7.1180339887499,4.8,-2.23606797749979));
#2728=CARTESIAN_POINT('',(6.95419741126572,4.8,-3.4));
#2729=CARTESIAN_POINT('Origin',(6.95419741126572,5.5,-3.7));
#2730=CARTESIAN_POINT('',(7.02999961998611,5.4,-4.));
#2731=CARTESIAN_POINT('',(6.95419741126572,5.4,-4.));
#2732=CARTESIAN_POINT('',(6.99999999281016,5.6,-3.4));
#2733=CARTESIAN_POINT('Ctrl Pts',(6.99999999281016,5.6,-3.4));
#2734=CARTESIAN_POINT('Ctrl Pts',(7.00691344373141,5.58844924897492,-3.43465225307525));
#2735=CARTESIAN_POINT('Ctrl Pts',(7.01359387873994,5.57631658232824,-3.47105025301527));
#2736=CARTESIAN_POINT('Ctrl Pts',(7.0195462835772,5.56358963012373,-3.50923110962881));
#2737=CARTESIAN_POINT('Ctrl Pts',(7.02892656735825,5.54353346348012,-3.56939960955965));
#2738=CARTESIAN_POINT('Ctrl Pts',(7.03649129013233,5.52200172835004,-3.63399481494989));
#2739=CARTESIAN_POINT('Ctrl Pts',(7.04017220439399,5.4989482534541,-3.7031552396377));
#2740=CARTESIAN_POINT('Ctrl Pts',(7.04318281649083,5.48009286442242,-3.75972140673276));
#2741=CARTESIAN_POINT('Ctrl Pts',(7.04359363437934,5.46021957513017,-3.81934127460951));
#2742=CARTESIAN_POINT('Ctrl Pts',(7.04031427608034,5.43930078258423,-3.8820976522473));
#2743=CARTESIAN_POINT('Ctrl Pts',(7.03832146875921,5.42658880690674,-3.9202335792798));
#2744=CARTESIAN_POINT('Ctrl Pts',(7.03496868058315,5.41349065758796,-3.95952802723612));
#2745=CARTESIAN_POINT('Ctrl Pts',(7.02999961998611,5.4,-4.));
#2746=CARTESIAN_POINT('',(6.95419741126572,5.6,-3.4));
#2747=CARTESIAN_POINT('Origin',(7.23130559864184,5.6,-4.));
#2748=CARTESIAN_POINT('',(7.02999961998611,5.,-4.));
#2749=CARTESIAN_POINT('',(6.95419741126572,5.,-4.));
#2750=CARTESIAN_POINT('',(7.02999961998611,5.6,-4.));
#2751=CARTESIAN_POINT('Ctrl Pts',(7.02999961998611,5.6,-4.));
#2752=CARTESIAN_POINT('Ctrl Pts',(7.02999961998611,4.64,-4.));
#2753=CARTESIAN_POINT('Ctrl Pts',(7.03292384404708,5.6,-3.97618279869209));
#2754=CARTESIAN_POINT('Ctrl Pts',(7.03292384404708,4.64,-3.97618279869209));
#2755=CARTESIAN_POINT('Ctrl Pts',(7.03792675848638,5.6,-3.92850230944495));
#2756=CARTESIAN_POINT('Ctrl Pts',(7.03792675848638,4.64,-3.92850230944495));
#2757=CARTESIAN_POINT('Ctrl Pts',(7.04289454217179,5.6,-3.85684331632925));
#2758=CARTESIAN_POINT('Ctrl Pts',(7.04289454217179,4.64,-3.85684331632925));
#2759=CARTESIAN_POINT('Ctrl Pts',(7.04440807271826,5.6,-3.76101945669349));
#2760=CARTESIAN_POINT('Ctrl Pts',(7.04440807271826,4.64,-3.76101945669349));
#2761=CARTESIAN_POINT('Ctrl Pts',(7.03777314157032,5.6,-3.6407824809013));
#2762=CARTESIAN_POINT('Ctrl Pts',(7.03777314157032,4.64,-3.6407824809013));
#2763=CARTESIAN_POINT('Ctrl Pts',(7.02297465864142,5.6,-3.52013116657304));
#2764=CARTESIAN_POINT('Ctrl Pts',(7.02297465864142,4.64,-3.52013116657304));
#2765=CARTESIAN_POINT('Ctrl Pts',(7.0010678470723,5.6,-3.39916950793056));
#2766=CARTESIAN_POINT('Ctrl Pts',(7.0010678470723,4.64,-3.39916950793056));
#2767=CARTESIAN_POINT('Ctrl Pts',(6.97415586658478,5.6,-3.27809064044249));
#2768=CARTESIAN_POINT('Ctrl Pts',(6.97415586658478,4.64,-3.27809064044249));
#2769=CARTESIAN_POINT('Ctrl Pts',(6.94577939374668,5.6,-3.15720695643028));
#2770=CARTESIAN_POINT('Ctrl Pts',(6.94577939374668,4.64,-3.15720695643028));
#2771=CARTESIAN_POINT('Ctrl Pts',(6.92030845620769,5.6,-3.03689922252916));
#2772=CARTESIAN_POINT('Ctrl Pts',(6.92030845620769,4.64,-3.03689922252916));
#2773=CARTESIAN_POINT('Ctrl Pts',(6.90236251061285,5.6,-2.91756723107443));
#2774=CARTESIAN_POINT('Ctrl Pts',(6.90236251061285,4.64,-2.91756723107443));
#2775=CARTESIAN_POINT('Ctrl Pts',(6.89622604514119,5.6,-2.7995792221405));
#2776=CARTESIAN_POINT('Ctrl Pts',(6.89622604514119,4.64,-2.7995792221405));
#2777=CARTESIAN_POINT('Ctrl Pts',(6.90523960370864,5.6,-2.68321831507474));
#2778=CARTESIAN_POINT('Ctrl Pts',(6.90523960370864,4.64,-2.68321831507474));
#2779=CARTESIAN_POINT('Ctrl Pts',(6.93114075063152,5.6,-2.56862373965858));
#2780=CARTESIAN_POINT('Ctrl Pts',(6.93114075063152,4.64,-2.56862373965858));
#2781=CARTESIAN_POINT('Ctrl Pts',(6.97457419158636,5.6,-2.45583861090751));
#2782=CARTESIAN_POINT('Ctrl Pts',(6.97457419158636,4.64,-2.45583861090751));
#2783=CARTESIAN_POINT('Ctrl Pts',(7.02334373957559,5.6,-2.36704869990511));
#2784=CARTESIAN_POINT('Ctrl Pts',(7.02334373957559,4.64,-2.36704869990511));
#2785=CARTESIAN_POINT('Ctrl Pts',(7.06768958963695,5.6,-2.30125137098218));
#2786=CARTESIAN_POINT('Ctrl Pts',(7.06768958963695,4.64,-2.30125137098218));
#2787=CARTESIAN_POINT('Ctrl Pts',(7.10068122899573,5.6,-2.25773730497859));
#2788=CARTESIAN_POINT('Ctrl Pts',(7.10068122899573,4.64,-2.25773730497859));
#2789=CARTESIAN_POINT('Ctrl Pts',(7.1180339887499,5.6,-2.23606797749979));
#2790=CARTESIAN_POINT('Ctrl Pts',(7.1180339887499,4.64,-2.23606797749979));
#2791=CARTESIAN_POINT('Ctrl Pts',(7.02999961998611,5.,-4.));
#2792=CARTESIAN_POINT('Ctrl Pts',(7.03599885764764,4.98371248257092,-3.95113744771275));
#2793=CARTESIAN_POINT('Ctrl Pts',(7.0396435209719,4.96799710302002,-3.90399130906007));
#2794=CARTESIAN_POINT('Ctrl Pts',(7.0413802470888,4.95284267725806,-3.85852803177417));
#2795=CARTESIAN_POINT('Ctrl Pts',(7.04381721385942,4.93157805087265,-3.79473415261794));
#2796=CARTESIAN_POINT('Ctrl Pts',(7.04248664619013,4.91141762185488,-3.73425286556465));
#2797=CARTESIAN_POINT('Ctrl Pts',(7.03858407002468,4.89233167743645,-3.67699503230936));
#2798=CARTESIAN_POINT('Ctrl Pts',(7.03506736779371,4.87513288861825,-3.62539866585474));
#2799=CARTESIAN_POINT('Ctrl Pts',(7.0294653324362,4.85880674955995,-3.57642024867984));
#2800=CARTESIAN_POINT('Ctrl Pts',(7.02268303392667,4.84333314412733,-3.52999943238198));
#2801=CARTESIAN_POINT('Ctrl Pts',(7.01701317128876,4.83039752691839,-3.49119258075516));
#2802=CARTESIAN_POINT('Ctrl Pts',(7.01052154396036,4.81805780481394,-3.45417341444182));
#2803=CARTESIAN_POINT('Ctrl Pts',(7.00371191347575,4.80630182745953,-3.4189054823786));
#2804=CARTESIAN_POINT('Ctrl Pts',(7.00248416384982,4.80418227092383,-3.41254681277149));
#2805=CARTESIAN_POINT('Ctrl Pts',(7.00124594132846,4.80208168703139,-3.40624506109418));
#2806=CARTESIAN_POINT('Ctrl Pts',(6.99999999281016,4.8,-3.4));
#2807=CARTESIAN_POINT('',(7.1180339887499,5.6,-2.23606797749979));
#2808=CARTESIAN_POINT('',(7.1180339887499,5.6,-2.23606797749979));
#2809=CARTESIAN_POINT('Ctrl Pts',(7.1180339887499,5.6,-2.23606797749979));
#2810=CARTESIAN_POINT('Ctrl Pts',(7.10068122899573,5.6,-2.25773730497859));
#2811=CARTESIAN_POINT('Ctrl Pts',(7.06768958963695,5.6,-2.30125137098218));
#2812=CARTESIAN_POINT('Ctrl Pts',(7.02334373957559,5.6,-2.36704869990511));
#2813=CARTESIAN_POINT('Ctrl Pts',(6.97457419158636,5.6,-2.45583861090751));
#2814=CARTESIAN_POINT('Ctrl Pts',(6.93114075063152,5.6,-2.56862373965858));
#2815=CARTESIAN_POINT('Ctrl Pts',(6.90523960370864,5.6,-2.68321831507474));
#2816=CARTESIAN_POINT('Ctrl Pts',(6.89622604514119,5.6,-2.7995792221405));
#2817=CARTESIAN_POINT('Ctrl Pts',(6.90236251061285,5.6,-2.91756723107443));
#2818=CARTESIAN_POINT('Ctrl Pts',(6.92030845620769,5.6,-3.03689922252916));
#2819=CARTESIAN_POINT('Ctrl Pts',(6.94581555021079,5.6,-3.15737773547036));
#2820=CARTESIAN_POINT('Ctrl Pts',(6.96856114118536,5.6,-3.25425709831445));
#2821=CARTESIAN_POINT('Ctrl Pts',(6.98496358837853,5.6,-3.32704736131937));
#2822=CARTESIAN_POINT('Ctrl Pts',(6.99513765694654,5.6,-3.37562853995758));
#2823=CARTESIAN_POINT('Ctrl Pts',(6.99999999281016,5.6,-3.4));
#2824=CARTESIAN_POINT('Origin',(6.95419741126572,4.9,-3.7));
#2825=CARTESIAN_POINT('Origin',(6.,5.6,0.));
#2826=CARTESIAN_POINT('',(6.,5.6,0.244217384006676));
#2827=CARTESIAN_POINT('',(6.,5.6,0.));
#2828=CARTESIAN_POINT('',(6.,5.6,0.244217384006676));
#2829=CARTESIAN_POINT('',(6.,5.6,0.));
#2830=CARTESIAN_POINT('',(6.,5.6,0.244217384006676));
#2831=CARTESIAN_POINT('Origin',(7.1180339887499,5.6,-2.23606797749979));
#2832=CARTESIAN_POINT('',(6.,5.6,0.));
#2833=CARTESIAN_POINT('Origin',(6.17888543819998,5.6,0.0894427190999916));
#2834=CARTESIAN_POINT('',(6.17888543819998,5.6,0.0894427190999916));
#2835=CARTESIAN_POINT('',(6.17888543819998,5.6,0.0894427190999916));
#2836=CARTESIAN_POINT('',(6.17888543819998,5.6,0.0894427190999916));
#2837=CARTESIAN_POINT('Origin',(6.,5.6,0.244217384006676));
#2838=CARTESIAN_POINT('',(6.17888543819998,5.6,0.0894427190999916));
#2839=CARTESIAN_POINT('Origin',(6.67708922388961,5.6,-1.87789130799666));
#2840=CARTESIAN_POINT('Ctrl Pts',(-1.21941719663807,5.6,-2.43618744424003));
#2841=CARTESIAN_POINT('Ctrl Pts',(-1.21941719663807,4.64,-2.43618744424003));
#2842=CARTESIAN_POINT('Ctrl Pts',(-1.26300787874011,5.6,-2.36967266735249));
#2843=CARTESIAN_POINT('Ctrl Pts',(-1.26300787874011,4.64,-2.36967266735249));
#2844=CARTESIAN_POINT('Ctrl Pts',(-1.30337006062609,5.6,-2.23005321712407));
#2845=CARTESIAN_POINT('Ctrl Pts',(-1.30337006062609,4.64,-2.23005321712407));
#2846=CARTESIAN_POINT('Ctrl Pts',(-1.26930515895045,5.6,-2.09139672240094));
#2847=CARTESIAN_POINT('Ctrl Pts',(-1.26930515895045,4.64,-2.09139672240094));
#2848=CARTESIAN_POINT('Ctrl Pts',(-1.24263137313116,5.6,-2.03804915076236));
#2849=CARTESIAN_POINT('Ctrl Pts',(-1.24263137313116,4.64,-2.03804915076236));
#2850=CARTESIAN_POINT('',(-1.21941719663807,4.8,-2.43618744424003));
#2851=CARTESIAN_POINT('',(-1.24263137313116,4.8,-2.03804915076236));
#2852=CARTESIAN_POINT('Ctrl Pts',(-1.21941719663807,4.8,-2.43618744424003));
#2853=CARTESIAN_POINT('Ctrl Pts',(-1.26300787874011,4.8,-2.36967266735249));
#2854=CARTESIAN_POINT('Ctrl Pts',(-1.3033700606261,4.8,-2.23005321712407));
#2855=CARTESIAN_POINT('Ctrl Pts',(-1.26930515895045,4.8,-2.09139672240094));
#2856=CARTESIAN_POINT('Ctrl Pts',(-1.24263137313116,4.8,-2.03804915076236));
#2857=CARTESIAN_POINT('',(-1.24263137313116,5.6,-2.03804915076236));
#2858=CARTESIAN_POINT('',(-1.24263137313116,4.8,-2.03804915076236));
#2859=CARTESIAN_POINT('',(-1.21941719663807,5.6,-2.43618744424003));
#2860=CARTESIAN_POINT('Ctrl Pts',(-1.24263137313116,5.6,-2.03804915076236));
#2861=CARTESIAN_POINT('Ctrl Pts',(-1.26930515895045,5.6,-2.09139672240094));
#2862=CARTESIAN_POINT('Ctrl Pts',(-1.30337006062608,5.6,-2.23005321712407));
#2863=CARTESIAN_POINT('Ctrl Pts',(-1.26300787874011,5.6,-2.36967266735249));
#2864=CARTESIAN_POINT('Ctrl Pts',(-1.21941719663807,5.6,-2.43618744424003));
#2865=CARTESIAN_POINT('',(-1.21941719663807,5.6,-2.43618744424003));
#2866=CARTESIAN_POINT('Origin',(-0.677089223889611,5.6,-1.87789130799666));
#2867=CARTESIAN_POINT('',(-0.178885438199983,5.6,0.0894427190999916));
#2868=CARTESIAN_POINT('',(-0.178885438199983,5.6,0.0894427190999916));
#2869=CARTESIAN_POINT('',(1.02716263700653E-33,5.6,0.244217384006676));
#2870=CARTESIAN_POINT('',(-0.178885438199983,5.6,0.0894427190999916));
#2871=CARTESIAN_POINT('',(1.02716263700653E-33,5.6,0.));
#2872=CARTESIAN_POINT('',(1.02716263700653E-33,5.6,0.244217384006676));
#2873=CARTESIAN_POINT('',(-1.11803398874989,5.6,-2.23606797749979));
#2874=CARTESIAN_POINT('',(1.02716263700653E-33,5.6,0.));
#2875=CARTESIAN_POINT('',(-0.999999992810162,5.6,-3.4));
#2876=CARTESIAN_POINT('Ctrl Pts',(-1.11803398874989,5.6,-2.23606797749979));
#2877=CARTESIAN_POINT('Ctrl Pts',(-1.10068122899573,5.6,-2.25773730497859));
#2878=CARTESIAN_POINT('Ctrl Pts',(-1.06768958963695,5.6,-2.30125137098218));
#2879=CARTESIAN_POINT('Ctrl Pts',(-1.02334373957559,5.6,-2.36704869990511));
#2880=CARTESIAN_POINT('Ctrl Pts',(-0.974574191586358,5.6,-2.45583861090751));
#2881=CARTESIAN_POINT('Ctrl Pts',(-0.931140750631517,5.6,-2.56862373965858));
#2882=CARTESIAN_POINT('Ctrl Pts',(-0.905239603708637,5.6,-2.68321831507474));
#2883=CARTESIAN_POINT('Ctrl Pts',(-0.896226045141186,5.6,-2.7995792221405));
#2884=CARTESIAN_POINT('Ctrl Pts',(-0.90236251061285,5.6,-2.91756723107443));
#2885=CARTESIAN_POINT('Ctrl Pts',(-0.920308456207689,5.6,-3.03689922252916));
#2886=CARTESIAN_POINT('Ctrl Pts',(-0.945815550210786,5.6,-3.15737773547036));
#2887=CARTESIAN_POINT('Ctrl Pts',(-0.968561141185363,5.6,-3.25425709831445));
#2888=CARTESIAN_POINT('Ctrl Pts',(-0.984963588378532,5.6,-3.32704736131937));
#2889=CARTESIAN_POINT('Ctrl Pts',(-0.995137656946541,5.6,-3.37562853995758));
#2890=CARTESIAN_POINT('Ctrl Pts',(-0.999999992810162,5.6,-3.4));
#2891=CARTESIAN_POINT('',(-1.2021937107988,5.6,-3.4));
#2892=CARTESIAN_POINT('',(-0.85354442193786,5.6,-3.4));
#2893=CARTESIAN_POINT('Ctrl Pts',(-1.21941719663807,5.6,-2.43618744424003));
#2894=CARTESIAN_POINT('Ctrl Pts',(-1.05920694299028,5.6,-2.68065137007472));
#2895=CARTESIAN_POINT('Ctrl Pts',(-1.09335951985439,5.6,-2.89948599671762));
#2896=CARTESIAN_POINT('Ctrl Pts',(-1.18124220599963,5.6,-3.28883457438323));
#2897=CARTESIAN_POINT('Ctrl Pts',(-1.19242775412941,5.6,-3.34389003309747));
#2898=CARTESIAN_POINT('Ctrl Pts',(-1.2021937107988,5.6,-3.4));
#2899=CARTESIAN_POINT('Origin',(-1.35417844777656,5.6,-2.26114330005316));
#2900=CARTESIAN_POINT('',(-0.178885438199983,4.8,0.0894427190999916));
#2901=CARTESIAN_POINT('',(-0.178885438199983,4.8,0.0894427190999916));
#2902=CARTESIAN_POINT('',(-0.178885438199983,5.6,0.0894427190999916));
#2903=CARTESIAN_POINT('Origin',(-0.85354442193786,5.5,-3.7));
#2904=CARTESIAN_POINT('',(-1.23130559864183,5.4,-4.));
#2905=CARTESIAN_POINT('Ctrl Pts',(-1.2021937107988,5.6,-3.4));
#2906=CARTESIAN_POINT('Ctrl Pts',(-1.23640799749588,5.53447433231045,-3.59657700306865));
#2907=CARTESIAN_POINT('Ctrl Pts',(-1.25246382784643,5.46604085524892,-3.80187743425323));
#2908=CARTESIAN_POINT('Ctrl Pts',(-1.23130559831363,5.40000000001168,-3.99999999996495));
#2909=CARTESIAN_POINT('',(-1.02999961998611,5.4,-4.));
#2910=CARTESIAN_POINT('Ctrl Pts',(-1.02999961998611,5.4,-4.));
#2911=CARTESIAN_POINT('Ctrl Pts',(-1.03599885764788,5.41628751742976,-3.95113744771073));
#2912=CARTESIAN_POINT('Ctrl Pts',(-1.03964352097219,5.43200289698127,-3.90399130905618));
#2913=CARTESIAN_POINT('Ctrl Pts',(-1.04138024708901,5.44715732274382,-3.85852803176855));
#2914=CARTESIAN_POINT('Ctrl Pts',(-1.04381721385942,5.46842194912919,-3.79473415261245));
#2915=CARTESIAN_POINT('Ctrl Pts',(-1.04248664618993,5.4885823781469,-3.73425286555929));
#2916=CARTESIAN_POINT('Ctrl Pts',(-1.03858407002433,5.50766832256529,-3.67699503230414));
#2917=CARTESIAN_POINT('Ctrl Pts',(-1.03506736779321,5.52486711138349,-3.62539866584954));
#2918=CARTESIAN_POINT('Ctrl Pts',(-1.02946533243556,5.54119325044177,-3.57642024867468));
#2919=CARTESIAN_POINT('Ctrl Pts',(-1.02268303392592,5.55666685587437,-3.52999943237688));
#2920=CARTESIAN_POINT('Ctrl Pts',(-1.01701317128821,5.56960247308265,-3.49119258075206));
#2921=CARTESIAN_POINT('Ctrl Pts',(-1.01052154396011,5.58194219518648,-3.45417341444057));
#2922=CARTESIAN_POINT('Ctrl Pts',(-1.00371191347584,5.59369817254033,-3.41890548237902));
#2923=CARTESIAN_POINT('Ctrl Pts',(-1.00248416384988,5.59581772907608,-3.41254681277177));
#2924=CARTESIAN_POINT('Ctrl Pts',(-1.00124594132849,5.59791831296856,-3.40624506109432));
#2925=CARTESIAN_POINT('Ctrl Pts',(-0.999999992810162,5.6,-3.4));
#2926=CARTESIAN_POINT('',(-0.85354442193786,5.4,-4.));
#2927=CARTESIAN_POINT('Origin',(-1.02999961998611,5.6,-4.));
#2928=CARTESIAN_POINT('',(-1.02999961998611,5.,-4.));
#2929=CARTESIAN_POINT('',(-1.02999961998611,5.6,-4.));
#2930=CARTESIAN_POINT('',(-1.23130559864183,5.,-4.));
#2931=CARTESIAN_POINT('',(-0.85354442193786,5.,-4.));
#2932=CARTESIAN_POINT('',(-1.23130559864183,5.6,-4.));
#2933=CARTESIAN_POINT('Ctrl Pts',(-1.23130559831363,5.6,-3.99999999996495));
#2934=CARTESIAN_POINT('Ctrl Pts',(-1.23130559831363,4.64,-3.99999999996495));
#2935=CARTESIAN_POINT('Ctrl Pts',(-1.2588845168703,5.6,-3.74175504163656));
#2936=CARTESIAN_POINT('Ctrl Pts',(-1.2588845168703,4.64,-3.74175504163656));
#2937=CARTESIAN_POINT('Ctrl Pts',(-1.22295042632407,5.6,-3.47361541088894));
#2938=CARTESIAN_POINT('Ctrl Pts',(-1.22295042632407,4.64,-3.47361541088894));
#2939=CARTESIAN_POINT('Ctrl Pts',(-1.16915491709012,5.6,-3.23528399518298));
#2940=CARTESIAN_POINT('Ctrl Pts',(-1.16915491709012,4.64,-3.23528399518298));
#2941=CARTESIAN_POINT('Ctrl Pts',(-1.08569405572036,5.6,-2.86552552408484));
#2942=CARTESIAN_POINT('Ctrl Pts',(-1.08569405572036,4.64,-2.86552552408484));
#2943=CARTESIAN_POINT('Ctrl Pts',(-1.05272491770103,5.6,-2.63758458982716));
#2944=CARTESIAN_POINT('Ctrl Pts',(-1.05272491770103,4.64,-2.63758458982716));
#2945=CARTESIAN_POINT('Ctrl Pts',(-1.27414694248149,5.6,-2.36108295931075));
#2946=CARTESIAN_POINT('Ctrl Pts',(-1.27414694248149,4.64,-2.36108295931075));
#2947=CARTESIAN_POINT('Ctrl Pts',(-1.30082411091407,5.6,-2.32776973956));
#2948=CARTESIAN_POINT('Ctrl Pts',(-1.30082411091407,4.64,-2.32776973956));
#2949=CARTESIAN_POINT('Ctrl Pts',(-1.32750127934664,5.6,-2.29445651980925));
#2950=CARTESIAN_POINT('Ctrl Pts',(-1.32750127934664,4.64,-2.29445651980925));
#2951=CARTESIAN_POINT('Ctrl Pts',(-1.35417844777922,5.6,-2.2611433000585));
#2952=CARTESIAN_POINT('Ctrl Pts',(-1.35417844777922,4.64,-2.2611433000585));
#2953=CARTESIAN_POINT('',(-1.2021937107988,4.8,-3.4));
#2954=CARTESIAN_POINT('Ctrl Pts',(-1.23130559831363,4.99999999998832,-3.99999999996495));
#2955=CARTESIAN_POINT('Ctrl Pts',(-1.25246382784643,4.93395914475108,-3.80187743425323));
#2956=CARTESIAN_POINT('Ctrl Pts',(-1.23640799749588,4.86552566768955,-3.59657700306865));
#2957=CARTESIAN_POINT('Ctrl Pts',(-1.2021937107988,4.8,-3.4));
#2958=CARTESIAN_POINT('Ctrl Pts',(-1.2021937107988,4.8,-3.4));
#2959=CARTESIAN_POINT('Ctrl Pts',(-1.19242775412941,4.8,-3.34389003309747));
#2960=CARTESIAN_POINT('Ctrl Pts',(-1.18124220599963,4.8,-3.28883457438323));
#2961=CARTESIAN_POINT('Ctrl Pts',(-1.09335951985439,4.8,-2.89948599671762));
#2962=CARTESIAN_POINT('Ctrl Pts',(-1.05920694299028,4.8,-2.68065137007472));
#2963=CARTESIAN_POINT('Ctrl Pts',(-1.21941719663807,4.8,-2.43618744424003));
#2964=CARTESIAN_POINT('Origin',(-0.85354442193786,4.9,-3.7));
#2965=CARTESIAN_POINT('',(-0.999999992810162,4.8,-3.4));
#2966=CARTESIAN_POINT('Ctrl Pts',(-0.999999992810162,4.8,-3.4));
#2967=CARTESIAN_POINT('Ctrl Pts',(-1.00691344373131,4.81155075102493,-3.43465225307478));
#2968=CARTESIAN_POINT('Ctrl Pts',(-1.01359387873975,4.82368341767142,-3.47105025301426));
#2969=CARTESIAN_POINT('Ctrl Pts',(-1.01954628357694,4.83641036987572,-3.50923110962717));
#2970=CARTESIAN_POINT('Ctrl Pts',(-1.02892656735758,4.85646653651835,-3.56939960955506));
#2971=CARTESIAN_POINT('Ctrl Pts',(-1.03649129013142,4.87799827164729,-3.63399481494186));
#2972=CARTESIAN_POINT('Ctrl Pts',(-1.04017220439335,4.90105174654191,-3.70315523962573));
#2973=CARTESIAN_POINT('Ctrl Pts',(-1.04318281649088,4.91990713557545,-3.75972140672634));
#2974=CARTESIAN_POINT('Ctrl Pts',(-1.0435936343796,4.93978042486976,-3.81934127460927));
#2975=CARTESIAN_POINT('Ctrl Pts',(-1.04031427608,4.96069921741796,-3.88209765225387));
#2976=CARTESIAN_POINT('Ctrl Pts',(-1.03832146875883,4.97341119309477,-3.92023357928432));
#2977=CARTESIAN_POINT('Ctrl Pts',(-1.03496868058286,4.98650934241282,-3.95952802723845));
#2978=CARTESIAN_POINT('Ctrl Pts',(-1.02999961998611,5.,-4.));
#2979=CARTESIAN_POINT('',(-0.85354442193786,4.8,-3.4));
#2980=CARTESIAN_POINT('Ctrl Pts',(-1.11803398874989,5.6,-2.23606797749979));
#2981=CARTESIAN_POINT('Ctrl Pts',(-1.11803398874989,4.64,-2.23606797749979));
#2982=CARTESIAN_POINT('Ctrl Pts',(-1.10068122899573,5.6,-2.25773730497859));
#2983=CARTESIAN_POINT('Ctrl Pts',(-1.10068122899573,4.64,-2.25773730497859));
#2984=CARTESIAN_POINT('Ctrl Pts',(-1.06768958963695,5.6,-2.30125137098218));
#2985=CARTESIAN_POINT('Ctrl Pts',(-1.06768958963695,4.64,-2.30125137098218));
#2986=CARTESIAN_POINT('Ctrl Pts',(-1.02334373957559,5.6,-2.36704869990511));
#2987=CARTESIAN_POINT('Ctrl Pts',(-1.02334373957559,4.64,-2.36704869990511));
#2988=CARTESIAN_POINT('Ctrl Pts',(-0.974574191586358,5.6,-2.45583861090751));
#2989=CARTESIAN_POINT('Ctrl Pts',(-0.974574191586358,4.64,-2.45583861090751));
#2990=CARTESIAN_POINT('Ctrl Pts',(-0.931140750631517,5.6,-2.56862373965858));
#2991=CARTESIAN_POINT('Ctrl Pts',(-0.931140750631517,4.64,-2.56862373965858));
#2992=CARTESIAN_POINT('Ctrl Pts',(-0.905239603708637,5.6,-2.68321831507474));
#2993=CARTESIAN_POINT('Ctrl Pts',(-0.905239603708637,4.64,-2.68321831507474));
#2994=CARTESIAN_POINT('Ctrl Pts',(-0.896226045141186,5.6,-2.7995792221405));
#2995=CARTESIAN_POINT('Ctrl Pts',(-0.896226045141186,4.64,-2.7995792221405));
#2996=CARTESIAN_POINT('Ctrl Pts',(-0.90236251061285,5.6,-2.91756723107443));
#2997=CARTESIAN_POINT('Ctrl Pts',(-0.90236251061285,4.64,-2.91756723107443));
#2998=CARTESIAN_POINT('Ctrl Pts',(-0.920308456207689,5.6,-3.03689922252916));
#2999=CARTESIAN_POINT('Ctrl Pts',(-0.920308456207689,4.64,-3.03689922252916));
#3000=CARTESIAN_POINT('Ctrl Pts',(-0.945779393746677,5.6,-3.15720695643028));
#3001=CARTESIAN_POINT('Ctrl Pts',(-0.945779393746677,4.64,-3.15720695643028));
#3002=CARTESIAN_POINT('Ctrl Pts',(-0.974155866584783,5.6,-3.27809064044249));
#3003=CARTESIAN_POINT('Ctrl Pts',(-0.974155866584783,4.64,-3.27809064044249));
#3004=CARTESIAN_POINT('Ctrl Pts',(-1.0010678470723,5.6,-3.39916950793056));
#3005=CARTESIAN_POINT('Ctrl Pts',(-1.0010678470723,4.64,-3.39916950793056));
#3006=CARTESIAN_POINT('Ctrl Pts',(-1.02297465864142,5.6,-3.52013116657304));
#3007=CARTESIAN_POINT('Ctrl Pts',(-1.02297465864142,4.64,-3.52013116657304));
#3008=CARTESIAN_POINT('Ctrl Pts',(-1.03777314157032,5.6,-3.6407824809013));
#3009=CARTESIAN_POINT('Ctrl Pts',(-1.03777314157032,4.64,-3.6407824809013));
#3010=CARTESIAN_POINT('Ctrl Pts',(-1.04440807271826,5.6,-3.76101945669349));
#3011=CARTESIAN_POINT('Ctrl Pts',(-1.04440807271826,4.64,-3.76101945669349));
#3012=CARTESIAN_POINT('Ctrl Pts',(-1.04289454217179,5.6,-3.85684331632925));
#3013=CARTESIAN_POINT('Ctrl Pts',(-1.04289454217179,4.64,-3.85684331632925));
#3014=CARTESIAN_POINT('Ctrl Pts',(-1.03792675848638,5.6,-3.92850230944495));
#3015=CARTESIAN_POINT('Ctrl Pts',(-1.03792675848638,4.64,-3.92850230944495));
#3016=CARTESIAN_POINT('Ctrl Pts',(-1.03292384404707,5.6,-3.97618279869209));
#3017=CARTESIAN_POINT('Ctrl Pts',(-1.03292384404707,4.64,-3.97618279869209));
#3018=CARTESIAN_POINT('Ctrl Pts',(-1.02999961998611,5.6,-4.));
#3019=CARTESIAN_POINT('Ctrl Pts',(-1.02999961998611,4.64,-4.));
#3020=CARTESIAN_POINT('',(-1.11803398874989,4.8,-2.23606797749979));
#3021=CARTESIAN_POINT('',(-1.11803398874989,5.6,-2.23606797749979));
#3022=CARTESIAN_POINT('Ctrl Pts',(-1.11803398874989,4.8,-2.23606797749979));
#3023=CARTESIAN_POINT('Ctrl Pts',(-1.10068122899573,4.8,-2.25773730497859));
#3024=CARTESIAN_POINT('Ctrl Pts',(-1.06768958963695,4.8,-2.30125137098218));
#3025=CARTESIAN_POINT('Ctrl Pts',(-1.02334373957559,4.8,-2.36704869990511));
#3026=CARTESIAN_POINT('Ctrl Pts',(-0.974574191586358,4.8,-2.45583861090751));
#3027=CARTESIAN_POINT('Ctrl Pts',(-0.931140750631517,4.8,-2.56862373965858));
#3028=CARTESIAN_POINT('Ctrl Pts',(-0.905239603708637,4.8,-2.68321831507474));
#3029=CARTESIAN_POINT('Ctrl Pts',(-0.896226045141186,4.8,-2.7995792221405));
#3030=CARTESIAN_POINT('Ctrl Pts',(-0.90236251061285,4.8,-2.91756723107443));
#3031=CARTESIAN_POINT('Ctrl Pts',(-0.920308456207689,4.8,-3.03689922252916));
#3032=CARTESIAN_POINT('Ctrl Pts',(-0.945815550210786,4.8,-3.15737773547036));
#3033=CARTESIAN_POINT('Ctrl Pts',(-0.968561141185363,4.8,-3.25425709831445));
#3034=CARTESIAN_POINT('Ctrl Pts',(-0.984963588378532,4.8,-3.32704736131937));
#3035=CARTESIAN_POINT('Ctrl Pts',(-0.995137656946541,4.8,-3.37562853995758));
#3036=CARTESIAN_POINT('Ctrl Pts',(-0.999999992810162,4.8,-3.4));
#3037=CARTESIAN_POINT('Origin',(1.02716263700653E-33,5.6,0.));
#3038=CARTESIAN_POINT('',(6.16297582203915E-33,4.8,0.));
#3039=CARTESIAN_POINT('',(1.02716263700653E-33,5.6,0.));
#3040=CARTESIAN_POINT('',(5.13581318503263E-33,4.8,0.));
#3041=CARTESIAN_POINT('Origin',(1.02716263700653E-33,5.6,0.244217384006676));
#3042=CARTESIAN_POINT('',(6.16297582203915E-33,4.8,0.244217384006676));
#3043=CARTESIAN_POINT('',(1.02716263700653E-33,5.6,0.244217384006676));
#3044=CARTESIAN_POINT('',(5.13581318503263E-33,4.8,0.244217384006676));
#3045=CARTESIAN_POINT('Origin',(-0.178885438199983,5.6,0.0894427190999916));
#3046=CARTESIAN_POINT('',(-0.178885438199983,4.8,0.0894427190999916));
#3047=CARTESIAN_POINT('Origin',(-0.677089223889611,4.8,-1.87789130799666));
#3048=UNCERTAINTY_MEASURE_WITH_UNIT(LENGTH_MEASURE(0.01),#3052,
'DISTANCE_ACCURACY_VALUE',
'Maximum model space distance between geometric entities at asserted c
onnectivities');
#3049=UNCERTAINTY_MEASURE_WITH_UNIT(LENGTH_MEASURE(0.01),#3052,
'DISTANCE_ACCURACY_VALUE',
'Maximum model space distance between geometric entities at asserted c
onnectivities');
#3050=(
GEOMETRIC_REPRESENTATION_CONTEXT(3)
GLOBAL_UNCERTAINTY_ASSIGNED_CONTEXT((#3048))
GLOBAL_UNIT_ASSIGNED_CONTEXT((#3052,#3054,#3055))
REPRESENTATION_CONTEXT('','3D')
);
#3051=(
GEOMETRIC_REPRESENTATION_CONTEXT(3)
GLOBAL_UNCERTAINTY_ASSIGNED_CONTEXT((#3049))
GLOBAL_UNIT_ASSIGNED_CONTEXT((#3052,#3054,#3055))
REPRESENTATION_CONTEXT('','3D')
);
#3052=(
LENGTH_UNIT()
NAMED_UNIT(*)
SI_UNIT(.MILLI.,.METRE.)
);
#3053=(
LENGTH_UNIT()
NAMED_UNIT(*)
SI_UNIT($,.METRE.)
);
#3054=(
NAMED_UNIT(*)
PLANE_ANGLE_UNIT()
SI_UNIT($,.RADIAN.)
);
#3055=(
NAMED_UNIT(*)
SI_UNIT($,.STERADIAN.)
SOLID_ANGLE_UNIT()
);
#3056=SHAPE_DEFINITION_REPRESENTATION(#3057,#3058);
#3057=PRODUCT_DEFINITION_SHAPE('',$,#3060);
#3058=SHAPE_REPRESENTATION('',(#1471),#3050);
#3059=PRODUCT_DEFINITION_CONTEXT('part definition',#3064,'design');
#3060=PRODUCT_DEFINITION('\X2\043A043D043E043F043A0430\X0\ \X2\043C0430043B0435043D044C043A0430044F\X0\',
'Button 6x6x13 v2',#3061,#3059);
#3061=PRODUCT_DEFINITION_FORMATION('',$,#3066);
#3062=PRODUCT_RELATED_PRODUCT_CATEGORY('Button 6x6x13 v2',
'Button 6x6x13 v2',(#3066));
#3063=APPLICATION_PROTOCOL_DEFINITION('international standard',
'automotive_design',2009,#3064);
#3064=APPLICATION_CONTEXT(
'Core Data for Automotive Mechanical Design Process');
#3065=PRODUCT_CONTEXT('part definition',#3064,'mechanical');
#3066=PRODUCT('\X2\043A043D043E043F043A0430\X0\ \X2\043C0430043B0435043D044C043A0430044F\X0\',
'Button 6x6x13 v2',$,(#3065));
#3067=PRESENTATION_STYLE_ASSIGNMENT((#3070));
#3068=PRESENTATION_STYLE_ASSIGNMENT((#3071));
#3069=PRESENTATION_STYLE_ASSIGNMENT((#3072));
#3070=SURFACE_STYLE_USAGE(.BOTH.,#3073);
#3071=SURFACE_STYLE_USAGE(.BOTH.,#3074);
#3072=SURFACE_STYLE_USAGE(.BOTH.,#3075);
#3073=SURFACE_SIDE_STYLE('',(#3076));
#3074=SURFACE_SIDE_STYLE('',(#3077));
#3075=SURFACE_SIDE_STYLE('',(#3078));
#3076=SURFACE_STYLE_FILL_AREA(#3079);
#3077=SURFACE_STYLE_FILL_AREA(#3080);
#3078=SURFACE_STYLE_FILL_AREA(#3081);
#3079=FILL_AREA_STYLE('Steel - Satin',(#3082));
#3080=FILL_AREA_STYLE('Opaque(18,18,17)',(#3083));
#3081=FILL_AREA_STYLE('Opaque(245,245,246)',(#3084));
#3082=FILL_AREA_STYLE_COLOUR('Steel - Satin',#3085);
#3083=FILL_AREA_STYLE_COLOUR('Opaque(18,18,17)',#3086);
#3084=FILL_AREA_STYLE_COLOUR('Opaque(245,245,246)',#3087);
#3085=COLOUR_RGB('Steel - Satin',0.627450980392157,0.627450980392157,0.627450980392157);
#3086=COLOUR_RGB('Opaque(18,18,17)',0.0705882352941176,0.0705882352941176,
0.0666666666666667);
#3087=COLOUR_RGB('Opaque(245,245,246)',0.96078431372549,0.96078431372549,
0.964705882352941);
ENDSEC;
END-ISO-10303-21;
