ISO-10303-21;
HEADER;
/* Generated by software containing ST-Developer
 * from STEP Tools, Inc. (www.steptools.com) 
 */

FILE_DESCRIPTION(
/* description */ (''),
/* implementation_level */ '2;1');

FILE_NAME(
/* name */ 'displej.step',
/* time_stamp */ '2026-04-20T16:21:57+02:00',
/* author */ (''),
/* organization */ (''),
/* preprocessor_version */ 'ST-DEVELOPER v20.1',
/* originating_system */ 'Autodesk Translation Framework v14.24.0.0',
/* authorisation */ '');

FILE_SCHEMA (('AUTOMOTIVE_DESIGN { 1 0 10303 214 3 1 1 }'));
ENDSEC;

DATA;
#10=MECHANICAL_DESIGN_GEOMETRIC_PRESENTATION_REPRESENTATION('',(#7144,#7145,
#7146,#7147,#7148,#7149,#7150,#7151,#7152,#7153,#7154,#7155,#7156,#7157,
#7158,#7159,#7160,#7161,#7162,#7163,#7164,#7165,#7166,#7167,#7168,#7169,
#7170,#7171,#7172,#7173,#7174,#7175,#7176,#7177,#7178,#7179,#7180,#7181,
#7182,#7183,#7184,#7185,#7186,#7187,#7188,#7189,#7190,#7191,#7192,#7193,
#7194,#7195,#7196,#7197,#7198,#7199,#7200,#7201,#7202,#7203,#7204,#7205,
#7206,#7207,#7208,#7209,#7210,#7211,#7212,#7213,#7214,#7215,#7216,#7217,
#7218,#7219,#7220,#7221,#7222,#7223,#7224,#7225,#7226,#7227,#7228,#7229,
#7230,#7231,#7232,#7233,#7234,#7235,#7236,#7237,#7238,#7239,#7240,#7241,
#7242,#7243,#7244,#7245,#7246,#7247,#7248,#7249,#7250,#7251,#7252,#7253,
#7254,#7255,#7256,#7257,#7258,#7259,#7260,#7261,#7262,#7263,#7264,#7265,
#7266,#7267,#7268,#7269,#7270,#7271,#7272,#7273,#7274,#7275,#7276,#7277,
#7278,#7279,#7280,#7281,#7282,#7283,#7284,#7285,#7286,#7287,#7288,#7289,
#7290,#7291,#7292,#7293,#7294,#7295,#7296,#7297,#7298,#7299,#7300,#7301,
#7302,#7303,#7304,#7305,#7306,#7307,#7308,#7309,#7310,#7311,#7312,#7313,
#7314,#7315,#7316,#7317,#7318,#7319,#7320,#7321,#7322,#7323,#7324,#7325,
#7326,#7327,#7328,#7329,#7330,#7331,#7332,#7333,#7334,#7335,#7336,#7337,
#7338,#7339,#7340,#7341,#7342,#7343,#7344,#7345,#7346,#7347,#7348,#7349,
#7350,#7351,#7352,#7353,#7354,#7355,#7356,#7357,#7358,#7359,#7360,#7361,
#7362,#7363,#7364,#7365,#7366,#7367,#7368,#7369,#7370,#7371,#7372,#7373,
#7374,#7375,#7376,#7377,#7378,#7379,#7380,#7381,#7382,#7383,#7384,#7385,
#7386,#7387,#7388,#7389,#7390,#7391,#7392,#7393,#7394,#7395,#7396,#7397,
#7398,#7399,#7400,#7401,#7402,#7403,#7404,#7405,#7406,#7407,#7408,#7409,
#7410,#7411,#7412,#7413,#7414,#7415,#7416,#7417,#7418,#7419,#7420,#7421,
#7422,#7423,#7424,#7425,#7426,#7427,#7428,#7429,#7430,#7431,#7432,#7433,
#7434,#7435,#7436,#7437,#7438,#7439,#7440,#7441,#7442,#7443,#7444,#7445,
#7446,#7447,#7448,#7449,#7450,#7451,#7452,#7453,#7454,#7455,#7456,#7457,
#7458,#7459,#7460,#7461,#7462,#7463,#7464,#7465,#7466,#7467,#7468,#7469,
#7470,#7471,#7472,#7473,#7474,#7475,#7476,#7477,#7478,#7479,#7480,#7481,
#7482,#7483,#7484,#7485,#7486,#7487,#7488,#7489,#7490,#7491,#7492,#7493,
#7494,#7495,#7496,#7497,#7498,#7499,#7500,#7501,#7502),#12777);
#11=SHAPE_REPRESENTATION_RELATIONSHIP('SRR','None',#12784,#12);
#12=ADVANCED_BREP_SHAPE_REPRESENTATION('',(#165,#166,#167),#12776);
#13=FACE_BOUND('',#641,.T.);
#14=FACE_BOUND('',#648,.T.);
#15=FACE_BOUND('',#655,.T.);
#16=FACE_BOUND('',#672,.T.);
#17=FACE_BOUND('',#928,.T.);
#18=FACE_BOUND('',#929,.T.);
#19=FACE_BOUND('',#930,.T.);
#20=FACE_BOUND('',#931,.T.);
#21=FACE_BOUND('',#935,.T.);
#22=FACE_BOUND('',#944,.T.);
#23=FACE_BOUND('',#945,.T.);
#24=FACE_BOUND('',#946,.T.);
#25=FACE_BOUND('',#947,.T.);
#26=FACE_BOUND('',#948,.T.);
#27=FACE_BOUND('',#949,.T.);
#28=FACE_BOUND('',#950,.T.);
#29=FACE_BOUND('',#951,.T.);
#30=FACE_BOUND('',#952,.T.);
#31=FACE_BOUND('',#953,.T.);
#32=FACE_BOUND('',#954,.T.);
#33=FACE_BOUND('',#955,.T.);
#34=FACE_BOUND('',#956,.T.);
#35=FACE_BOUND('',#957,.T.);
#36=FACE_BOUND('',#958,.T.);
#37=FACE_BOUND('',#959,.T.);
#38=FACE_BOUND('',#960,.T.);
#39=FACE_BOUND('',#961,.T.);
#40=FACE_BOUND('',#962,.T.);
#41=FACE_BOUND('',#963,.T.);
#42=FACE_BOUND('',#964,.T.);
#43=FACE_BOUND('',#965,.T.);
#44=FACE_BOUND('',#966,.T.);
#45=FACE_BOUND('',#967,.T.);
#46=FACE_BOUND('',#968,.T.);
#47=FACE_BOUND('',#969,.T.);
#48=FACE_BOUND('',#970,.T.);
#49=FACE_BOUND('',#971,.T.);
#50=FACE_BOUND('',#972,.T.);
#51=FACE_BOUND('',#973,.T.);
#52=FACE_BOUND('',#974,.T.);
#53=FACE_BOUND('',#976,.T.);
#54=FACE_BOUND('',#983,.T.);
#55=CYLINDRICAL_SURFACE('',#7935,1.);
#56=CYLINDRICAL_SURFACE('',#7938,1.);
#57=CYLINDRICAL_SURFACE('',#8221,1.75000000000002);
#58=CYLINDRICAL_SURFACE('',#8224,1.75000000000002);
#59=CYLINDRICAL_SURFACE('',#8227,2.25);
#60=CYLINDRICAL_SURFACE('',#8230,2.25);
#61=CYLINDRICAL_SURFACE('',#8289,4.00000000000006);
#62=CYLINDRICAL_SURFACE('',#8292,1.54999999999999);
#63=CYLINDRICAL_SURFACE('',#8295,1.54999999999999);
#64=CYLINDRICAL_SURFACE('',#8298,4.00000000000006);
#65=CYLINDRICAL_SURFACE('',#8303,4.00000000000006);
#66=CYLINDRICAL_SURFACE('',#8306,1.54999999999999);
#67=CYLINDRICAL_SURFACE('',#8309,1.54999999999999);
#68=CYLINDRICAL_SURFACE('',#8312,4.00000000000006);
#69=CIRCLE('',#7920,1.75000000000002);
#70=CIRCLE('',#7922,1.55000000000002);
#71=CIRCLE('',#7925,1.75000000000002);
#72=CIRCLE('',#7926,1.55000000000002);
#73=CIRCLE('',#7928,2.25);
#74=CIRCLE('',#7930,2.04999999999999);
#75=CIRCLE('',#7933,2.25);
#76=CIRCLE('',#7934,2.04999999999999);
#77=CIRCLE('',#7936,1.);
#78=CIRCLE('',#7937,1.);
#79=CIRCLE('',#7939,1.);
#80=CIRCLE('',#7940,1.);
#81=CIRCLE('',#8222,1.75000000000002);
#82=CIRCLE('',#8225,1.75000000000002);
#83=CIRCLE('',#8228,2.25);
#84=CIRCLE('',#8231,2.25);
#85=CIRCLE('',#8290,4.00000000000006);
#86=CIRCLE('',#8291,4.00000000000006);
#87=CIRCLE('',#8293,1.54999999999999);
#88=CIRCLE('',#8294,1.54999999999999);
#89=CIRCLE('',#8296,1.54999999999999);
#90=CIRCLE('',#8297,1.54999999999999);
#91=CIRCLE('',#8299,4.00000000000006);
#92=CIRCLE('',#8300,4.00000000000006);
#93=CIRCLE('',#8304,4.00000000000006);
#94=CIRCLE('',#8305,4.00000000000006);
#95=CIRCLE('',#8307,1.54999999999999);
#96=CIRCLE('',#8308,1.54999999999999);
#97=CIRCLE('',#8310,1.54999999999999);
#98=CIRCLE('',#8311,1.54999999999999);
#99=CIRCLE('',#8313,4.00000000000006);
#100=CIRCLE('',#8314,4.00000000000006);
#101=ELLIPSE('',#7919,0.20135134,0.2);
#102=ELLIPSE('',#7921,0.20135134,0.2);
#103=ELLIPSE('',#7923,0.20135134,0.2);
#104=ELLIPSE('',#7924,0.20135134,0.2);
#105=ELLIPSE('',#7927,0.20135134,0.2);
#106=ELLIPSE('',#7929,0.20135134,0.2);
#107=ELLIPSE('',#7931,0.20135134,0.2);
#108=ELLIPSE('',#7932,0.20135134,0.2);
#109=ELLIPSE('',#7980,0.50337835,0.5);
#110=ELLIPSE('',#7981,0.50337835,0.5);
#111=ELLIPSE('',#7982,0.50337835,0.5);
#112=ELLIPSE('',#7983,0.50337835,0.5);
#113=ELLIPSE('',#7984,0.50337835,0.5);
#114=ELLIPSE('',#7985,0.50337835,0.5);
#115=ELLIPSE('',#7986,0.50337835,0.5);
#116=ELLIPSE('',#7987,0.50337835,0.5);
#117=ELLIPSE('',#7988,0.50337835,0.5);
#118=ELLIPSE('',#7989,0.50337835,0.5);
#119=ELLIPSE('',#7990,0.50337835,0.5);
#120=ELLIPSE('',#7991,0.50337835,0.5);
#121=ELLIPSE('',#7992,0.50337835,0.5);
#122=ELLIPSE('',#7993,0.50337835,0.5);
#123=ELLIPSE('',#7994,0.50337835,0.5);
#124=ELLIPSE('',#7995,0.50337835,0.5);
#125=ELLIPSE('',#8024,0.50337835,0.5);
#126=ELLIPSE('',#8025,0.50337835,0.5);
#127=ELLIPSE('',#8026,0.50337835,0.5);
#128=ELLIPSE('',#8032,0.50337835,0.5);
#129=ELLIPSE('',#8036,1.0067567,1.);
#130=ELLIPSE('',#8037,1.0067567,1.);
#131=ELLIPSE('',#8038,1.0067567,1.);
#132=ELLIPSE('',#8039,1.0067567,1.);
#133=ELLIPSE('',#8046,2.0135134,2.);
#134=ELLIPSE('',#8047,2.0135134,2.);
#135=ELLIPSE('',#8167,3.0202701,3.);
#136=ELLIPSE('',#8168,3.0202701,3.);
#137=ELLIPSE('',#8345,2.51689175,2.5);
#138=ELLIPSE('',#8347,2.51689175,2.5);
#139=ELLIPSE('',#8351,3.0202701,3.);
#140=ELLIPSE('',#8354,3.0202701,3.);
#141=(
BOUNDED_SURFACE()
B_SPLINE_SURFACE(2,2,((#10244,#10245,#10246,#10247,#10248,#10249,#10250,
#10251,#10252),(#10253,#10254,#10255,#10256,#10257,#10258,#10259,#10260,
#10261),(#10262,#10263,#10264,#10265,#10266,#10267,#10268,#10269,#10270),
(#10271,#10272,#10273,#10274,#10275,#10276,#10277,#10278,#10279),(#10280,
#10281,#10282,#10283,#10284,#10285,#10286,#10287,#10288),(#10289,#10290,
#10291,#10292,#10293,#10294,#10295,#10296,#10297),(#10298,#10299,#10300,
#10301,#10302,#10303,#10304,#10305,#10306),(#10307,#10308,#10309,#10310,
#10311,#10312,#10313,#10314,#10315),(#10316,#10317,#10318,#10319,#10320,
#10321,#10322,#10323,#10324)),.UNSPECIFIED.,.T.,.T.,.F.)
B_SPLINE_SURFACE_WITH_KNOTS((3,2,2,2,3),(3,2,2,2,3),(-3.14159265358979,
-1.5707963267949,0.,1.5707963267949,3.14159265358979),(0.,1.5707963267949,
3.14159265358979,4.71238898038469,6.28318530717959),.UNSPECIFIED.)
GEOMETRIC_REPRESENTATION_ITEM()
RATIONAL_B_SPLINE_SURFACE(((1.,0.707106781186548,1.,0.707106781186548,1.,
0.707106781186548,1.,0.707106781186548,1.),(0.707106781186567,0.500000000000014,
0.707106781186567,0.500000000000014,0.707106781186567,0.500000000000014,
0.707106781186567,0.500000000000014,0.707106781186567),(1.,0.707106781186548,
1.,0.707106781186548,1.,0.707106781186548,1.,0.707106781186548,1.),(0.707106781186567,
0.500000000000014,0.707106781186567,0.500000000000014,0.707106781186567,
0.500000000000014,0.707106781186567,0.500000000000014,0.707106781186567),
(1.,0.707106781186548,1.,0.707106781186548,1.,0.707106781186548,1.,0.707106781186548,
1.),(0.707106781186567,0.500000000000014,0.707106781186567,0.500000000000014,
0.707106781186567,0.500000000000014,0.707106781186567,0.500000000000014,
0.707106781186567),(1.,0.707106781186548,1.,0.707106781186548,1.,0.707106781186548,
1.,0.707106781186548,1.),(0.707106781186567,0.500000000000014,0.707106781186567,
0.500000000000014,0.707106781186567,0.500000000000014,0.707106781186567,
0.500000000000014,0.707106781186567),(1.,0.707106781186548,1.,0.707106781186548,
1.,0.707106781186548,1.,0.707106781186548,1.)))
REPRESENTATION_ITEM('')
SURFACE()
);
#142=(
BOUNDED_SURFACE()
B_SPLINE_SURFACE(1,2,((#10333,#10334,#10335),(#10336,#10337,#10338)),
 .UNSPECIFIED.,.F.,.F.,.F.)
B_SPLINE_SURFACE_WITH_KNOTS((2,2),(3,3),(-31.7852366912482,4.61852778244065E-14),
(1.5707963267949,3.14159265358979),.UNSPECIFIED.)
GEOMETRIC_REPRESENTATION_ITEM()
RATIONAL_B_SPLINE_SURFACE(((1.,0.707106781186548,1.),(1.,0.707106781186548,
1.)))
REPRESENTATION_ITEM('')
SURFACE()
);
#143=(
BOUNDED_SURFACE()
B_SPLINE_SURFACE(1,2,((#10344,#10345,#10346),(#10347,#10348,#10349)),
 .UNSPECIFIED.,.F.,.F.,.F.)
B_SPLINE_SURFACE_WITH_KNOTS((2,2),(3,3),(-31.7852366912483,3.5527136788005E-15),
(-2.22044604925031E-16,1.5707963267949),.UNSPECIFIED.)
GEOMETRIC_REPRESENTATION_ITEM()
RATIONAL_B_SPLINE_SURFACE(((1.,0.707106781186547,1.),(1.,0.707106781186547,
1.)))
REPRESENTATION_ITEM('')
SURFACE()
);
#144=(
BOUNDED_SURFACE()
B_SPLINE_SURFACE(2,2,((#10355,#10356,#10357,#10358,#10359,#10360,#10361,
#10362,#10363),(#10364,#10365,#10366,#10367,#10368,#10369,#10370,#10371,
#10372),(#10373,#10374,#10375,#10376,#10377,#10378,#10379,#10380,#10381),
(#10382,#10383,#10384,#10385,#10386,#10387,#10388,#10389,#10390),(#10391,
#10392,#10393,#10394,#10395,#10396,#10397,#10398,#10399),(#10400,#10401,
#10402,#10403,#10404,#10405,#10406,#10407,#10408),(#10409,#10410,#10411,
#10412,#10413,#10414,#10415,#10416,#10417),(#10418,#10419,#10420,#10421,
#10422,#10423,#10424,#10425,#10426),(#10427,#10428,#10429,#10430,#10431,
#10432,#10433,#10434,#10435)),.UNSPECIFIED.,.T.,.T.,.F.)
B_SPLINE_SURFACE_WITH_KNOTS((3,2,2,2,3),(3,2,2,2,3),(-3.14159265358979,
-1.5707963267949,0.,1.5707963267949,3.14159265358979),(0.,1.5707963267949,
3.14159265358979,4.71238898038469,6.28318530717959),.UNSPECIFIED.)
GEOMETRIC_REPRESENTATION_ITEM()
RATIONAL_B_SPLINE_SURFACE(((1.,0.707106781186548,1.,0.707106781186548,1.,
0.707106781186548,1.,0.707106781186548,1.),(0.707106781186567,0.500000000000014,
0.707106781186567,0.500000000000014,0.707106781186567,0.500000000000014,
0.707106781186567,0.500000000000014,0.707106781186567),(1.,0.707106781186548,
1.,0.707106781186548,1.,0.707106781186548,1.,0.707106781186548,1.),(0.707106781186567,
0.500000000000014,0.707106781186567,0.500000000000014,0.707106781186567,
0.500000000000014,0.707106781186567,0.500000000000014,0.707106781186567),
(1.,0.707106781186548,1.,0.707106781186548,1.,0.707106781186548,1.,0.707106781186548,
1.),(0.707106781186567,0.500000000000014,0.707106781186567,0.500000000000014,
0.707106781186567,0.500000000000014,0.707106781186567,0.500000000000014,
0.707106781186567),(1.,0.707106781186548,1.,0.707106781186548,1.,0.707106781186548,
1.,0.707106781186548,1.),(0.707106781186567,0.500000000000014,0.707106781186567,
0.500000000000014,0.707106781186567,0.500000000000014,0.707106781186567,
0.500000000000014,0.707106781186567),(1.,0.707106781186548,1.,0.707106781186548,
1.,0.707106781186548,1.,0.707106781186548,1.)))
REPRESENTATION_ITEM('')
SURFACE()
);
#145=(
BOUNDED_SURFACE()
B_SPLINE_SURFACE(2,2,((#10438,#10439,#10440,#10441,#10442,#10443,#10444,
#10445,#10446),(#10447,#10448,#10449,#10450,#10451,#10452,#10453,#10454,
#10455),(#10456,#10457,#10458,#10459,#10460,#10461,#10462,#10463,#10464),
(#10465,#10466,#10467,#10468,#10469,#10470,#10471,#10472,#10473),(#10474,
#10475,#10476,#10477,#10478,#10479,#10480,#10481,#10482),(#10483,#10484,
#10485,#10486,#10487,#10488,#10489,#10490,#10491),(#10492,#10493,#10494,
#10495,#10496,#10497,#10498,#10499,#10500),(#10501,#10502,#10503,#10504,
#10505,#10506,#10507,#10508,#10509),(#10510,#10511,#10512,#10513,#10514,
#10515,#10516,#10517,#10518)),.UNSPECIFIED.,.T.,.T.,.F.)
B_SPLINE_SURFACE_WITH_KNOTS((3,2,2,2,3),(3,2,2,2,3),(-3.14159265358979,
-1.5707963267949,0.,1.5707963267949,3.14159265358979),(0.,1.5707963267949,
3.14159265358979,4.71238898038469,6.28318530717959),.UNSPECIFIED.)
GEOMETRIC_REPRESENTATION_ITEM()
RATIONAL_B_SPLINE_SURFACE(((1.,0.707106781186548,1.,0.707106781186548,1.,
0.707106781186548,1.,0.707106781186548,1.),(0.707106781186575,0.50000000000002,
0.707106781186575,0.50000000000002,0.707106781186575,0.50000000000002,0.707106781186575,
0.50000000000002,0.707106781186575),(1.,0.707106781186548,1.,0.707106781186548,
1.,0.707106781186548,1.,0.707106781186548,1.),(0.707106781186575,0.50000000000002,
0.707106781186575,0.50000000000002,0.707106781186575,0.50000000000002,0.707106781186575,
0.50000000000002,0.707106781186575),(1.,0.707106781186548,1.,0.707106781186548,
1.,0.707106781186548,1.,0.707106781186548,1.),(0.707106781186575,0.50000000000002,
0.707106781186575,0.50000000000002,0.707106781186575,0.50000000000002,0.707106781186575,
0.50000000000002,0.707106781186575),(1.,0.707106781186548,1.,0.707106781186548,
1.,0.707106781186548,1.,0.707106781186548,1.),(0.707106781186575,0.50000000000002,
0.707106781186575,0.50000000000002,0.707106781186575,0.50000000000002,0.707106781186575,
0.50000000000002,0.707106781186575),(1.,0.707106781186548,1.,0.707106781186548,
1.,0.707106781186548,1.,0.707106781186548,1.)))
REPRESENTATION_ITEM('')
SURFACE()
);
#146=(
BOUNDED_SURFACE()
B_SPLINE_SURFACE(1,2,((#10527,#10528,#10529),(#10530,#10531,#10532)),
 .UNSPECIFIED.,.F.,.F.,.F.)
B_SPLINE_SURFACE_WITH_KNOTS((2,2),(3,3),(0.,31.7852366912483),(-3.33066907387547E-16,
1.5707963267949),.UNSPECIFIED.)
GEOMETRIC_REPRESENTATION_ITEM()
RATIONAL_B_SPLINE_SURFACE(((1.,0.707106781186547,1.),(1.,0.707106781186547,
1.)))
REPRESENTATION_ITEM('')
SURFACE()
);
#147=(
BOUNDED_SURFACE()
B_SPLINE_SURFACE(1,2,((#10538,#10539,#10540),(#10541,#10542,#10543)),
 .UNSPECIFIED.,.F.,.F.,.F.)
B_SPLINE_SURFACE_WITH_KNOTS((2,2),(3,3),(0.,31.7852366912483),(1.5707963267949,
3.14159265358979),.UNSPECIFIED.)
GEOMETRIC_REPRESENTATION_ITEM()
RATIONAL_B_SPLINE_SURFACE(((1.,0.707106781186548,1.),(1.,0.707106781186548,
1.)))
REPRESENTATION_ITEM('')
SURFACE()
);
#148=(
BOUNDED_SURFACE()
B_SPLINE_SURFACE(2,2,((#10549,#10550,#10551,#10552,#10553,#10554,#10555,
#10556,#10557),(#10558,#10559,#10560,#10561,#10562,#10563,#10564,#10565,
#10566),(#10567,#10568,#10569,#10570,#10571,#10572,#10573,#10574,#10575),
(#10576,#10577,#10578,#10579,#10580,#10581,#10582,#10583,#10584),(#10585,
#10586,#10587,#10588,#10589,#10590,#10591,#10592,#10593),(#10594,#10595,
#10596,#10597,#10598,#10599,#10600,#10601,#10602),(#10603,#10604,#10605,
#10606,#10607,#10608,#10609,#10610,#10611),(#10612,#10613,#10614,#10615,
#10616,#10617,#10618,#10619,#10620),(#10621,#10622,#10623,#10624,#10625,
#10626,#10627,#10628,#10629)),.UNSPECIFIED.,.T.,.T.,.F.)
B_SPLINE_SURFACE_WITH_KNOTS((3,2,2,2,3),(3,2,2,2,3),(-3.14159265358979,
-1.5707963267949,0.,1.5707963267949,3.14159265358979),(0.,1.5707963267949,
3.14159265358979,4.71238898038469,6.28318530717959),.UNSPECIFIED.)
GEOMETRIC_REPRESENTATION_ITEM()
RATIONAL_B_SPLINE_SURFACE(((1.,0.707106781186548,1.,0.707106781186548,1.,
0.707106781186548,1.,0.707106781186548,1.),(0.707106781186575,0.50000000000002,
0.707106781186575,0.50000000000002,0.707106781186575,0.50000000000002,0.707106781186575,
0.50000000000002,0.707106781186575),(1.,0.707106781186548,1.,0.707106781186548,
1.,0.707106781186548,1.,0.707106781186548,1.),(0.707106781186575,0.50000000000002,
0.707106781186575,0.50000000000002,0.707106781186575,0.50000000000002,0.707106781186575,
0.50000000000002,0.707106781186575),(1.,0.707106781186548,1.,0.707106781186548,
1.,0.707106781186548,1.,0.707106781186548,1.),(0.707106781186575,0.50000000000002,
0.707106781186575,0.50000000000002,0.707106781186575,0.50000000000002,0.707106781186575,
0.50000000000002,0.707106781186575),(1.,0.707106781186548,1.,0.707106781186548,
1.,0.707106781186548,1.,0.707106781186548,1.),(0.707106781186575,0.50000000000002,
0.707106781186575,0.50000000000002,0.707106781186575,0.50000000000002,0.707106781186575,
0.50000000000002,0.707106781186575),(1.,0.707106781186548,1.,0.707106781186548,
1.,0.707106781186548,1.,0.707106781186548,1.)))
REPRESENTATION_ITEM('')
SURFACE()
);
#149=(
BOUNDED_SURFACE()
B_SPLINE_SURFACE(1,2,((#10887,#10888,#10889),(#10890,#10891,#10892)),
 .UNSPECIFIED.,.F.,.F.,.F.)
B_SPLINE_SURFACE_WITH_KNOTS((2,2),(3,3),(0.,7.74765144349177),(-1.5707963267949,
1.11022302462516E-16),.UNSPECIFIED.)
GEOMETRIC_REPRESENTATION_ITEM()
RATIONAL_B_SPLINE_SURFACE(((1.,0.707106781186548,1.),(1.,0.707106781186548,
1.)))
REPRESENTATION_ITEM('')
SURFACE()
);
#150=(
BOUNDED_SURFACE()
B_SPLINE_SURFACE(1,2,((#10901,#10902,#10903),(#10904,#10905,#10906)),
 .UNSPECIFIED.,.F.,.F.,.F.)
B_SPLINE_SURFACE_WITH_KNOTS((2,2),(3,3),(0.,7.74765144349177),(-1.5707963267949,
1.11022302462516E-16),.UNSPECIFIED.)
GEOMETRIC_REPRESENTATION_ITEM()
RATIONAL_B_SPLINE_SURFACE(((1.,0.707106781186548,1.),(1.,0.707106781186548,
1.)))
REPRESENTATION_ITEM('')
SURFACE()
);
#151=(
BOUNDED_SURFACE()
B_SPLINE_SURFACE(1,2,((#10915,#10916,#10917),(#10918,#10919,#10920)),
 .UNSPECIFIED.,.F.,.F.,.F.)
B_SPLINE_SURFACE_WITH_KNOTS((2,2),(3,3),(0.,7.74765144349177),(-1.11022302462516E-16,
1.5707963267949),.UNSPECIFIED.)
GEOMETRIC_REPRESENTATION_ITEM()
RATIONAL_B_SPLINE_SURFACE(((1.,0.707106781186548,1.),(1.,0.707106781186548,
1.)))
REPRESENTATION_ITEM('')
SURFACE()
);
#152=(
BOUNDED_SURFACE()
B_SPLINE_SURFACE(1,2,((#10929,#10930,#10931),(#10932,#10933,#10934)),
 .UNSPECIFIED.,.F.,.F.,.F.)
B_SPLINE_SURFACE_WITH_KNOTS((2,2),(3,3),(0.,7.74765144349177),(-1.11022302462516E-16,
1.5707963267949),.UNSPECIFIED.)
GEOMETRIC_REPRESENTATION_ITEM()
RATIONAL_B_SPLINE_SURFACE(((1.,0.707106781186548,1.),(1.,0.707106781186548,
1.)))
REPRESENTATION_ITEM('')
SURFACE()
);
#153=(
BOUNDED_SURFACE()
B_SPLINE_SURFACE(1,2,((#10943,#10944,#10945),(#10946,#10947,#10948)),
 .UNSPECIFIED.,.F.,.F.,.F.)
B_SPLINE_SURFACE_WITH_KNOTS((2,2),(3,3),(153.463095899933,164.98524420051),
(1.5707963267949,3.14159265358979),.UNSPECIFIED.)
GEOMETRIC_REPRESENTATION_ITEM()
RATIONAL_B_SPLINE_SURFACE(((1.,0.707106781186547,1.),(1.,0.707106781186547,
1.)))
REPRESENTATION_ITEM('')
SURFACE()
);
#154=(
BOUNDED_SURFACE()
B_SPLINE_SURFACE(1,2,((#10957,#10958,#10959),(#10960,#10961,#10962)),
 .UNSPECIFIED.,.F.,.F.,.F.)
B_SPLINE_SURFACE_WITH_KNOTS((2,2),(3,3),(153.463095899933,164.98524420051),
(-3.14159265358979,-1.5707963267949),.UNSPECIFIED.)
GEOMETRIC_REPRESENTATION_ITEM()
RATIONAL_B_SPLINE_SURFACE(((1.,0.707106781186548,1.),(1.,0.707106781186548,
1.)))
REPRESENTATION_ITEM('')
SURFACE()
);
#155=(
BOUNDED_SURFACE()
B_SPLINE_SURFACE(1,2,((#10971,#10972,#10973),(#10974,#10975,#10976)),
 .UNSPECIFIED.,.F.,.F.,.F.)
B_SPLINE_SURFACE_WITH_KNOTS((2,2),(3,3),(153.463095899933,164.98524420051),
(-1.5707963267949,1.11022302462516E-16),.UNSPECIFIED.)
GEOMETRIC_REPRESENTATION_ITEM()
RATIONAL_B_SPLINE_SURFACE(((1.,0.707106781186548,1.),(1.,0.707106781186548,
1.)))
REPRESENTATION_ITEM('')
SURFACE()
);
#156=(
BOUNDED_SURFACE()
B_SPLINE_SURFACE(1,2,((#10985,#10986,#10987),(#10988,#10989,#10990)),
 .UNSPECIFIED.,.F.,.F.,.F.)
B_SPLINE_SURFACE_WITH_KNOTS((2,2),(3,3),(153.463095899933,164.98524420051),
(-1.11022302462516E-16,1.5707963267949),.UNSPECIFIED.)
GEOMETRIC_REPRESENTATION_ITEM()
RATIONAL_B_SPLINE_SURFACE(((1.,0.707106781186547,1.),(1.,0.707106781186547,
1.)))
REPRESENTATION_ITEM('')
SURFACE()
);
#157=(
BOUNDED_SURFACE()
B_SPLINE_SURFACE(1,2,((#11125,#11126,#11127),(#11128,#11129,#11130)),
 .UNSPECIFIED.,.F.,.F.,.F.)
B_SPLINE_SURFACE_WITH_KNOTS((2,2),(3,3),(0.,13.3100678644602),(-3.14159265358979,
-1.5707963267949),.UNSPECIFIED.)
GEOMETRIC_REPRESENTATION_ITEM()
RATIONAL_B_SPLINE_SURFACE(((1.,0.707106781186547,1.),(1.,0.707106781186547,
1.)))
REPRESENTATION_ITEM('')
SURFACE()
);
#158=(
BOUNDED_SURFACE()
B_SPLINE_SURFACE(1,2,((#11156,#11157,#11158),(#11159,#11160,#11161)),
 .UNSPECIFIED.,.F.,.F.,.F.)
B_SPLINE_SURFACE_WITH_KNOTS((2,2),(3,3),(0.,13.3100678644602),(1.5707963267949,
3.14159265358981),.UNSPECIFIED.)
GEOMETRIC_REPRESENTATION_ITEM()
RATIONAL_B_SPLINE_SURFACE(((1.,0.707106781186543,1.),(1.,0.707106781186543,
1.)))
REPRESENTATION_ITEM('')
SURFACE()
);
#159=(
BOUNDED_SURFACE()
B_SPLINE_SURFACE(1,2,((#11185,#11186,#11187),(#11188,#11189,#11190)),
 .UNSPECIFIED.,.F.,.F.,.F.)
B_SPLINE_SURFACE_WITH_KNOTS((2,2),(3,3),(71.3181248259882,82.9396019912259),
(-1.5707963267949,1.11022302462516E-16),.UNSPECIFIED.)
GEOMETRIC_REPRESENTATION_ITEM()
RATIONAL_B_SPLINE_SURFACE(((1.,0.707106781186548,1.),(1.,0.707106781186548,
1.)))
REPRESENTATION_ITEM('')
SURFACE()
);
#160=(
BOUNDED_SURFACE()
B_SPLINE_SURFACE(1,2,((#11199,#11200,#11201),(#11202,#11203,#11204)),
 .UNSPECIFIED.,.F.,.F.,.F.)
B_SPLINE_SURFACE_WITH_KNOTS((2,2),(3,3),(71.3181248259882,82.9396019912258),
(-3.14159265358979,-1.5707963267949),.UNSPECIFIED.)
GEOMETRIC_REPRESENTATION_ITEM()
RATIONAL_B_SPLINE_SURFACE(((1.,0.707106781186548,1.),(1.,0.707106781186548,
1.)))
REPRESENTATION_ITEM('')
SURFACE()
);
#161=(
BOUNDED_SURFACE()
B_SPLINE_SURFACE(1,2,((#11236,#11237,#11238),(#11239,#11240,#11241)),
 .UNSPECIFIED.,.F.,.F.,.F.)
B_SPLINE_SURFACE_WITH_KNOTS((2,2),(3,3),(27.8120821048422,29.5503372363948),
(1.5707963267949,3.14159265358979),.UNSPECIFIED.)
GEOMETRIC_REPRESENTATION_ITEM()
RATIONAL_B_SPLINE_SURFACE(((1.,0.707106781186547,1.),(1.,0.707106781186547,
1.)))
REPRESENTATION_ITEM('')
SURFACE()
);
#162=(
BOUNDED_SURFACE()
B_SPLINE_SURFACE(1,2,((#11895,#11896,#11897),(#11898,#11899,#11900)),
 .UNSPECIFIED.,.F.,.F.,.F.)
B_SPLINE_SURFACE_WITH_KNOTS((2,2),(3,3),(-4.60223739592031,4.83400474679401),
(-1.52077546998913,0.),.UNSPECIFIED.)
GEOMETRIC_REPRESENTATION_ITEM()
RATIONAL_B_SPLINE_SURFACE(((1.,0.724568837309472,1.),(1.,0.724568837309472,
1.)))
REPRESENTATION_ITEM('')
SURFACE()
);
#163=(
BOUNDED_SURFACE()
B_SPLINE_SURFACE(1,2,((#12752,#12753,#12754),(#12755,#12756,#12757)),
 .UNSPECIFIED.,.F.,.F.,.F.)
B_SPLINE_SURFACE_WITH_KNOTS((2,2),(3,3),(14.8198666072945,29.9178540356374),
(-5.04158118761361E-15,1.5707963267949),.UNSPECIFIED.)
GEOMETRIC_REPRESENTATION_ITEM()
RATIONAL_B_SPLINE_SURFACE(((1.,0.707106781186546,1.),(1.,0.707106781186546,
1.)))
REPRESENTATION_ITEM('')
SURFACE()
);
#164=(
BOUNDED_SURFACE()
B_SPLINE_SURFACE(1,2,((#12768,#12769,#12770),(#12771,#12772,#12773)),
 .UNSPECIFIED.,.F.,.F.,.F.)
B_SPLINE_SURFACE_WITH_KNOTS((2,2),(3,3),(-4.81744993601732,4.618792206697),
(0.775397496610756,1.5707963267949),.UNSPECIFIED.)
GEOMETRIC_REPRESENTATION_ITEM()
RATIONAL_B_SPLINE_SURFACE(((1.,0.921954445729289,1.),(1.,0.921954445729289,
1.)))
REPRESENTATION_ITEM('')
SURFACE()
);
#165=MANIFOLD_SOLID_BREP('Body1',#7897);
#166=MANIFOLD_SOLID_BREP('Body2',#7898);
#167=MANIFOLD_SOLID_BREP('Body3',#7899);
#168=FACE_OUTER_BOUND('',#562,.T.);
#169=FACE_OUTER_BOUND('',#563,.T.);
#170=FACE_OUTER_BOUND('',#564,.T.);
#171=FACE_OUTER_BOUND('',#565,.T.);
#172=FACE_OUTER_BOUND('',#566,.T.);
#173=FACE_OUTER_BOUND('',#567,.T.);
#174=FACE_OUTER_BOUND('',#568,.T.);
#175=FACE_OUTER_BOUND('',#569,.T.);
#176=FACE_OUTER_BOUND('',#570,.T.);
#177=FACE_OUTER_BOUND('',#571,.T.);
#178=FACE_OUTER_BOUND('',#572,.T.);
#179=FACE_OUTER_BOUND('',#573,.T.);
#180=FACE_OUTER_BOUND('',#574,.T.);
#181=FACE_OUTER_BOUND('',#575,.T.);
#182=FACE_OUTER_BOUND('',#576,.T.);
#183=FACE_OUTER_BOUND('',#577,.T.);
#184=FACE_OUTER_BOUND('',#578,.T.);
#185=FACE_OUTER_BOUND('',#579,.T.);
#186=FACE_OUTER_BOUND('',#580,.T.);
#187=FACE_OUTER_BOUND('',#581,.T.);
#188=FACE_OUTER_BOUND('',#582,.T.);
#189=FACE_OUTER_BOUND('',#583,.T.);
#190=FACE_OUTER_BOUND('',#584,.T.);
#191=FACE_OUTER_BOUND('',#585,.T.);
#192=FACE_OUTER_BOUND('',#586,.T.);
#193=FACE_OUTER_BOUND('',#587,.T.);
#194=FACE_OUTER_BOUND('',#588,.T.);
#195=FACE_OUTER_BOUND('',#589,.T.);
#196=FACE_OUTER_BOUND('',#590,.T.);
#197=FACE_OUTER_BOUND('',#591,.T.);
#198=FACE_OUTER_BOUND('',#592,.T.);
#199=FACE_OUTER_BOUND('',#593,.T.);
#200=FACE_OUTER_BOUND('',#594,.T.);
#201=FACE_OUTER_BOUND('',#595,.T.);
#202=FACE_OUTER_BOUND('',#596,.T.);
#203=FACE_OUTER_BOUND('',#597,.T.);
#204=FACE_OUTER_BOUND('',#598,.T.);
#205=FACE_OUTER_BOUND('',#599,.T.);
#206=FACE_OUTER_BOUND('',#600,.T.);
#207=FACE_OUTER_BOUND('',#601,.T.);
#208=FACE_OUTER_BOUND('',#602,.T.);
#209=FACE_OUTER_BOUND('',#603,.T.);
#210=FACE_OUTER_BOUND('',#604,.T.);
#211=FACE_OUTER_BOUND('',#605,.T.);
#212=FACE_OUTER_BOUND('',#606,.T.);
#213=FACE_OUTER_BOUND('',#607,.T.);
#214=FACE_OUTER_BOUND('',#608,.T.);
#215=FACE_OUTER_BOUND('',#609,.T.);
#216=FACE_OUTER_BOUND('',#610,.T.);
#217=FACE_OUTER_BOUND('',#611,.T.);
#218=FACE_OUTER_BOUND('',#612,.T.);
#219=FACE_OUTER_BOUND('',#613,.T.);
#220=FACE_OUTER_BOUND('',#614,.T.);
#221=FACE_OUTER_BOUND('',#615,.T.);
#222=FACE_OUTER_BOUND('',#616,.T.);
#223=FACE_OUTER_BOUND('',#617,.T.);
#224=FACE_OUTER_BOUND('',#618,.T.);
#225=FACE_OUTER_BOUND('',#619,.T.);
#226=FACE_OUTER_BOUND('',#620,.T.);
#227=FACE_OUTER_BOUND('',#621,.T.);
#228=FACE_OUTER_BOUND('',#622,.T.);
#229=FACE_OUTER_BOUND('',#623,.T.);
#230=FACE_OUTER_BOUND('',#624,.T.);
#231=FACE_OUTER_BOUND('',#625,.T.);
#232=FACE_OUTER_BOUND('',#626,.T.);
#233=FACE_OUTER_BOUND('',#627,.T.);
#234=FACE_OUTER_BOUND('',#628,.T.);
#235=FACE_OUTER_BOUND('',#629,.T.);
#236=FACE_OUTER_BOUND('',#630,.T.);
#237=FACE_OUTER_BOUND('',#631,.T.);
#238=FACE_OUTER_BOUND('',#632,.T.);
#239=FACE_OUTER_BOUND('',#633,.T.);
#240=FACE_OUTER_BOUND('',#634,.T.);
#241=FACE_OUTER_BOUND('',#635,.T.);
#242=FACE_OUTER_BOUND('',#636,.T.);
#243=FACE_OUTER_BOUND('',#637,.T.);
#244=FACE_OUTER_BOUND('',#638,.T.);
#245=FACE_OUTER_BOUND('',#639,.T.);
#246=FACE_OUTER_BOUND('',#640,.T.);
#247=FACE_OUTER_BOUND('',#642,.T.);
#248=FACE_OUTER_BOUND('',#643,.T.);
#249=FACE_OUTER_BOUND('',#644,.T.);
#250=FACE_OUTER_BOUND('',#645,.T.);
#251=FACE_OUTER_BOUND('',#646,.T.);
#252=FACE_OUTER_BOUND('',#647,.T.);
#253=FACE_OUTER_BOUND('',#649,.T.);
#254=FACE_OUTER_BOUND('',#650,.T.);
#255=FACE_OUTER_BOUND('',#651,.T.);
#256=FACE_OUTER_BOUND('',#652,.T.);
#257=FACE_OUTER_BOUND('',#653,.T.);
#258=FACE_OUTER_BOUND('',#654,.T.);
#259=FACE_OUTER_BOUND('',#656,.T.);
#260=FACE_OUTER_BOUND('',#657,.T.);
#261=FACE_OUTER_BOUND('',#658,.T.);
#262=FACE_OUTER_BOUND('',#659,.T.);
#263=FACE_OUTER_BOUND('',#660,.T.);
#264=FACE_OUTER_BOUND('',#661,.T.);
#265=FACE_OUTER_BOUND('',#662,.T.);
#266=FACE_OUTER_BOUND('',#663,.T.);
#267=FACE_OUTER_BOUND('',#664,.T.);
#268=FACE_OUTER_BOUND('',#665,.T.);
#269=FACE_OUTER_BOUND('',#666,.T.);
#270=FACE_OUTER_BOUND('',#667,.T.);
#271=FACE_OUTER_BOUND('',#668,.T.);
#272=FACE_OUTER_BOUND('',#669,.T.);
#273=FACE_OUTER_BOUND('',#670,.T.);
#274=FACE_OUTER_BOUND('',#671,.T.);
#275=FACE_OUTER_BOUND('',#673,.T.);
#276=FACE_OUTER_BOUND('',#674,.T.);
#277=FACE_OUTER_BOUND('',#675,.T.);
#278=FACE_OUTER_BOUND('',#676,.T.);
#279=FACE_OUTER_BOUND('',#677,.T.);
#280=FACE_OUTER_BOUND('',#678,.T.);
#281=FACE_OUTER_BOUND('',#679,.T.);
#282=FACE_OUTER_BOUND('',#680,.T.);
#283=FACE_OUTER_BOUND('',#681,.T.);
#284=FACE_OUTER_BOUND('',#682,.T.);
#285=FACE_OUTER_BOUND('',#683,.T.);
#286=FACE_OUTER_BOUND('',#684,.T.);
#287=FACE_OUTER_BOUND('',#685,.T.);
#288=FACE_OUTER_BOUND('',#686,.T.);
#289=FACE_OUTER_BOUND('',#687,.T.);
#290=FACE_OUTER_BOUND('',#688,.T.);
#291=FACE_OUTER_BOUND('',#689,.T.);
#292=FACE_OUTER_BOUND('',#690,.T.);
#293=FACE_OUTER_BOUND('',#691,.T.);
#294=FACE_OUTER_BOUND('',#692,.T.);
#295=FACE_OUTER_BOUND('',#693,.T.);
#296=FACE_OUTER_BOUND('',#694,.T.);
#297=FACE_OUTER_BOUND('',#695,.T.);
#298=FACE_OUTER_BOUND('',#696,.T.);
#299=FACE_OUTER_BOUND('',#697,.T.);
#300=FACE_OUTER_BOUND('',#698,.T.);
#301=FACE_OUTER_BOUND('',#699,.T.);
#302=FACE_OUTER_BOUND('',#700,.T.);
#303=FACE_OUTER_BOUND('',#701,.T.);
#304=FACE_OUTER_BOUND('',#702,.T.);
#305=FACE_OUTER_BOUND('',#703,.T.);
#306=FACE_OUTER_BOUND('',#704,.T.);
#307=FACE_OUTER_BOUND('',#705,.T.);
#308=FACE_OUTER_BOUND('',#706,.T.);
#309=FACE_OUTER_BOUND('',#707,.T.);
#310=FACE_OUTER_BOUND('',#708,.T.);
#311=FACE_OUTER_BOUND('',#709,.T.);
#312=FACE_OUTER_BOUND('',#710,.T.);
#313=FACE_OUTER_BOUND('',#711,.T.);
#314=FACE_OUTER_BOUND('',#712,.T.);
#315=FACE_OUTER_BOUND('',#713,.T.);
#316=FACE_OUTER_BOUND('',#714,.T.);
#317=FACE_OUTER_BOUND('',#715,.T.);
#318=FACE_OUTER_BOUND('',#716,.T.);
#319=FACE_OUTER_BOUND('',#717,.T.);
#320=FACE_OUTER_BOUND('',#718,.T.);
#321=FACE_OUTER_BOUND('',#719,.T.);
#322=FACE_OUTER_BOUND('',#720,.T.);
#323=FACE_OUTER_BOUND('',#721,.T.);
#324=FACE_OUTER_BOUND('',#722,.T.);
#325=FACE_OUTER_BOUND('',#723,.T.);
#326=FACE_OUTER_BOUND('',#724,.T.);
#327=FACE_OUTER_BOUND('',#725,.T.);
#328=FACE_OUTER_BOUND('',#726,.T.);
#329=FACE_OUTER_BOUND('',#727,.T.);
#330=FACE_OUTER_BOUND('',#728,.T.);
#331=FACE_OUTER_BOUND('',#729,.T.);
#332=FACE_OUTER_BOUND('',#730,.T.);
#333=FACE_OUTER_BOUND('',#731,.T.);
#334=FACE_OUTER_BOUND('',#732,.T.);
#335=FACE_OUTER_BOUND('',#733,.T.);
#336=FACE_OUTER_BOUND('',#734,.T.);
#337=FACE_OUTER_BOUND('',#735,.T.);
#338=FACE_OUTER_BOUND('',#736,.T.);
#339=FACE_OUTER_BOUND('',#737,.T.);
#340=FACE_OUTER_BOUND('',#738,.T.);
#341=FACE_OUTER_BOUND('',#739,.T.);
#342=FACE_OUTER_BOUND('',#740,.T.);
#343=FACE_OUTER_BOUND('',#741,.T.);
#344=FACE_OUTER_BOUND('',#742,.T.);
#345=FACE_OUTER_BOUND('',#743,.T.);
#346=FACE_OUTER_BOUND('',#744,.T.);
#347=FACE_OUTER_BOUND('',#745,.T.);
#348=FACE_OUTER_BOUND('',#746,.T.);
#349=FACE_OUTER_BOUND('',#747,.T.);
#350=FACE_OUTER_BOUND('',#748,.T.);
#351=FACE_OUTER_BOUND('',#749,.T.);
#352=FACE_OUTER_BOUND('',#750,.T.);
#353=FACE_OUTER_BOUND('',#751,.T.);
#354=FACE_OUTER_BOUND('',#752,.T.);
#355=FACE_OUTER_BOUND('',#753,.T.);
#356=FACE_OUTER_BOUND('',#754,.T.);
#357=FACE_OUTER_BOUND('',#755,.T.);
#358=FACE_OUTER_BOUND('',#756,.T.);
#359=FACE_OUTER_BOUND('',#757,.T.);
#360=FACE_OUTER_BOUND('',#758,.T.);
#361=FACE_OUTER_BOUND('',#759,.T.);
#362=FACE_OUTER_BOUND('',#760,.T.);
#363=FACE_OUTER_BOUND('',#761,.T.);
#364=FACE_OUTER_BOUND('',#762,.T.);
#365=FACE_OUTER_BOUND('',#763,.T.);
#366=FACE_OUTER_BOUND('',#764,.T.);
#367=FACE_OUTER_BOUND('',#765,.T.);
#368=FACE_OUTER_BOUND('',#766,.T.);
#369=FACE_OUTER_BOUND('',#767,.T.);
#370=FACE_OUTER_BOUND('',#768,.T.);
#371=FACE_OUTER_BOUND('',#769,.T.);
#372=FACE_OUTER_BOUND('',#770,.T.);
#373=FACE_OUTER_BOUND('',#771,.T.);
#374=FACE_OUTER_BOUND('',#772,.T.);
#375=FACE_OUTER_BOUND('',#773,.T.);
#376=FACE_OUTER_BOUND('',#774,.T.);
#377=FACE_OUTER_BOUND('',#775,.T.);
#378=FACE_OUTER_BOUND('',#776,.T.);
#379=FACE_OUTER_BOUND('',#777,.T.);
#380=FACE_OUTER_BOUND('',#778,.T.);
#381=FACE_OUTER_BOUND('',#779,.T.);
#382=FACE_OUTER_BOUND('',#780,.T.);
#383=FACE_OUTER_BOUND('',#781,.T.);
#384=FACE_OUTER_BOUND('',#782,.T.);
#385=FACE_OUTER_BOUND('',#783,.T.);
#386=FACE_OUTER_BOUND('',#784,.T.);
#387=FACE_OUTER_BOUND('',#785,.T.);
#388=FACE_OUTER_BOUND('',#786,.T.);
#389=FACE_OUTER_BOUND('',#787,.T.);
#390=FACE_OUTER_BOUND('',#788,.T.);
#391=FACE_OUTER_BOUND('',#789,.T.);
#392=FACE_OUTER_BOUND('',#790,.T.);
#393=FACE_OUTER_BOUND('',#791,.T.);
#394=FACE_OUTER_BOUND('',#792,.T.);
#395=FACE_OUTER_BOUND('',#793,.T.);
#396=FACE_OUTER_BOUND('',#794,.T.);
#397=FACE_OUTER_BOUND('',#795,.T.);
#398=FACE_OUTER_BOUND('',#796,.T.);
#399=FACE_OUTER_BOUND('',#797,.T.);
#400=FACE_OUTER_BOUND('',#798,.T.);
#401=FACE_OUTER_BOUND('',#799,.T.);
#402=FACE_OUTER_BOUND('',#800,.T.);
#403=FACE_OUTER_BOUND('',#801,.T.);
#404=FACE_OUTER_BOUND('',#802,.T.);
#405=FACE_OUTER_BOUND('',#803,.T.);
#406=FACE_OUTER_BOUND('',#804,.T.);
#407=FACE_OUTER_BOUND('',#805,.T.);
#408=FACE_OUTER_BOUND('',#806,.T.);
#409=FACE_OUTER_BOUND('',#807,.T.);
#410=FACE_OUTER_BOUND('',#808,.T.);
#411=FACE_OUTER_BOUND('',#809,.T.);
#412=FACE_OUTER_BOUND('',#810,.T.);
#413=FACE_OUTER_BOUND('',#811,.T.);
#414=FACE_OUTER_BOUND('',#812,.T.);
#415=FACE_OUTER_BOUND('',#813,.T.);
#416=FACE_OUTER_BOUND('',#814,.T.);
#417=FACE_OUTER_BOUND('',#815,.T.);
#418=FACE_OUTER_BOUND('',#816,.T.);
#419=FACE_OUTER_BOUND('',#817,.T.);
#420=FACE_OUTER_BOUND('',#818,.T.);
#421=FACE_OUTER_BOUND('',#819,.T.);
#422=FACE_OUTER_BOUND('',#820,.T.);
#423=FACE_OUTER_BOUND('',#821,.T.);
#424=FACE_OUTER_BOUND('',#822,.T.);
#425=FACE_OUTER_BOUND('',#823,.T.);
#426=FACE_OUTER_BOUND('',#824,.T.);
#427=FACE_OUTER_BOUND('',#825,.T.);
#428=FACE_OUTER_BOUND('',#826,.T.);
#429=FACE_OUTER_BOUND('',#827,.T.);
#430=FACE_OUTER_BOUND('',#828,.T.);
#431=FACE_OUTER_BOUND('',#829,.T.);
#432=FACE_OUTER_BOUND('',#830,.T.);
#433=FACE_OUTER_BOUND('',#831,.T.);
#434=FACE_OUTER_BOUND('',#832,.T.);
#435=FACE_OUTER_BOUND('',#833,.T.);
#436=FACE_OUTER_BOUND('',#834,.T.);
#437=FACE_OUTER_BOUND('',#835,.T.);
#438=FACE_OUTER_BOUND('',#836,.T.);
#439=FACE_OUTER_BOUND('',#837,.T.);
#440=FACE_OUTER_BOUND('',#838,.T.);
#441=FACE_OUTER_BOUND('',#839,.T.);
#442=FACE_OUTER_BOUND('',#840,.T.);
#443=FACE_OUTER_BOUND('',#841,.T.);
#444=FACE_OUTER_BOUND('',#842,.T.);
#445=FACE_OUTER_BOUND('',#843,.T.);
#446=FACE_OUTER_BOUND('',#844,.T.);
#447=FACE_OUTER_BOUND('',#845,.T.);
#448=FACE_OUTER_BOUND('',#846,.T.);
#449=FACE_OUTER_BOUND('',#847,.T.);
#450=FACE_OUTER_BOUND('',#848,.T.);
#451=FACE_OUTER_BOUND('',#849,.T.);
#452=FACE_OUTER_BOUND('',#850,.T.);
#453=FACE_OUTER_BOUND('',#851,.T.);
#454=FACE_OUTER_BOUND('',#852,.T.);
#455=FACE_OUTER_BOUND('',#853,.T.);
#456=FACE_OUTER_BOUND('',#854,.T.);
#457=FACE_OUTER_BOUND('',#855,.T.);
#458=FACE_OUTER_BOUND('',#856,.T.);
#459=FACE_OUTER_BOUND('',#857,.T.);
#460=FACE_OUTER_BOUND('',#858,.T.);
#461=FACE_OUTER_BOUND('',#859,.T.);
#462=FACE_OUTER_BOUND('',#860,.T.);
#463=FACE_OUTER_BOUND('',#861,.T.);
#464=FACE_OUTER_BOUND('',#862,.T.);
#465=FACE_OUTER_BOUND('',#863,.T.);
#466=FACE_OUTER_BOUND('',#864,.T.);
#467=FACE_OUTER_BOUND('',#865,.T.);
#468=FACE_OUTER_BOUND('',#866,.T.);
#469=FACE_OUTER_BOUND('',#867,.T.);
#470=FACE_OUTER_BOUND('',#868,.T.);
#471=FACE_OUTER_BOUND('',#869,.T.);
#472=FACE_OUTER_BOUND('',#870,.T.);
#473=FACE_OUTER_BOUND('',#871,.T.);
#474=FACE_OUTER_BOUND('',#872,.T.);
#475=FACE_OUTER_BOUND('',#873,.T.);
#476=FACE_OUTER_BOUND('',#874,.T.);
#477=FACE_OUTER_BOUND('',#875,.T.);
#478=FACE_OUTER_BOUND('',#876,.T.);
#479=FACE_OUTER_BOUND('',#877,.T.);
#480=FACE_OUTER_BOUND('',#878,.T.);
#481=FACE_OUTER_BOUND('',#879,.T.);
#482=FACE_OUTER_BOUND('',#880,.T.);
#483=FACE_OUTER_BOUND('',#881,.T.);
#484=FACE_OUTER_BOUND('',#882,.T.);
#485=FACE_OUTER_BOUND('',#883,.T.);
#486=FACE_OUTER_BOUND('',#884,.T.);
#487=FACE_OUTER_BOUND('',#885,.T.);
#488=FACE_OUTER_BOUND('',#886,.T.);
#489=FACE_OUTER_BOUND('',#887,.T.);
#490=FACE_OUTER_BOUND('',#888,.T.);
#491=FACE_OUTER_BOUND('',#889,.T.);
#492=FACE_OUTER_BOUND('',#890,.T.);
#493=FACE_OUTER_BOUND('',#891,.T.);
#494=FACE_OUTER_BOUND('',#892,.T.);
#495=FACE_OUTER_BOUND('',#893,.T.);
#496=FACE_OUTER_BOUND('',#894,.T.);
#497=FACE_OUTER_BOUND('',#895,.T.);
#498=FACE_OUTER_BOUND('',#896,.T.);
#499=FACE_OUTER_BOUND('',#897,.T.);
#500=FACE_OUTER_BOUND('',#898,.T.);
#501=FACE_OUTER_BOUND('',#899,.T.);
#502=FACE_OUTER_BOUND('',#900,.T.);
#503=FACE_OUTER_BOUND('',#901,.T.);
#504=FACE_OUTER_BOUND('',#902,.T.);
#505=FACE_OUTER_BOUND('',#903,.T.);
#506=FACE_OUTER_BOUND('',#904,.T.);
#507=FACE_OUTER_BOUND('',#905,.T.);
#508=FACE_OUTER_BOUND('',#906,.T.);
#509=FACE_OUTER_BOUND('',#907,.T.);
#510=FACE_OUTER_BOUND('',#908,.T.);
#511=FACE_OUTER_BOUND('',#909,.T.);
#512=FACE_OUTER_BOUND('',#910,.T.);
#513=FACE_OUTER_BOUND('',#911,.T.);
#514=FACE_OUTER_BOUND('',#912,.T.);
#515=FACE_OUTER_BOUND('',#913,.T.);
#516=FACE_OUTER_BOUND('',#914,.T.);
#517=FACE_OUTER_BOUND('',#915,.T.);
#518=FACE_OUTER_BOUND('',#916,.T.);
#519=FACE_OUTER_BOUND('',#917,.T.);
#520=FACE_OUTER_BOUND('',#918,.T.);
#521=FACE_OUTER_BOUND('',#919,.T.);
#522=FACE_OUTER_BOUND('',#920,.T.);
#523=FACE_OUTER_BOUND('',#921,.T.);
#524=FACE_OUTER_BOUND('',#922,.T.);
#525=FACE_OUTER_BOUND('',#923,.T.);
#526=FACE_OUTER_BOUND('',#924,.T.);
#527=FACE_OUTER_BOUND('',#925,.T.);
#528=FACE_OUTER_BOUND('',#926,.T.);
#529=FACE_OUTER_BOUND('',#927,.T.);
#530=FACE_OUTER_BOUND('',#932,.T.);
#531=FACE_OUTER_BOUND('',#933,.T.);
#532=FACE_OUTER_BOUND('',#934,.T.);
#533=FACE_OUTER_BOUND('',#936,.T.);
#534=FACE_OUTER_BOUND('',#937,.T.);
#535=FACE_OUTER_BOUND('',#938,.T.);
#536=FACE_OUTER_BOUND('',#939,.T.);
#537=FACE_OUTER_BOUND('',#940,.T.);
#538=FACE_OUTER_BOUND('',#941,.T.);
#539=FACE_OUTER_BOUND('',#942,.T.);
#540=FACE_OUTER_BOUND('',#943,.T.);
#541=FACE_OUTER_BOUND('',#975,.T.);
#542=FACE_OUTER_BOUND('',#977,.T.);
#543=FACE_OUTER_BOUND('',#978,.T.);
#544=FACE_OUTER_BOUND('',#979,.T.);
#545=FACE_OUTER_BOUND('',#980,.T.);
#546=FACE_OUTER_BOUND('',#981,.T.);
#547=FACE_OUTER_BOUND('',#982,.T.);
#548=FACE_OUTER_BOUND('',#984,.T.);
#549=FACE_OUTER_BOUND('',#985,.T.);
#550=FACE_OUTER_BOUND('',#986,.T.);
#551=FACE_OUTER_BOUND('',#987,.T.);
#552=FACE_OUTER_BOUND('',#988,.T.);
#553=FACE_OUTER_BOUND('',#989,.T.);
#554=FACE_OUTER_BOUND('',#990,.T.);
#555=FACE_OUTER_BOUND('',#991,.T.);
#556=FACE_OUTER_BOUND('',#992,.T.);
#557=FACE_OUTER_BOUND('',#993,.T.);
#558=FACE_OUTER_BOUND('',#994,.T.);
#559=FACE_OUTER_BOUND('',#995,.T.);
#560=FACE_OUTER_BOUND('',#996,.T.);
#561=FACE_OUTER_BOUND('',#997,.T.);
#562=EDGE_LOOP('',(#4692,#4693,#4694,#4695));
#563=EDGE_LOOP('',(#4696,#4697,#4698,#4699));
#564=EDGE_LOOP('',(#4700,#4701,#4702,#4703));
#565=EDGE_LOOP('',(#4704,#4705,#4706,#4707));
#566=EDGE_LOOP('',(#4708,#4709,#4710,#4711));
#567=EDGE_LOOP('',(#4712,#4713,#4714,#4715));
#568=EDGE_LOOP('',(#4716,#4717,#4718,#4719));
#569=EDGE_LOOP('',(#4720,#4721,#4722,#4723));
#570=EDGE_LOOP('',(#4724,#4725,#4726,#4727));
#571=EDGE_LOOP('',(#4728,#4729,#4730,#4731));
#572=EDGE_LOOP('',(#4732,#4733,#4734,#4735));
#573=EDGE_LOOP('',(#4736,#4737,#4738,#4739));
#574=EDGE_LOOP('',(#4740,#4741,#4742,#4743));
#575=EDGE_LOOP('',(#4744,#4745,#4746,#4747));
#576=EDGE_LOOP('',(#4748,#4749,#4750,#4751));
#577=EDGE_LOOP('',(#4752,#4753,#4754,#4755));
#578=EDGE_LOOP('',(#4756,#4757,#4758,#4759));
#579=EDGE_LOOP('',(#4760,#4761,#4762,#4763));
#580=EDGE_LOOP('',(#4764,#4765,#4766,#4767));
#581=EDGE_LOOP('',(#4768,#4769,#4770,#4771));
#582=EDGE_LOOP('',(#4772,#4773,#4774,#4775));
#583=EDGE_LOOP('',(#4776,#4777,#4778,#4779));
#584=EDGE_LOOP('',(#4780,#4781,#4782,#4783));
#585=EDGE_LOOP('',(#4784,#4785,#4786,#4787));
#586=EDGE_LOOP('',(#4788,#4789,#4790,#4791,#4792,#4793));
#587=EDGE_LOOP('',(#4794,#4795,#4796,#4797));
#588=EDGE_LOOP('',(#4798,#4799,#4800,#4801));
#589=EDGE_LOOP('',(#4802,#4803,#4804,#4805));
#590=EDGE_LOOP('',(#4806,#4807,#4808,#4809));
#591=EDGE_LOOP('',(#4810,#4811,#4812,#4813));
#592=EDGE_LOOP('',(#4814,#4815,#4816,#4817));
#593=EDGE_LOOP('',(#4818,#4819,#4820,#4821));
#594=EDGE_LOOP('',(#4822,#4823,#4824,#4825));
#595=EDGE_LOOP('',(#4826,#4827,#4828,#4829));
#596=EDGE_LOOP('',(#4830,#4831,#4832,#4833));
#597=EDGE_LOOP('',(#4834,#4835,#4836,#4837));
#598=EDGE_LOOP('',(#4838,#4839,#4840,#4841));
#599=EDGE_LOOP('',(#4842,#4843,#4844,#4845));
#600=EDGE_LOOP('',(#4846,#4847,#4848,#4849));
#601=EDGE_LOOP('',(#4850,#4851,#4852,#4853));
#602=EDGE_LOOP('',(#4854,#4855,#4856,#4857));
#603=EDGE_LOOP('',(#4858,#4859,#4860,#4861));
#604=EDGE_LOOP('',(#4862,#4863,#4864,#4865));
#605=EDGE_LOOP('',(#4866,#4867,#4868,#4869));
#606=EDGE_LOOP('',(#4870,#4871,#4872,#4873));
#607=EDGE_LOOP('',(#4874,#4875,#4876,#4877));
#608=EDGE_LOOP('',(#4878,#4879,#4880,#4881));
#609=EDGE_LOOP('',(#4882,#4883,#4884,#4885));
#610=EDGE_LOOP('',(#4886,#4887,#4888,#4889));
#611=EDGE_LOOP('',(#4890,#4891,#4892,#4893));
#612=EDGE_LOOP('',(#4894,#4895,#4896,#4897));
#613=EDGE_LOOP('',(#4898,#4899,#4900,#4901));
#614=EDGE_LOOP('',(#4902,#4903,#4904,#4905));
#615=EDGE_LOOP('',(#4906,#4907,#4908,#4909));
#616=EDGE_LOOP('',(#4910,#4911,#4912,#4913));
#617=EDGE_LOOP('',(#4914,#4915,#4916,#4917));
#618=EDGE_LOOP('',(#4918,#4919,#4920,#4921));
#619=EDGE_LOOP('',(#4922,#4923,#4924,#4925));
#620=EDGE_LOOP('',(#4926,#4927,#4928,#4929));
#621=EDGE_LOOP('',(#4930,#4931,#4932,#4933));
#622=EDGE_LOOP('',(#4934,#4935,#4936,#4937));
#623=EDGE_LOOP('',(#4938,#4939,#4940,#4941));
#624=EDGE_LOOP('',(#4942,#4943,#4944,#4945));
#625=EDGE_LOOP('',(#4946,#4947,#4948,#4949,#4950,#4951));
#626=EDGE_LOOP('',(#4952,#4953,#4954,#4955));
#627=EDGE_LOOP('',(#4956,#4957,#4958,#4959));
#628=EDGE_LOOP('',(#4960,#4961,#4962,#4963));
#629=EDGE_LOOP('',(#4964,#4965,#4966,#4967));
#630=EDGE_LOOP('',(#4968,#4969,#4970,#4971,#4972,#4973));
#631=EDGE_LOOP('',(#4974,#4975,#4976,#4977));
#632=EDGE_LOOP('',(#4978,#4979,#4980,#4981));
#633=EDGE_LOOP('',(#4982,#4983,#4984,#4985));
#634=EDGE_LOOP('',(#4986,#4987,#4988,#4989));
#635=EDGE_LOOP('',(#4990,#4991,#4992,#4993));
#636=EDGE_LOOP('',(#4994,#4995,#4996,#4997));
#637=EDGE_LOOP('',(#4998,#4999,#5000,#5001,#5002,#5003));
#638=EDGE_LOOP('',(#5004,#5005,#5006,#5007,#5008,#5009));
#639=EDGE_LOOP('',(#5010,#5011,#5012,#5013,#5014,#5015));
#640=EDGE_LOOP('',(#5016,#5017,#5018,#5019,#5020,#5021,#5022,#5023));
#641=EDGE_LOOP('',(#5024,#5025,#5026,#5027,#5028,#5029));
#642=EDGE_LOOP('',(#5030,#5031,#5032,#5033));
#643=EDGE_LOOP('',(#5034,#5035,#5036,#5037));
#644=EDGE_LOOP('',(#5038,#5039,#5040,#5041,#5042,#5043));
#645=EDGE_LOOP('',(#5044,#5045,#5046,#5047,#5048,#5049));
#646=EDGE_LOOP('',(#5050,#5051,#5052,#5053,#5054,#5055));
#647=EDGE_LOOP('',(#5056,#5057,#5058,#5059,#5060,#5061,#5062,#5063));
#648=EDGE_LOOP('',(#5064,#5065,#5066,#5067,#5068,#5069));
#649=EDGE_LOOP('',(#5070,#5071,#5072,#5073));
#650=EDGE_LOOP('',(#5074,#5075,#5076,#5077));
#651=EDGE_LOOP('',(#5078,#5079,#5080,#5081));
#652=EDGE_LOOP('',(#5082,#5083,#5084,#5085));
#653=EDGE_LOOP('',(#5086,#5087,#5088,#5089));
#654=EDGE_LOOP('',(#5090,#5091,#5092,#5093,#5094,#5095,#5096,#5097));
#655=EDGE_LOOP('',(#5098,#5099,#5100,#5101));
#656=EDGE_LOOP('',(#5102,#5103,#5104,#5105));
#657=EDGE_LOOP('',(#5106,#5107,#5108,#5109));
#658=EDGE_LOOP('',(#5110,#5111,#5112,#5113));
#659=EDGE_LOOP('',(#5114,#5115,#5116,#5117));
#660=EDGE_LOOP('',(#5118,#5119,#5120,#5121));
#661=EDGE_LOOP('',(#5122,#5123,#5124,#5125));
#662=EDGE_LOOP('',(#5126,#5127,#5128,#5129));
#663=EDGE_LOOP('',(#5130,#5131,#5132,#5133));
#664=EDGE_LOOP('',(#5134,#5135,#5136,#5137));
#665=EDGE_LOOP('',(#5138,#5139,#5140,#5141));
#666=EDGE_LOOP('',(#5142,#5143,#5144,#5145));
#667=EDGE_LOOP('',(#5146,#5147,#5148,#5149));
#668=EDGE_LOOP('',(#5150,#5151,#5152,#5153));
#669=EDGE_LOOP('',(#5154,#5155,#5156,#5157));
#670=EDGE_LOOP('',(#5158,#5159,#5160,#5161,#5162,#5163));
#671=EDGE_LOOP('',(#5164,#5165,#5166,#5167,#5168,#5169,#5170,#5171));
#672=EDGE_LOOP('',(#5172,#5173,#5174,#5175,#5176,#5177,#5178,#5179));
#673=EDGE_LOOP('',(#5180,#5181,#5182,#5183,#5184,#5185));
#674=EDGE_LOOP('',(#5186,#5187,#5188,#5189,#5190,#5191));
#675=EDGE_LOOP('',(#5192,#5193,#5194,#5195));
#676=EDGE_LOOP('',(#5196,#5197,#5198,#5199));
#677=EDGE_LOOP('',(#5200,#5201,#5202,#5203));
#678=EDGE_LOOP('',(#5204,#5205,#5206,#5207,#5208,#5209,#5210));
#679=EDGE_LOOP('',(#5211,#5212,#5213,#5214,#5215,#5216,#5217));
#680=EDGE_LOOP('',(#5218,#5219,#5220,#5221));
#681=EDGE_LOOP('',(#5222,#5223,#5224,#5225));
#682=EDGE_LOOP('',(#5226,#5227,#5228,#5229));
#683=EDGE_LOOP('',(#5230,#5231,#5232,#5233));
#684=EDGE_LOOP('',(#5234,#5235,#5236,#5237,#5238,#5239,#5240,#5241));
#685=EDGE_LOOP('',(#5242,#5243,#5244,#5245,#5246,#5247,#5248,#5249));
#686=EDGE_LOOP('',(#5250,#5251,#5252,#5253));
#687=EDGE_LOOP('',(#5254,#5255,#5256,#5257));
#688=EDGE_LOOP('',(#5258,#5259,#5260,#5261));
#689=EDGE_LOOP('',(#5262,#5263,#5264,#5265));
#690=EDGE_LOOP('',(#5266,#5267,#5268,#5269));
#691=EDGE_LOOP('',(#5270,#5271,#5272,#5273));
#692=EDGE_LOOP('',(#5274,#5275,#5276,#5277));
#693=EDGE_LOOP('',(#5278,#5279,#5280,#5281));
#694=EDGE_LOOP('',(#5282,#5283,#5284,#5285));
#695=EDGE_LOOP('',(#5286,#5287,#5288,#5289));
#696=EDGE_LOOP('',(#5290,#5291,#5292,#5293));
#697=EDGE_LOOP('',(#5294,#5295,#5296,#5297));
#698=EDGE_LOOP('',(#5298,#5299,#5300,#5301));
#699=EDGE_LOOP('',(#5302,#5303,#5304,#5305));
#700=EDGE_LOOP('',(#5306,#5307,#5308,#5309));
#701=EDGE_LOOP('',(#5310,#5311,#5312,#5313,#5314,#5315));
#702=EDGE_LOOP('',(#5316,#5317,#5318,#5319));
#703=EDGE_LOOP('',(#5320,#5321,#5322,#5323,#5324,#5325));
#704=EDGE_LOOP('',(#5326,#5327,#5328,#5329));
#705=EDGE_LOOP('',(#5330,#5331,#5332,#5333));
#706=EDGE_LOOP('',(#5334,#5335,#5336,#5337));
#707=EDGE_LOOP('',(#5338,#5339,#5340,#5341));
#708=EDGE_LOOP('',(#5342,#5343,#5344,#5345));
#709=EDGE_LOOP('',(#5346,#5347,#5348,#5349));
#710=EDGE_LOOP('',(#5350,#5351,#5352,#5353,#5354,#5355,#5356,#5357));
#711=EDGE_LOOP('',(#5358,#5359,#5360,#5361));
#712=EDGE_LOOP('',(#5362,#5363,#5364,#5365));
#713=EDGE_LOOP('',(#5366,#5367,#5368,#5369));
#714=EDGE_LOOP('',(#5370,#5371,#5372,#5373));
#715=EDGE_LOOP('',(#5374,#5375,#5376,#5377));
#716=EDGE_LOOP('',(#5378,#5379,#5380,#5381));
#717=EDGE_LOOP('',(#5382,#5383,#5384,#5385));
#718=EDGE_LOOP('',(#5386,#5387,#5388,#5389));
#719=EDGE_LOOP('',(#5390,#5391,#5392,#5393));
#720=EDGE_LOOP('',(#5394,#5395,#5396,#5397));
#721=EDGE_LOOP('',(#5398,#5399,#5400,#5401));
#722=EDGE_LOOP('',(#5402,#5403,#5404,#5405));
#723=EDGE_LOOP('',(#5406,#5407,#5408,#5409));
#724=EDGE_LOOP('',(#5410,#5411,#5412,#5413));
#725=EDGE_LOOP('',(#5414,#5415,#5416,#5417));
#726=EDGE_LOOP('',(#5418,#5419,#5420,#5421));
#727=EDGE_LOOP('',(#5422,#5423,#5424,#5425));
#728=EDGE_LOOP('',(#5426,#5427,#5428,#5429));
#729=EDGE_LOOP('',(#5430,#5431,#5432,#5433));
#730=EDGE_LOOP('',(#5434,#5435,#5436,#5437));
#731=EDGE_LOOP('',(#5438,#5439,#5440,#5441));
#732=EDGE_LOOP('',(#5442,#5443,#5444,#5445));
#733=EDGE_LOOP('',(#5446,#5447,#5448,#5449));
#734=EDGE_LOOP('',(#5450,#5451,#5452,#5453));
#735=EDGE_LOOP('',(#5454,#5455,#5456,#5457));
#736=EDGE_LOOP('',(#5458,#5459,#5460,#5461));
#737=EDGE_LOOP('',(#5462,#5463,#5464,#5465));
#738=EDGE_LOOP('',(#5466,#5467,#5468,#5469));
#739=EDGE_LOOP('',(#5470,#5471,#5472,#5473));
#740=EDGE_LOOP('',(#5474,#5475,#5476,#5477));
#741=EDGE_LOOP('',(#5478,#5479,#5480,#5481));
#742=EDGE_LOOP('',(#5482,#5483,#5484,#5485));
#743=EDGE_LOOP('',(#5486,#5487,#5488,#5489));
#744=EDGE_LOOP('',(#5490,#5491,#5492,#5493));
#745=EDGE_LOOP('',(#5494,#5495,#5496,#5497));
#746=EDGE_LOOP('',(#5498,#5499,#5500,#5501));
#747=EDGE_LOOP('',(#5502,#5503,#5504,#5505));
#748=EDGE_LOOP('',(#5506,#5507,#5508,#5509));
#749=EDGE_LOOP('',(#5510,#5511,#5512,#5513));
#750=EDGE_LOOP('',(#5514,#5515,#5516,#5517));
#751=EDGE_LOOP('',(#5518,#5519,#5520,#5521));
#752=EDGE_LOOP('',(#5522,#5523,#5524,#5525));
#753=EDGE_LOOP('',(#5526,#5527,#5528,#5529));
#754=EDGE_LOOP('',(#5530,#5531,#5532,#5533));
#755=EDGE_LOOP('',(#5534,#5535,#5536,#5537));
#756=EDGE_LOOP('',(#5538,#5539,#5540,#5541));
#757=EDGE_LOOP('',(#5542,#5543,#5544,#5545));
#758=EDGE_LOOP('',(#5546,#5547,#5548,#5549));
#759=EDGE_LOOP('',(#5550,#5551,#5552,#5553));
#760=EDGE_LOOP('',(#5554,#5555,#5556,#5557));
#761=EDGE_LOOP('',(#5558,#5559,#5560,#5561));
#762=EDGE_LOOP('',(#5562,#5563,#5564,#5565));
#763=EDGE_LOOP('',(#5566,#5567,#5568,#5569));
#764=EDGE_LOOP('',(#5570,#5571,#5572,#5573));
#765=EDGE_LOOP('',(#5574,#5575,#5576,#5577));
#766=EDGE_LOOP('',(#5578,#5579,#5580,#5581));
#767=EDGE_LOOP('',(#5582,#5583,#5584,#5585));
#768=EDGE_LOOP('',(#5586,#5587,#5588,#5589));
#769=EDGE_LOOP('',(#5590,#5591,#5592,#5593));
#770=EDGE_LOOP('',(#5594,#5595,#5596,#5597));
#771=EDGE_LOOP('',(#5598,#5599,#5600,#5601));
#772=EDGE_LOOP('',(#5602,#5603,#5604,#5605));
#773=EDGE_LOOP('',(#5606,#5607,#5608,#5609));
#774=EDGE_LOOP('',(#5610,#5611,#5612,#5613));
#775=EDGE_LOOP('',(#5614,#5615,#5616,#5617));
#776=EDGE_LOOP('',(#5618,#5619,#5620,#5621));
#777=EDGE_LOOP('',(#5622,#5623,#5624,#5625));
#778=EDGE_LOOP('',(#5626,#5627,#5628,#5629));
#779=EDGE_LOOP('',(#5630,#5631,#5632,#5633));
#780=EDGE_LOOP('',(#5634,#5635,#5636,#5637));
#781=EDGE_LOOP('',(#5638,#5639,#5640,#5641));
#782=EDGE_LOOP('',(#5642,#5643,#5644,#5645));
#783=EDGE_LOOP('',(#5646,#5647,#5648,#5649));
#784=EDGE_LOOP('',(#5650,#5651,#5652,#5653));
#785=EDGE_LOOP('',(#5654,#5655,#5656,#5657));
#786=EDGE_LOOP('',(#5658,#5659,#5660,#5661));
#787=EDGE_LOOP('',(#5662,#5663,#5664,#5665));
#788=EDGE_LOOP('',(#5666,#5667,#5668,#5669));
#789=EDGE_LOOP('',(#5670,#5671,#5672,#5673));
#790=EDGE_LOOP('',(#5674,#5675,#5676,#5677,#5678,#5679,#5680,#5681));
#791=EDGE_LOOP('',(#5682,#5683,#5684,#5685));
#792=EDGE_LOOP('',(#5686,#5687,#5688,#5689));
#793=EDGE_LOOP('',(#5690,#5691,#5692,#5693));
#794=EDGE_LOOP('',(#5694,#5695,#5696,#5697));
#795=EDGE_LOOP('',(#5698,#5699,#5700,#5701));
#796=EDGE_LOOP('',(#5702,#5703,#5704,#5705,#5706,#5707,#5708,#5709,#5710,
#5711));
#797=EDGE_LOOP('',(#5712,#5713,#5714,#5715,#5716,#5717));
#798=EDGE_LOOP('',(#5718,#5719,#5720,#5721));
#799=EDGE_LOOP('',(#5722,#5723,#5724,#5725,#5726,#5727));
#800=EDGE_LOOP('',(#5728,#5729,#5730,#5731));
#801=EDGE_LOOP('',(#5732,#5733,#5734,#5735));
#802=EDGE_LOOP('',(#5736,#5737,#5738,#5739));
#803=EDGE_LOOP('',(#5740,#5741,#5742,#5743,#5744,#5745,#5746,#5747));
#804=EDGE_LOOP('',(#5748,#5749,#5750,#5751));
#805=EDGE_LOOP('',(#5752,#5753,#5754,#5755));
#806=EDGE_LOOP('',(#5756,#5757,#5758,#5759,#5760));
#807=EDGE_LOOP('',(#5761,#5762,#5763,#5764));
#808=EDGE_LOOP('',(#5765,#5766,#5767,#5768));
#809=EDGE_LOOP('',(#5769,#5770,#5771,#5772));
#810=EDGE_LOOP('',(#5773,#5774,#5775,#5776,#5777,#5778,#5779,#5780));
#811=EDGE_LOOP('',(#5781,#5782,#5783,#5784,#5785));
#812=EDGE_LOOP('',(#5786,#5787,#5788,#5789));
#813=EDGE_LOOP('',(#5790,#5791,#5792,#5793));
#814=EDGE_LOOP('',(#5794,#5795,#5796,#5797));
#815=EDGE_LOOP('',(#5798,#5799,#5800,#5801,#5802,#5803,#5804,#5805));
#816=EDGE_LOOP('',(#5806,#5807,#5808,#5809));
#817=EDGE_LOOP('',(#5810,#5811,#5812,#5813));
#818=EDGE_LOOP('',(#5814,#5815,#5816,#5817));
#819=EDGE_LOOP('',(#5818,#5819,#5820,#5821));
#820=EDGE_LOOP('',(#5822,#5823,#5824,#5825));
#821=EDGE_LOOP('',(#5826,#5827,#5828,#5829));
#822=EDGE_LOOP('',(#5830,#5831,#5832,#5833));
#823=EDGE_LOOP('',(#5834,#5835,#5836,#5837));
#824=EDGE_LOOP('',(#5838,#5839,#5840,#5841));
#825=EDGE_LOOP('',(#5842,#5843,#5844,#5845));
#826=EDGE_LOOP('',(#5846,#5847,#5848,#5849));
#827=EDGE_LOOP('',(#5850,#5851,#5852,#5853,#5854,#5855));
#828=EDGE_LOOP('',(#5856,#5857,#5858,#5859));
#829=EDGE_LOOP('',(#5860,#5861,#5862,#5863));
#830=EDGE_LOOP('',(#5864,#5865,#5866,#5867));
#831=EDGE_LOOP('',(#5868,#5869,#5870,#5871));
#832=EDGE_LOOP('',(#5872,#5873,#5874,#5875));
#833=EDGE_LOOP('',(#5876,#5877,#5878,#5879));
#834=EDGE_LOOP('',(#5880,#5881,#5882,#5883));
#835=EDGE_LOOP('',(#5884,#5885,#5886,#5887));
#836=EDGE_LOOP('',(#5888,#5889,#5890,#5891));
#837=EDGE_LOOP('',(#5892,#5893,#5894,#5895));
#838=EDGE_LOOP('',(#5896,#5897,#5898,#5899));
#839=EDGE_LOOP('',(#5900,#5901,#5902,#5903));
#840=EDGE_LOOP('',(#5904,#5905,#5906,#5907));
#841=EDGE_LOOP('',(#5908,#5909,#5910,#5911));
#842=EDGE_LOOP('',(#5912,#5913,#5914,#5915));
#843=EDGE_LOOP('',(#5916,#5917,#5918,#5919));
#844=EDGE_LOOP('',(#5920,#5921,#5922,#5923));
#845=EDGE_LOOP('',(#5924,#5925,#5926,#5927));
#846=EDGE_LOOP('',(#5928,#5929,#5930,#5931));
#847=EDGE_LOOP('',(#5932,#5933,#5934,#5935));
#848=EDGE_LOOP('',(#5936,#5937,#5938,#5939));
#849=EDGE_LOOP('',(#5940,#5941,#5942,#5943));
#850=EDGE_LOOP('',(#5944,#5945,#5946,#5947));
#851=EDGE_LOOP('',(#5948,#5949,#5950,#5951));
#852=EDGE_LOOP('',(#5952,#5953,#5954,#5955));
#853=EDGE_LOOP('',(#5956,#5957,#5958,#5959));
#854=EDGE_LOOP('',(#5960,#5961,#5962,#5963));
#855=EDGE_LOOP('',(#5964,#5965,#5966,#5967));
#856=EDGE_LOOP('',(#5968,#5969,#5970,#5971));
#857=EDGE_LOOP('',(#5972,#5973,#5974,#5975));
#858=EDGE_LOOP('',(#5976,#5977,#5978,#5979));
#859=EDGE_LOOP('',(#5980,#5981,#5982,#5983));
#860=EDGE_LOOP('',(#5984,#5985,#5986,#5987));
#861=EDGE_LOOP('',(#5988,#5989,#5990,#5991));
#862=EDGE_LOOP('',(#5992,#5993,#5994,#5995));
#863=EDGE_LOOP('',(#5996,#5997,#5998,#5999));
#864=EDGE_LOOP('',(#6000,#6001,#6002,#6003));
#865=EDGE_LOOP('',(#6004,#6005,#6006,#6007));
#866=EDGE_LOOP('',(#6008,#6009,#6010,#6011));
#867=EDGE_LOOP('',(#6012,#6013,#6014,#6015));
#868=EDGE_LOOP('',(#6016,#6017,#6018,#6019,#6020,#6021,#6022,#6023));
#869=EDGE_LOOP('',(#6024,#6025,#6026,#6027,#6028,#6029,#6030,#6031));
#870=EDGE_LOOP('',(#6032,#6033,#6034,#6035));
#871=EDGE_LOOP('',(#6036,#6037,#6038,#6039));
#872=EDGE_LOOP('',(#6040,#6041,#6042,#6043));
#873=EDGE_LOOP('',(#6044,#6045,#6046,#6047));
#874=EDGE_LOOP('',(#6048,#6049,#6050,#6051));
#875=EDGE_LOOP('',(#6052,#6053,#6054,#6055));
#876=EDGE_LOOP('',(#6056,#6057,#6058,#6059));
#877=EDGE_LOOP('',(#6060,#6061,#6062,#6063));
#878=EDGE_LOOP('',(#6064,#6065,#6066,#6067));
#879=EDGE_LOOP('',(#6068,#6069,#6070,#6071));
#880=EDGE_LOOP('',(#6072,#6073,#6074,#6075));
#881=EDGE_LOOP('',(#6076,#6077,#6078,#6079));
#882=EDGE_LOOP('',(#6080,#6081,#6082,#6083));
#883=EDGE_LOOP('',(#6084,#6085,#6086,#6087));
#884=EDGE_LOOP('',(#6088,#6089,#6090,#6091));
#885=EDGE_LOOP('',(#6092,#6093,#6094,#6095));
#886=EDGE_LOOP('',(#6096,#6097,#6098,#6099));
#887=EDGE_LOOP('',(#6100,#6101,#6102,#6103,#6104,#6105,#6106,#6107));
#888=EDGE_LOOP('',(#6108,#6109,#6110,#6111,#6112,#6113,#6114,#6115));
#889=EDGE_LOOP('',(#6116,#6117,#6118,#6119,#6120,#6121,#6122,#6123));
#890=EDGE_LOOP('',(#6124,#6125,#6126,#6127,#6128,#6129,#6130,#6131));
#891=EDGE_LOOP('',(#6132,#6133,#6134,#6135));
#892=EDGE_LOOP('',(#6136,#6137,#6138,#6139));
#893=EDGE_LOOP('',(#6140,#6141,#6142,#6143,#6144,#6145));
#894=EDGE_LOOP('',(#6146,#6147,#6148,#6149));
#895=EDGE_LOOP('',(#6150,#6151,#6152,#6153));
#896=EDGE_LOOP('',(#6154,#6155,#6156,#6157));
#897=EDGE_LOOP('',(#6158,#6159,#6160,#6161));
#898=EDGE_LOOP('',(#6162,#6163,#6164,#6165));
#899=EDGE_LOOP('',(#6166,#6167,#6168,#6169));
#900=EDGE_LOOP('',(#6170,#6171,#6172,#6173));
#901=EDGE_LOOP('',(#6174,#6175,#6176,#6177));
#902=EDGE_LOOP('',(#6178,#6179,#6180,#6181));
#903=EDGE_LOOP('',(#6182,#6183,#6184,#6185));
#904=EDGE_LOOP('',(#6186,#6187,#6188,#6189,#6190,#6191));
#905=EDGE_LOOP('',(#6192,#6193,#6194,#6195,#6196,#6197));
#906=EDGE_LOOP('',(#6198,#6199,#6200,#6201));
#907=EDGE_LOOP('',(#6202,#6203,#6204,#6205));
#908=EDGE_LOOP('',(#6206,#6207,#6208,#6209));
#909=EDGE_LOOP('',(#6210,#6211,#6212,#6213));
#910=EDGE_LOOP('',(#6214,#6215,#6216,#6217));
#911=EDGE_LOOP('',(#6218,#6219,#6220,#6221));
#912=EDGE_LOOP('',(#6222,#6223,#6224,#6225));
#913=EDGE_LOOP('',(#6226,#6227,#6228,#6229));
#914=EDGE_LOOP('',(#6230,#6231,#6232,#6233));
#915=EDGE_LOOP('',(#6234,#6235,#6236,#6237));
#916=EDGE_LOOP('',(#6238,#6239,#6240,#6241));
#917=EDGE_LOOP('',(#6242,#6243,#6244,#6245));
#918=EDGE_LOOP('',(#6246,#6247,#6248,#6249));
#919=EDGE_LOOP('',(#6250,#6251,#6252,#6253));
#920=EDGE_LOOP('',(#6254,#6255,#6256,#6257));
#921=EDGE_LOOP('',(#6258,#6259,#6260,#6261));
#922=EDGE_LOOP('',(#6262,#6263,#6264,#6265));
#923=EDGE_LOOP('',(#6266,#6267,#6268,#6269,#6270,#6271,#6272,#6273,#6274,
#6275,#6276,#6277,#6278,#6279,#6280,#6281,#6282,#6283,#6284,#6285,#6286,
#6287));
#924=EDGE_LOOP('',(#6288,#6289,#6290,#6291));
#925=EDGE_LOOP('',(#6292,#6293,#6294,#6295));
#926=EDGE_LOOP('',(#6296,#6297,#6298,#6299));
#927=EDGE_LOOP('',(#6300,#6301,#6302,#6303,#6304,#6305,#6306,#6307,#6308,
#6309,#6310,#6311));
#928=EDGE_LOOP('',(#6312));
#929=EDGE_LOOP('',(#6313));
#930=EDGE_LOOP('',(#6314));
#931=EDGE_LOOP('',(#6315));
#932=EDGE_LOOP('',(#6316,#6317,#6318,#6319,#6320,#6321,#6322,#6323));
#933=EDGE_LOOP('',(#6324,#6325,#6326,#6327,#6328,#6329,#6330,#6331));
#934=EDGE_LOOP('',(#6332,#6333,#6334,#6335));
#935=EDGE_LOOP('',(#6336,#6337,#6338,#6339));
#936=EDGE_LOOP('',(#6340,#6341,#6342,#6343));
#937=EDGE_LOOP('',(#6344,#6345,#6346,#6347,#6348,#6349,#6350,#6351,#6352,
#6353,#6354,#6355,#6356,#6357,#6358,#6359));
#938=EDGE_LOOP('',(#6360,#6361,#6362,#6363,#6364,#6365,#6366,#6367));
#939=EDGE_LOOP('',(#6368,#6369,#6370,#6371,#6372,#6373,#6374,#6375,#6376,
#6377,#6378,#6379,#6380,#6381,#6382,#6383));
#940=EDGE_LOOP('',(#6384,#6385,#6386,#6387));
#941=EDGE_LOOP('',(#6388,#6389,#6390,#6391,#6392,#6393,#6394,#6395,#6396,
#6397,#6398,#6399,#6400,#6401,#6402,#6403));
#942=EDGE_LOOP('',(#6404,#6405,#6406,#6407,#6408,#6409,#6410,#6411,#6412,
#6413,#6414,#6415,#6416,#6417,#6418,#6419));
#943=EDGE_LOOP('',(#6420,#6421,#6422,#6423,#6424,#6425,#6426,#6427,#6428,
#6429,#6430,#6431,#6432,#6433,#6434,#6435,#6436,#6437,#6438,#6439,#6440,
#6441,#6442,#6443));
#944=EDGE_LOOP('',(#6444,#6445,#6446,#6447,#6448,#6449,#6450,#6451,#6452,
#6453,#6454,#6455,#6456,#6457,#6458,#6459,#6460,#6461,#6462,#6463,#6464,
#6465,#6466,#6467,#6468,#6469,#6470,#6471));
#945=EDGE_LOOP('',(#6472,#6473,#6474,#6475));
#946=EDGE_LOOP('',(#6476,#6477,#6478,#6479,#6480,#6481,#6482,#6483));
#947=EDGE_LOOP('',(#6484,#6485,#6486,#6487));
#948=EDGE_LOOP('',(#6488,#6489,#6490,#6491));
#949=EDGE_LOOP('',(#6492,#6493,#6494,#6495));
#950=EDGE_LOOP('',(#6496,#6497,#6498,#6499));
#951=EDGE_LOOP('',(#6500,#6501,#6502,#6503,#6504,#6505,#6506,#6507,#6508,
#6509,#6510,#6511,#6512,#6513,#6514,#6515,#6516,#6517,#6518,#6519));
#952=EDGE_LOOP('',(#6520,#6521,#6522,#6523,#6524,#6525,#6526,#6527,#6528,
#6529,#6530,#6531,#6532,#6533,#6534,#6535,#6536,#6537));
#953=EDGE_LOOP('',(#6538,#6539,#6540,#6541));
#954=EDGE_LOOP('',(#6542,#6543,#6544,#6545));
#955=EDGE_LOOP('',(#6546,#6547,#6548,#6549));
#956=EDGE_LOOP('',(#6550,#6551,#6552,#6553,#6554,#6555,#6556,#6557,#6558,
#6559,#6560,#6561,#6562,#6563,#6564,#6565,#6566,#6567,#6568,#6569));
#957=EDGE_LOOP('',(#6570,#6571,#6572,#6573,#6574,#6575,#6576,#6577,#6578,
#6579,#6580,#6581,#6582,#6583,#6584,#6585,#6586,#6587,#6588,#6589));
#958=EDGE_LOOP('',(#6590,#6591,#6592,#6593,#6594,#6595));
#959=EDGE_LOOP('',(#6596,#6597,#6598,#6599));
#960=EDGE_LOOP('',(#6600));
#961=EDGE_LOOP('',(#6601));
#962=EDGE_LOOP('',(#6602));
#963=EDGE_LOOP('',(#6603));
#964=EDGE_LOOP('',(#6604,#6605,#6606,#6607,#6608,#6609));
#965=EDGE_LOOP('',(#6610,#6611,#6612,#6613));
#966=EDGE_LOOP('',(#6614,#6615,#6616,#6617,#6618,#6619));
#967=EDGE_LOOP('',(#6620,#6621,#6622,#6623,#6624,#6625,#6626,#6627,#6628,
#6629,#6630,#6631,#6632,#6633,#6634,#6635,#6636,#6637,#6638,#6639));
#968=EDGE_LOOP('',(#6640,#6641,#6642,#6643));
#969=EDGE_LOOP('',(#6644,#6645,#6646,#6647));
#970=EDGE_LOOP('',(#6648,#6649,#6650,#6651));
#971=EDGE_LOOP('',(#6652,#6653,#6654,#6655));
#972=EDGE_LOOP('',(#6656,#6657,#6658,#6659));
#973=EDGE_LOOP('',(#6660,#6661,#6662,#6663));
#974=EDGE_LOOP('',(#6664,#6665,#6666,#6667,#6668,#6669,#6670,#6671,#6672,
#6673,#6674,#6675));
#975=EDGE_LOOP('',(#6676,#6677,#6678,#6679));
#976=EDGE_LOOP('',(#6680,#6681,#6682,#6683,#6684,#6685));
#977=EDGE_LOOP('',(#6686,#6687,#6688,#6689,#6690,#6691,#6692,#6693,#6694,
#6695,#6696,#6697));
#978=EDGE_LOOP('',(#6698,#6699,#6700,#6701,#6702,#6703,#6704,#6705,#6706,
#6707,#6708,#6709));
#979=EDGE_LOOP('',(#6710,#6711,#6712,#6713));
#980=EDGE_LOOP('',(#6714,#6715,#6716,#6717));
#981=EDGE_LOOP('',(#6718,#6719,#6720,#6721));
#982=EDGE_LOOP('',(#6722,#6723,#6724,#6725));
#983=EDGE_LOOP('',(#6726,#6727,#6728,#6729));
#984=EDGE_LOOP('',(#6730,#6731,#6732,#6733));
#985=EDGE_LOOP('',(#6734,#6735,#6736,#6737));
#986=EDGE_LOOP('',(#6738,#6739,#6740,#6741));
#987=EDGE_LOOP('',(#6742,#6743,#6744,#6745));
#988=EDGE_LOOP('',(#6746,#6747,#6748,#6749));
#989=EDGE_LOOP('',(#6750,#6751,#6752,#6753,#6754));
#990=EDGE_LOOP('',(#6755,#6756,#6757,#6758,#6759));
#991=EDGE_LOOP('',(#6760,#6761,#6762,#6763));
#992=EDGE_LOOP('',(#6764,#6765,#6766,#6767));
#993=EDGE_LOOP('',(#6768,#6769,#6770,#6771));
#994=EDGE_LOOP('',(#6772,#6773,#6774,#6775));
#995=EDGE_LOOP('',(#6776,#6777,#6778,#6779));
#996=EDGE_LOOP('',(#6780,#6781,#6782,#6783));
#997=EDGE_LOOP('',(#6784,#6785,#6786,#6787));
#998=LINE('',#10221,#1974);
#999=LINE('',#10223,#1975);
#1000=LINE('',#10225,#1976);
#1001=LINE('',#10226,#1977);
#1002=LINE('',#10229,#1978);
#1003=LINE('',#10231,#1979);
#1004=LINE('',#10232,#1980);
#1005=LINE('',#10235,#1981);
#1006=LINE('',#10237,#1982);
#1007=LINE('',#10238,#1983);
#1008=LINE('',#10240,#1984);
#1009=LINE('',#10241,#1985);
#1010=LINE('',#10342,#1986);
#1011=LINE('',#10343,#1987);
#1012=LINE('',#10353,#1988);
#1013=LINE('',#10354,#1989);
#1014=LINE('',#10536,#1990);
#1015=LINE('',#10537,#1991);
#1016=LINE('',#10547,#1992);
#1017=LINE('',#10548,#1993);
#1018=LINE('',#10637,#1994);
#1019=LINE('',#10640,#1995);
#1020=LINE('',#10646,#1996);
#1021=LINE('',#10649,#1997);
#1022=LINE('',#10653,#1998);
#1023=LINE('',#10655,#1999);
#1024=LINE('',#10657,#2000);
#1025=LINE('',#10658,#2001);
#1026=LINE('',#10662,#2002);
#1027=LINE('',#10663,#2003);
#1028=LINE('',#10664,#2004);
#1029=LINE('',#10667,#2005);
#1030=LINE('',#10668,#2006);
#1031=LINE('',#10671,#2007);
#1032=LINE('',#10672,#2008);
#1033=LINE('',#10676,#2009);
#1034=LINE('',#10678,#2010);
#1035=LINE('',#10680,#2011);
#1036=LINE('',#10681,#2012);
#1037=LINE('',#10684,#2013);
#1038=LINE('',#10685,#2014);
#1039=LINE('',#10686,#2015);
#1040=LINE('',#10689,#2016);
#1041=LINE('',#10690,#2017);
#1042=LINE('',#10692,#2018);
#1043=LINE('',#10693,#2019);
#1044=LINE('',#10698,#2020);
#1045=LINE('',#10700,#2021);
#1046=LINE('',#10702,#2022);
#1047=LINE('',#10703,#2023);
#1048=LINE('',#10707,#2024);
#1049=LINE('',#10709,#2025);
#1050=LINE('',#10711,#2026);
#1051=LINE('',#10712,#2027);
#1052=LINE('',#10716,#2028);
#1053=LINE('',#10718,#2029);
#1054=LINE('',#10720,#2030);
#1055=LINE('',#10721,#2031);
#1056=LINE('',#10725,#2032);
#1057=LINE('',#10727,#2033);
#1058=LINE('',#10729,#2034);
#1059=LINE('',#10730,#2035);
#1060=LINE('',#10734,#2036);
#1061=LINE('',#10736,#2037);
#1062=LINE('',#10738,#2038);
#1063=LINE('',#10739,#2039);
#1064=LINE('',#10743,#2040);
#1065=LINE('',#10745,#2041);
#1066=LINE('',#10747,#2042);
#1067=LINE('',#10748,#2043);
#1068=LINE('',#10751,#2044);
#1069=LINE('',#10753,#2045);
#1070=LINE('',#10754,#2046);
#1071=LINE('',#10757,#2047);
#1072=LINE('',#10758,#2048);
#1073=LINE('',#10761,#2049);
#1074=LINE('',#10762,#2050);
#1075=LINE('',#10765,#2051);
#1076=LINE('',#10767,#2052);
#1077=LINE('',#10768,#2053);
#1078=LINE('',#10771,#2054);
#1079=LINE('',#10773,#2055);
#1080=LINE('',#10774,#2056);
#1081=LINE('',#10776,#2057);
#1082=LINE('',#10779,#2058);
#1083=LINE('',#10781,#2059);
#1084=LINE('',#10782,#2060);
#1085=LINE('',#10785,#2061);
#1086=LINE('',#10786,#2062);
#1087=LINE('',#10789,#2063);
#1088=LINE('',#10790,#2064);
#1089=LINE('',#10793,#2065);
#1090=LINE('',#10795,#2066);
#1091=LINE('',#10796,#2067);
#1092=LINE('',#10799,#2068);
#1093=LINE('',#10801,#2069);
#1094=LINE('',#10802,#2070);
#1095=LINE('',#10804,#2071);
#1096=LINE('',#10807,#2072);
#1097=LINE('',#10809,#2073);
#1098=LINE('',#10810,#2074);
#1099=LINE('',#10813,#2075);
#1100=LINE('',#10814,#2076);
#1101=LINE('',#10817,#2077);
#1102=LINE('',#10818,#2078);
#1103=LINE('',#10821,#2079);
#1104=LINE('',#10823,#2080);
#1105=LINE('',#10824,#2081);
#1106=LINE('',#10827,#2082);
#1107=LINE('',#10829,#2083);
#1108=LINE('',#10830,#2084);
#1109=LINE('',#10832,#2085);
#1110=LINE('',#10836,#2086);
#1111=LINE('',#10838,#2087);
#1112=LINE('',#10840,#2088);
#1113=LINE('',#10841,#2089);
#1114=LINE('',#10845,#2090);
#1115=LINE('',#10847,#2091);
#1116=LINE('',#10849,#2092);
#1117=LINE('',#10850,#2093);
#1118=LINE('',#10854,#2094);
#1119=LINE('',#10856,#2095);
#1120=LINE('',#10858,#2096);
#1121=LINE('',#10859,#2097);
#1122=LINE('',#10863,#2098);
#1123=LINE('',#10865,#2099);
#1124=LINE('',#10867,#2100);
#1125=LINE('',#10868,#2101);
#1126=LINE('',#10872,#2102);
#1127=LINE('',#10874,#2103);
#1128=LINE('',#10876,#2104);
#1129=LINE('',#10877,#2105);
#1130=LINE('',#10881,#2106);
#1131=LINE('',#10883,#2107);
#1132=LINE('',#10885,#2108);
#1133=LINE('',#10886,#2109);
#1134=LINE('',#10897,#2110);
#1135=LINE('',#10900,#2111);
#1136=LINE('',#10911,#2112);
#1137=LINE('',#10914,#2113);
#1138=LINE('',#10925,#2114);
#1139=LINE('',#10928,#2115);
#1140=LINE('',#10939,#2116);
#1141=LINE('',#10942,#2117);
#1142=LINE('',#10953,#2118);
#1143=LINE('',#10956,#2119);
#1144=LINE('',#10967,#2120);
#1145=LINE('',#10970,#2121);
#1146=LINE('',#10981,#2122);
#1147=LINE('',#10984,#2123);
#1148=LINE('',#10995,#2124);
#1149=LINE('',#10998,#2125);
#1150=LINE('',#11000,#2126);
#1151=LINE('',#11002,#2127);
#1152=LINE('',#11004,#2128);
#1153=LINE('',#11005,#2129);
#1154=LINE('',#11008,#2130);
#1155=LINE('',#11009,#2131);
#1156=LINE('',#11011,#2132);
#1157=LINE('',#11014,#2133);
#1158=LINE('',#11015,#2134);
#1159=LINE('',#11017,#2135);
#1160=LINE('',#11019,#2136);
#1161=LINE('',#11021,#2137);
#1162=LINE('',#11023,#2138);
#1163=LINE('',#11024,#2139);
#1164=LINE('',#11027,#2140);
#1165=LINE('',#11028,#2141);
#1166=LINE('',#11030,#2142);
#1167=LINE('',#11033,#2143);
#1168=LINE('',#11034,#2144);
#1169=LINE('',#11036,#2145);
#1170=LINE('',#11038,#2146);
#1171=LINE('',#11039,#2147);
#1172=LINE('',#11041,#2148);
#1173=LINE('',#11042,#2149);
#1174=LINE('',#11045,#2150);
#1175=LINE('',#11046,#2151);
#1176=LINE('',#11048,#2152);
#1177=LINE('',#11049,#2153);
#1178=LINE('',#11052,#2154);
#1179=LINE('',#11053,#2155);
#1180=LINE('',#11055,#2156);
#1181=LINE('',#11057,#2157);
#1182=LINE('',#11058,#2158);
#1183=LINE('',#11061,#2159);
#1184=LINE('',#11062,#2160);
#1185=LINE('',#11064,#2161);
#1186=LINE('',#11065,#2162);
#1187=LINE('',#11068,#2163);
#1188=LINE('',#11069,#2164);
#1189=LINE('',#11071,#2165);
#1190=LINE('',#11072,#2166);
#1191=LINE('',#11075,#2167);
#1192=LINE('',#11076,#2168);
#1193=LINE('',#11078,#2169);
#1194=LINE('',#11080,#2170);
#1195=LINE('',#11081,#2171);
#1196=LINE('',#11086,#2172);
#1197=LINE('',#11088,#2173);
#1198=LINE('',#11090,#2174);
#1199=LINE('',#11091,#2175);
#1200=LINE('',#11095,#2176);
#1201=LINE('',#11096,#2177);
#1202=LINE('',#11097,#2178);
#1203=LINE('',#11100,#2179);
#1204=LINE('',#11101,#2180);
#1205=LINE('',#11104,#2181);
#1206=LINE('',#11105,#2182);
#1207=LINE('',#11107,#2183);
#1208=LINE('',#11111,#2184);
#1209=LINE('',#11115,#2185);
#1210=LINE('',#11117,#2186);
#1211=LINE('',#11119,#2187);
#1212=LINE('',#11121,#2188);
#1213=LINE('',#11123,#2189);
#1214=LINE('',#11134,#2190);
#1215=LINE('',#11135,#2191);
#1216=LINE('',#11138,#2192);
#1217=LINE('',#11139,#2193);
#1218=LINE('',#11142,#2194);
#1219=LINE('',#11143,#2195);
#1220=LINE('',#11146,#2196);
#1221=LINE('',#11147,#2197);
#1222=LINE('',#11150,#2198);
#1223=LINE('',#11151,#2199);
#1224=LINE('',#11154,#2200);
#1225=LINE('',#11155,#2201);
#1226=LINE('',#11164,#2202);
#1227=LINE('',#11166,#2203);
#1228=LINE('',#11170,#2204);
#1229=LINE('',#11172,#2205);
#1230=LINE('',#11174,#2206);
#1231=LINE('',#11175,#2207);
#1232=LINE('',#11179,#2208);
#1233=LINE('',#11181,#2209);
#1234=LINE('',#11183,#2210);
#1235=LINE('',#11184,#2211);
#1236=LINE('',#11195,#2212);
#1237=LINE('',#11198,#2213);
#1238=LINE('',#11209,#2214);
#1239=LINE('',#11212,#2215);
#1240=LINE('',#11214,#2216);
#1241=LINE('',#11215,#2217);
#1242=LINE('',#11217,#2218);
#1243=LINE('',#11218,#2219);
#1244=LINE('',#11220,#2220);
#1245=LINE('',#11222,#2221);
#1246=LINE('',#11224,#2222);
#1247=LINE('',#11225,#2223);
#1248=LINE('',#11227,#2224);
#1249=LINE('',#11230,#2225);
#1250=LINE('',#11232,#2226);
#1251=LINE('',#11233,#2227);
#1252=LINE('',#11235,#2228);
#1253=LINE('',#11246,#2229);
#1254=LINE('',#11249,#2230);
#1255=LINE('',#11252,#2231);
#1256=LINE('',#11254,#2232);
#1257=LINE('',#11255,#2233);
#1258=LINE('',#11258,#2234);
#1259=LINE('',#11260,#2235);
#1260=LINE('',#11261,#2236);
#1261=LINE('',#11264,#2237);
#1262=LINE('',#11266,#2238);
#1263=LINE('',#11268,#2239);
#1264=LINE('',#11269,#2240);
#1265=LINE('',#11272,#2241);
#1266=LINE('',#11274,#2242);
#1267=LINE('',#11276,#2243);
#1268=LINE('',#11277,#2244);
#1269=LINE('',#11281,#2245);
#1270=LINE('',#11283,#2246);
#1271=LINE('',#11285,#2247);
#1272=LINE('',#11286,#2248);
#1273=LINE('',#11290,#2249);
#1274=LINE('',#11291,#2250);
#1275=LINE('',#11292,#2251);
#1276=LINE('',#11295,#2252);
#1277=LINE('',#11296,#2253);
#1278=LINE('',#11299,#2254);
#1279=LINE('',#11300,#2255);
#1280=LINE('',#11302,#2256);
#1281=LINE('',#11303,#2257);
#1282=LINE('',#11306,#2258);
#1283=LINE('',#11308,#2259);
#1284=LINE('',#11310,#2260);
#1285=LINE('',#11312,#2261);
#1286=LINE('',#11313,#2262);
#1287=LINE('',#11317,#2263);
#1288=LINE('',#11318,#2264);
#1289=LINE('',#11319,#2265);
#1290=LINE('',#11322,#2266);
#1291=LINE('',#11323,#2267);
#1292=LINE('',#11326,#2268);
#1293=LINE('',#11327,#2269);
#1294=LINE('',#11329,#2270);
#1295=LINE('',#11333,#2271);
#1296=LINE('',#11335,#2272);
#1297=LINE('',#11337,#2273);
#1298=LINE('',#11338,#2274);
#1299=LINE('',#11342,#2275);
#1300=LINE('',#11343,#2276);
#1301=LINE('',#11344,#2277);
#1302=LINE('',#11347,#2278);
#1303=LINE('',#11348,#2279);
#1304=LINE('',#11351,#2280);
#1305=LINE('',#11352,#2281);
#1306=LINE('',#11354,#2282);
#1307=LINE('',#11358,#2283);
#1308=LINE('',#11360,#2284);
#1309=LINE('',#11362,#2285);
#1310=LINE('',#11363,#2286);
#1311=LINE('',#11367,#2287);
#1312=LINE('',#11368,#2288);
#1313=LINE('',#11369,#2289);
#1314=LINE('',#11372,#2290);
#1315=LINE('',#11373,#2291);
#1316=LINE('',#11376,#2292);
#1317=LINE('',#11377,#2293);
#1318=LINE('',#11379,#2294);
#1319=LINE('',#11383,#2295);
#1320=LINE('',#11385,#2296);
#1321=LINE('',#11387,#2297);
#1322=LINE('',#11388,#2298);
#1323=LINE('',#11392,#2299);
#1324=LINE('',#11394,#2300);
#1325=LINE('',#11396,#2301);
#1326=LINE('',#11397,#2302);
#1327=LINE('',#11398,#2303);
#1328=LINE('',#11401,#2304);
#1329=LINE('',#11402,#2305);
#1330=LINE('',#11406,#2306);
#1331=LINE('',#11407,#2307);
#1332=LINE('',#11409,#2308);
#1333=LINE('',#11410,#2309);
#1334=LINE('',#11413,#2310);
#1335=LINE('',#11415,#2311);
#1336=LINE('',#11416,#2312);
#1337=LINE('',#11419,#2313);
#1338=LINE('',#11420,#2314);
#1339=LINE('',#11423,#2315);
#1340=LINE('',#11424,#2316);
#1341=LINE('',#11427,#2317);
#1342=LINE('',#11429,#2318);
#1343=LINE('',#11430,#2319);
#1344=LINE('',#11434,#2320);
#1345=LINE('',#11435,#2321);
#1346=LINE('',#11436,#2322);
#1347=LINE('',#11438,#2323);
#1348=LINE('',#11440,#2324);
#1349=LINE('',#11444,#2325);
#1350=LINE('',#11446,#2326);
#1351=LINE('',#11448,#2327);
#1352=LINE('',#11449,#2328);
#1353=LINE('',#11453,#2329);
#1354=LINE('',#11454,#2330);
#1355=LINE('',#11455,#2331);
#1356=LINE('',#11458,#2332);
#1357=LINE('',#11459,#2333);
#1358=LINE('',#11462,#2334);
#1359=LINE('',#11463,#2335);
#1360=LINE('',#11465,#2336);
#1361=LINE('',#11469,#2337);
#1362=LINE('',#11471,#2338);
#1363=LINE('',#11473,#2339);
#1364=LINE('',#11474,#2340);
#1365=LINE('',#11478,#2341);
#1366=LINE('',#11479,#2342);
#1367=LINE('',#11480,#2343);
#1368=LINE('',#11483,#2344);
#1369=LINE('',#11484,#2345);
#1370=LINE('',#11487,#2346);
#1371=LINE('',#11488,#2347);
#1372=LINE('',#11490,#2348);
#1373=LINE('',#11494,#2349);
#1374=LINE('',#11496,#2350);
#1375=LINE('',#11498,#2351);
#1376=LINE('',#11499,#2352);
#1377=LINE('',#11503,#2353);
#1378=LINE('',#11504,#2354);
#1379=LINE('',#11505,#2355);
#1380=LINE('',#11508,#2356);
#1381=LINE('',#11509,#2357);
#1382=LINE('',#11512,#2358);
#1383=LINE('',#11513,#2359);
#1384=LINE('',#11515,#2360);
#1385=LINE('',#11519,#2361);
#1386=LINE('',#11521,#2362);
#1387=LINE('',#11523,#2363);
#1388=LINE('',#11524,#2364);
#1389=LINE('',#11528,#2365);
#1390=LINE('',#11529,#2366);
#1391=LINE('',#11530,#2367);
#1392=LINE('',#11533,#2368);
#1393=LINE('',#11534,#2369);
#1394=LINE('',#11537,#2370);
#1395=LINE('',#11538,#2371);
#1396=LINE('',#11540,#2372);
#1397=LINE('',#11544,#2373);
#1398=LINE('',#11546,#2374);
#1399=LINE('',#11548,#2375);
#1400=LINE('',#11549,#2376);
#1401=LINE('',#11553,#2377);
#1402=LINE('',#11554,#2378);
#1403=LINE('',#11555,#2379);
#1404=LINE('',#11558,#2380);
#1405=LINE('',#11559,#2381);
#1406=LINE('',#11562,#2382);
#1407=LINE('',#11563,#2383);
#1408=LINE('',#11565,#2384);
#1409=LINE('',#11569,#2385);
#1410=LINE('',#11571,#2386);
#1411=LINE('',#11573,#2387);
#1412=LINE('',#11574,#2388);
#1413=LINE('',#11578,#2389);
#1414=LINE('',#11579,#2390);
#1415=LINE('',#11580,#2391);
#1416=LINE('',#11583,#2392);
#1417=LINE('',#11584,#2393);
#1418=LINE('',#11587,#2394);
#1419=LINE('',#11588,#2395);
#1420=LINE('',#11590,#2396);
#1421=LINE('',#11594,#2397);
#1422=LINE('',#11596,#2398);
#1423=LINE('',#11598,#2399);
#1424=LINE('',#11599,#2400);
#1425=LINE('',#11603,#2401);
#1426=LINE('',#11604,#2402);
#1427=LINE('',#11605,#2403);
#1428=LINE('',#11608,#2404);
#1429=LINE('',#11609,#2405);
#1430=LINE('',#11612,#2406);
#1431=LINE('',#11613,#2407);
#1432=LINE('',#11615,#2408);
#1433=LINE('',#11619,#2409);
#1434=LINE('',#11621,#2410);
#1435=LINE('',#11623,#2411);
#1436=LINE('',#11624,#2412);
#1437=LINE('',#11628,#2413);
#1438=LINE('',#11629,#2414);
#1439=LINE('',#11630,#2415);
#1440=LINE('',#11633,#2416);
#1441=LINE('',#11634,#2417);
#1442=LINE('',#11637,#2418);
#1443=LINE('',#11638,#2419);
#1444=LINE('',#11640,#2420);
#1445=LINE('',#11644,#2421);
#1446=LINE('',#11646,#2422);
#1447=LINE('',#11648,#2423);
#1448=LINE('',#11649,#2424);
#1449=LINE('',#11653,#2425);
#1450=LINE('',#11654,#2426);
#1451=LINE('',#11655,#2427);
#1452=LINE('',#11658,#2428);
#1453=LINE('',#11659,#2429);
#1454=LINE('',#11662,#2430);
#1455=LINE('',#11663,#2431);
#1456=LINE('',#11665,#2432);
#1457=LINE('',#11669,#2433);
#1458=LINE('',#11671,#2434);
#1459=LINE('',#11673,#2435);
#1460=LINE('',#11674,#2436);
#1461=LINE('',#11678,#2437);
#1462=LINE('',#11680,#2438);
#1463=LINE('',#11682,#2439);
#1464=LINE('',#11683,#2440);
#1465=LINE('',#11687,#2441);
#1466=LINE('',#11689,#2442);
#1467=LINE('',#11691,#2443);
#1468=LINE('',#11692,#2444);
#1469=LINE('',#11696,#2445);
#1470=LINE('',#11698,#2446);
#1471=LINE('',#11700,#2447);
#1472=LINE('',#11701,#2448);
#1473=LINE('',#11705,#2449);
#1474=LINE('',#11707,#2450);
#1475=LINE('',#11709,#2451);
#1476=LINE('',#11710,#2452);
#1477=LINE('',#11714,#2453);
#1478=LINE('',#11716,#2454);
#1479=LINE('',#11718,#2455);
#1480=LINE('',#11719,#2456);
#1481=LINE('',#11723,#2457);
#1482=LINE('',#11725,#2458);
#1483=LINE('',#11727,#2459);
#1484=LINE('',#11728,#2460);
#1485=LINE('',#11732,#2461);
#1486=LINE('',#11734,#2462);
#1487=LINE('',#11736,#2463);
#1488=LINE('',#11737,#2464);
#1489=LINE('',#11740,#2465);
#1490=LINE('',#11742,#2466);
#1491=LINE('',#11743,#2467);
#1492=LINE('',#11746,#2468);
#1493=LINE('',#11747,#2469);
#1494=LINE('',#11750,#2470);
#1495=LINE('',#11751,#2471);
#1496=LINE('',#11754,#2472);
#1497=LINE('',#11756,#2473);
#1498=LINE('',#11757,#2474);
#1499=LINE('',#11760,#2475);
#1500=LINE('',#11761,#2476);
#1501=LINE('',#11764,#2477);
#1502=LINE('',#11765,#2478);
#1503=LINE('',#11768,#2479);
#1504=LINE('',#11770,#2480);
#1505=LINE('',#11771,#2481);
#1506=LINE('',#11774,#2482);
#1507=LINE('',#11775,#2483);
#1508=LINE('',#11778,#2484);
#1509=LINE('',#11779,#2485);
#1510=LINE('',#11782,#2486);
#1511=LINE('',#11784,#2487);
#1512=LINE('',#11785,#2488);
#1513=LINE('',#11788,#2489);
#1514=LINE('',#11789,#2490);
#1515=LINE('',#11792,#2491);
#1516=LINE('',#11793,#2492);
#1517=LINE('',#11796,#2493);
#1518=LINE('',#11798,#2494);
#1519=LINE('',#11799,#2495);
#1520=LINE('',#11802,#2496);
#1521=LINE('',#11803,#2497);
#1522=LINE('',#11806,#2498);
#1523=LINE('',#11807,#2499);
#1524=LINE('',#11810,#2500);
#1525=LINE('',#11812,#2501);
#1526=LINE('',#11813,#2502);
#1527=LINE('',#11816,#2503);
#1528=LINE('',#11817,#2504);
#1529=LINE('',#11820,#2505);
#1530=LINE('',#11821,#2506);
#1531=LINE('',#11824,#2507);
#1532=LINE('',#11826,#2508);
#1533=LINE('',#11827,#2509);
#1534=LINE('',#11830,#2510);
#1535=LINE('',#11831,#2511);
#1536=LINE('',#11834,#2512);
#1537=LINE('',#11835,#2513);
#1538=LINE('',#11838,#2514);
#1539=LINE('',#11840,#2515);
#1540=LINE('',#11841,#2516);
#1541=LINE('',#11844,#2517);
#1542=LINE('',#11845,#2518);
#1543=LINE('',#11848,#2519);
#1544=LINE('',#11849,#2520);
#1545=LINE('',#11853,#2521);
#1546=LINE('',#11855,#2522);
#1547=LINE('',#11857,#2523);
#1548=LINE('',#11858,#2524);
#1549=LINE('',#11862,#2525);
#1550=LINE('',#11863,#2526);
#1551=LINE('',#11864,#2527);
#1552=LINE('',#11866,#2528);
#1553=LINE('',#11868,#2529);
#1554=LINE('',#11869,#2530);
#1555=LINE('',#11872,#2531);
#1556=LINE('',#11873,#2532);
#1557=LINE('',#11877,#2533);
#1558=LINE('',#11879,#2534);
#1559=LINE('',#11881,#2535);
#1560=LINE('',#11882,#2536);
#1561=LINE('',#11886,#2537);
#1562=LINE('',#11887,#2538);
#1563=LINE('',#11888,#2539);
#1564=LINE('',#11892,#2540);
#1565=LINE('',#11893,#2541);
#1566=LINE('',#11894,#2542);
#1567=LINE('',#11905,#2543);
#1568=LINE('',#11908,#2544);
#1569=LINE('',#11910,#2545);
#1570=LINE('',#11911,#2546);
#1571=LINE('',#11913,#2547);
#1572=LINE('',#11915,#2548);
#1573=LINE('',#11917,#2549);
#1574=LINE('',#11919,#2550);
#1575=LINE('',#11920,#2551);
#1576=LINE('',#11923,#2552);
#1577=LINE('',#11925,#2553);
#1578=LINE('',#11927,#2554);
#1579=LINE('',#11928,#2555);
#1580=LINE('',#11931,#2556);
#1581=LINE('',#11932,#2557);
#1582=LINE('',#11935,#2558);
#1583=LINE('',#11937,#2559);
#1584=LINE('',#11938,#2560);
#1585=LINE('',#11940,#2561);
#1586=LINE('',#11944,#2562);
#1587=LINE('',#11946,#2563);
#1588=LINE('',#11948,#2564);
#1589=LINE('',#11949,#2565);
#1590=LINE('',#11953,#2566);
#1591=LINE('',#11955,#2567);
#1592=LINE('',#11957,#2568);
#1593=LINE('',#11958,#2569);
#1594=LINE('',#11960,#2570);
#1595=LINE('',#11961,#2571);
#1596=LINE('',#11963,#2572);
#1597=LINE('',#11965,#2573);
#1598=LINE('',#11966,#2574);
#1599=LINE('',#11969,#2575);
#1600=LINE('',#11970,#2576);
#1601=LINE('',#11973,#2577);
#1602=LINE('',#11974,#2578);
#1603=LINE('',#11976,#2579);
#1604=LINE('',#11980,#2580);
#1605=LINE('',#11982,#2581);
#1606=LINE('',#11984,#2582);
#1607=LINE('',#11985,#2583);
#1608=LINE('',#11989,#2584);
#1609=LINE('',#11990,#2585);
#1610=LINE('',#11991,#2586);
#1611=LINE('',#11993,#2587);
#1612=LINE('',#11994,#2588);
#1613=LINE('',#11996,#2589);
#1614=LINE('',#11998,#2590);
#1615=LINE('',#12000,#2591);
#1616=LINE('',#12001,#2592);
#1617=LINE('',#12003,#2593);
#1618=LINE('',#12005,#2594);
#1619=LINE('',#12006,#2595);
#1620=LINE('',#12011,#2596);
#1621=LINE('',#12013,#2597);
#1622=LINE('',#12015,#2598);
#1623=LINE('',#12017,#2599);
#1624=LINE('',#12018,#2600);
#1625=LINE('',#12022,#2601);
#1626=LINE('',#12023,#2602);
#1627=LINE('',#12024,#2603);
#1628=LINE('',#12027,#2604);
#1629=LINE('',#12028,#2605);
#1630=LINE('',#12030,#2606);
#1631=LINE('',#12033,#2607);
#1632=LINE('',#12034,#2608);
#1633=LINE('',#12038,#2609);
#1634=LINE('',#12040,#2610);
#1635=LINE('',#12042,#2611);
#1636=LINE('',#12043,#2612);
#1637=LINE('',#12047,#2613);
#1638=LINE('',#12049,#2614);
#1639=LINE('',#12051,#2615);
#1640=LINE('',#12052,#2616);
#1641=LINE('',#12056,#2617);
#1642=LINE('',#12058,#2618);
#1643=LINE('',#12060,#2619);
#1644=LINE('',#12061,#2620);
#1645=LINE('',#12065,#2621);
#1646=LINE('',#12067,#2622);
#1647=LINE('',#12069,#2623);
#1648=LINE('',#12070,#2624);
#1649=LINE('',#12074,#2625);
#1650=LINE('',#12076,#2626);
#1651=LINE('',#12078,#2627);
#1652=LINE('',#12079,#2628);
#1653=LINE('',#12082,#2629);
#1654=LINE('',#12084,#2630);
#1655=LINE('',#12085,#2631);
#1656=LINE('',#12088,#2632);
#1657=LINE('',#12090,#2633);
#1658=LINE('',#12091,#2634);
#1659=LINE('',#12094,#2635);
#1660=LINE('',#12096,#2636);
#1661=LINE('',#12097,#2637);
#1662=LINE('',#12100,#2638);
#1663=LINE('',#12101,#2639);
#1664=LINE('',#12104,#2640);
#1665=LINE('',#12105,#2641);
#1666=LINE('',#12107,#2642);
#1667=LINE('',#12111,#2643);
#1668=LINE('',#12113,#2644);
#1669=LINE('',#12115,#2645);
#1670=LINE('',#12116,#2646);
#1671=LINE('',#12120,#2647);
#1672=LINE('',#12121,#2648);
#1673=LINE('',#12122,#2649);
#1674=LINE('',#12125,#2650);
#1675=LINE('',#12126,#2651);
#1676=LINE('',#12129,#2652);
#1677=LINE('',#12130,#2653);
#1678=LINE('',#12132,#2654);
#1679=LINE('',#12136,#2655);
#1680=LINE('',#12138,#2656);
#1681=LINE('',#12140,#2657);
#1682=LINE('',#12141,#2658);
#1683=LINE('',#12145,#2659);
#1684=LINE('',#12146,#2660);
#1685=LINE('',#12147,#2661);
#1686=LINE('',#12150,#2662);
#1687=LINE('',#12151,#2663);
#1688=LINE('',#12154,#2664);
#1689=LINE('',#12155,#2665);
#1690=LINE('',#12157,#2666);
#1691=LINE('',#12161,#2667);
#1692=LINE('',#12163,#2668);
#1693=LINE('',#12165,#2669);
#1694=LINE('',#12166,#2670);
#1695=LINE('',#12170,#2671);
#1696=LINE('',#12171,#2672);
#1697=LINE('',#12172,#2673);
#1698=LINE('',#12175,#2674);
#1699=LINE('',#12176,#2675);
#1700=LINE('',#12179,#2676);
#1701=LINE('',#12180,#2677);
#1702=LINE('',#12182,#2678);
#1703=LINE('',#12186,#2679);
#1704=LINE('',#12188,#2680);
#1705=LINE('',#12189,#2681);
#1706=LINE('',#12192,#2682);
#1707=LINE('',#12196,#2683);
#1708=LINE('',#12197,#2684);
#1709=LINE('',#12202,#2685);
#1710=LINE('',#12204,#2686);
#1711=LINE('',#12205,#2687);
#1712=LINE('',#12208,#2688);
#1713=LINE('',#12212,#2689);
#1714=LINE('',#12213,#2690);
#1715=LINE('',#12218,#2691);
#1716=LINE('',#12220,#2692);
#1717=LINE('',#12221,#2693);
#1718=LINE('',#12224,#2694);
#1719=LINE('',#12226,#2695);
#1720=LINE('',#12227,#2696);
#1721=LINE('',#12229,#2697);
#1722=LINE('',#12232,#2698);
#1723=LINE('',#12234,#2699);
#1724=LINE('',#12235,#2700);
#1725=LINE('',#12238,#2701);
#1726=LINE('',#12239,#2702);
#1727=LINE('',#12242,#2703);
#1728=LINE('',#12243,#2704);
#1729=LINE('',#12246,#2705);
#1730=LINE('',#12248,#2706);
#1731=LINE('',#12249,#2707);
#1732=LINE('',#12252,#2708);
#1733=LINE('',#12254,#2709);
#1734=LINE('',#12255,#2710);
#1735=LINE('',#12257,#2711);
#1736=LINE('',#12260,#2712);
#1737=LINE('',#12262,#2713);
#1738=LINE('',#12263,#2714);
#1739=LINE('',#12266,#2715);
#1740=LINE('',#12267,#2716);
#1741=LINE('',#12270,#2717);
#1742=LINE('',#12271,#2718);
#1743=LINE('',#12275,#2719);
#1744=LINE('',#12277,#2720);
#1745=LINE('',#12279,#2721);
#1746=LINE('',#12280,#2722);
#1747=LINE('',#12283,#2723);
#1748=LINE('',#12284,#2724);
#1749=LINE('',#12286,#2725);
#1750=LINE('',#12287,#2726);
#1751=LINE('',#12290,#2727);
#1752=LINE('',#12292,#2728);
#1753=LINE('',#12293,#2729);
#1754=LINE('',#12294,#2730);
#1755=LINE('',#12298,#2731);
#1756=LINE('',#12300,#2732);
#1757=LINE('',#12302,#2733);
#1758=LINE('',#12303,#2734);
#1759=LINE('',#12307,#2735);
#1760=LINE('',#12309,#2736);
#1761=LINE('',#12311,#2737);
#1762=LINE('',#12312,#2738);
#1763=LINE('',#12316,#2739);
#1764=LINE('',#12318,#2740);
#1765=LINE('',#12320,#2741);
#1766=LINE('',#12321,#2742);
#1767=LINE('',#12325,#2743);
#1768=LINE('',#12327,#2744);
#1769=LINE('',#12329,#2745);
#1770=LINE('',#12330,#2746);
#1771=LINE('',#12333,#2747);
#1772=LINE('',#12335,#2748);
#1773=LINE('',#12336,#2749);
#1774=LINE('',#12339,#2750);
#1775=LINE('',#12340,#2751);
#1776=LINE('',#12343,#2752);
#1777=LINE('',#12344,#2753);
#1778=LINE('',#12347,#2754);
#1779=LINE('',#12349,#2755);
#1780=LINE('',#12350,#2756);
#1781=LINE('',#12353,#2757);
#1782=LINE('',#12355,#2758);
#1783=LINE('',#12356,#2759);
#1784=LINE('',#12358,#2760);
#1785=LINE('',#12361,#2761);
#1786=LINE('',#12363,#2762);
#1787=LINE('',#12364,#2763);
#1788=LINE('',#12367,#2764);
#1789=LINE('',#12368,#2765);
#1790=LINE('',#12371,#2766);
#1791=LINE('',#12372,#2767);
#1792=LINE('',#12375,#2768);
#1793=LINE('',#12377,#2769);
#1794=LINE('',#12378,#2770);
#1795=LINE('',#12381,#2771);
#1796=LINE('',#12382,#2772);
#1797=LINE('',#12385,#2773);
#1798=LINE('',#12386,#2774);
#1799=LINE('',#12390,#2775);
#1800=LINE('',#12392,#2776);
#1801=LINE('',#12394,#2777);
#1802=LINE('',#12395,#2778);
#1803=LINE('',#12398,#2779);
#1804=LINE('',#12399,#2780);
#1805=LINE('',#12401,#2781);
#1806=LINE('',#12402,#2782);
#1807=LINE('',#12404,#2783);
#1808=LINE('',#12406,#2784);
#1809=LINE('',#12407,#2785);
#1810=LINE('',#12409,#2786);
#1811=LINE('',#12411,#2787);
#1812=LINE('',#12412,#2788);
#1813=LINE('',#12414,#2789);
#1814=LINE('',#12415,#2790);
#1815=LINE('',#12419,#2791);
#1816=LINE('',#12421,#2792);
#1817=LINE('',#12423,#2793);
#1818=LINE('',#12424,#2794);
#1819=LINE('',#12427,#2795);
#1820=LINE('',#12429,#2796);
#1821=LINE('',#12430,#2797);
#1822=LINE('',#12434,#2798);
#1823=LINE('',#12435,#2799);
#1824=LINE('',#12437,#2800);
#1825=LINE('',#12438,#2801);
#1826=LINE('',#12442,#2802);
#1827=LINE('',#12443,#2803);
#1828=LINE('',#12444,#2804);
#1829=LINE('',#12446,#2805);
#1830=LINE('',#12449,#2806);
#1831=LINE('',#12450,#2807);
#1832=LINE('',#12452,#2808);
#1833=LINE('',#12456,#2809);
#1834=LINE('',#12458,#2810);
#1835=LINE('',#12460,#2811);
#1836=LINE('',#12461,#2812);
#1837=LINE('',#12465,#2813);
#1838=LINE('',#12466,#2814);
#1839=LINE('',#12467,#2815);
#1840=LINE('',#12470,#2816);
#1841=LINE('',#12471,#2817);
#1842=LINE('',#12475,#2818);
#1843=LINE('',#12477,#2819);
#1844=LINE('',#12479,#2820);
#1845=LINE('',#12480,#2821);
#1846=LINE('',#12484,#2822);
#1847=LINE('',#12485,#2823);
#1848=LINE('',#12486,#2824);
#1849=LINE('',#12489,#2825);
#1850=LINE('',#12490,#2826);
#1851=LINE('',#12492,#2827);
#1852=LINE('',#12493,#2828);
#1853=LINE('',#12495,#2829);
#1854=LINE('',#12499,#2830);
#1855=LINE('',#12501,#2831);
#1856=LINE('',#12503,#2832);
#1857=LINE('',#12504,#2833);
#1858=LINE('',#12508,#2834);
#1859=LINE('',#12509,#2835);
#1860=LINE('',#12510,#2836);
#1861=LINE('',#12513,#2837);
#1862=LINE('',#12514,#2838);
#1863=LINE('',#12517,#2839);
#1864=LINE('',#12518,#2840);
#1865=LINE('',#12520,#2841);
#1866=LINE('',#12524,#2842);
#1867=LINE('',#12526,#2843);
#1868=LINE('',#12528,#2844);
#1869=LINE('',#12529,#2845);
#1870=LINE('',#12534,#2846);
#1871=LINE('',#12540,#2847);
#1872=LINE('',#12546,#2848);
#1873=LINE('',#12553,#2849);
#1874=LINE('',#12556,#2850);
#1875=LINE('',#12559,#2851);
#1876=LINE('',#12561,#2852);
#1877=LINE('',#12562,#2853);
#1878=LINE('',#12566,#2854);
#1879=LINE('',#12568,#2855);
#1880=LINE('',#12570,#2856);
#1881=LINE('',#12571,#2857);
#1882=LINE('',#12576,#2858);
#1883=LINE('',#12582,#2859);
#1884=LINE('',#12588,#2860);
#1885=LINE('',#12595,#2861);
#1886=LINE('',#12598,#2862);
#1887=LINE('',#12601,#2863);
#1888=LINE('',#12603,#2864);
#1889=LINE('',#12604,#2865);
#1890=LINE('',#12606,#2866);
#1891=LINE('',#12607,#2867);
#1892=LINE('',#12608,#2868);
#1893=LINE('',#12609,#2869);
#1894=LINE('',#12610,#2870);
#1895=LINE('',#12612,#2871);
#1896=LINE('',#12613,#2872);
#1897=LINE('',#12615,#2873);
#1898=LINE('',#12616,#2874);
#1899=LINE('',#12618,#2875);
#1900=LINE('',#12619,#2876);
#1901=LINE('',#12622,#2877);
#1902=LINE('',#12623,#2878);
#1903=LINE('',#12625,#2879);
#1904=LINE('',#12626,#2880);
#1905=LINE('',#12629,#2881);
#1906=LINE('',#12631,#2882);
#1907=LINE('',#12632,#2883);
#1908=LINE('',#12633,#2884);
#1909=LINE('',#12634,#2885);
#1910=LINE('',#12636,#2886);
#1911=LINE('',#12637,#2887);
#1912=LINE('',#12639,#2888);
#1913=LINE('',#12640,#2889);
#1914=LINE('',#12641,#2890);
#1915=LINE('',#12642,#2891);
#1916=LINE('',#12644,#2892);
#1917=LINE('',#12646,#2893);
#1918=LINE('',#12647,#2894);
#1919=LINE('',#12648,#2895);
#1920=LINE('',#12649,#2896);
#1921=LINE('',#12650,#2897);
#1922=LINE('',#12652,#2898);
#1923=LINE('',#12653,#2899);
#1924=LINE('',#12654,#2900);
#1925=LINE('',#12655,#2901);
#1926=LINE('',#12656,#2902);
#1927=LINE('',#12662,#2903);
#1928=LINE('',#12664,#2904);
#1929=LINE('',#12666,#2905);
#1930=LINE('',#12668,#2906);
#1931=LINE('',#12670,#2907);
#1932=LINE('',#12672,#2908);
#1933=LINE('',#12674,#2909);
#1934=LINE('',#12676,#2910);
#1935=LINE('',#12678,#2911);
#1936=LINE('',#12680,#2912);
#1937=LINE('',#12682,#2913);
#1938=LINE('',#12683,#2914);
#1939=LINE('',#12686,#2915);
#1940=LINE('',#12688,#2916);
#1941=LINE('',#12689,#2917);
#1942=LINE('',#12691,#2918);
#1943=LINE('',#12693,#2919);
#1944=LINE('',#12694,#2920);
#1945=LINE('',#12696,#2921);
#1946=LINE('',#12698,#2922);
#1947=LINE('',#12699,#2923);
#1948=LINE('',#12702,#2924);
#1949=LINE('',#12703,#2925);
#1950=LINE('',#12706,#2926);
#1951=LINE('',#12707,#2927);
#1952=LINE('',#12709,#2928);
#1953=LINE('',#12713,#2929);
#1954=LINE('',#12715,#2930);
#1955=LINE('',#12717,#2931);
#1956=LINE('',#12718,#2932);
#1957=LINE('',#12721,#2933);
#1958=LINE('',#12723,#2934);
#1959=LINE('',#12724,#2935);
#1960=LINE('',#12727,#2936);
#1961=LINE('',#12728,#2937);
#1962=LINE('',#12731,#2938);
#1963=LINE('',#12732,#2939);
#1964=LINE('',#12734,#2940);
#1965=LINE('',#12738,#2941);
#1966=LINE('',#12741,#2942);
#1967=LINE('',#12744,#2943);
#1968=LINE('',#12747,#2944);
#1969=LINE('',#12749,#2945);
#1970=LINE('',#12751,#2946);
#1971=LINE('',#12760,#2947);
#1972=LINE('',#12764,#2948);
#1973=LINE('',#12765,#2949);
#1974=VECTOR('',#8359,89.1);
#1975=VECTOR('',#8360,1.51013505);
#1976=VECTOR('',#8361,89.1);
#1977=VECTOR('',#8362,1.51013505);
#1978=VECTOR('',#8365,154.5);
#1979=VECTOR('',#8366,1.51013505);
#1980=VECTOR('',#8367,154.5);
#1981=VECTOR('',#8370,89.1);
#1982=VECTOR('',#8371,1.51013505);
#1983=VECTOR('',#8372,89.1);
#1984=VECTOR('',#8375,154.5);
#1985=VECTOR('',#8376,154.5);
#1986=VECTOR('',#8391,6.4);
#1987=VECTOR('',#8392,6.4);
#1988=VECTOR('',#8395,6.4);
#1989=VECTOR('',#8396,6.4);
#1990=VECTOR('',#8411,6.4);
#1991=VECTOR('',#8412,6.4);
#1992=VECTOR('',#8415,6.4);
#1993=VECTOR('',#8416,6.4);
#1994=VECTOR('',#8425,1.258445875);
#1995=VECTOR('',#8428,1.258445875);
#1996=VECTOR('',#8433,1.258445875);
#1997=VECTOR('',#8436,1.258445875);
#1998=VECTOR('',#8439,2.2);
#1999=VECTOR('',#8440,1.5);
#2000=VECTOR('',#8441,2.2);
#2001=VECTOR('',#8442,1.5);
#2002=VECTOR('',#8445,2.2);
#2003=VECTOR('',#8446,0.40270268);
#2004=VECTOR('',#8447,0.40270268);
#2005=VECTOR('',#8450,1.5);
#2006=VECTOR('',#8451,0.40270268);
#2007=VECTOR('',#8454,2.2);
#2008=VECTOR('',#8455,0.40270268);
#2009=VECTOR('',#8458,1.5);
#2010=VECTOR('',#8459,1.5);
#2011=VECTOR('',#8460,1.5);
#2012=VECTOR('',#8461,1.5);
#2013=VECTOR('',#8464,1.5);
#2014=VECTOR('',#8465,2.11418907);
#2015=VECTOR('',#8466,2.11418907);
#2016=VECTOR('',#8469,1.5);
#2017=VECTOR('',#8470,2.11418907);
#2018=VECTOR('',#8473,1.5);
#2019=VECTOR('',#8474,2.11418907);
#2020=VECTOR('',#8479,1.98659903953213);
#2021=VECTOR('',#8480,1.);
#2022=VECTOR('',#8481,1.98659903953213);
#2023=VECTOR('',#8482,1.);
#2024=VECTOR('',#8485,1.98659903953213);
#2025=VECTOR('',#8486,1.);
#2026=VECTOR('',#8487,1.98659903953213);
#2027=VECTOR('',#8488,1.);
#2028=VECTOR('',#8491,1.98659903953214);
#2029=VECTOR('',#8492,1.);
#2030=VECTOR('',#8493,1.98659903953214);
#2031=VECTOR('',#8494,1.);
#2032=VECTOR('',#8497,1.98659903953212);
#2033=VECTOR('',#8498,1.);
#2034=VECTOR('',#8499,1.98659903953213);
#2035=VECTOR('',#8500,1.);
#2036=VECTOR('',#8503,1.98659903953215);
#2037=VECTOR('',#8504,1.);
#2038=VECTOR('',#8505,1.98659903953215);
#2039=VECTOR('',#8506,1.);
#2040=VECTOR('',#8509,1.98659903953213);
#2041=VECTOR('',#8510,1.);
#2042=VECTOR('',#8511,1.98659903953213);
#2043=VECTOR('',#8512,1.);
#2044=VECTOR('',#8515,0.599999999999996);
#2045=VECTOR('',#8516,0.599999999999978);
#2046=VECTOR('',#8517,1.);
#2047=VECTOR('',#8520,1.99999999999999);
#2048=VECTOR('',#8521,1.40945938);
#2049=VECTOR('',#8524,2.);
#2050=VECTOR('',#8525,1.40945938);
#2051=VECTOR('',#8528,0.600000000000014);
#2052=VECTOR('',#8529,1.99999999999999);
#2053=VECTOR('',#8530,1.40945938);
#2054=VECTOR('',#8533,1.99999999999999);
#2055=VECTOR('',#8534,0.600000000000014);
#2056=VECTOR('',#8535,1.40945938);
#2057=VECTOR('',#8538,1.);
#2058=VECTOR('',#8541,0.599999999999978);
#2059=VECTOR('',#8542,0.599999999999978);
#2060=VECTOR('',#8543,1.);
#2061=VECTOR('',#8546,1.99999999999999);
#2062=VECTOR('',#8547,1.40945938);
#2063=VECTOR('',#8550,1.99999999999999);
#2064=VECTOR('',#8551,1.40945938);
#2065=VECTOR('',#8554,0.600000000000005);
#2066=VECTOR('',#8555,1.99999999999998);
#2067=VECTOR('',#8556,1.40945938);
#2068=VECTOR('',#8559,1.99999999999999);
#2069=VECTOR('',#8560,0.600000000000014);
#2070=VECTOR('',#8561,1.40945938);
#2071=VECTOR('',#8564,1.);
#2072=VECTOR('',#8567,0.600000000000005);
#2073=VECTOR('',#8568,0.600000000000023);
#2074=VECTOR('',#8569,1.);
#2075=VECTOR('',#8572,1.99999999999999);
#2076=VECTOR('',#8573,1.40945938);
#2077=VECTOR('',#8576,2.);
#2078=VECTOR('',#8577,1.40945938);
#2079=VECTOR('',#8580,1.99999999999998);
#2080=VECTOR('',#8581,0.599999999999978);
#2081=VECTOR('',#8582,1.40945938);
#2082=VECTOR('',#8585,0.599999999999978);
#2083=VECTOR('',#8586,1.99999999999998);
#2084=VECTOR('',#8587,1.40945938);
#2085=VECTOR('',#8590,1.);
#2086=VECTOR('',#8593,3.50000000000001);
#2087=VECTOR('',#8594,3.271959275);
#2088=VECTOR('',#8595,3.50000000000001);
#2089=VECTOR('',#8596,3.271959275);
#2090=VECTOR('',#8599,3.50000000000001);
#2091=VECTOR('',#8600,3.271959275);
#2092=VECTOR('',#8601,3.50000000000001);
#2093=VECTOR('',#8602,3.271959275);
#2094=VECTOR('',#8605,0.993299519766079);
#2095=VECTOR('',#8606,0.500000000000007);
#2096=VECTOR('',#8607,0.993299519766074);
#2097=VECTOR('',#8608,0.500000000000007);
#2098=VECTOR('',#8611,0.993299519766017);
#2099=VECTOR('',#8612,0.500000000000007);
#2100=VECTOR('',#8613,0.993299519766015);
#2101=VECTOR('',#8614,0.500000000000007);
#2102=VECTOR('',#8617,0.993299519766074);
#2103=VECTOR('',#8618,0.500000000000007);
#2104=VECTOR('',#8619,0.993299519766069);
#2105=VECTOR('',#8620,0.500000000000007);
#2106=VECTOR('',#8623,0.99329951976608);
#2107=VECTOR('',#8624,0.500000000000007);
#2108=VECTOR('',#8625,0.993299519766075);
#2109=VECTOR('',#8626,0.500000000000007);
#2110=VECTOR('',#8629,3.90000000000001);
#2111=VECTOR('',#8632,3.90000000000001);
#2112=VECTOR('',#8635,3.90000000000001);
#2113=VECTOR('',#8638,3.90000000000001);
#2114=VECTOR('',#8641,3.90000000000001);
#2115=VECTOR('',#8644,3.90000000000001);
#2116=VECTOR('',#8647,3.90000000000001);
#2117=VECTOR('',#8650,3.90000000000001);
#2118=VECTOR('',#8653,5.8);
#2119=VECTOR('',#8656,5.8);
#2120=VECTOR('',#8659,5.8);
#2121=VECTOR('',#8662,5.8);
#2122=VECTOR('',#8665,5.8);
#2123=VECTOR('',#8668,5.8);
#2124=VECTOR('',#8671,5.8);
#2125=VECTOR('',#8674,5.8);
#2126=VECTOR('',#8677,5.8);
#2127=VECTOR('',#8678,1.61081072);
#2128=VECTOR('',#8679,6.8);
#2129=VECTOR('',#8680,1.61081072);
#2130=VECTOR('',#8683,1.61081072);
#2131=VECTOR('',#8684,3.90000000000001);
#2132=VECTOR('',#8687,5.8);
#2133=VECTOR('',#8690,1.61081072);
#2134=VECTOR('',#8691,3.90000000000001);
#2135=VECTOR('',#8694,6.8);
#2136=VECTOR('',#8697,5.8);
#2137=VECTOR('',#8698,1.61081072);
#2138=VECTOR('',#8699,6.8);
#2139=VECTOR('',#8700,1.61081072);
#2140=VECTOR('',#8703,1.61081072);
#2141=VECTOR('',#8704,3.90000000000001);
#2142=VECTOR('',#8707,5.8);
#2143=VECTOR('',#8710,1.61081072);
#2144=VECTOR('',#8711,3.90000000000001);
#2145=VECTOR('',#8714,6.8);
#2146=VECTOR('',#8717,6.40000000000001);
#2147=VECTOR('',#8718,6.40000000000002);
#2148=VECTOR('',#8721,6.8);
#2149=VECTOR('',#8722,6.8);
#2150=VECTOR('',#8725,0.704729690000007);
#2151=VECTOR('',#8726,1.91283772999999);
#2152=VECTOR('',#8727,2.61756742);
#2153=VECTOR('',#8728,5.29999999999999);
#2154=VECTOR('',#8731,2.61756742);
#2155=VECTOR('',#8732,7.8);
#2156=VECTOR('',#8735,1.91283773000005);
#2157=VECTOR('',#8736,0.704729689999951);
#2158=VECTOR('',#8737,5.29999999999999);
#2159=VECTOR('',#8742,6.39999999999999);
#2160=VECTOR('',#8743,6.39999999999999);
#2161=VECTOR('',#8746,6.8);
#2162=VECTOR('',#8747,6.8);
#2163=VECTOR('',#8750,0.704729690000007);
#2164=VECTOR('',#8751,1.91283772999999);
#2165=VECTOR('',#8752,2.61756742);
#2166=VECTOR('',#8753,5.29999999999999);
#2167=VECTOR('',#8756,2.61756742);
#2168=VECTOR('',#8757,7.8);
#2169=VECTOR('',#8760,1.91283772999999);
#2170=VECTOR('',#8761,0.704729690000007);
#2171=VECTOR('',#8762,5.29999999999999);
#2172=VECTOR('',#8767,10.);
#2173=VECTOR('',#8768,1.0067567);
#2174=VECTOR('',#8769,10.);
#2175=VECTOR('',#8770,1.0067567);
#2176=VECTOR('',#8773,1.0067567);
#2177=VECTOR('',#8774,4.19999999999998);
#2178=VECTOR('',#8775,4.19999999999998);
#2179=VECTOR('',#8778,10.);
#2180=VECTOR('',#8779,4.2);
#2181=VECTOR('',#8782,4.2);
#2182=VECTOR('',#8783,1.0067567);
#2183=VECTOR('',#8786,10.);
#2184=VECTOR('',#8789,13.);
#2185=VECTOR('',#8792,3.21446664042501);
#2186=VECTOR('',#8793,2.4223833513457);
#2187=VECTOR('',#8794,10.5857864376269);
#2188=VECTOR('',#8795,2.42238335134564);
#2189=VECTOR('',#8796,3.21446664042506);
#2190=VECTOR('',#8801,6.69999999999999);
#2191=VECTOR('',#8802,6.70000000000001);
#2192=VECTOR('',#8805,3.21446664042501);
#2193=VECTOR('',#8806,6.69999999999999);
#2194=VECTOR('',#8809,2.42238335134571);
#2195=VECTOR('',#8810,6.7);
#2196=VECTOR('',#8813,10.5857864376269);
#2197=VECTOR('',#8814,6.7);
#2198=VECTOR('',#8817,2.42238335134565);
#2199=VECTOR('',#8818,6.7);
#2200=VECTOR('',#8821,3.21446664042506);
#2201=VECTOR('',#8822,6.7);
#2202=VECTOR('',#8825,6.7);
#2203=VECTOR('',#8828,13.);
#2204=VECTOR('',#8831,2.83799862790304);
#2205=VECTOR('',#8832,0.950000000000006);
#2206=VECTOR('',#8833,2.83799862790305);
#2207=VECTOR('',#8834,0.950000000000006);
#2208=VECTOR('',#8837,2.83799862790299);
#2209=VECTOR('',#8838,0.950000000000024);
#2210=VECTOR('',#8839,2.83799862790299);
#2211=VECTOR('',#8840,0.950000000000024);
#2212=VECTOR('',#8843,11.7);
#2213=VECTOR('',#8846,11.7);
#2214=VECTOR('',#8849,11.7);
#2215=VECTOR('',#8852,11.7);
#2216=VECTOR('',#8855,11.);
#2217=VECTOR('',#8856,11.);
#2218=VECTOR('',#8859,13.);
#2219=VECTOR('',#8860,13.);
#2220=VECTOR('',#8863,3.42297278000005);
#2221=VECTOR('',#8864,2.01351339999995);
#2222=VECTOR('',#8865,10.75);
#2223=VECTOR('',#8866,5.43648618);
#2224=VECTOR('',#8869,3.42297278);
#2225=VECTOR('',#8872,2.0135134);
#2226=VECTOR('',#8873,5.43648618);
#2227=VECTOR('',#8874,10.75);
#2228=VECTOR('',#8877,15.);
#2229=VECTOR('',#8880,3.50000000000001);
#2230=VECTOR('',#8883,3.50000000000001);
#2231=VECTOR('',#8886,11.3);
#2232=VECTOR('',#8887,11.3);
#2233=VECTOR('',#8888,3.50000000000001);
#2234=VECTOR('',#8891,0.100675669999999);
#2235=VECTOR('',#8892,0.100675669999999);
#2236=VECTOR('',#8893,3.50000000000001);
#2237=VECTOR('',#8896,1.4);
#2238=VECTOR('',#8897,1.61081072);
#2239=VECTOR('',#8898,11.9);
#2240=VECTOR('',#8899,0.50337835);
#2241=VECTOR('',#8902,0.50337835);
#2242=VECTOR('',#8903,11.9);
#2243=VECTOR('',#8904,1.61081072);
#2244=VECTOR('',#8905,1.4);
#2245=VECTOR('',#8908,7.4);
#2246=VECTOR('',#8909,5.5);
#2247=VECTOR('',#8910,7.4);
#2248=VECTOR('',#8911,5.5);
#2249=VECTOR('',#8914,5.5);
#2250=VECTOR('',#8915,2.41621608);
#2251=VECTOR('',#8916,2.41621608);
#2252=VECTOR('',#8919,7.4);
#2253=VECTOR('',#8920,2.41621608);
#2254=VECTOR('',#8923,5.5);
#2255=VECTOR('',#8924,2.41621608);
#2256=VECTOR('',#8927,1.94999999999999);
#2257=VECTOR('',#8928,1.95);
#2258=VECTOR('',#8931,0.549999999999997);
#2259=VECTOR('',#8932,1.9);
#2260=VECTOR('',#8933,5.2);
#2261=VECTOR('',#8934,1.9);
#2262=VECTOR('',#8935,1.14999999999998);
#2263=VECTOR('',#8938,5.2);
#2264=VECTOR('',#8939,1.61081072);
#2265=VECTOR('',#8940,1.61081072);
#2266=VECTOR('',#8943,1.9);
#2267=VECTOR('',#8944,1.61081072);
#2268=VECTOR('',#8947,0.549999999999997);
#2269=VECTOR('',#8948,1.61081072);
#2270=VECTOR('',#8951,1.9);
#2271=VECTOR('',#8954,2.79999999999999);
#2272=VECTOR('',#8955,6.4);
#2273=VECTOR('',#8956,2.79999999999999);
#2274=VECTOR('',#8957,6.4);
#2275=VECTOR('',#8960,6.4);
#2276=VECTOR('',#8961,1.20810804);
#2277=VECTOR('',#8962,1.20810804);
#2278=VECTOR('',#8965,2.79999999999999);
#2279=VECTOR('',#8966,1.20810804);
#2280=VECTOR('',#8969,6.4);
#2281=VECTOR('',#8970,1.20810804);
#2282=VECTOR('',#8973,2.79999999999999);
#2283=VECTOR('',#8976,2.8);
#2284=VECTOR('',#8977,7.90000000000001);
#2285=VECTOR('',#8978,2.8);
#2286=VECTOR('',#8979,7.90000000000001);
#2287=VECTOR('',#8982,7.90000000000001);
#2288=VECTOR('',#8983,1.20810804);
#2289=VECTOR('',#8984,1.20810804);
#2290=VECTOR('',#8987,2.8);
#2291=VECTOR('',#8988,1.20810804);
#2292=VECTOR('',#8991,7.90000000000001);
#2293=VECTOR('',#8992,1.20810804);
#2294=VECTOR('',#8995,2.8);
#2295=VECTOR('',#8998,1.4);
#2296=VECTOR('',#8999,4.);
#2297=VECTOR('',#9000,1.4);
#2298=VECTOR('',#9001,4.);
#2299=VECTOR('',#9004,1.3);
#2300=VECTOR('',#9005,0.80540536);
#2301=VECTOR('',#9006,2.7);
#2302=VECTOR('',#9007,0.80540536);
#2303=VECTOR('',#9008,1.61081072);
#2304=VECTOR('',#9011,1.4);
#2305=VECTOR('',#9012,1.61081072);
#2306=VECTOR('',#9015,0.80540536);
#2307=VECTOR('',#9016,1.3);
#2308=VECTOR('',#9017,0.80540536);
#2309=VECTOR('',#9018,2.7);
#2310=VECTOR('',#9021,4.4);
#2311=VECTOR('',#9022,2.7);
#2312=VECTOR('',#9023,4.4);
#2313=VECTOR('',#9026,4.4);
#2314=VECTOR('',#9027,0.80540536);
#2315=VECTOR('',#9030,2.7);
#2316=VECTOR('',#9031,0.80540536);
#2317=VECTOR('',#9034,2.4);
#2318=VECTOR('',#9035,2.4);
#2319=VECTOR('',#9036,2.7);
#2320=VECTOR('',#9039,2.7);
#2321=VECTOR('',#9040,0.80540536);
#2322=VECTOR('',#9041,0.80540536);
#2323=VECTOR('',#9044,2.4);
#2324=VECTOR('',#9047,8.2);
#2325=VECTOR('',#9050,2.5);
#2326=VECTOR('',#9051,1.);
#2327=VECTOR('',#9052,2.5);
#2328=VECTOR('',#9053,1.);
#2329=VECTOR('',#9056,1.);
#2330=VECTOR('',#9057,1.61081072);
#2331=VECTOR('',#9058,1.61081072);
#2332=VECTOR('',#9061,2.5);
#2333=VECTOR('',#9062,1.61081072);
#2334=VECTOR('',#9065,1.);
#2335=VECTOR('',#9066,1.61081072);
#2336=VECTOR('',#9069,2.5);
#2337=VECTOR('',#9072,2.5);
#2338=VECTOR('',#9073,1.);
#2339=VECTOR('',#9074,2.5);
#2340=VECTOR('',#9075,1.);
#2341=VECTOR('',#9078,1.);
#2342=VECTOR('',#9079,1.61081072);
#2343=VECTOR('',#9080,1.61081072);
#2344=VECTOR('',#9083,2.5);
#2345=VECTOR('',#9084,1.61081072);
#2346=VECTOR('',#9087,1.);
#2347=VECTOR('',#9088,1.61081072);
#2348=VECTOR('',#9091,2.5);
#2349=VECTOR('',#9094,2.5);
#2350=VECTOR('',#9095,2.8);
#2351=VECTOR('',#9096,2.5);
#2352=VECTOR('',#9097,2.8);
#2353=VECTOR('',#9100,2.8);
#2354=VECTOR('',#9101,1.61081072);
#2355=VECTOR('',#9102,1.61081072);
#2356=VECTOR('',#9105,2.5);
#2357=VECTOR('',#9106,1.61081072);
#2358=VECTOR('',#9109,2.8);
#2359=VECTOR('',#9110,1.61081072);
#2360=VECTOR('',#9113,2.5);
#2361=VECTOR('',#9116,2.5);
#2362=VECTOR('',#9117,2.8);
#2363=VECTOR('',#9118,2.5);
#2364=VECTOR('',#9119,2.8);
#2365=VECTOR('',#9122,2.8);
#2366=VECTOR('',#9123,1.61081072);
#2367=VECTOR('',#9124,1.61081072);
#2368=VECTOR('',#9127,2.5);
#2369=VECTOR('',#9128,1.61081072);
#2370=VECTOR('',#9131,2.8);
#2371=VECTOR('',#9132,1.61081072);
#2372=VECTOR('',#9135,2.5);
#2373=VECTOR('',#9138,2.5);
#2374=VECTOR('',#9139,11.);
#2375=VECTOR('',#9140,2.5);
#2376=VECTOR('',#9141,11.);
#2377=VECTOR('',#9144,11.);
#2378=VECTOR('',#9145,1.61081072);
#2379=VECTOR('',#9146,1.61081072);
#2380=VECTOR('',#9149,2.5);
#2381=VECTOR('',#9150,1.61081072);
#2382=VECTOR('',#9153,11.);
#2383=VECTOR('',#9154,1.61081072);
#2384=VECTOR('',#9157,2.5);
#2385=VECTOR('',#9160,1.);
#2386=VECTOR('',#9161,2.5);
#2387=VECTOR('',#9162,1.);
#2388=VECTOR('',#9163,2.5);
#2389=VECTOR('',#9166,2.5);
#2390=VECTOR('',#9167,1.61081072);
#2391=VECTOR('',#9168,1.61081072);
#2392=VECTOR('',#9171,1.);
#2393=VECTOR('',#9172,1.61081072);
#2394=VECTOR('',#9175,2.5);
#2395=VECTOR('',#9176,1.61081072);
#2396=VECTOR('',#9179,1.);
#2397=VECTOR('',#9182,4.5);
#2398=VECTOR('',#9183,2.5);
#2399=VECTOR('',#9184,4.5);
#2400=VECTOR('',#9185,2.5);
#2401=VECTOR('',#9188,2.5);
#2402=VECTOR('',#9189,1.61081072);
#2403=VECTOR('',#9190,1.61081072);
#2404=VECTOR('',#9193,4.5);
#2405=VECTOR('',#9194,1.61081072);
#2406=VECTOR('',#9197,2.5);
#2407=VECTOR('',#9198,1.61081072);
#2408=VECTOR('',#9201,4.5);
#2409=VECTOR('',#9204,3.2);
#2410=VECTOR('',#9205,2.5);
#2411=VECTOR('',#9206,3.2);
#2412=VECTOR('',#9207,2.5);
#2413=VECTOR('',#9210,2.5);
#2414=VECTOR('',#9211,1.61081072);
#2415=VECTOR('',#9212,1.61081072);
#2416=VECTOR('',#9215,3.2);
#2417=VECTOR('',#9216,1.61081072);
#2418=VECTOR('',#9219,2.5);
#2419=VECTOR('',#9220,1.61081072);
#2420=VECTOR('',#9223,3.2);
#2421=VECTOR('',#9226,7.5);
#2422=VECTOR('',#9227,2.5);
#2423=VECTOR('',#9228,7.5);
#2424=VECTOR('',#9229,2.5);
#2425=VECTOR('',#9232,2.5);
#2426=VECTOR('',#9233,1.61081072);
#2427=VECTOR('',#9234,1.61081072);
#2428=VECTOR('',#9237,7.5);
#2429=VECTOR('',#9238,1.61081072);
#2430=VECTOR('',#9241,2.5);
#2431=VECTOR('',#9242,1.61081072);
#2432=VECTOR('',#9245,7.5);
#2433=VECTOR('',#9248,1.13519945116123);
#2434=VECTOR('',#9249,0.749999999999997);
#2435=VECTOR('',#9250,1.13519945116123);
#2436=VECTOR('',#9251,0.749999999999997);
#2437=VECTOR('',#9254,1.13519945116121);
#2438=VECTOR('',#9255,0.750000000000002);
#2439=VECTOR('',#9256,1.13519945116121);
#2440=VECTOR('',#9257,0.750000000000002);
#2441=VECTOR('',#9260,1.13519945116121);
#2442=VECTOR('',#9261,0.750000000000002);
#2443=VECTOR('',#9262,1.13519945116121);
#2444=VECTOR('',#9263,0.750000000000002);
#2445=VECTOR('',#9266,1.13519945116121);
#2446=VECTOR('',#9267,3.);
#2447=VECTOR('',#9268,1.13519945116121);
#2448=VECTOR('',#9269,3.);
#2449=VECTOR('',#9272,1.13519945116121);
#2450=VECTOR('',#9273,3.);
#2451=VECTOR('',#9274,1.13519945116121);
#2452=VECTOR('',#9275,3.);
#2453=VECTOR('',#9278,1.13519945116121);
#2454=VECTOR('',#9279,0.750000000000002);
#2455=VECTOR('',#9280,1.13519945116121);
#2456=VECTOR('',#9281,0.750000000000002);
#2457=VECTOR('',#9284,1.13519945116121);
#2458=VECTOR('',#9285,0.750000000000002);
#2459=VECTOR('',#9286,1.13519945116121);
#2460=VECTOR('',#9287,0.750000000000002);
#2461=VECTOR('',#9290,1.13519945116123);
#2462=VECTOR('',#9291,0.750000000000002);
#2463=VECTOR('',#9292,1.13519945116123);
#2464=VECTOR('',#9293,0.750000000000002);
#2465=VECTOR('',#9296,1.3);
#2466=VECTOR('',#9297,1.3);
#2467=VECTOR('',#9298,0.750000000000002);
#2468=VECTOR('',#9301,2.1);
#2469=VECTOR('',#9302,0.80540536);
#2470=VECTOR('',#9305,2.1);
#2471=VECTOR('',#9306,0.80540536);
#2472=VECTOR('',#9309,1.29999999999998);
#2473=VECTOR('',#9310,1.29999999999998);
#2474=VECTOR('',#9311,0.749999999999997);
#2475=VECTOR('',#9314,2.1);
#2476=VECTOR('',#9315,0.80540536);
#2477=VECTOR('',#9318,2.1);
#2478=VECTOR('',#9319,0.80540536);
#2479=VECTOR('',#9322,1.7);
#2480=VECTOR('',#9323,1.7);
#2481=VECTOR('',#9324,3.);
#2482=VECTOR('',#9327,2.5);
#2483=VECTOR('',#9328,0.80540536);
#2484=VECTOR('',#9331,2.5);
#2485=VECTOR('',#9332,0.80540536);
#2486=VECTOR('',#9335,1.3);
#2487=VECTOR('',#9336,1.3);
#2488=VECTOR('',#9337,0.750000000000002);
#2489=VECTOR('',#9340,2.1);
#2490=VECTOR('',#9341,0.80540536);
#2491=VECTOR('',#9344,2.1);
#2492=VECTOR('',#9345,0.80540536);
#2493=VECTOR('',#9348,1.3);
#2494=VECTOR('',#9349,1.3);
#2495=VECTOR('',#9350,0.750000000000002);
#2496=VECTOR('',#9353,2.1);
#2497=VECTOR('',#9354,0.80540536);
#2498=VECTOR('',#9357,2.1);
#2499=VECTOR('',#9358,0.80540536);
#2500=VECTOR('',#9361,1.29999999999998);
#2501=VECTOR('',#9362,1.29999999999997);
#2502=VECTOR('',#9363,0.750000000000002);
#2503=VECTOR('',#9366,2.1);
#2504=VECTOR('',#9367,0.80540536);
#2505=VECTOR('',#9370,2.1);
#2506=VECTOR('',#9371,0.80540536);
#2507=VECTOR('',#9374,1.70000000000001);
#2508=VECTOR('',#9375,1.70000000000001);
#2509=VECTOR('',#9376,3.);
#2510=VECTOR('',#9379,2.5);
#2511=VECTOR('',#9380,0.80540536);
#2512=VECTOR('',#9383,2.5);
#2513=VECTOR('',#9384,0.80540536);
#2514=VECTOR('',#9387,1.3);
#2515=VECTOR('',#9388,1.3);
#2516=VECTOR('',#9389,0.750000000000002);
#2517=VECTOR('',#9392,2.1);
#2518=VECTOR('',#9393,0.80540536);
#2519=VECTOR('',#9396,2.1);
#2520=VECTOR('',#9397,0.80540536);
#2521=VECTOR('',#9400,6.40000000000001);
#2522=VECTOR('',#9401,3.4);
#2523=VECTOR('',#9402,6.40000000000001);
#2524=VECTOR('',#9403,3.4);
#2525=VECTOR('',#9406,3.4);
#2526=VECTOR('',#9407,1.91283773);
#2527=VECTOR('',#9408,1.91283773);
#2528=VECTOR('',#9411,1.70000000000002);
#2529=VECTOR('',#9412,1.91283773);
#2530=VECTOR('',#9413,1.69999999999998);
#2531=VECTOR('',#9416,3.4);
#2532=VECTOR('',#9417,1.91283773);
#2533=VECTOR('',#9420,6.4);
#2534=VECTOR('',#9421,3.4);
#2535=VECTOR('',#9422,6.4);
#2536=VECTOR('',#9423,3.4);
#2537=VECTOR('',#9426,3.4);
#2538=VECTOR('',#9427,1.91283773);
#2539=VECTOR('',#9428,1.91283773);
#2540=VECTOR('',#9431,3.4);
#2541=VECTOR('',#9432,1.91283773);
#2542=VECTOR('',#9433,1.91283773);
#2543=VECTOR('',#9436,28.5);
#2544=VECTOR('',#9439,28.5);
#2545=VECTOR('',#9442,4.7648804045368);
#2546=VECTOR('',#9443,1.20944078608784);
#2547=VECTOR('',#9444,17.5037523466843);
#2548=VECTOR('',#9445,0.500000000000005);
#2549=VECTOR('',#9446,25.6);
#2550=VECTOR('',#9447,0.500000000000005);
#2551=VECTOR('',#9448,11.2056884394036);
#2552=VECTOR('',#9451,2.4);
#2553=VECTOR('',#9452,1.61081072);
#2554=VECTOR('',#9453,18.1);
#2555=VECTOR('',#9454,1.258445875);
#2556=VECTOR('',#9457,11.2056884394036);
#2557=VECTOR('',#9458,1.258445875);
#2558=VECTOR('',#9461,1.80568843940357);
#2559=VECTOR('',#9462,1.61081072);
#2560=VECTOR('',#9463,2.4);
#2561=VECTOR('',#9466,4.7648804045368);
#2562=VECTOR('',#9469,0.709499656975757);
#2563=VECTOR('',#9470,25.6);
#2564=VECTOR('',#9471,0.709499656975757);
#2565=VECTOR('',#9472,25.6);
#2566=VECTOR('',#9475,2.35);
#2567=VECTOR('',#9476,5.);
#2568=VECTOR('',#9477,2.35);
#2569=VECTOR('',#9478,5.);
#2570=VECTOR('',#9481,0.855743195000001);
#2571=VECTOR('',#9482,2.11418907);
#2572=VECTOR('',#9483,1.51013505);
#2573=VECTOR('',#9484,4.);
#2574=VECTOR('',#9485,0.755067525);
#2575=VECTOR('',#9488,2.35);
#2576=VECTOR('',#9489,2.11418907);
#2577=VECTOR('',#9492,5.);
#2578=VECTOR('',#9493,2.11418907);
#2579=VECTOR('',#9496,2.35);
#2580=VECTOR('',#9499,2.35);
#2581=VECTOR('',#9500,5.);
#2582=VECTOR('',#9501,2.35);
#2583=VECTOR('',#9502,5.);
#2584=VECTOR('',#9505,5.);
#2585=VECTOR('',#9506,2.11418907);
#2586=VECTOR('',#9507,2.11418907);
#2587=VECTOR('',#9510,2.35);
#2588=VECTOR('',#9511,2.11418907);
#2589=VECTOR('',#9514,0.855743195000001);
#2590=VECTOR('',#9515,0.755067525);
#2591=VECTOR('',#9516,4.);
#2592=VECTOR('',#9517,1.51013505);
#2593=VECTOR('',#9520,2.35);
#2594=VECTOR('',#9523,25.6);
#2595=VECTOR('',#9524,25.6);
#2596=VECTOR('',#9531,2.55000000000001);
#2597=VECTOR('',#9532,5.);
#2598=VECTOR('',#9533,37.7);
#2599=VECTOR('',#9534,5.);
#2600=VECTOR('',#9535,6.65);
#2601=VECTOR('',#9538,37.7);
#2602=VECTOR('',#9539,1.61081072);
#2603=VECTOR('',#9540,1.61081072);
#2604=VECTOR('',#9543,5.);
#2605=VECTOR('',#9544,1.61081072);
#2606=VECTOR('',#9547,6.65);
#2607=VECTOR('',#9550,5.);
#2608=VECTOR('',#9551,1.61081072);
#2609=VECTOR('',#9554,1.13519945116119);
#2610=VECTOR('',#9555,5.7);
#2611=VECTOR('',#9556,1.13519945116119);
#2612=VECTOR('',#9557,5.7);
#2613=VECTOR('',#9560,1.13519945116124);
#2614=VECTOR('',#9561,5.7);
#2615=VECTOR('',#9562,1.13519945116124);
#2616=VECTOR('',#9563,5.7);
#2617=VECTOR('',#9566,1.13519945116123);
#2618=VECTOR('',#9567,5.7);
#2619=VECTOR('',#9568,1.13519945116123);
#2620=VECTOR('',#9569,5.7);
#2621=VECTOR('',#9572,1.13519945116124);
#2622=VECTOR('',#9573,5.7);
#2623=VECTOR('',#9574,1.13519945116124);
#2624=VECTOR('',#9575,5.7);
#2625=VECTOR('',#9578,4.4);
#2626=VECTOR('',#9579,0.80540536);
#2627=VECTOR('',#9580,4.4);
#2628=VECTOR('',#9581,0.80540536);
#2629=VECTOR('',#9584,1.64999999999999);
#2630=VECTOR('',#9585,0.80540536);
#2631=VECTOR('',#9586,1.64999999999999);
#2632=VECTOR('',#9589,10.3);
#2633=VECTOR('',#9590,0.80540536);
#2634=VECTOR('',#9591,10.3);
#2635=VECTOR('',#9594,1.65000000000001);
#2636=VECTOR('',#9595,3.29999999999999);
#2637=VECTOR('',#9596,5.9);
#2638=VECTOR('',#9599,1.65000000000001);
#2639=VECTOR('',#9600,0.80540536);
#2640=VECTOR('',#9603,5.9);
#2641=VECTOR('',#9604,0.80540536);
#2642=VECTOR('',#9607,3.29999999999999);
#2643=VECTOR('',#9610,2.3);
#2644=VECTOR('',#9611,7.8);
#2645=VECTOR('',#9612,2.3);
#2646=VECTOR('',#9613,7.8);
#2647=VECTOR('',#9616,7.8);
#2648=VECTOR('',#9617,0.80540536);
#2649=VECTOR('',#9618,0.80540536);
#2650=VECTOR('',#9621,2.3);
#2651=VECTOR('',#9622,0.80540536);
#2652=VECTOR('',#9625,7.8);
#2653=VECTOR('',#9626,0.80540536);
#2654=VECTOR('',#9629,2.3);
#2655=VECTOR('',#9632,1.3);
#2656=VECTOR('',#9633,2.);
#2657=VECTOR('',#9634,1.3);
#2658=VECTOR('',#9635,2.);
#2659=VECTOR('',#9638,2.);
#2660=VECTOR('',#9639,0.80540536);
#2661=VECTOR('',#9640,0.80540536);
#2662=VECTOR('',#9643,1.3);
#2663=VECTOR('',#9644,0.80540536);
#2664=VECTOR('',#9647,2.);
#2665=VECTOR('',#9648,0.80540536);
#2666=VECTOR('',#9651,1.3);
#2667=VECTOR('',#9654,2.5);
#2668=VECTOR('',#9655,4.5);
#2669=VECTOR('',#9656,2.5);
#2670=VECTOR('',#9657,4.5);
#2671=VECTOR('',#9660,4.5);
#2672=VECTOR('',#9661,0.80540536);
#2673=VECTOR('',#9662,0.80540536);
#2674=VECTOR('',#9665,2.5);
#2675=VECTOR('',#9666,0.80540536);
#2676=VECTOR('',#9669,4.5);
#2677=VECTOR('',#9670,0.80540536);
#2678=VECTOR('',#9673,2.5);
#2679=VECTOR('',#9678,3.32229711);
#2680=VECTOR('',#9679,3.32229711);
#2681=VECTOR('',#9680,6.4);
#2682=VECTOR('',#9683,3.32229711);
#2683=VECTOR('',#9688,3.32229711);
#2684=VECTOR('',#9689,6.4);
#2685=VECTOR('',#9696,0.50337835);
#2686=VECTOR('',#9697,0.50337835);
#2687=VECTOR('',#9698,6.4);
#2688=VECTOR('',#9701,0.50337835);
#2689=VECTOR('',#9706,0.50337835);
#2690=VECTOR('',#9707,6.4);
#2691=VECTOR('',#9714,1.6);
#2692=VECTOR('',#9715,0.799999999999979);
#2693=VECTOR('',#9716,0.80540536);
#2694=VECTOR('',#9719,0.799999999999979);
#2695=VECTOR('',#9720,1.6);
#2696=VECTOR('',#9721,0.80540536);
#2697=VECTOR('',#9724,5.7);
#2698=VECTOR('',#9727,0.800000000000023);
#2699=VECTOR('',#9728,0.800000000000023);
#2700=VECTOR('',#9729,5.7);
#2701=VECTOR('',#9732,1.59999999999999);
#2702=VECTOR('',#9733,0.80540536);
#2703=VECTOR('',#9736,1.59999999999999);
#2704=VECTOR('',#9737,0.80540536);
#2705=VECTOR('',#9740,1.6);
#2706=VECTOR('',#9741,0.799999999999974);
#2707=VECTOR('',#9742,0.80540536);
#2708=VECTOR('',#9745,0.799999999999974);
#2709=VECTOR('',#9746,1.6);
#2710=VECTOR('',#9747,0.80540536);
#2711=VECTOR('',#9750,5.7);
#2712=VECTOR('',#9753,0.799999999999987);
#2713=VECTOR('',#9754,0.799999999999987);
#2714=VECTOR('',#9755,5.7);
#2715=VECTOR('',#9758,1.60000000000001);
#2716=VECTOR('',#9759,0.80540536);
#2717=VECTOR('',#9762,1.60000000000001);
#2718=VECTOR('',#9763,0.80540536);
#2719=VECTOR('',#9766,6.8);
#2720=VECTOR('',#9767,6.8);
#2721=VECTOR('',#9768,6.8);
#2722=VECTOR('',#9769,6.80000000000001);
#2723=VECTOR('',#9772,0.550000000000002);
#2724=VECTOR('',#9773,1.51013505);
#2725=VECTOR('',#9774,1.51013505);
#2726=VECTOR('',#9775,0.550000000000002);
#2727=VECTOR('',#9778,0.549999999999997);
#2728=VECTOR('',#9779,0.550000000000002);
#2729=VECTOR('',#9780,1.51013505);
#2730=VECTOR('',#9781,1.51013505);
#2731=VECTOR('',#9784,1.13519945116121);
#2732=VECTOR('',#9785,18.8);
#2733=VECTOR('',#9786,1.13519945116121);
#2734=VECTOR('',#9787,18.8);
#2735=VECTOR('',#9790,1.13519945116121);
#2736=VECTOR('',#9791,12.8);
#2737=VECTOR('',#9792,1.13519945116121);
#2738=VECTOR('',#9793,12.8);
#2739=VECTOR('',#9796,1.13519945116124);
#2740=VECTOR('',#9797,12.8);
#2741=VECTOR('',#9798,1.13519945116124);
#2742=VECTOR('',#9799,12.8);
#2743=VECTOR('',#9802,1.13519945116123);
#2744=VECTOR('',#9803,18.8);
#2745=VECTOR('',#9804,1.13519945116123);
#2746=VECTOR('',#9805,18.8);
#2747=VECTOR('',#9808,1.20000000000001);
#2748=VECTOR('',#9809,1.20000000000001);
#2749=VECTOR('',#9810,18.8);
#2750=VECTOR('',#9813,2.);
#2751=VECTOR('',#9814,0.80540536);
#2752=VECTOR('',#9817,2.);
#2753=VECTOR('',#9818,0.80540536);
#2754=VECTOR('',#9821,1.10000000000001);
#2755=VECTOR('',#9822,1.9);
#2756=VECTOR('',#9823,0.80540536);
#2757=VECTOR('',#9826,1.9);
#2758=VECTOR('',#9827,1.10000000000001);
#2759=VECTOR('',#9828,0.80540536);
#2760=VECTOR('',#9831,12.8);
#2761=VECTOR('',#9834,1.19999999999998);
#2762=VECTOR('',#9835,1.19999999999998);
#2763=VECTOR('',#9836,18.8);
#2764=VECTOR('',#9839,2.);
#2765=VECTOR('',#9840,0.80540536);
#2766=VECTOR('',#9843,2.);
#2767=VECTOR('',#9844,0.80540536);
#2768=VECTOR('',#9847,1.09999999999998);
#2769=VECTOR('',#9848,1.09999999999998);
#2770=VECTOR('',#9849,12.8);
#2771=VECTOR('',#9852,1.9);
#2772=VECTOR('',#9853,0.80540536);
#2773=VECTOR('',#9856,1.9);
#2774=VECTOR('',#9857,0.80540536);
#2775=VECTOR('',#9860,19.9);
#2776=VECTOR('',#9861,13.8);
#2777=VECTOR('',#9862,19.9);
#2778=VECTOR('',#9863,13.8);
#2779=VECTOR('',#9866,0.499999999999998);
#2780=VECTOR('',#9867,1.459797215);
#2781=VECTOR('',#9868,1.459797215);
#2782=VECTOR('',#9869,0.499999999999998);
#2783=VECTOR('',#9872,0.550000000000002);
#2784=VECTOR('',#9873,1.459797215);
#2785=VECTOR('',#9874,0.549999999999995);
#2786=VECTOR('',#9877,0.500000000000003);
#2787=VECTOR('',#9878,1.459797215);
#2788=VECTOR('',#9879,0.499999999999998);
#2789=VECTOR('',#9882,0.550000000000002);
#2790=VECTOR('',#9883,0.549999999999995);
#2791=VECTOR('',#9886,4.1);
#2792=VECTOR('',#9887,1.0067567);
#2793=VECTOR('',#9888,4.1);
#2794=VECTOR('',#9889,1.0067567);
#2795=VECTOR('',#9892,4.3);
#2796=VECTOR('',#9893,1.0067567);
#2797=VECTOR('',#9894,4.3);
#2798=VECTOR('',#9897,2.9);
#2799=VECTOR('',#9898,12.9);
#2800=VECTOR('',#9899,7.);
#2801=VECTOR('',#9900,17.2);
#2802=VECTOR('',#9903,17.2);
#2803=VECTOR('',#9904,1.0067567);
#2804=VECTOR('',#9905,1.0067567);
#2805=VECTOR('',#9908,7.);
#2806=VECTOR('',#9911,2.9);
#2807=VECTOR('',#9912,1.0067567);
#2808=VECTOR('',#9915,12.9);
#2809=VECTOR('',#9918,4.4);
#2810=VECTOR('',#9919,11.);
#2811=VECTOR('',#9920,4.4);
#2812=VECTOR('',#9921,11.);
#2813=VECTOR('',#9924,4.4);
#2814=VECTOR('',#9925,1.0067567);
#2815=VECTOR('',#9926,1.0067567);
#2816=VECTOR('',#9929,11.);
#2817=VECTOR('',#9930,1.0067567);
#2818=VECTOR('',#9933,8.3);
#2819=VECTOR('',#9934,16.4);
#2820=VECTOR('',#9935,8.3);
#2821=VECTOR('',#9936,16.4);
#2822=VECTOR('',#9939,16.4);
#2823=VECTOR('',#9940,1.81216206);
#2824=VECTOR('',#9941,1.81216206);
#2825=VECTOR('',#9944,8.3);
#2826=VECTOR('',#9945,1.81216206);
#2827=VECTOR('',#9948,5.4);
#2828=VECTOR('',#9949,0.80540536);
#2829=VECTOR('',#9952,12.7);
#2830=VECTOR('',#9955,34.);
#2831=VECTOR('',#9956,22.4);
#2832=VECTOR('',#9957,34.);
#2833=VECTOR('',#9958,22.4);
#2834=VECTOR('',#9961,22.4);
#2835=VECTOR('',#9962,2.41621608);
#2836=VECTOR('',#9963,2.41621608);
#2837=VECTOR('',#9966,34.);
#2838=VECTOR('',#9967,2.41621608);
#2839=VECTOR('',#9970,22.4);
#2840=VECTOR('',#9971,2.41621608);
#2841=VECTOR('',#9974,34.);
#2842=VECTOR('',#9977,1.71148639);
#2843=VECTOR('',#9978,4.69999999999996);
#2844=VECTOR('',#9979,1.71148639);
#2845=VECTOR('',#9980,4.69999999999996);
#2846=VECTOR('',#9985,1.71148639);
#2847=VECTOR('',#9992,1.54999999999999);
#2848=VECTOR('',#9999,1.54999999999999);
#2849=VECTOR('',#10006,1.71148639);
#2850=VECTOR('',#10009,1.71148639);
#2851=VECTOR('',#10012,4.69999999999998);
#2852=VECTOR('',#10013,1.71148639);
#2853=VECTOR('',#10014,4.69999999999998);
#2854=VECTOR('',#10017,1.71148639);
#2855=VECTOR('',#10018,4.70000000000002);
#2856=VECTOR('',#10019,1.71148639);
#2857=VECTOR('',#10020,4.69999999999998);
#2858=VECTOR('',#10025,1.71148639);
#2859=VECTOR('',#10032,1.54999999999999);
#2860=VECTOR('',#10039,1.54999999999999);
#2861=VECTOR('',#10046,1.71148639);
#2862=VECTOR('',#10049,1.71148639);
#2863=VECTOR('',#10052,4.7);
#2864=VECTOR('',#10053,1.71148639);
#2865=VECTOR('',#10054,4.7);
#2866=VECTOR('',#10057,116.3);
#2867=VECTOR('',#10058,64.7);
#2868=VECTOR('',#10059,5.3);
#2869=VECTOR('',#10060,6.29999999999999);
#2870=VECTOR('',#10061,9.39999999999997);
#2871=VECTOR('',#10064,116.3);
#2872=VECTOR('',#10065,116.3);
#2873=VECTOR('',#10068,149.1);
#2874=VECTOR('',#10069,149.1);
#2875=VECTOR('',#10072,149.1);
#2876=VECTOR('',#10073,149.1);
#2877=VECTOR('',#10078,0.549999999999988);
#2878=VECTOR('',#10079,0.55000000000001);
#2879=VECTOR('',#10082,0.55000000000001);
#2880=VECTOR('',#10083,0.549999999999988);
#2881=VECTOR('',#10088,2.55000000000001);
#2882=VECTOR('',#10091,0.574999999999992);
#2883=VECTOR('',#10092,0.575000000000006);
#2884=VECTOR('',#10093,1.5);
#2885=VECTOR('',#10094,1.5);
#2886=VECTOR('',#10097,1.70000000000002);
#2887=VECTOR('',#10098,1.69999999999998);
#2888=VECTOR('',#10101,1.5);
#2889=VECTOR('',#10102,0.574999999999992);
#2890=VECTOR('',#10103,0.575000000000006);
#2891=VECTOR('',#10104,1.5);
#2892=VECTOR('',#10107,1.14999999999998);
#2893=VECTOR('',#10110,1.5);
#2894=VECTOR('',#10111,1.5);
#2895=VECTOR('',#10112,1.5);
#2896=VECTOR('',#10113,9.);
#2897=VECTOR('',#10114,1.5);
#2898=VECTOR('',#10117,1.5);
#2899=VECTOR('',#10118,9.);
#2900=VECTOR('',#10119,1.5);
#2901=VECTOR('',#10120,1.5);
#2902=VECTOR('',#10121,1.5);
#2903=VECTOR('',#10128,6.69999999999999);
#2904=VECTOR('',#10129,2.74999999999999);
#2905=VECTOR('',#10130,38.);
#2906=VECTOR('',#10131,2.75);
#2907=VECTOR('',#10132,23.35);
#2908=VECTOR('',#10133,0.899999999999999);
#2909=VECTOR('',#10134,28.5);
#2910=VECTOR('',#10135,0.899999999999999);
#2911=VECTOR('',#10136,67.45);
#2912=VECTOR('',#10137,100.1);
#2913=VECTOR('',#10138,164.);
#2914=VECTOR('',#10139,100.1);
#2915=VECTOR('',#10142,4.32905381);
#2916=VECTOR('',#10143,28.5);
#2917=VECTOR('',#10144,4.32905381);
#2918=VECTOR('',#10145,6.34256721);
#2919=VECTOR('',#10146,38.);
#2920=VECTOR('',#10147,6.34256721);
#2921=VECTOR('',#10148,6.74526989);
#2922=VECTOR('',#10149,164.);
#2923=VECTOR('',#10150,6.74526989);
#2924=VECTOR('',#10153,6.74526989);
#2925=VECTOR('',#10154,100.1);
#2926=VECTOR('',#10157,6.74526989);
#2927=VECTOR('',#10158,164.);
#2928=VECTOR('',#10161,100.1);
#2929=VECTOR('',#10164,89.1);
#2930=VECTOR('',#10165,154.5);
#2931=VECTOR('',#10166,89.1);
#2932=VECTOR('',#10167,154.5);
#2933=VECTOR('',#10170,1.51013505);
#2934=VECTOR('',#10171,89.1);
#2935=VECTOR('',#10172,1.51013505);
#2936=VECTOR('',#10175,154.5);
#2937=VECTOR('',#10176,1.51013505);
#2938=VECTOR('',#10179,89.1);
#2939=VECTOR('',#10180,1.51013505);
#2940=VECTOR('',#10183,154.5);
#2941=VECTOR('',#10188,0.249999999999995);
#2942=VECTOR('',#10191,3.82567546);
#2943=VECTOR('',#10194,3.82567546);
#2944=VECTOR('',#10197,0.250000000000004);
#2945=VECTOR('',#10200,38.);
#2946=VECTOR('',#10203,38.);
#2947=VECTOR('',#10206,2.17214953459821);
#2948=VECTOR('',#10211,2.17214953459821);
#2949=VECTOR('',#10212,28.5);
#2950=VERTEX_POINT('',#10219);
#2951=VERTEX_POINT('',#10220);
#2952=VERTEX_POINT('',#10222);
#2953=VERTEX_POINT('',#10224);
#2954=VERTEX_POINT('',#10228);
#2955=VERTEX_POINT('',#10230);
#2956=VERTEX_POINT('',#10234);
#2957=VERTEX_POINT('',#10236);
#2958=VERTEX_POINT('',#10325);
#2959=VERTEX_POINT('',#10326);
#2960=VERTEX_POINT('',#10328);
#2961=VERTEX_POINT('',#10330);
#2962=VERTEX_POINT('',#10339);
#2963=VERTEX_POINT('',#10340);
#2964=VERTEX_POINT('',#10350);
#2965=VERTEX_POINT('',#10351);
#2966=VERTEX_POINT('',#10519);
#2967=VERTEX_POINT('',#10520);
#2968=VERTEX_POINT('',#10522);
#2969=VERTEX_POINT('',#10524);
#2970=VERTEX_POINT('',#10533);
#2971=VERTEX_POINT('',#10534);
#2972=VERTEX_POINT('',#10544);
#2973=VERTEX_POINT('',#10545);
#2974=VERTEX_POINT('',#10633);
#2975=VERTEX_POINT('',#10634);
#2976=VERTEX_POINT('',#10636);
#2977=VERTEX_POINT('',#10638);
#2978=VERTEX_POINT('',#10642);
#2979=VERTEX_POINT('',#10643);
#2980=VERTEX_POINT('',#10645);
#2981=VERTEX_POINT('',#10647);
#2982=VERTEX_POINT('',#10651);
#2983=VERTEX_POINT('',#10652);
#2984=VERTEX_POINT('',#10654);
#2985=VERTEX_POINT('',#10656);
#2986=VERTEX_POINT('',#10660);
#2987=VERTEX_POINT('',#10661);
#2988=VERTEX_POINT('',#10666);
#2989=VERTEX_POINT('',#10670);
#2990=VERTEX_POINT('',#10674);
#2991=VERTEX_POINT('',#10675);
#2992=VERTEX_POINT('',#10677);
#2993=VERTEX_POINT('',#10679);
#2994=VERTEX_POINT('',#10683);
#2995=VERTEX_POINT('',#10688);
#2996=VERTEX_POINT('',#10696);
#2997=VERTEX_POINT('',#10697);
#2998=VERTEX_POINT('',#10699);
#2999=VERTEX_POINT('',#10701);
#3000=VERTEX_POINT('',#10705);
#3001=VERTEX_POINT('',#10706);
#3002=VERTEX_POINT('',#10708);
#3003=VERTEX_POINT('',#10710);
#3004=VERTEX_POINT('',#10714);
#3005=VERTEX_POINT('',#10715);
#3006=VERTEX_POINT('',#10717);
#3007=VERTEX_POINT('',#10719);
#3008=VERTEX_POINT('',#10723);
#3009=VERTEX_POINT('',#10724);
#3010=VERTEX_POINT('',#10726);
#3011=VERTEX_POINT('',#10728);
#3012=VERTEX_POINT('',#10732);
#3013=VERTEX_POINT('',#10733);
#3014=VERTEX_POINT('',#10735);
#3015=VERTEX_POINT('',#10737);
#3016=VERTEX_POINT('',#10741);
#3017=VERTEX_POINT('',#10742);
#3018=VERTEX_POINT('',#10744);
#3019=VERTEX_POINT('',#10746);
#3020=VERTEX_POINT('',#10750);
#3021=VERTEX_POINT('',#10752);
#3022=VERTEX_POINT('',#10756);
#3023=VERTEX_POINT('',#10760);
#3024=VERTEX_POINT('',#10764);
#3025=VERTEX_POINT('',#10766);
#3026=VERTEX_POINT('',#10770);
#3027=VERTEX_POINT('',#10772);
#3028=VERTEX_POINT('',#10778);
#3029=VERTEX_POINT('',#10780);
#3030=VERTEX_POINT('',#10784);
#3031=VERTEX_POINT('',#10788);
#3032=VERTEX_POINT('',#10792);
#3033=VERTEX_POINT('',#10794);
#3034=VERTEX_POINT('',#10798);
#3035=VERTEX_POINT('',#10800);
#3036=VERTEX_POINT('',#10806);
#3037=VERTEX_POINT('',#10808);
#3038=VERTEX_POINT('',#10812);
#3039=VERTEX_POINT('',#10816);
#3040=VERTEX_POINT('',#10820);
#3041=VERTEX_POINT('',#10822);
#3042=VERTEX_POINT('',#10826);
#3043=VERTEX_POINT('',#10828);
#3044=VERTEX_POINT('',#10834);
#3045=VERTEX_POINT('',#10835);
#3046=VERTEX_POINT('',#10837);
#3047=VERTEX_POINT('',#10839);
#3048=VERTEX_POINT('',#10843);
#3049=VERTEX_POINT('',#10844);
#3050=VERTEX_POINT('',#10846);
#3051=VERTEX_POINT('',#10848);
#3052=VERTEX_POINT('',#10852);
#3053=VERTEX_POINT('',#10853);
#3054=VERTEX_POINT('',#10855);
#3055=VERTEX_POINT('',#10857);
#3056=VERTEX_POINT('',#10861);
#3057=VERTEX_POINT('',#10862);
#3058=VERTEX_POINT('',#10864);
#3059=VERTEX_POINT('',#10866);
#3060=VERTEX_POINT('',#10870);
#3061=VERTEX_POINT('',#10871);
#3062=VERTEX_POINT('',#10873);
#3063=VERTEX_POINT('',#10875);
#3064=VERTEX_POINT('',#10879);
#3065=VERTEX_POINT('',#10880);
#3066=VERTEX_POINT('',#10882);
#3067=VERTEX_POINT('',#10884);
#3068=VERTEX_POINT('',#10893);
#3069=VERTEX_POINT('',#10894);
#3070=VERTEX_POINT('',#10896);
#3071=VERTEX_POINT('',#10898);
#3072=VERTEX_POINT('',#10907);
#3073=VERTEX_POINT('',#10908);
#3074=VERTEX_POINT('',#10910);
#3075=VERTEX_POINT('',#10912);
#3076=VERTEX_POINT('',#10921);
#3077=VERTEX_POINT('',#10922);
#3078=VERTEX_POINT('',#10924);
#3079=VERTEX_POINT('',#10926);
#3080=VERTEX_POINT('',#10935);
#3081=VERTEX_POINT('',#10936);
#3082=VERTEX_POINT('',#10938);
#3083=VERTEX_POINT('',#10940);
#3084=VERTEX_POINT('',#10949);
#3085=VERTEX_POINT('',#10950);
#3086=VERTEX_POINT('',#10952);
#3087=VERTEX_POINT('',#10954);
#3088=VERTEX_POINT('',#10963);
#3089=VERTEX_POINT('',#10964);
#3090=VERTEX_POINT('',#10966);
#3091=VERTEX_POINT('',#10968);
#3092=VERTEX_POINT('',#10977);
#3093=VERTEX_POINT('',#10978);
#3094=VERTEX_POINT('',#10980);
#3095=VERTEX_POINT('',#10982);
#3096=VERTEX_POINT('',#10991);
#3097=VERTEX_POINT('',#10992);
#3098=VERTEX_POINT('',#10994);
#3099=VERTEX_POINT('',#10996);
#3100=VERTEX_POINT('',#11001);
#3101=VERTEX_POINT('',#11003);
#3102=VERTEX_POINT('',#11007);
#3103=VERTEX_POINT('',#11013);
#3104=VERTEX_POINT('',#11020);
#3105=VERTEX_POINT('',#11022);
#3106=VERTEX_POINT('',#11026);
#3107=VERTEX_POINT('',#11032);
#3108=VERTEX_POINT('',#11044);
#3109=VERTEX_POINT('',#11047);
#3110=VERTEX_POINT('',#11051);
#3111=VERTEX_POINT('',#11056);
#3112=VERTEX_POINT('',#11067);
#3113=VERTEX_POINT('',#11070);
#3114=VERTEX_POINT('',#11074);
#3115=VERTEX_POINT('',#11079);
#3116=VERTEX_POINT('',#11084);
#3117=VERTEX_POINT('',#11085);
#3118=VERTEX_POINT('',#11087);
#3119=VERTEX_POINT('',#11089);
#3120=VERTEX_POINT('',#11093);
#3121=VERTEX_POINT('',#11094);
#3122=VERTEX_POINT('',#11099);
#3123=VERTEX_POINT('',#11103);
#3124=VERTEX_POINT('',#11109);
#3125=VERTEX_POINT('',#11110);
#3126=VERTEX_POINT('',#11112);
#3127=VERTEX_POINT('',#11114);
#3128=VERTEX_POINT('',#11116);
#3129=VERTEX_POINT('',#11118);
#3130=VERTEX_POINT('',#11120);
#3131=VERTEX_POINT('',#11122);
#3132=VERTEX_POINT('',#11131);
#3133=VERTEX_POINT('',#11132);
#3134=VERTEX_POINT('',#11137);
#3135=VERTEX_POINT('',#11141);
#3136=VERTEX_POINT('',#11145);
#3137=VERTEX_POINT('',#11149);
#3138=VERTEX_POINT('',#11153);
#3139=VERTEX_POINT('',#11162);
#3140=VERTEX_POINT('',#11168);
#3141=VERTEX_POINT('',#11169);
#3142=VERTEX_POINT('',#11171);
#3143=VERTEX_POINT('',#11173);
#3144=VERTEX_POINT('',#11177);
#3145=VERTEX_POINT('',#11178);
#3146=VERTEX_POINT('',#11180);
#3147=VERTEX_POINT('',#11182);
#3148=VERTEX_POINT('',#11191);
#3149=VERTEX_POINT('',#11192);
#3150=VERTEX_POINT('',#11194);
#3151=VERTEX_POINT('',#11196);
#3152=VERTEX_POINT('',#11205);
#3153=VERTEX_POINT('',#11206);
#3154=VERTEX_POINT('',#11208);
#3155=VERTEX_POINT('',#11210);
#3156=VERTEX_POINT('',#11221);
#3157=VERTEX_POINT('',#11223);
#3158=VERTEX_POINT('',#11229);
#3159=VERTEX_POINT('',#11231);
#3160=VERTEX_POINT('',#11242);
#3161=VERTEX_POINT('',#11243);
#3162=VERTEX_POINT('',#11245);
#3163=VERTEX_POINT('',#11247);
#3164=VERTEX_POINT('',#11251);
#3165=VERTEX_POINT('',#11253);
#3166=VERTEX_POINT('',#11257);
#3167=VERTEX_POINT('',#11259);
#3168=VERTEX_POINT('',#11263);
#3169=VERTEX_POINT('',#11265);
#3170=VERTEX_POINT('',#11267);
#3171=VERTEX_POINT('',#11271);
#3172=VERTEX_POINT('',#11273);
#3173=VERTEX_POINT('',#11275);
#3174=VERTEX_POINT('',#11279);
#3175=VERTEX_POINT('',#11280);
#3176=VERTEX_POINT('',#11282);
#3177=VERTEX_POINT('',#11284);
#3178=VERTEX_POINT('',#11288);
#3179=VERTEX_POINT('',#11289);
#3180=VERTEX_POINT('',#11294);
#3181=VERTEX_POINT('',#11298);
#3182=VERTEX_POINT('',#11305);
#3183=VERTEX_POINT('',#11307);
#3184=VERTEX_POINT('',#11309);
#3185=VERTEX_POINT('',#11311);
#3186=VERTEX_POINT('',#11315);
#3187=VERTEX_POINT('',#11316);
#3188=VERTEX_POINT('',#11321);
#3189=VERTEX_POINT('',#11325);
#3190=VERTEX_POINT('',#11331);
#3191=VERTEX_POINT('',#11332);
#3192=VERTEX_POINT('',#11334);
#3193=VERTEX_POINT('',#11336);
#3194=VERTEX_POINT('',#11340);
#3195=VERTEX_POINT('',#11341);
#3196=VERTEX_POINT('',#11346);
#3197=VERTEX_POINT('',#11350);
#3198=VERTEX_POINT('',#11356);
#3199=VERTEX_POINT('',#11357);
#3200=VERTEX_POINT('',#11359);
#3201=VERTEX_POINT('',#11361);
#3202=VERTEX_POINT('',#11365);
#3203=VERTEX_POINT('',#11366);
#3204=VERTEX_POINT('',#11371);
#3205=VERTEX_POINT('',#11375);
#3206=VERTEX_POINT('',#11381);
#3207=VERTEX_POINT('',#11382);
#3208=VERTEX_POINT('',#11384);
#3209=VERTEX_POINT('',#11386);
#3210=VERTEX_POINT('',#11390);
#3211=VERTEX_POINT('',#11391);
#3212=VERTEX_POINT('',#11393);
#3213=VERTEX_POINT('',#11395);
#3214=VERTEX_POINT('',#11400);
#3215=VERTEX_POINT('',#11404);
#3216=VERTEX_POINT('',#11405);
#3217=VERTEX_POINT('',#11408);
#3218=VERTEX_POINT('',#11412);
#3219=VERTEX_POINT('',#11414);
#3220=VERTEX_POINT('',#11418);
#3221=VERTEX_POINT('',#11422);
#3222=VERTEX_POINT('',#11426);
#3223=VERTEX_POINT('',#11428);
#3224=VERTEX_POINT('',#11432);
#3225=VERTEX_POINT('',#11433);
#3226=VERTEX_POINT('',#11442);
#3227=VERTEX_POINT('',#11443);
#3228=VERTEX_POINT('',#11445);
#3229=VERTEX_POINT('',#11447);
#3230=VERTEX_POINT('',#11451);
#3231=VERTEX_POINT('',#11452);
#3232=VERTEX_POINT('',#11457);
#3233=VERTEX_POINT('',#11461);
#3234=VERTEX_POINT('',#11467);
#3235=VERTEX_POINT('',#11468);
#3236=VERTEX_POINT('',#11470);
#3237=VERTEX_POINT('',#11472);
#3238=VERTEX_POINT('',#11476);
#3239=VERTEX_POINT('',#11477);
#3240=VERTEX_POINT('',#11482);
#3241=VERTEX_POINT('',#11486);
#3242=VERTEX_POINT('',#11492);
#3243=VERTEX_POINT('',#11493);
#3244=VERTEX_POINT('',#11495);
#3245=VERTEX_POINT('',#11497);
#3246=VERTEX_POINT('',#11501);
#3247=VERTEX_POINT('',#11502);
#3248=VERTEX_POINT('',#11507);
#3249=VERTEX_POINT('',#11511);
#3250=VERTEX_POINT('',#11517);
#3251=VERTEX_POINT('',#11518);
#3252=VERTEX_POINT('',#11520);
#3253=VERTEX_POINT('',#11522);
#3254=VERTEX_POINT('',#11526);
#3255=VERTEX_POINT('',#11527);
#3256=VERTEX_POINT('',#11532);
#3257=VERTEX_POINT('',#11536);
#3258=VERTEX_POINT('',#11542);
#3259=VERTEX_POINT('',#11543);
#3260=VERTEX_POINT('',#11545);
#3261=VERTEX_POINT('',#11547);
#3262=VERTEX_POINT('',#11551);
#3263=VERTEX_POINT('',#11552);
#3264=VERTEX_POINT('',#11557);
#3265=VERTEX_POINT('',#11561);
#3266=VERTEX_POINT('',#11567);
#3267=VERTEX_POINT('',#11568);
#3268=VERTEX_POINT('',#11570);
#3269=VERTEX_POINT('',#11572);
#3270=VERTEX_POINT('',#11576);
#3271=VERTEX_POINT('',#11577);
#3272=VERTEX_POINT('',#11582);
#3273=VERTEX_POINT('',#11586);
#3274=VERTEX_POINT('',#11592);
#3275=VERTEX_POINT('',#11593);
#3276=VERTEX_POINT('',#11595);
#3277=VERTEX_POINT('',#11597);
#3278=VERTEX_POINT('',#11601);
#3279=VERTEX_POINT('',#11602);
#3280=VERTEX_POINT('',#11607);
#3281=VERTEX_POINT('',#11611);
#3282=VERTEX_POINT('',#11617);
#3283=VERTEX_POINT('',#11618);
#3284=VERTEX_POINT('',#11620);
#3285=VERTEX_POINT('',#11622);
#3286=VERTEX_POINT('',#11626);
#3287=VERTEX_POINT('',#11627);
#3288=VERTEX_POINT('',#11632);
#3289=VERTEX_POINT('',#11636);
#3290=VERTEX_POINT('',#11642);
#3291=VERTEX_POINT('',#11643);
#3292=VERTEX_POINT('',#11645);
#3293=VERTEX_POINT('',#11647);
#3294=VERTEX_POINT('',#11651);
#3295=VERTEX_POINT('',#11652);
#3296=VERTEX_POINT('',#11657);
#3297=VERTEX_POINT('',#11661);
#3298=VERTEX_POINT('',#11667);
#3299=VERTEX_POINT('',#11668);
#3300=VERTEX_POINT('',#11670);
#3301=VERTEX_POINT('',#11672);
#3302=VERTEX_POINT('',#11676);
#3303=VERTEX_POINT('',#11677);
#3304=VERTEX_POINT('',#11679);
#3305=VERTEX_POINT('',#11681);
#3306=VERTEX_POINT('',#11685);
#3307=VERTEX_POINT('',#11686);
#3308=VERTEX_POINT('',#11688);
#3309=VERTEX_POINT('',#11690);
#3310=VERTEX_POINT('',#11694);
#3311=VERTEX_POINT('',#11695);
#3312=VERTEX_POINT('',#11697);
#3313=VERTEX_POINT('',#11699);
#3314=VERTEX_POINT('',#11703);
#3315=VERTEX_POINT('',#11704);
#3316=VERTEX_POINT('',#11706);
#3317=VERTEX_POINT('',#11708);
#3318=VERTEX_POINT('',#11712);
#3319=VERTEX_POINT('',#11713);
#3320=VERTEX_POINT('',#11715);
#3321=VERTEX_POINT('',#11717);
#3322=VERTEX_POINT('',#11721);
#3323=VERTEX_POINT('',#11722);
#3324=VERTEX_POINT('',#11724);
#3325=VERTEX_POINT('',#11726);
#3326=VERTEX_POINT('',#11730);
#3327=VERTEX_POINT('',#11731);
#3328=VERTEX_POINT('',#11733);
#3329=VERTEX_POINT('',#11735);
#3330=VERTEX_POINT('',#11739);
#3331=VERTEX_POINT('',#11741);
#3332=VERTEX_POINT('',#11745);
#3333=VERTEX_POINT('',#11749);
#3334=VERTEX_POINT('',#11753);
#3335=VERTEX_POINT('',#11755);
#3336=VERTEX_POINT('',#11759);
#3337=VERTEX_POINT('',#11763);
#3338=VERTEX_POINT('',#11767);
#3339=VERTEX_POINT('',#11769);
#3340=VERTEX_POINT('',#11773);
#3341=VERTEX_POINT('',#11777);
#3342=VERTEX_POINT('',#11781);
#3343=VERTEX_POINT('',#11783);
#3344=VERTEX_POINT('',#11787);
#3345=VERTEX_POINT('',#11791);
#3346=VERTEX_POINT('',#11795);
#3347=VERTEX_POINT('',#11797);
#3348=VERTEX_POINT('',#11801);
#3349=VERTEX_POINT('',#11805);
#3350=VERTEX_POINT('',#11809);
#3351=VERTEX_POINT('',#11811);
#3352=VERTEX_POINT('',#11815);
#3353=VERTEX_POINT('',#11819);
#3354=VERTEX_POINT('',#11823);
#3355=VERTEX_POINT('',#11825);
#3356=VERTEX_POINT('',#11829);
#3357=VERTEX_POINT('',#11833);
#3358=VERTEX_POINT('',#11837);
#3359=VERTEX_POINT('',#11839);
#3360=VERTEX_POINT('',#11843);
#3361=VERTEX_POINT('',#11847);
#3362=VERTEX_POINT('',#11851);
#3363=VERTEX_POINT('',#11852);
#3364=VERTEX_POINT('',#11854);
#3365=VERTEX_POINT('',#11856);
#3366=VERTEX_POINT('',#11860);
#3367=VERTEX_POINT('',#11861);
#3368=VERTEX_POINT('',#11867);
#3369=VERTEX_POINT('',#11871);
#3370=VERTEX_POINT('',#11875);
#3371=VERTEX_POINT('',#11876);
#3372=VERTEX_POINT('',#11878);
#3373=VERTEX_POINT('',#11880);
#3374=VERTEX_POINT('',#11884);
#3375=VERTEX_POINT('',#11885);
#3376=VERTEX_POINT('',#11890);
#3377=VERTEX_POINT('',#11891);
#3378=VERTEX_POINT('',#11901);
#3379=VERTEX_POINT('',#11902);
#3380=VERTEX_POINT('',#11904);
#3381=VERTEX_POINT('',#11906);
#3382=VERTEX_POINT('',#11912);
#3383=VERTEX_POINT('',#11914);
#3384=VERTEX_POINT('',#11916);
#3385=VERTEX_POINT('',#11918);
#3386=VERTEX_POINT('',#11922);
#3387=VERTEX_POINT('',#11924);
#3388=VERTEX_POINT('',#11926);
#3389=VERTEX_POINT('',#11930);
#3390=VERTEX_POINT('',#11934);
#3391=VERTEX_POINT('',#11936);
#3392=VERTEX_POINT('',#11942);
#3393=VERTEX_POINT('',#11943);
#3394=VERTEX_POINT('',#11945);
#3395=VERTEX_POINT('',#11947);
#3396=VERTEX_POINT('',#11951);
#3397=VERTEX_POINT('',#11952);
#3398=VERTEX_POINT('',#11954);
#3399=VERTEX_POINT('',#11956);
#3400=VERTEX_POINT('',#11962);
#3401=VERTEX_POINT('',#11964);
#3402=VERTEX_POINT('',#11968);
#3403=VERTEX_POINT('',#11972);
#3404=VERTEX_POINT('',#11978);
#3405=VERTEX_POINT('',#11979);
#3406=VERTEX_POINT('',#11981);
#3407=VERTEX_POINT('',#11983);
#3408=VERTEX_POINT('',#11987);
#3409=VERTEX_POINT('',#11988);
#3410=VERTEX_POINT('',#11997);
#3411=VERTEX_POINT('',#11999);
#3412=VERTEX_POINT('',#12010);
#3413=VERTEX_POINT('',#12012);
#3414=VERTEX_POINT('',#12014);
#3415=VERTEX_POINT('',#12016);
#3416=VERTEX_POINT('',#12020);
#3417=VERTEX_POINT('',#12021);
#3418=VERTEX_POINT('',#12026);
#3419=VERTEX_POINT('',#12032);
#3420=VERTEX_POINT('',#12036);
#3421=VERTEX_POINT('',#12037);
#3422=VERTEX_POINT('',#12039);
#3423=VERTEX_POINT('',#12041);
#3424=VERTEX_POINT('',#12045);
#3425=VERTEX_POINT('',#12046);
#3426=VERTEX_POINT('',#12048);
#3427=VERTEX_POINT('',#12050);
#3428=VERTEX_POINT('',#12054);
#3429=VERTEX_POINT('',#12055);
#3430=VERTEX_POINT('',#12057);
#3431=VERTEX_POINT('',#12059);
#3432=VERTEX_POINT('',#12063);
#3433=VERTEX_POINT('',#12064);
#3434=VERTEX_POINT('',#12066);
#3435=VERTEX_POINT('',#12068);
#3436=VERTEX_POINT('',#12072);
#3437=VERTEX_POINT('',#12073);
#3438=VERTEX_POINT('',#12075);
#3439=VERTEX_POINT('',#12077);
#3440=VERTEX_POINT('',#12081);
#3441=VERTEX_POINT('',#12083);
#3442=VERTEX_POINT('',#12087);
#3443=VERTEX_POINT('',#12089);
#3444=VERTEX_POINT('',#12093);
#3445=VERTEX_POINT('',#12095);
#3446=VERTEX_POINT('',#12099);
#3447=VERTEX_POINT('',#12103);
#3448=VERTEX_POINT('',#12109);
#3449=VERTEX_POINT('',#12110);
#3450=VERTEX_POINT('',#12112);
#3451=VERTEX_POINT('',#12114);
#3452=VERTEX_POINT('',#12118);
#3453=VERTEX_POINT('',#12119);
#3454=VERTEX_POINT('',#12124);
#3455=VERTEX_POINT('',#12128);
#3456=VERTEX_POINT('',#12134);
#3457=VERTEX_POINT('',#12135);
#3458=VERTEX_POINT('',#12137);
#3459=VERTEX_POINT('',#12139);
#3460=VERTEX_POINT('',#12143);
#3461=VERTEX_POINT('',#12144);
#3462=VERTEX_POINT('',#12149);
#3463=VERTEX_POINT('',#12153);
#3464=VERTEX_POINT('',#12159);
#3465=VERTEX_POINT('',#12160);
#3466=VERTEX_POINT('',#12162);
#3467=VERTEX_POINT('',#12164);
#3468=VERTEX_POINT('',#12168);
#3469=VERTEX_POINT('',#12169);
#3470=VERTEX_POINT('',#12174);
#3471=VERTEX_POINT('',#12178);
#3472=VERTEX_POINT('',#12185);
#3473=VERTEX_POINT('',#12187);
#3474=VERTEX_POINT('',#12191);
#3475=VERTEX_POINT('',#12195);
#3476=VERTEX_POINT('',#12201);
#3477=VERTEX_POINT('',#12203);
#3478=VERTEX_POINT('',#12207);
#3479=VERTEX_POINT('',#12211);
#3480=VERTEX_POINT('',#12217);
#3481=VERTEX_POINT('',#12219);
#3482=VERTEX_POINT('',#12223);
#3483=VERTEX_POINT('',#12225);
#3484=VERTEX_POINT('',#12231);
#3485=VERTEX_POINT('',#12233);
#3486=VERTEX_POINT('',#12237);
#3487=VERTEX_POINT('',#12241);
#3488=VERTEX_POINT('',#12245);
#3489=VERTEX_POINT('',#12247);
#3490=VERTEX_POINT('',#12251);
#3491=VERTEX_POINT('',#12253);
#3492=VERTEX_POINT('',#12259);
#3493=VERTEX_POINT('',#12261);
#3494=VERTEX_POINT('',#12265);
#3495=VERTEX_POINT('',#12269);
#3496=VERTEX_POINT('',#12273);
#3497=VERTEX_POINT('',#12274);
#3498=VERTEX_POINT('',#12276);
#3499=VERTEX_POINT('',#12278);
#3500=VERTEX_POINT('',#12282);
#3501=VERTEX_POINT('',#12285);
#3502=VERTEX_POINT('',#12289);
#3503=VERTEX_POINT('',#12291);
#3504=VERTEX_POINT('',#12296);
#3505=VERTEX_POINT('',#12297);
#3506=VERTEX_POINT('',#12299);
#3507=VERTEX_POINT('',#12301);
#3508=VERTEX_POINT('',#12305);
#3509=VERTEX_POINT('',#12306);
#3510=VERTEX_POINT('',#12308);
#3511=VERTEX_POINT('',#12310);
#3512=VERTEX_POINT('',#12314);
#3513=VERTEX_POINT('',#12315);
#3514=VERTEX_POINT('',#12317);
#3515=VERTEX_POINT('',#12319);
#3516=VERTEX_POINT('',#12323);
#3517=VERTEX_POINT('',#12324);
#3518=VERTEX_POINT('',#12326);
#3519=VERTEX_POINT('',#12328);
#3520=VERTEX_POINT('',#12332);
#3521=VERTEX_POINT('',#12334);
#3522=VERTEX_POINT('',#12338);
#3523=VERTEX_POINT('',#12342);
#3524=VERTEX_POINT('',#12346);
#3525=VERTEX_POINT('',#12348);
#3526=VERTEX_POINT('',#12352);
#3527=VERTEX_POINT('',#12354);
#3528=VERTEX_POINT('',#12360);
#3529=VERTEX_POINT('',#12362);
#3530=VERTEX_POINT('',#12366);
#3531=VERTEX_POINT('',#12370);
#3532=VERTEX_POINT('',#12374);
#3533=VERTEX_POINT('',#12376);
#3534=VERTEX_POINT('',#12380);
#3535=VERTEX_POINT('',#12384);
#3536=VERTEX_POINT('',#12388);
#3537=VERTEX_POINT('',#12389);
#3538=VERTEX_POINT('',#12391);
#3539=VERTEX_POINT('',#12393);
#3540=VERTEX_POINT('',#12397);
#3541=VERTEX_POINT('',#12400);
#3542=VERTEX_POINT('',#12405);
#3543=VERTEX_POINT('',#12410);
#3544=VERTEX_POINT('',#12417);
#3545=VERTEX_POINT('',#12418);
#3546=VERTEX_POINT('',#12420);
#3547=VERTEX_POINT('',#12422);
#3548=VERTEX_POINT('',#12426);
#3549=VERTEX_POINT('',#12428);
#3550=VERTEX_POINT('',#12432);
#3551=VERTEX_POINT('',#12433);
#3552=VERTEX_POINT('',#12436);
#3553=VERTEX_POINT('',#12440);
#3554=VERTEX_POINT('',#12441);
#3555=VERTEX_POINT('',#12448);
#3556=VERTEX_POINT('',#12454);
#3557=VERTEX_POINT('',#12455);
#3558=VERTEX_POINT('',#12457);
#3559=VERTEX_POINT('',#12459);
#3560=VERTEX_POINT('',#12463);
#3561=VERTEX_POINT('',#12464);
#3562=VERTEX_POINT('',#12469);
#3563=VERTEX_POINT('',#12473);
#3564=VERTEX_POINT('',#12474);
#3565=VERTEX_POINT('',#12476);
#3566=VERTEX_POINT('',#12478);
#3567=VERTEX_POINT('',#12482);
#3568=VERTEX_POINT('',#12483);
#3569=VERTEX_POINT('',#12488);
#3570=VERTEX_POINT('',#12497);
#3571=VERTEX_POINT('',#12498);
#3572=VERTEX_POINT('',#12500);
#3573=VERTEX_POINT('',#12502);
#3574=VERTEX_POINT('',#12506);
#3575=VERTEX_POINT('',#12507);
#3576=VERTEX_POINT('',#12512);
#3577=VERTEX_POINT('',#12516);
#3578=VERTEX_POINT('',#12522);
#3579=VERTEX_POINT('',#12523);
#3580=VERTEX_POINT('',#12525);
#3581=VERTEX_POINT('',#12527);
#3582=VERTEX_POINT('',#12531);
#3583=VERTEX_POINT('',#12533);
#3584=VERTEX_POINT('',#12537);
#3585=VERTEX_POINT('',#12539);
#3586=VERTEX_POINT('',#12543);
#3587=VERTEX_POINT('',#12545);
#3588=VERTEX_POINT('',#12549);
#3589=VERTEX_POINT('',#12550);
#3590=VERTEX_POINT('',#12552);
#3591=VERTEX_POINT('',#12554);
#3592=VERTEX_POINT('',#12558);
#3593=VERTEX_POINT('',#12560);
#3594=VERTEX_POINT('',#12564);
#3595=VERTEX_POINT('',#12565);
#3596=VERTEX_POINT('',#12567);
#3597=VERTEX_POINT('',#12569);
#3598=VERTEX_POINT('',#12573);
#3599=VERTEX_POINT('',#12575);
#3600=VERTEX_POINT('',#12579);
#3601=VERTEX_POINT('',#12581);
#3602=VERTEX_POINT('',#12585);
#3603=VERTEX_POINT('',#12587);
#3604=VERTEX_POINT('',#12591);
#3605=VERTEX_POINT('',#12592);
#3606=VERTEX_POINT('',#12594);
#3607=VERTEX_POINT('',#12596);
#3608=VERTEX_POINT('',#12600);
#3609=VERTEX_POINT('',#12602);
#3610=VERTEX_POINT('',#12660);
#3611=VERTEX_POINT('',#12661);
#3612=VERTEX_POINT('',#12663);
#3613=VERTEX_POINT('',#12665);
#3614=VERTEX_POINT('',#12667);
#3615=VERTEX_POINT('',#12669);
#3616=VERTEX_POINT('',#12671);
#3617=VERTEX_POINT('',#12673);
#3618=VERTEX_POINT('',#12675);
#3619=VERTEX_POINT('',#12677);
#3620=VERTEX_POINT('',#12679);
#3621=VERTEX_POINT('',#12681);
#3622=VERTEX_POINT('',#12685);
#3623=VERTEX_POINT('',#12687);
#3624=VERTEX_POINT('',#12690);
#3625=VERTEX_POINT('',#12692);
#3626=VERTEX_POINT('',#12695);
#3627=VERTEX_POINT('',#12697);
#3628=VERTEX_POINT('',#12701);
#3629=VERTEX_POINT('',#12705);
#3630=VERTEX_POINT('',#12711);
#3631=VERTEX_POINT('',#12712);
#3632=VERTEX_POINT('',#12714);
#3633=VERTEX_POINT('',#12716);
#3634=VERTEX_POINT('',#12720);
#3635=VERTEX_POINT('',#12722);
#3636=VERTEX_POINT('',#12726);
#3637=VERTEX_POINT('',#12730);
#3638=VERTEX_POINT('',#12737);
#3639=VERTEX_POINT('',#12739);
#3640=VERTEX_POINT('',#12743);
#3641=VERTEX_POINT('',#12745);
#3642=VERTEX_POINT('',#12759);
#3643=VERTEX_POINT('',#12763);
#3644=EDGE_CURVE('',#2950,#2951,#998,.T.);
#3645=EDGE_CURVE('',#2952,#2950,#999,.T.);
#3646=EDGE_CURVE('',#2952,#2953,#1000,.T.);
#3647=EDGE_CURVE('',#2953,#2951,#1001,.T.);
#3648=EDGE_CURVE('',#2954,#2950,#1002,.T.);
#3649=EDGE_CURVE('',#2955,#2954,#1003,.T.);
#3650=EDGE_CURVE('',#2955,#2952,#1004,.T.);
#3651=EDGE_CURVE('',#2956,#2954,#1005,.T.);
#3652=EDGE_CURVE('',#2957,#2956,#1006,.T.);
#3653=EDGE_CURVE('',#2957,#2955,#1007,.T.);
#3654=EDGE_CURVE('',#2951,#2956,#1008,.T.);
#3655=EDGE_CURVE('',#2953,#2957,#1009,.T.);
#3656=EDGE_CURVE('',#2958,#2959,#101,.T.);
#3657=EDGE_CURVE('',#2960,#2959,#69,.F.);
#3658=EDGE_CURVE('',#2960,#2961,#102,.T.);
#3659=EDGE_CURVE('',#2958,#2961,#70,.T.);
#3660=EDGE_CURVE('',#2962,#2963,#103,.T.);
#3661=EDGE_CURVE('',#2961,#2963,#1010,.T.);
#3662=EDGE_CURVE('',#2962,#2960,#1011,.F.);
#3663=EDGE_CURVE('',#2964,#2965,#104,.T.);
#3664=EDGE_CURVE('',#2959,#2965,#1012,.T.);
#3665=EDGE_CURVE('',#2964,#2958,#1013,.F.);
#3666=EDGE_CURVE('',#2965,#2962,#71,.F.);
#3667=EDGE_CURVE('',#2963,#2964,#72,.T.);
#3668=EDGE_CURVE('',#2966,#2967,#105,.T.);
#3669=EDGE_CURVE('',#2968,#2967,#73,.F.);
#3670=EDGE_CURVE('',#2968,#2969,#106,.T.);
#3671=EDGE_CURVE('',#2966,#2969,#74,.T.);
#3672=EDGE_CURVE('',#2970,#2971,#107,.T.);
#3673=EDGE_CURVE('',#2969,#2971,#1014,.T.);
#3674=EDGE_CURVE('',#2970,#2968,#1015,.F.);
#3675=EDGE_CURVE('',#2972,#2973,#108,.T.);
#3676=EDGE_CURVE('',#2967,#2973,#1016,.T.);
#3677=EDGE_CURVE('',#2972,#2966,#1017,.F.);
#3678=EDGE_CURVE('',#2973,#2970,#75,.F.);
#3679=EDGE_CURVE('',#2971,#2972,#76,.T.);
#3680=EDGE_CURVE('',#2974,#2975,#77,.T.);
#3681=EDGE_CURVE('',#2976,#2974,#1018,.F.);
#3682=EDGE_CURVE('',#2977,#2976,#78,.T.);
#3683=EDGE_CURVE('',#2975,#2977,#1019,.T.);
#3684=EDGE_CURVE('',#2978,#2979,#79,.F.);
#3685=EDGE_CURVE('',#2980,#2978,#1020,.F.);
#3686=EDGE_CURVE('',#2981,#2980,#80,.F.);
#3687=EDGE_CURVE('',#2979,#2981,#1021,.T.);
#3688=EDGE_CURVE('',#2982,#2983,#1022,.T.);
#3689=EDGE_CURVE('',#2984,#2982,#1023,.T.);
#3690=EDGE_CURVE('',#2984,#2985,#1024,.T.);
#3691=EDGE_CURVE('',#2985,#2983,#1025,.T.);
#3692=EDGE_CURVE('',#2986,#2987,#1026,.T.);
#3693=EDGE_CURVE('',#2985,#2987,#1027,.T.);
#3694=EDGE_CURVE('',#2984,#2986,#1028,.T.);
#3695=EDGE_CURVE('',#2987,#2988,#1029,.T.);
#3696=EDGE_CURVE('',#2983,#2988,#1030,.T.);
#3697=EDGE_CURVE('',#2989,#2988,#1031,.T.);
#3698=EDGE_CURVE('',#2982,#2989,#1032,.T.);
#3699=EDGE_CURVE('',#2990,#2991,#1033,.T.);
#3700=EDGE_CURVE('',#2991,#2992,#1034,.T.);
#3701=EDGE_CURVE('',#2993,#2992,#1035,.T.);
#3702=EDGE_CURVE('',#2990,#2993,#1036,.T.);
#3703=EDGE_CURVE('',#2986,#2994,#1037,.T.);
#3704=EDGE_CURVE('',#2990,#2986,#1038,.T.);
#3705=EDGE_CURVE('',#2993,#2994,#1039,.T.);
#3706=EDGE_CURVE('',#2994,#2995,#1040,.T.);
#3707=EDGE_CURVE('',#2992,#2995,#1041,.T.);
#3708=EDGE_CURVE('',#2989,#2995,#1042,.T.);
#3709=EDGE_CURVE('',#2991,#2989,#1043,.T.);
#3710=EDGE_CURVE('',#2996,#2997,#1044,.F.);
#3711=EDGE_CURVE('',#2998,#2996,#1045,.T.);
#3712=EDGE_CURVE('',#2999,#2998,#1046,.F.);
#3713=EDGE_CURVE('',#2997,#2999,#1047,.T.);
#3714=EDGE_CURVE('',#3000,#3001,#1048,.F.);
#3715=EDGE_CURVE('',#3002,#3000,#1049,.T.);
#3716=EDGE_CURVE('',#3003,#3002,#1050,.F.);
#3717=EDGE_CURVE('',#3001,#3003,#1051,.T.);
#3718=EDGE_CURVE('',#3004,#3005,#1052,.F.);
#3719=EDGE_CURVE('',#3004,#3006,#1053,.T.);
#3720=EDGE_CURVE('',#3007,#3006,#1054,.F.);
#3721=EDGE_CURVE('',#3005,#3007,#1055,.T.);
#3722=EDGE_CURVE('',#3008,#3009,#1056,.T.);
#3723=EDGE_CURVE('',#3010,#3008,#1057,.T.);
#3724=EDGE_CURVE('',#3011,#3010,#1058,.T.);
#3725=EDGE_CURVE('',#3009,#3011,#1059,.T.);
#3726=EDGE_CURVE('',#3012,#3013,#1060,.T.);
#3727=EDGE_CURVE('',#3012,#3014,#1061,.T.);
#3728=EDGE_CURVE('',#3015,#3014,#1062,.T.);
#3729=EDGE_CURVE('',#3013,#3015,#1063,.T.);
#3730=EDGE_CURVE('',#3016,#3017,#1064,.T.);
#3731=EDGE_CURVE('',#3016,#3018,#1065,.T.);
#3732=EDGE_CURVE('',#3019,#3018,#1066,.T.);
#3733=EDGE_CURVE('',#3017,#3019,#1067,.T.);
#3734=EDGE_CURVE('',#3020,#3017,#1068,.T.);
#3735=EDGE_CURVE('',#3021,#3019,#1069,.T.);
#3736=EDGE_CURVE('',#3020,#3021,#1070,.T.);
#3737=EDGE_CURVE('',#3022,#3018,#1071,.T.);
#3738=EDGE_CURVE('',#3021,#3022,#1072,.T.);
#3739=EDGE_CURVE('',#3023,#3016,#1073,.T.);
#3740=EDGE_CURVE('',#3020,#3023,#1074,.T.);
#3741=EDGE_CURVE('',#2996,#3024,#1075,.T.);
#3742=EDGE_CURVE('',#2997,#3025,#1076,.T.);
#3743=EDGE_CURVE('',#3024,#3025,#1077,.T.);
#3744=EDGE_CURVE('',#2999,#3026,#1078,.T.);
#3745=EDGE_CURVE('',#2998,#3027,#1079,.T.);
#3746=EDGE_CURVE('',#3027,#3026,#1080,.T.);
#3747=EDGE_CURVE('',#3024,#3027,#1081,.T.);
#3748=EDGE_CURVE('',#3028,#3013,#1082,.T.);
#3749=EDGE_CURVE('',#3029,#3015,#1083,.T.);
#3750=EDGE_CURVE('',#3028,#3029,#1084,.T.);
#3751=EDGE_CURVE('',#3030,#3014,#1085,.T.);
#3752=EDGE_CURVE('',#3029,#3030,#1086,.T.);
#3753=EDGE_CURVE('',#3031,#3012,#1087,.T.);
#3754=EDGE_CURVE('',#3028,#3031,#1088,.T.);
#3755=EDGE_CURVE('',#3000,#3032,#1089,.T.);
#3756=EDGE_CURVE('',#3001,#3033,#1090,.T.);
#3757=EDGE_CURVE('',#3032,#3033,#1091,.T.);
#3758=EDGE_CURVE('',#3003,#3034,#1092,.T.);
#3759=EDGE_CURVE('',#3002,#3035,#1093,.T.);
#3760=EDGE_CURVE('',#3035,#3034,#1094,.T.);
#3761=EDGE_CURVE('',#3032,#3035,#1095,.T.);
#3762=EDGE_CURVE('',#3036,#3010,#1096,.T.);
#3763=EDGE_CURVE('',#3037,#3008,#1097,.T.);
#3764=EDGE_CURVE('',#3037,#3036,#1098,.T.);
#3765=EDGE_CURVE('',#3038,#3011,#1099,.T.);
#3766=EDGE_CURVE('',#3036,#3038,#1100,.T.);
#3767=EDGE_CURVE('',#3039,#3009,#1101,.T.);
#3768=EDGE_CURVE('',#3037,#3039,#1102,.T.);
#3769=EDGE_CURVE('',#3004,#3040,#1103,.T.);
#3770=EDGE_CURVE('',#3005,#3041,#1104,.T.);
#3771=EDGE_CURVE('',#3041,#3040,#1105,.T.);
#3772=EDGE_CURVE('',#3007,#3042,#1106,.T.);
#3773=EDGE_CURVE('',#3006,#3043,#1107,.T.);
#3774=EDGE_CURVE('',#3042,#3043,#1108,.T.);
#3775=EDGE_CURVE('',#3041,#3042,#1109,.T.);
#3776=EDGE_CURVE('',#3044,#3045,#1110,.T.);
#3777=EDGE_CURVE('',#3046,#3045,#1111,.T.);
#3778=EDGE_CURVE('',#3047,#3046,#1112,.T.);
#3779=EDGE_CURVE('',#3047,#3044,#1113,.T.);
#3780=EDGE_CURVE('',#3048,#3049,#1114,.T.);
#3781=EDGE_CURVE('',#3050,#3048,#1115,.T.);
#3782=EDGE_CURVE('',#3050,#3051,#1116,.T.);
#3783=EDGE_CURVE('',#3051,#3049,#1117,.T.);
#3784=EDGE_CURVE('',#3052,#3053,#1118,.F.);
#3785=EDGE_CURVE('',#3054,#3052,#1119,.T.);
#3786=EDGE_CURVE('',#3055,#3054,#1120,.F.);
#3787=EDGE_CURVE('',#3053,#3055,#1121,.T.);
#3788=EDGE_CURVE('',#3056,#3057,#1122,.F.);
#3789=EDGE_CURVE('',#3058,#3056,#1123,.T.);
#3790=EDGE_CURVE('',#3059,#3058,#1124,.F.);
#3791=EDGE_CURVE('',#3057,#3059,#1125,.T.);
#3792=EDGE_CURVE('',#3060,#3061,#1126,.F.);
#3793=EDGE_CURVE('',#3062,#3060,#1127,.T.);
#3794=EDGE_CURVE('',#3063,#3062,#1128,.F.);
#3795=EDGE_CURVE('',#3061,#3063,#1129,.T.);
#3796=EDGE_CURVE('',#3064,#3065,#1130,.F.);
#3797=EDGE_CURVE('',#3066,#3064,#1131,.T.);
#3798=EDGE_CURVE('',#3067,#3066,#1132,.F.);
#3799=EDGE_CURVE('',#3065,#3067,#1133,.T.);
#3800=EDGE_CURVE('',#3068,#3069,#109,.T.);
#3801=EDGE_CURVE('',#3070,#3068,#1134,.F.);
#3802=EDGE_CURVE('',#3071,#3070,#110,.T.);
#3803=EDGE_CURVE('',#3069,#3071,#1135,.T.);
#3804=EDGE_CURVE('',#3072,#3073,#111,.T.);
#3805=EDGE_CURVE('',#3074,#3072,#1136,.F.);
#3806=EDGE_CURVE('',#3075,#3074,#112,.T.);
#3807=EDGE_CURVE('',#3073,#3075,#1137,.T.);
#3808=EDGE_CURVE('',#3076,#3077,#113,.T.);
#3809=EDGE_CURVE('',#3078,#3076,#1138,.F.);
#3810=EDGE_CURVE('',#3079,#3078,#114,.T.);
#3811=EDGE_CURVE('',#3077,#3079,#1139,.T.);
#3812=EDGE_CURVE('',#3080,#3081,#115,.T.);
#3813=EDGE_CURVE('',#3082,#3080,#1140,.F.);
#3814=EDGE_CURVE('',#3083,#3082,#116,.T.);
#3815=EDGE_CURVE('',#3081,#3083,#1141,.T.);
#3816=EDGE_CURVE('',#3084,#3085,#117,.F.);
#3817=EDGE_CURVE('',#3086,#3084,#1142,.F.);
#3818=EDGE_CURVE('',#3087,#3086,#118,.F.);
#3819=EDGE_CURVE('',#3085,#3087,#1143,.T.);
#3820=EDGE_CURVE('',#3088,#3089,#119,.F.);
#3821=EDGE_CURVE('',#3090,#3088,#1144,.F.);
#3822=EDGE_CURVE('',#3091,#3090,#120,.F.);
#3823=EDGE_CURVE('',#3089,#3091,#1145,.T.);
#3824=EDGE_CURVE('',#3092,#3093,#121,.F.);
#3825=EDGE_CURVE('',#3094,#3092,#1146,.F.);
#3826=EDGE_CURVE('',#3095,#3094,#122,.F.);
#3827=EDGE_CURVE('',#3093,#3095,#1147,.T.);
#3828=EDGE_CURVE('',#3096,#3097,#123,.F.);
#3829=EDGE_CURVE('',#3098,#3096,#1148,.F.);
#3830=EDGE_CURVE('',#3099,#3098,#124,.F.);
#3831=EDGE_CURVE('',#3097,#3099,#1149,.T.);
#3832=EDGE_CURVE('',#3073,#3080,#1150,.T.);
#3833=EDGE_CURVE('',#3081,#3100,#1151,.T.);
#3834=EDGE_CURVE('',#3100,#3101,#1152,.T.);
#3835=EDGE_CURVE('',#3101,#3072,#1153,.T.);
#3836=EDGE_CURVE('',#3102,#3074,#1154,.T.);
#3837=EDGE_CURVE('',#3101,#3102,#1155,.T.);
#3838=EDGE_CURVE('',#3075,#3082,#1156,.T.);
#3839=EDGE_CURVE('',#3083,#3103,#1157,.T.);
#3840=EDGE_CURVE('',#3100,#3103,#1158,.T.);
#3841=EDGE_CURVE('',#3103,#3102,#1159,.T.);
#3842=EDGE_CURVE('',#3069,#3076,#1160,.T.);
#3843=EDGE_CURVE('',#3077,#3104,#1161,.T.);
#3844=EDGE_CURVE('',#3104,#3105,#1162,.T.);
#3845=EDGE_CURVE('',#3105,#3068,#1163,.T.);
#3846=EDGE_CURVE('',#3106,#3070,#1164,.T.);
#3847=EDGE_CURVE('',#3105,#3106,#1165,.T.);
#3848=EDGE_CURVE('',#3071,#3078,#1166,.T.);
#3849=EDGE_CURVE('',#3079,#3107,#1167,.T.);
#3850=EDGE_CURVE('',#3104,#3107,#1168,.T.);
#3851=EDGE_CURVE('',#3107,#3106,#1169,.T.);
#3852=EDGE_CURVE('',#3058,#3052,#1170,.T.);
#3853=EDGE_CURVE('',#3054,#3056,#1171,.T.);
#3854=EDGE_CURVE('',#3087,#3089,#1172,.T.);
#3855=EDGE_CURVE('',#3091,#3085,#1173,.T.);
#3856=EDGE_CURVE('',#3108,#3053,#1174,.T.);
#3857=EDGE_CURVE('',#3090,#3055,#1175,.T.);
#3858=EDGE_CURVE('',#3088,#3109,#1176,.T.);
#3859=EDGE_CURVE('',#3109,#3108,#1177,.T.);
#3860=EDGE_CURVE('',#3086,#3110,#1178,.T.);
#3861=EDGE_CURVE('',#3110,#3109,#1179,.T.);
#3862=EDGE_CURVE('',#3084,#3057,#1180,.T.);
#3863=EDGE_CURVE('',#3059,#3111,#1181,.T.);
#3864=EDGE_CURVE('',#3111,#3110,#1182,.T.);
#3865=EDGE_CURVE('',#3066,#3060,#1183,.T.);
#3866=EDGE_CURVE('',#3062,#3064,#1184,.T.);
#3867=EDGE_CURVE('',#3095,#3097,#1185,.T.);
#3868=EDGE_CURVE('',#3099,#3093,#1186,.T.);
#3869=EDGE_CURVE('',#3112,#3065,#1187,.T.);
#3870=EDGE_CURVE('',#3098,#3067,#1188,.T.);
#3871=EDGE_CURVE('',#3096,#3113,#1189,.T.);
#3872=EDGE_CURVE('',#3113,#3112,#1190,.T.);
#3873=EDGE_CURVE('',#3094,#3114,#1191,.T.);
#3874=EDGE_CURVE('',#3114,#3113,#1192,.T.);
#3875=EDGE_CURVE('',#3092,#3061,#1193,.T.);
#3876=EDGE_CURVE('',#3063,#3115,#1194,.T.);
#3877=EDGE_CURVE('',#3115,#3114,#1195,.T.);
#3878=EDGE_CURVE('',#3116,#3117,#1196,.T.);
#3879=EDGE_CURVE('',#3118,#3116,#1197,.T.);
#3880=EDGE_CURVE('',#3118,#3119,#1198,.T.);
#3881=EDGE_CURVE('',#3119,#3117,#1199,.T.);
#3882=EDGE_CURVE('',#3120,#3121,#1200,.T.);
#3883=EDGE_CURVE('',#3117,#3120,#1201,.T.);
#3884=EDGE_CURVE('',#3119,#3121,#1202,.T.);
#3885=EDGE_CURVE('',#3121,#3122,#1203,.T.);
#3886=EDGE_CURVE('',#3118,#3122,#1204,.T.);
#3887=EDGE_CURVE('',#3116,#3123,#1205,.T.);
#3888=EDGE_CURVE('',#3123,#3122,#1206,.T.);
#3889=EDGE_CURVE('',#3120,#3123,#1207,.T.);
#3890=EDGE_CURVE('',#3124,#3125,#1208,.T.);
#3891=EDGE_CURVE('',#3125,#3126,#125,.T.);
#3892=EDGE_CURVE('',#3126,#3127,#1209,.T.);
#3893=EDGE_CURVE('',#3127,#3128,#1210,.T.);
#3894=EDGE_CURVE('',#3128,#3129,#1211,.T.);
#3895=EDGE_CURVE('',#3129,#3130,#1212,.T.);
#3896=EDGE_CURVE('',#3130,#3131,#1213,.T.);
#3897=EDGE_CURVE('',#3131,#3124,#126,.T.);
#3898=EDGE_CURVE('',#3132,#3133,#127,.T.);
#3899=EDGE_CURVE('',#3126,#3133,#1214,.T.);
#3900=EDGE_CURVE('',#3125,#3132,#1215,.T.);
#3901=EDGE_CURVE('',#3133,#3134,#1216,.T.);
#3902=EDGE_CURVE('',#3127,#3134,#1217,.T.);
#3903=EDGE_CURVE('',#3134,#3135,#1218,.T.);
#3904=EDGE_CURVE('',#3128,#3135,#1219,.T.);
#3905=EDGE_CURVE('',#3135,#3136,#1220,.T.);
#3906=EDGE_CURVE('',#3129,#3136,#1221,.T.);
#3907=EDGE_CURVE('',#3136,#3137,#1222,.T.);
#3908=EDGE_CURVE('',#3130,#3137,#1223,.T.);
#3909=EDGE_CURVE('',#3137,#3138,#1224,.T.);
#3910=EDGE_CURVE('',#3131,#3138,#1225,.T.);
#3911=EDGE_CURVE('',#3138,#3139,#128,.T.);
#3912=EDGE_CURVE('',#3124,#3139,#1226,.T.);
#3913=EDGE_CURVE('',#3139,#3132,#1227,.T.);
#3914=EDGE_CURVE('',#3140,#3141,#1228,.F.);
#3915=EDGE_CURVE('',#3142,#3140,#1229,.T.);
#3916=EDGE_CURVE('',#3143,#3142,#1230,.F.);
#3917=EDGE_CURVE('',#3141,#3143,#1231,.T.);
#3918=EDGE_CURVE('',#3144,#3145,#1232,.F.);
#3919=EDGE_CURVE('',#3146,#3144,#1233,.T.);
#3920=EDGE_CURVE('',#3147,#3146,#1234,.F.);
#3921=EDGE_CURVE('',#3145,#3147,#1235,.T.);
#3922=EDGE_CURVE('',#3148,#3149,#129,.F.);
#3923=EDGE_CURVE('',#3150,#3148,#1236,.F.);
#3924=EDGE_CURVE('',#3151,#3150,#130,.F.);
#3925=EDGE_CURVE('',#3149,#3151,#1237,.T.);
#3926=EDGE_CURVE('',#3152,#3153,#131,.F.);
#3927=EDGE_CURVE('',#3154,#3152,#1238,.F.);
#3928=EDGE_CURVE('',#3155,#3154,#132,.F.);
#3929=EDGE_CURVE('',#3153,#3155,#1239,.T.);
#3930=EDGE_CURVE('',#3146,#3140,#1240,.T.);
#3931=EDGE_CURVE('',#3142,#3144,#1241,.T.);
#3932=EDGE_CURVE('',#3151,#3153,#1242,.T.);
#3933=EDGE_CURVE('',#3155,#3149,#1243,.T.);
#3934=EDGE_CURVE('',#3148,#3145,#1244,.T.);
#3935=EDGE_CURVE('',#3147,#3156,#1245,.T.);
#3936=EDGE_CURVE('',#3156,#3157,#1246,.T.);
#3937=EDGE_CURVE('',#3150,#3157,#1247,.T.);
#3938=EDGE_CURVE('',#3154,#3143,#1248,.T.);
#3939=EDGE_CURVE('',#3158,#3141,#1249,.T.);
#3940=EDGE_CURVE('',#3152,#3159,#1250,.T.);
#3941=EDGE_CURVE('',#3159,#3158,#1251,.T.);
#3942=EDGE_CURVE('',#3157,#3159,#1252,.T.);
#3943=EDGE_CURVE('',#3160,#3161,#133,.T.);
#3944=EDGE_CURVE('',#3162,#3160,#1253,.F.);
#3945=EDGE_CURVE('',#3163,#3162,#134,.F.);
#3946=EDGE_CURVE('',#3161,#3163,#1254,.T.);
#3947=EDGE_CURVE('',#3164,#3161,#1255,.T.);
#3948=EDGE_CURVE('',#3165,#3163,#1256,.T.);
#3949=EDGE_CURVE('',#3165,#3164,#1257,.T.);
#3950=EDGE_CURVE('',#3166,#3162,#1258,.T.);
#3951=EDGE_CURVE('',#3167,#3160,#1259,.T.);
#3952=EDGE_CURVE('',#3167,#3166,#1260,.T.);
#3953=EDGE_CURVE('',#3168,#3166,#1261,.T.);
#3954=EDGE_CURVE('',#3168,#3169,#1262,.T.);
#3955=EDGE_CURVE('',#3169,#3170,#1263,.T.);
#3956=EDGE_CURVE('',#3165,#3170,#1264,.T.);
#3957=EDGE_CURVE('',#3164,#3171,#1265,.T.);
#3958=EDGE_CURVE('',#3172,#3171,#1266,.T.);
#3959=EDGE_CURVE('',#3173,#3172,#1267,.T.);
#3960=EDGE_CURVE('',#3173,#3167,#1268,.T.);
#3961=EDGE_CURVE('',#3174,#3175,#1269,.T.);
#3962=EDGE_CURVE('',#3174,#3176,#1270,.T.);
#3963=EDGE_CURVE('',#3176,#3177,#1271,.T.);
#3964=EDGE_CURVE('',#3175,#3177,#1272,.T.);
#3965=EDGE_CURVE('',#3178,#3179,#1273,.T.);
#3966=EDGE_CURVE('',#3175,#3178,#1274,.T.);
#3967=EDGE_CURVE('',#3177,#3179,#1275,.T.);
#3968=EDGE_CURVE('',#3180,#3179,#1276,.T.);
#3969=EDGE_CURVE('',#3176,#3180,#1277,.T.);
#3970=EDGE_CURVE('',#3181,#3180,#1278,.T.);
#3971=EDGE_CURVE('',#3174,#3181,#1279,.T.);
#3972=EDGE_CURVE('',#3181,#3170,#1280,.T.);
#3973=EDGE_CURVE('',#3171,#3178,#1281,.T.);
#3974=EDGE_CURVE('',#3173,#3182,#1282,.T.);
#3975=EDGE_CURVE('',#3182,#3183,#1283,.T.);
#3976=EDGE_CURVE('',#3183,#3184,#1284,.T.);
#3977=EDGE_CURVE('',#3184,#3185,#1285,.T.);
#3978=EDGE_CURVE('',#3185,#3168,#1286,.T.);
#3979=EDGE_CURVE('',#3186,#3187,#1287,.T.);
#3980=EDGE_CURVE('',#3184,#3187,#1288,.T.);
#3981=EDGE_CURVE('',#3183,#3186,#1289,.T.);
#3982=EDGE_CURVE('',#3187,#3188,#1290,.T.);
#3983=EDGE_CURVE('',#3185,#3188,#1291,.T.);
#3984=EDGE_CURVE('',#3172,#3189,#1292,.T.);
#3985=EDGE_CURVE('',#3182,#3189,#1293,.T.);
#3986=EDGE_CURVE('',#3189,#3186,#1294,.T.);
#3987=EDGE_CURVE('',#3190,#3191,#1295,.T.);
#3988=EDGE_CURVE('',#3191,#3192,#1296,.T.);
#3989=EDGE_CURVE('',#3192,#3193,#1297,.T.);
#3990=EDGE_CURVE('',#3193,#3190,#1298,.T.);
#3991=EDGE_CURVE('',#3194,#3195,#1299,.T.);
#3992=EDGE_CURVE('',#3190,#3195,#1300,.T.);
#3993=EDGE_CURVE('',#3193,#3194,#1301,.T.);
#3994=EDGE_CURVE('',#3196,#3194,#1302,.T.);
#3995=EDGE_CURVE('',#3192,#3196,#1303,.T.);
#3996=EDGE_CURVE('',#3197,#3196,#1304,.T.);
#3997=EDGE_CURVE('',#3191,#3197,#1305,.T.);
#3998=EDGE_CURVE('',#3195,#3197,#1306,.T.);
#3999=EDGE_CURVE('',#3198,#3199,#1307,.T.);
#4000=EDGE_CURVE('',#3199,#3200,#1308,.T.);
#4001=EDGE_CURVE('',#3200,#3201,#1309,.T.);
#4002=EDGE_CURVE('',#3201,#3198,#1310,.T.);
#4003=EDGE_CURVE('',#3202,#3203,#1311,.T.);
#4004=EDGE_CURVE('',#3198,#3203,#1312,.T.);
#4005=EDGE_CURVE('',#3201,#3202,#1313,.T.);
#4006=EDGE_CURVE('',#3204,#3202,#1314,.T.);
#4007=EDGE_CURVE('',#3200,#3204,#1315,.T.);
#4008=EDGE_CURVE('',#3205,#3204,#1316,.T.);
#4009=EDGE_CURVE('',#3199,#3205,#1317,.T.);
#4010=EDGE_CURVE('',#3203,#3205,#1318,.T.);
#4011=EDGE_CURVE('',#3206,#3207,#1319,.T.);
#4012=EDGE_CURVE('',#3207,#3208,#1320,.T.);
#4013=EDGE_CURVE('',#3209,#3208,#1321,.T.);
#4014=EDGE_CURVE('',#3206,#3209,#1322,.T.);
#4015=EDGE_CURVE('',#3210,#3211,#1323,.T.);
#4016=EDGE_CURVE('',#3212,#3210,#1324,.T.);
#4017=EDGE_CURVE('',#3213,#3212,#1325,.T.);
#4018=EDGE_CURVE('',#3206,#3213,#1326,.T.);
#4019=EDGE_CURVE('',#3209,#3211,#1327,.T.);
#4020=EDGE_CURVE('',#3211,#3214,#1328,.T.);
#4021=EDGE_CURVE('',#3208,#3214,#1329,.T.);
#4022=EDGE_CURVE('',#3215,#3216,#1330,.T.);
#4023=EDGE_CURVE('',#3216,#3214,#1331,.T.);
#4024=EDGE_CURVE('',#3207,#3217,#1332,.T.);
#4025=EDGE_CURVE('',#3217,#3215,#1333,.T.);
#4026=EDGE_CURVE('',#3217,#3218,#1334,.T.);
#4027=EDGE_CURVE('',#3218,#3219,#1335,.T.);
#4028=EDGE_CURVE('',#3215,#3219,#1336,.T.);
#4029=EDGE_CURVE('',#3216,#3220,#1337,.T.);
#4030=EDGE_CURVE('',#3219,#3220,#1338,.T.);
#4031=EDGE_CURVE('',#3221,#3220,#1339,.T.);
#4032=EDGE_CURVE('',#3218,#3221,#1340,.T.);
#4033=EDGE_CURVE('',#3222,#3213,#1341,.T.);
#4034=EDGE_CURVE('',#3223,#3212,#1342,.T.);
#4035=EDGE_CURVE('',#3222,#3223,#1343,.T.);
#4036=EDGE_CURVE('',#3224,#3225,#1344,.T.);
#4037=EDGE_CURVE('',#3222,#3224,#1345,.T.);
#4038=EDGE_CURVE('',#3223,#3225,#1346,.T.);
#4039=EDGE_CURVE('',#3225,#3210,#1347,.T.);
#4040=EDGE_CURVE('',#3224,#3221,#1348,.T.);
#4041=EDGE_CURVE('',#3226,#3227,#1349,.T.);
#4042=EDGE_CURVE('',#3227,#3228,#1350,.T.);
#4043=EDGE_CURVE('',#3228,#3229,#1351,.T.);
#4044=EDGE_CURVE('',#3229,#3226,#1352,.T.);
#4045=EDGE_CURVE('',#3230,#3231,#1353,.T.);
#4046=EDGE_CURVE('',#3226,#3231,#1354,.T.);
#4047=EDGE_CURVE('',#3229,#3230,#1355,.T.);
#4048=EDGE_CURVE('',#3232,#3230,#1356,.T.);
#4049=EDGE_CURVE('',#3228,#3232,#1357,.T.);
#4050=EDGE_CURVE('',#3233,#3232,#1358,.T.);
#4051=EDGE_CURVE('',#3227,#3233,#1359,.T.);
#4052=EDGE_CURVE('',#3231,#3233,#1360,.T.);
#4053=EDGE_CURVE('',#3234,#3235,#1361,.T.);
#4054=EDGE_CURVE('',#3235,#3236,#1362,.T.);
#4055=EDGE_CURVE('',#3236,#3237,#1363,.T.);
#4056=EDGE_CURVE('',#3237,#3234,#1364,.T.);
#4057=EDGE_CURVE('',#3238,#3239,#1365,.T.);
#4058=EDGE_CURVE('',#3234,#3239,#1366,.T.);
#4059=EDGE_CURVE('',#3237,#3238,#1367,.T.);
#4060=EDGE_CURVE('',#3240,#3238,#1368,.T.);
#4061=EDGE_CURVE('',#3236,#3240,#1369,.T.);
#4062=EDGE_CURVE('',#3241,#3240,#1370,.T.);
#4063=EDGE_CURVE('',#3235,#3241,#1371,.T.);
#4064=EDGE_CURVE('',#3239,#3241,#1372,.T.);
#4065=EDGE_CURVE('',#3242,#3243,#1373,.T.);
#4066=EDGE_CURVE('',#3243,#3244,#1374,.T.);
#4067=EDGE_CURVE('',#3244,#3245,#1375,.T.);
#4068=EDGE_CURVE('',#3245,#3242,#1376,.T.);
#4069=EDGE_CURVE('',#3246,#3247,#1377,.T.);
#4070=EDGE_CURVE('',#3242,#3247,#1378,.T.);
#4071=EDGE_CURVE('',#3245,#3246,#1379,.T.);
#4072=EDGE_CURVE('',#3248,#3246,#1380,.T.);
#4073=EDGE_CURVE('',#3244,#3248,#1381,.T.);
#4074=EDGE_CURVE('',#3249,#3248,#1382,.T.);
#4075=EDGE_CURVE('',#3243,#3249,#1383,.T.);
#4076=EDGE_CURVE('',#3247,#3249,#1384,.T.);
#4077=EDGE_CURVE('',#3250,#3251,#1385,.T.);
#4078=EDGE_CURVE('',#3251,#3252,#1386,.T.);
#4079=EDGE_CURVE('',#3252,#3253,#1387,.T.);
#4080=EDGE_CURVE('',#3253,#3250,#1388,.T.);
#4081=EDGE_CURVE('',#3254,#3255,#1389,.T.);
#4082=EDGE_CURVE('',#3250,#3255,#1390,.T.);
#4083=EDGE_CURVE('',#3253,#3254,#1391,.T.);
#4084=EDGE_CURVE('',#3256,#3254,#1392,.T.);
#4085=EDGE_CURVE('',#3252,#3256,#1393,.T.);
#4086=EDGE_CURVE('',#3257,#3256,#1394,.T.);
#4087=EDGE_CURVE('',#3251,#3257,#1395,.T.);
#4088=EDGE_CURVE('',#3255,#3257,#1396,.T.);
#4089=EDGE_CURVE('',#3258,#3259,#1397,.T.);
#4090=EDGE_CURVE('',#3259,#3260,#1398,.T.);
#4091=EDGE_CURVE('',#3260,#3261,#1399,.T.);
#4092=EDGE_CURVE('',#3261,#3258,#1400,.T.);
#4093=EDGE_CURVE('',#3262,#3263,#1401,.T.);
#4094=EDGE_CURVE('',#3258,#3263,#1402,.T.);
#4095=EDGE_CURVE('',#3261,#3262,#1403,.T.);
#4096=EDGE_CURVE('',#3264,#3262,#1404,.T.);
#4097=EDGE_CURVE('',#3260,#3264,#1405,.T.);
#4098=EDGE_CURVE('',#3265,#3264,#1406,.T.);
#4099=EDGE_CURVE('',#3259,#3265,#1407,.T.);
#4100=EDGE_CURVE('',#3263,#3265,#1408,.T.);
#4101=EDGE_CURVE('',#3266,#3267,#1409,.T.);
#4102=EDGE_CURVE('',#3267,#3268,#1410,.T.);
#4103=EDGE_CURVE('',#3268,#3269,#1411,.T.);
#4104=EDGE_CURVE('',#3269,#3266,#1412,.T.);
#4105=EDGE_CURVE('',#3270,#3271,#1413,.T.);
#4106=EDGE_CURVE('',#3266,#3271,#1414,.T.);
#4107=EDGE_CURVE('',#3269,#3270,#1415,.T.);
#4108=EDGE_CURVE('',#3272,#3270,#1416,.T.);
#4109=EDGE_CURVE('',#3268,#3272,#1417,.T.);
#4110=EDGE_CURVE('',#3273,#3272,#1418,.T.);
#4111=EDGE_CURVE('',#3267,#3273,#1419,.T.);
#4112=EDGE_CURVE('',#3271,#3273,#1420,.T.);
#4113=EDGE_CURVE('',#3274,#3275,#1421,.T.);
#4114=EDGE_CURVE('',#3275,#3276,#1422,.T.);
#4115=EDGE_CURVE('',#3276,#3277,#1423,.T.);
#4116=EDGE_CURVE('',#3277,#3274,#1424,.T.);
#4117=EDGE_CURVE('',#3278,#3279,#1425,.T.);
#4118=EDGE_CURVE('',#3274,#3279,#1426,.T.);
#4119=EDGE_CURVE('',#3277,#3278,#1427,.T.);
#4120=EDGE_CURVE('',#3280,#3278,#1428,.T.);
#4121=EDGE_CURVE('',#3276,#3280,#1429,.T.);
#4122=EDGE_CURVE('',#3281,#3280,#1430,.T.);
#4123=EDGE_CURVE('',#3275,#3281,#1431,.T.);
#4124=EDGE_CURVE('',#3279,#3281,#1432,.T.);
#4125=EDGE_CURVE('',#3282,#3283,#1433,.T.);
#4126=EDGE_CURVE('',#3283,#3284,#1434,.T.);
#4127=EDGE_CURVE('',#3284,#3285,#1435,.T.);
#4128=EDGE_CURVE('',#3285,#3282,#1436,.T.);
#4129=EDGE_CURVE('',#3286,#3287,#1437,.T.);
#4130=EDGE_CURVE('',#3282,#3287,#1438,.T.);
#4131=EDGE_CURVE('',#3285,#3286,#1439,.T.);
#4132=EDGE_CURVE('',#3288,#3286,#1440,.T.);
#4133=EDGE_CURVE('',#3284,#3288,#1441,.T.);
#4134=EDGE_CURVE('',#3289,#3288,#1442,.T.);
#4135=EDGE_CURVE('',#3283,#3289,#1443,.T.);
#4136=EDGE_CURVE('',#3287,#3289,#1444,.T.);
#4137=EDGE_CURVE('',#3290,#3291,#1445,.T.);
#4138=EDGE_CURVE('',#3291,#3292,#1446,.T.);
#4139=EDGE_CURVE('',#3292,#3293,#1447,.T.);
#4140=EDGE_CURVE('',#3293,#3290,#1448,.T.);
#4141=EDGE_CURVE('',#3294,#3295,#1449,.T.);
#4142=EDGE_CURVE('',#3290,#3295,#1450,.T.);
#4143=EDGE_CURVE('',#3293,#3294,#1451,.T.);
#4144=EDGE_CURVE('',#3296,#3294,#1452,.T.);
#4145=EDGE_CURVE('',#3292,#3296,#1453,.T.);
#4146=EDGE_CURVE('',#3297,#3296,#1454,.T.);
#4147=EDGE_CURVE('',#3291,#3297,#1455,.T.);
#4148=EDGE_CURVE('',#3295,#3297,#1456,.T.);
#4149=EDGE_CURVE('',#3298,#3299,#1457,.T.);
#4150=EDGE_CURVE('',#3298,#3300,#1458,.T.);
#4151=EDGE_CURVE('',#3301,#3300,#1459,.T.);
#4152=EDGE_CURVE('',#3299,#3301,#1460,.T.);
#4153=EDGE_CURVE('',#3302,#3303,#1461,.T.);
#4154=EDGE_CURVE('',#3304,#3302,#1462,.T.);
#4155=EDGE_CURVE('',#3305,#3304,#1463,.T.);
#4156=EDGE_CURVE('',#3303,#3305,#1464,.T.);
#4157=EDGE_CURVE('',#3306,#3307,#1465,.F.);
#4158=EDGE_CURVE('',#3308,#3306,#1466,.T.);
#4159=EDGE_CURVE('',#3309,#3308,#1467,.F.);
#4160=EDGE_CURVE('',#3307,#3309,#1468,.T.);
#4161=EDGE_CURVE('',#3310,#3311,#1469,.T.);
#4162=EDGE_CURVE('',#3312,#3310,#1470,.T.);
#4163=EDGE_CURVE('',#3313,#3312,#1471,.T.);
#4164=EDGE_CURVE('',#3311,#3313,#1472,.T.);
#4165=EDGE_CURVE('',#3314,#3315,#1473,.F.);
#4166=EDGE_CURVE('',#3316,#3314,#1474,.T.);
#4167=EDGE_CURVE('',#3317,#3316,#1475,.F.);
#4168=EDGE_CURVE('',#3315,#3317,#1476,.T.);
#4169=EDGE_CURVE('',#3318,#3319,#1477,.F.);
#4170=EDGE_CURVE('',#3320,#3318,#1478,.T.);
#4171=EDGE_CURVE('',#3321,#3320,#1479,.F.);
#4172=EDGE_CURVE('',#3319,#3321,#1480,.T.);
#4173=EDGE_CURVE('',#3322,#3323,#1481,.F.);
#4174=EDGE_CURVE('',#3324,#3322,#1482,.T.);
#4175=EDGE_CURVE('',#3325,#3324,#1483,.F.);
#4176=EDGE_CURVE('',#3323,#3325,#1484,.T.);
#4177=EDGE_CURVE('',#3326,#3327,#1485,.T.);
#4178=EDGE_CURVE('',#3326,#3328,#1486,.T.);
#4179=EDGE_CURVE('',#3329,#3328,#1487,.T.);
#4180=EDGE_CURVE('',#3327,#3329,#1488,.T.);
#4181=EDGE_CURVE('',#3304,#3330,#1489,.T.);
#4182=EDGE_CURVE('',#3302,#3331,#1490,.T.);
#4183=EDGE_CURVE('',#3331,#3330,#1491,.T.);
#4184=EDGE_CURVE('',#3305,#3332,#1492,.T.);
#4185=EDGE_CURVE('',#3330,#3332,#1493,.T.);
#4186=EDGE_CURVE('',#3303,#3333,#1494,.T.);
#4187=EDGE_CURVE('',#3331,#3333,#1495,.T.);
#4188=EDGE_CURVE('',#3299,#3334,#1496,.T.);
#4189=EDGE_CURVE('',#3301,#3335,#1497,.T.);
#4190=EDGE_CURVE('',#3334,#3335,#1498,.T.);
#4191=EDGE_CURVE('',#3298,#3336,#1499,.T.);
#4192=EDGE_CURVE('',#3334,#3336,#1500,.T.);
#4193=EDGE_CURVE('',#3300,#3337,#1501,.T.);
#4194=EDGE_CURVE('',#3335,#3337,#1502,.T.);
#4195=EDGE_CURVE('',#3312,#3338,#1503,.T.);
#4196=EDGE_CURVE('',#3310,#3339,#1504,.T.);
#4197=EDGE_CURVE('',#3339,#3338,#1505,.T.);
#4198=EDGE_CURVE('',#3313,#3340,#1506,.T.);
#4199=EDGE_CURVE('',#3338,#3340,#1507,.T.);
#4200=EDGE_CURVE('',#3311,#3341,#1508,.T.);
#4201=EDGE_CURVE('',#3339,#3341,#1509,.T.);
#4202=EDGE_CURVE('',#3324,#3342,#1510,.T.);
#4203=EDGE_CURVE('',#3322,#3343,#1511,.T.);
#4204=EDGE_CURVE('',#3342,#3343,#1512,.T.);
#4205=EDGE_CURVE('',#3325,#3344,#1513,.T.);
#4206=EDGE_CURVE('',#3342,#3344,#1514,.T.);
#4207=EDGE_CURVE('',#3323,#3345,#1515,.T.);
#4208=EDGE_CURVE('',#3343,#3345,#1516,.T.);
#4209=EDGE_CURVE('',#3320,#3346,#1517,.T.);
#4210=EDGE_CURVE('',#3318,#3347,#1518,.T.);
#4211=EDGE_CURVE('',#3346,#3347,#1519,.T.);
#4212=EDGE_CURVE('',#3319,#3348,#1520,.T.);
#4213=EDGE_CURVE('',#3347,#3348,#1521,.T.);
#4214=EDGE_CURVE('',#3321,#3349,#1522,.T.);
#4215=EDGE_CURVE('',#3346,#3349,#1523,.T.);
#4216=EDGE_CURVE('',#3327,#3350,#1524,.T.);
#4217=EDGE_CURVE('',#3329,#3351,#1525,.T.);
#4218=EDGE_CURVE('',#3350,#3351,#1526,.T.);
#4219=EDGE_CURVE('',#3326,#3352,#1527,.T.);
#4220=EDGE_CURVE('',#3350,#3352,#1528,.T.);
#4221=EDGE_CURVE('',#3328,#3353,#1529,.T.);
#4222=EDGE_CURVE('',#3351,#3353,#1530,.T.);
#4223=EDGE_CURVE('',#3316,#3354,#1531,.T.);
#4224=EDGE_CURVE('',#3314,#3355,#1532,.T.);
#4225=EDGE_CURVE('',#3355,#3354,#1533,.T.);
#4226=EDGE_CURVE('',#3315,#3356,#1534,.T.);
#4227=EDGE_CURVE('',#3355,#3356,#1535,.T.);
#4228=EDGE_CURVE('',#3317,#3357,#1536,.T.);
#4229=EDGE_CURVE('',#3354,#3357,#1537,.T.);
#4230=EDGE_CURVE('',#3308,#3358,#1538,.T.);
#4231=EDGE_CURVE('',#3306,#3359,#1539,.T.);
#4232=EDGE_CURVE('',#3358,#3359,#1540,.T.);
#4233=EDGE_CURVE('',#3309,#3360,#1541,.T.);
#4234=EDGE_CURVE('',#3358,#3360,#1542,.T.);
#4235=EDGE_CURVE('',#3307,#3361,#1543,.T.);
#4236=EDGE_CURVE('',#3359,#3361,#1544,.T.);
#4237=EDGE_CURVE('',#3362,#3363,#1545,.T.);
#4238=EDGE_CURVE('',#3363,#3364,#1546,.T.);
#4239=EDGE_CURVE('',#3365,#3364,#1547,.T.);
#4240=EDGE_CURVE('',#3362,#3365,#1548,.T.);
#4241=EDGE_CURVE('',#3366,#3367,#1549,.T.);
#4242=EDGE_CURVE('',#3362,#3366,#1550,.T.);
#4243=EDGE_CURVE('',#3365,#3367,#1551,.T.);
#4244=EDGE_CURVE('',#3367,#3356,#1552,.T.);
#4245=EDGE_CURVE('',#3364,#3368,#1553,.T.);
#4246=EDGE_CURVE('',#3357,#3368,#1554,.T.);
#4247=EDGE_CURVE('',#3369,#3368,#1555,.T.);
#4248=EDGE_CURVE('',#3363,#3369,#1556,.T.);
#4249=EDGE_CURVE('',#3370,#3371,#1557,.T.);
#4250=EDGE_CURVE('',#3371,#3372,#1558,.T.);
#4251=EDGE_CURVE('',#3373,#3372,#1559,.T.);
#4252=EDGE_CURVE('',#3370,#3373,#1560,.T.);
#4253=EDGE_CURVE('',#3374,#3375,#1561,.T.);
#4254=EDGE_CURVE('',#3370,#3374,#1562,.T.);
#4255=EDGE_CURVE('',#3373,#3375,#1563,.T.);
#4256=EDGE_CURVE('',#3376,#3377,#1564,.T.);
#4257=EDGE_CURVE('',#3372,#3377,#1565,.T.);
#4258=EDGE_CURVE('',#3371,#3376,#1566,.T.);
#4259=EDGE_CURVE('',#3378,#3379,#135,.T.);
#4260=EDGE_CURVE('',#3378,#3380,#1567,.T.);
#4261=EDGE_CURVE('',#3381,#3380,#136,.T.);
#4262=EDGE_CURVE('',#3379,#3381,#1568,.T.);
#4263=EDGE_CURVE('',#2974,#2979,#1569,.T.);
#4264=EDGE_CURVE('',#3379,#2975,#1570,.T.);
#4265=EDGE_CURVE('',#3382,#3381,#1571,.T.);
#4266=EDGE_CURVE('',#3383,#3382,#1572,.T.);
#4267=EDGE_CURVE('',#3384,#3383,#1573,.T.);
#4268=EDGE_CURVE('',#3384,#3385,#1574,.T.);
#4269=EDGE_CURVE('',#3385,#2978,#1575,.T.);
#4270=EDGE_CURVE('',#3386,#3380,#1576,.T.);
#4271=EDGE_CURVE('',#3387,#3386,#1577,.T.);
#4272=EDGE_CURVE('',#3388,#3387,#1578,.T.);
#4273=EDGE_CURVE('',#3382,#3388,#1579,.T.);
#4274=EDGE_CURVE('',#3389,#2980,#1580,.T.);
#4275=EDGE_CURVE('',#3385,#3389,#1581,.T.);
#4276=EDGE_CURVE('',#3390,#2977,#1582,.T.);
#4277=EDGE_CURVE('',#3391,#3390,#1583,.T.);
#4278=EDGE_CURVE('',#3378,#3391,#1584,.T.);
#4279=EDGE_CURVE('',#2976,#2981,#1585,.T.);
#4280=EDGE_CURVE('',#3392,#3393,#1586,.F.);
#4281=EDGE_CURVE('',#3394,#3392,#1587,.T.);
#4282=EDGE_CURVE('',#3395,#3394,#1588,.F.);
#4283=EDGE_CURVE('',#3393,#3395,#1589,.T.);
#4284=EDGE_CURVE('',#3396,#3397,#1590,.T.);
#4285=EDGE_CURVE('',#3396,#3398,#1591,.T.);
#4286=EDGE_CURVE('',#3398,#3399,#1592,.T.);
#4287=EDGE_CURVE('',#3397,#3399,#1593,.T.);
#4288=EDGE_CURVE('',#3397,#3382,#1594,.T.);
#4289=EDGE_CURVE('',#3399,#3392,#1595,.T.);
#4290=EDGE_CURVE('',#3400,#3393,#1596,.T.);
#4291=EDGE_CURVE('',#3401,#3400,#1597,.T.);
#4292=EDGE_CURVE('',#3401,#3383,#1598,.T.);
#4293=EDGE_CURVE('',#3402,#3392,#1599,.T.);
#4294=EDGE_CURVE('',#3398,#3402,#1600,.T.);
#4295=EDGE_CURVE('',#3403,#3402,#1601,.T.);
#4296=EDGE_CURVE('',#3396,#3403,#1602,.T.);
#4297=EDGE_CURVE('',#3403,#3388,#1603,.T.);
#4298=EDGE_CURVE('',#3404,#3405,#1604,.T.);
#4299=EDGE_CURVE('',#3405,#3406,#1605,.T.);
#4300=EDGE_CURVE('',#3407,#3406,#1606,.T.);
#4301=EDGE_CURVE('',#3404,#3407,#1607,.T.);
#4302=EDGE_CURVE('',#3408,#3409,#1608,.T.);
#4303=EDGE_CURVE('',#3404,#3408,#1609,.T.);
#4304=EDGE_CURVE('',#3407,#3409,#1610,.T.);
#4305=EDGE_CURVE('',#3409,#3394,#1611,.T.);
#4306=EDGE_CURVE('',#3406,#3394,#1612,.T.);
#4307=EDGE_CURVE('',#3405,#3385,#1613,.T.);
#4308=EDGE_CURVE('',#3410,#3384,#1614,.T.);
#4309=EDGE_CURVE('',#3410,#3411,#1615,.T.);
#4310=EDGE_CURVE('',#3411,#3395,#1616,.T.);
#4311=EDGE_CURVE('',#3408,#3389,#1617,.T.);
#4312=EDGE_CURVE('',#3401,#3410,#1618,.T.);
#4313=EDGE_CURVE('',#3400,#3411,#1619,.T.);
#4314=EDGE_CURVE('',#3391,#3412,#1620,.T.);
#4315=EDGE_CURVE('',#3412,#3413,#1621,.T.);
#4316=EDGE_CURVE('',#3413,#3414,#1622,.T.);
#4317=EDGE_CURVE('',#3414,#3415,#1623,.T.);
#4318=EDGE_CURVE('',#3415,#3386,#1624,.T.);
#4319=EDGE_CURVE('',#3416,#3417,#1625,.T.);
#4320=EDGE_CURVE('',#3414,#3417,#1626,.T.);
#4321=EDGE_CURVE('',#3413,#3416,#1627,.T.);
#4322=EDGE_CURVE('',#3417,#3418,#1628,.T.);
#4323=EDGE_CURVE('',#3415,#3418,#1629,.T.);
#4324=EDGE_CURVE('',#3418,#3387,#1630,.T.);
#4325=EDGE_CURVE('',#3419,#3416,#1631,.T.);
#4326=EDGE_CURVE('',#3412,#3419,#1632,.T.);
#4327=EDGE_CURVE('',#3420,#3421,#1633,.T.);
#4328=EDGE_CURVE('',#3420,#3422,#1634,.T.);
#4329=EDGE_CURVE('',#3423,#3422,#1635,.T.);
#4330=EDGE_CURVE('',#3421,#3423,#1636,.T.);
#4331=EDGE_CURVE('',#3424,#3425,#1637,.T.);
#4332=EDGE_CURVE('',#3424,#3426,#1638,.T.);
#4333=EDGE_CURVE('',#3427,#3426,#1639,.T.);
#4334=EDGE_CURVE('',#3425,#3427,#1640,.T.);
#4335=EDGE_CURVE('',#3428,#3429,#1641,.F.);
#4336=EDGE_CURVE('',#3430,#3428,#1642,.T.);
#4337=EDGE_CURVE('',#3431,#3430,#1643,.F.);
#4338=EDGE_CURVE('',#3429,#3431,#1644,.T.);
#4339=EDGE_CURVE('',#3432,#3433,#1645,.F.);
#4340=EDGE_CURVE('',#3434,#3432,#1646,.T.);
#4341=EDGE_CURVE('',#3435,#3434,#1647,.F.);
#4342=EDGE_CURVE('',#3433,#3435,#1648,.T.);
#4343=EDGE_CURVE('',#3436,#3437,#1649,.T.);
#4344=EDGE_CURVE('',#3436,#3438,#1650,.T.);
#4345=EDGE_CURVE('',#3438,#3439,#1651,.T.);
#4346=EDGE_CURVE('',#3437,#3439,#1652,.T.);
#4347=EDGE_CURVE('',#3440,#3439,#1653,.T.);
#4348=EDGE_CURVE('',#3441,#3440,#1654,.T.);
#4349=EDGE_CURVE('',#3441,#3437,#1655,.T.);
#4350=EDGE_CURVE('',#3442,#3440,#1656,.T.);
#4351=EDGE_CURVE('',#3443,#3442,#1657,.T.);
#4352=EDGE_CURVE('',#3443,#3441,#1658,.T.);
#4353=EDGE_CURVE('',#3436,#3444,#1659,.T.);
#4354=EDGE_CURVE('',#3443,#3445,#1660,.T.);
#4355=EDGE_CURVE('',#3445,#3444,#1661,.T.);
#4356=EDGE_CURVE('',#3438,#3446,#1662,.T.);
#4357=EDGE_CURVE('',#3444,#3446,#1663,.T.);
#4358=EDGE_CURVE('',#3447,#3446,#1664,.T.);
#4359=EDGE_CURVE('',#3445,#3447,#1665,.T.);
#4360=EDGE_CURVE('',#3442,#3447,#1666,.T.);
#4361=EDGE_CURVE('',#3448,#3449,#1667,.T.);
#4362=EDGE_CURVE('',#3449,#3450,#1668,.T.);
#4363=EDGE_CURVE('',#3451,#3450,#1669,.T.);
#4364=EDGE_CURVE('',#3448,#3451,#1670,.T.);
#4365=EDGE_CURVE('',#3452,#3453,#1671,.T.);
#4366=EDGE_CURVE('',#3448,#3452,#1672,.T.);
#4367=EDGE_CURVE('',#3451,#3453,#1673,.T.);
#4368=EDGE_CURVE('',#3453,#3454,#1674,.T.);
#4369=EDGE_CURVE('',#3450,#3454,#1675,.T.);
#4370=EDGE_CURVE('',#3455,#3454,#1676,.T.);
#4371=EDGE_CURVE('',#3449,#3455,#1677,.T.);
#4372=EDGE_CURVE('',#3452,#3455,#1678,.T.);
#4373=EDGE_CURVE('',#3456,#3457,#1679,.T.);
#4374=EDGE_CURVE('',#3456,#3458,#1680,.T.);
#4375=EDGE_CURVE('',#3458,#3459,#1681,.T.);
#4376=EDGE_CURVE('',#3457,#3459,#1682,.T.);
#4377=EDGE_CURVE('',#3460,#3461,#1683,.T.);
#4378=EDGE_CURVE('',#3457,#3460,#1684,.T.);
#4379=EDGE_CURVE('',#3459,#3461,#1685,.T.);
#4380=EDGE_CURVE('',#3462,#3461,#1686,.T.);
#4381=EDGE_CURVE('',#3458,#3462,#1687,.T.);
#4382=EDGE_CURVE('',#3463,#3462,#1688,.T.);
#4383=EDGE_CURVE('',#3456,#3463,#1689,.T.);
#4384=EDGE_CURVE('',#3463,#3460,#1690,.T.);
#4385=EDGE_CURVE('',#3464,#3465,#1691,.T.);
#4386=EDGE_CURVE('',#3464,#3466,#1692,.T.);
#4387=EDGE_CURVE('',#3466,#3467,#1693,.T.);
#4388=EDGE_CURVE('',#3465,#3467,#1694,.T.);
#4389=EDGE_CURVE('',#3468,#3469,#1695,.T.);
#4390=EDGE_CURVE('',#3465,#3468,#1696,.T.);
#4391=EDGE_CURVE('',#3467,#3469,#1697,.T.);
#4392=EDGE_CURVE('',#3470,#3469,#1698,.T.);
#4393=EDGE_CURVE('',#3466,#3470,#1699,.T.);
#4394=EDGE_CURVE('',#3471,#3470,#1700,.T.);
#4395=EDGE_CURVE('',#3464,#3471,#1701,.T.);
#4396=EDGE_CURVE('',#3471,#3468,#1702,.T.);
#4397=EDGE_CURVE('',#2959,#3472,#1703,.T.);
#4398=EDGE_CURVE('',#2965,#3473,#1704,.T.);
#4399=EDGE_CURVE('',#3473,#3472,#1705,.T.);
#4400=EDGE_CURVE('',#2962,#3474,#1706,.T.);
#4401=EDGE_CURVE('',#3473,#3474,#81,.F.);
#4402=EDGE_CURVE('',#2960,#3475,#1707,.T.);
#4403=EDGE_CURVE('',#3474,#3475,#1708,.T.);
#4404=EDGE_CURVE('',#3475,#3472,#82,.F.);
#4405=EDGE_CURVE('',#2967,#3476,#1709,.T.);
#4406=EDGE_CURVE('',#2973,#3477,#1710,.T.);
#4407=EDGE_CURVE('',#3476,#3477,#1711,.T.);
#4408=EDGE_CURVE('',#2970,#3478,#1712,.T.);
#4409=EDGE_CURVE('',#3478,#3477,#83,.T.);
#4410=EDGE_CURVE('',#2968,#3479,#1713,.T.);
#4411=EDGE_CURVE('',#3479,#3478,#1714,.T.);
#4412=EDGE_CURVE('',#3476,#3479,#84,.T.);
#4413=EDGE_CURVE('',#3431,#3480,#1715,.T.);
#4414=EDGE_CURVE('',#3430,#3481,#1716,.T.);
#4415=EDGE_CURVE('',#3481,#3480,#1717,.T.);
#4416=EDGE_CURVE('',#3428,#3482,#1718,.T.);
#4417=EDGE_CURVE('',#3429,#3483,#1719,.T.);
#4418=EDGE_CURVE('',#3482,#3483,#1720,.T.);
#4419=EDGE_CURVE('',#3482,#3481,#1721,.T.);
#4420=EDGE_CURVE('',#3421,#3484,#1722,.T.);
#4421=EDGE_CURVE('',#3423,#3485,#1723,.T.);
#4422=EDGE_CURVE('',#3484,#3485,#1724,.T.);
#4423=EDGE_CURVE('',#3420,#3486,#1725,.T.);
#4424=EDGE_CURVE('',#3486,#3484,#1726,.T.);
#4425=EDGE_CURVE('',#3422,#3487,#1727,.T.);
#4426=EDGE_CURVE('',#3487,#3485,#1728,.T.);
#4427=EDGE_CURVE('',#3488,#3424,#1729,.T.);
#4428=EDGE_CURVE('',#3489,#3425,#1730,.T.);
#4429=EDGE_CURVE('',#3489,#3488,#1731,.T.);
#4430=EDGE_CURVE('',#3490,#3427,#1732,.T.);
#4431=EDGE_CURVE('',#3491,#3426,#1733,.T.);
#4432=EDGE_CURVE('',#3490,#3491,#1734,.T.);
#4433=EDGE_CURVE('',#3489,#3490,#1735,.T.);
#4434=EDGE_CURVE('',#3492,#3434,#1736,.T.);
#4435=EDGE_CURVE('',#3493,#3432,#1737,.T.);
#4436=EDGE_CURVE('',#3493,#3492,#1738,.T.);
#4437=EDGE_CURVE('',#3494,#3433,#1739,.T.);
#4438=EDGE_CURVE('',#3494,#3493,#1740,.T.);
#4439=EDGE_CURVE('',#3495,#3435,#1741,.T.);
#4440=EDGE_CURVE('',#3495,#3492,#1742,.T.);
#4441=EDGE_CURVE('',#3496,#3497,#1743,.T.);
#4442=EDGE_CURVE('',#3496,#3498,#1744,.T.);
#4443=EDGE_CURVE('',#3498,#3499,#1745,.T.);
#4444=EDGE_CURVE('',#3497,#3499,#1746,.T.);
#4445=EDGE_CURVE('',#3500,#3494,#1747,.T.);
#4446=EDGE_CURVE('',#3497,#3500,#1748,.T.);
#4447=EDGE_CURVE('',#3499,#3501,#1749,.T.);
#4448=EDGE_CURVE('',#3495,#3501,#1750,.T.);
#4449=EDGE_CURVE('',#3502,#3486,#1751,.T.);
#4450=EDGE_CURVE('',#3487,#3503,#1752,.T.);
#4451=EDGE_CURVE('',#3498,#3503,#1753,.T.);
#4452=EDGE_CURVE('',#3496,#3502,#1754,.T.);
#4453=EDGE_CURVE('',#3504,#3505,#1755,.T.);
#4454=EDGE_CURVE('',#3504,#3506,#1756,.T.);
#4455=EDGE_CURVE('',#3507,#3506,#1757,.T.);
#4456=EDGE_CURVE('',#3505,#3507,#1758,.T.);
#4457=EDGE_CURVE('',#3508,#3509,#1759,.T.);
#4458=EDGE_CURVE('',#3508,#3510,#1760,.T.);
#4459=EDGE_CURVE('',#3511,#3510,#1761,.T.);
#4460=EDGE_CURVE('',#3509,#3511,#1762,.T.);
#4461=EDGE_CURVE('',#3512,#3513,#1763,.F.);
#4462=EDGE_CURVE('',#3514,#3512,#1764,.T.);
#4463=EDGE_CURVE('',#3515,#3514,#1765,.F.);
#4464=EDGE_CURVE('',#3513,#3515,#1766,.T.);
#4465=EDGE_CURVE('',#3516,#3517,#1767,.F.);
#4466=EDGE_CURVE('',#3518,#3516,#1768,.T.);
#4467=EDGE_CURVE('',#3519,#3518,#1769,.F.);
#4468=EDGE_CURVE('',#3517,#3519,#1770,.T.);
#4469=EDGE_CURVE('',#3505,#3520,#1771,.T.);
#4470=EDGE_CURVE('',#3507,#3521,#1772,.T.);
#4471=EDGE_CURVE('',#3520,#3521,#1773,.T.);
#4472=EDGE_CURVE('',#3506,#3522,#1774,.T.);
#4473=EDGE_CURVE('',#3522,#3521,#1775,.T.);
#4474=EDGE_CURVE('',#3504,#3523,#1776,.T.);
#4475=EDGE_CURVE('',#3523,#3520,#1777,.T.);
#4476=EDGE_CURVE('',#3524,#3511,#1778,.T.);
#4477=EDGE_CURVE('',#3525,#3510,#1779,.T.);
#4478=EDGE_CURVE('',#3524,#3525,#1780,.T.);
#4479=EDGE_CURVE('',#3526,#3508,#1781,.T.);
#4480=EDGE_CURVE('',#3527,#3509,#1782,.T.);
#4481=EDGE_CURVE('',#3527,#3526,#1783,.T.);
#4482=EDGE_CURVE('',#3527,#3524,#1784,.T.);
#4483=EDGE_CURVE('',#3528,#3518,#1785,.T.);
#4484=EDGE_CURVE('',#3529,#3516,#1786,.T.);
#4485=EDGE_CURVE('',#3529,#3528,#1787,.T.);
#4486=EDGE_CURVE('',#3530,#3517,#1788,.T.);
#4487=EDGE_CURVE('',#3530,#3529,#1789,.T.);
#4488=EDGE_CURVE('',#3531,#3519,#1790,.T.);
#4489=EDGE_CURVE('',#3531,#3528,#1791,.T.);
#4490=EDGE_CURVE('',#3514,#3532,#1792,.T.);
#4491=EDGE_CURVE('',#3512,#3533,#1793,.T.);
#4492=EDGE_CURVE('',#3533,#3532,#1794,.T.);
#4493=EDGE_CURVE('',#3513,#3534,#1795,.T.);
#4494=EDGE_CURVE('',#3533,#3534,#1796,.T.);
#4495=EDGE_CURVE('',#3515,#3535,#1797,.T.);
#4496=EDGE_CURVE('',#3532,#3535,#1798,.T.);
#4497=EDGE_CURVE('',#3536,#3537,#1799,.T.);
#4498=EDGE_CURVE('',#3537,#3538,#1800,.T.);
#4499=EDGE_CURVE('',#3539,#3538,#1801,.T.);
#4500=EDGE_CURVE('',#3536,#3539,#1802,.T.);
#4501=EDGE_CURVE('',#3540,#3534,#1803,.T.);
#4502=EDGE_CURVE('',#3536,#3540,#1804,.T.);
#4503=EDGE_CURVE('',#3539,#3541,#1805,.T.);
#4504=EDGE_CURVE('',#3535,#3541,#1806,.T.);
#4505=EDGE_CURVE('',#3541,#3530,#1807,.T.);
#4506=EDGE_CURVE('',#3538,#3542,#1808,.T.);
#4507=EDGE_CURVE('',#3531,#3542,#1809,.T.);
#4508=EDGE_CURVE('',#3525,#3542,#1810,.T.);
#4509=EDGE_CURVE('',#3537,#3543,#1811,.T.);
#4510=EDGE_CURVE('',#3543,#3526,#1812,.T.);
#4511=EDGE_CURVE('',#3540,#3523,#1813,.T.);
#4512=EDGE_CURVE('',#3522,#3543,#1814,.T.);
#4513=EDGE_CURVE('',#3544,#3545,#1815,.T.);
#4514=EDGE_CURVE('',#3546,#3545,#1816,.T.);
#4515=EDGE_CURVE('',#3547,#3546,#1817,.T.);
#4516=EDGE_CURVE('',#3547,#3544,#1818,.T.);
#4517=EDGE_CURVE('',#3548,#3545,#1819,.T.);
#4518=EDGE_CURVE('',#3549,#3548,#1820,.T.);
#4519=EDGE_CURVE('',#3549,#3546,#1821,.T.);
#4520=EDGE_CURVE('',#3550,#3551,#1822,.T.);
#4521=EDGE_CURVE('',#3551,#3547,#1823,.T.);
#4522=EDGE_CURVE('',#3552,#3549,#1824,.T.);
#4523=EDGE_CURVE('',#3550,#3552,#1825,.T.);
#4524=EDGE_CURVE('',#3553,#3554,#1826,.T.);
#4525=EDGE_CURVE('',#3550,#3553,#1827,.T.);
#4526=EDGE_CURVE('',#3552,#3554,#1828,.T.);
#4527=EDGE_CURVE('',#3554,#3548,#1829,.T.);
#4528=EDGE_CURVE('',#3553,#3555,#1830,.T.);
#4529=EDGE_CURVE('',#3551,#3555,#1831,.T.);
#4530=EDGE_CURVE('',#3555,#3544,#1832,.T.);
#4531=EDGE_CURVE('',#3556,#3557,#1833,.T.);
#4532=EDGE_CURVE('',#3557,#3558,#1834,.T.);
#4533=EDGE_CURVE('',#3559,#3558,#1835,.T.);
#4534=EDGE_CURVE('',#3556,#3559,#1836,.T.);
#4535=EDGE_CURVE('',#3560,#3561,#1837,.T.);
#4536=EDGE_CURVE('',#3559,#3560,#1838,.T.);
#4537=EDGE_CURVE('',#3558,#3561,#1839,.T.);
#4538=EDGE_CURVE('',#3562,#3561,#1840,.T.);
#4539=EDGE_CURVE('',#3557,#3562,#1841,.T.);
#4540=EDGE_CURVE('',#3563,#3564,#1842,.T.);
#4541=EDGE_CURVE('',#3564,#3565,#1843,.T.);
#4542=EDGE_CURVE('',#3566,#3565,#1844,.T.);
#4543=EDGE_CURVE('',#3563,#3566,#1845,.T.);
#4544=EDGE_CURVE('',#3567,#3568,#1846,.T.);
#4545=EDGE_CURVE('',#3563,#3567,#1847,.T.);
#4546=EDGE_CURVE('',#3566,#3568,#1848,.T.);
#4547=EDGE_CURVE('',#3568,#3569,#1849,.T.);
#4548=EDGE_CURVE('',#3565,#3569,#1850,.T.);
#4549=EDGE_CURVE('',#3560,#3569,#1851,.T.);
#4550=EDGE_CURVE('',#3564,#3556,#1852,.T.);
#4551=EDGE_CURVE('',#3567,#3562,#1853,.T.);
#4552=EDGE_CURVE('',#3570,#3571,#1854,.T.);
#4553=EDGE_CURVE('',#3571,#3572,#1855,.T.);
#4554=EDGE_CURVE('',#3573,#3572,#1856,.T.);
#4555=EDGE_CURVE('',#3570,#3573,#1857,.T.);
#4556=EDGE_CURVE('',#3574,#3575,#1858,.T.);
#4557=EDGE_CURVE('',#3570,#3574,#1859,.T.);
#4558=EDGE_CURVE('',#3573,#3575,#1860,.T.);
#4559=EDGE_CURVE('',#3575,#3576,#1861,.T.);
#4560=EDGE_CURVE('',#3572,#3576,#1862,.T.);
#4561=EDGE_CURVE('',#3577,#3576,#1863,.T.);
#4562=EDGE_CURVE('',#3571,#3577,#1864,.T.);
#4563=EDGE_CURVE('',#3574,#3577,#1865,.T.);
#4564=EDGE_CURVE('',#3578,#3579,#1866,.T.);
#4565=EDGE_CURVE('',#3578,#3580,#1867,.T.);
#4566=EDGE_CURVE('',#3580,#3581,#1868,.T.);
#4567=EDGE_CURVE('',#3579,#3581,#1869,.T.);
#4568=EDGE_CURVE('',#3580,#3582,#85,.F.);
#4569=EDGE_CURVE('',#3582,#3583,#1870,.T.);
#4570=EDGE_CURVE('',#3581,#3583,#86,.T.);
#4571=EDGE_CURVE('',#3584,#3584,#87,.T.);
#4572=EDGE_CURVE('',#3584,#3585,#1871,.T.);
#4573=EDGE_CURVE('',#3585,#3585,#88,.F.);
#4574=EDGE_CURVE('',#3586,#3586,#89,.F.);
#4575=EDGE_CURVE('',#3586,#3587,#1872,.T.);
#4576=EDGE_CURVE('',#3587,#3587,#90,.T.);
#4577=EDGE_CURVE('',#3588,#3589,#91,.T.);
#4578=EDGE_CURVE('',#3588,#3590,#1873,.T.);
#4579=EDGE_CURVE('',#3590,#3591,#92,.F.);
#4580=EDGE_CURVE('',#3589,#3591,#1874,.T.);
#4581=EDGE_CURVE('',#3592,#3588,#1875,.T.);
#4582=EDGE_CURVE('',#3592,#3593,#1876,.T.);
#4583=EDGE_CURVE('',#3593,#3590,#1877,.T.);
#4584=EDGE_CURVE('',#3594,#3595,#1878,.T.);
#4585=EDGE_CURVE('',#3594,#3596,#1879,.T.);
#4586=EDGE_CURVE('',#3596,#3597,#1880,.T.);
#4587=EDGE_CURVE('',#3595,#3597,#1881,.T.);
#4588=EDGE_CURVE('',#3596,#3598,#93,.F.);
#4589=EDGE_CURVE('',#3598,#3599,#1882,.T.);
#4590=EDGE_CURVE('',#3597,#3599,#94,.T.);
#4591=EDGE_CURVE('',#3600,#3600,#95,.T.);
#4592=EDGE_CURVE('',#3600,#3601,#1883,.T.);
#4593=EDGE_CURVE('',#3601,#3601,#96,.F.);
#4594=EDGE_CURVE('',#3602,#3602,#97,.F.);
#4595=EDGE_CURVE('',#3602,#3603,#1884,.T.);
#4596=EDGE_CURVE('',#3603,#3603,#98,.T.);
#4597=EDGE_CURVE('',#3604,#3605,#99,.T.);
#4598=EDGE_CURVE('',#3604,#3606,#1885,.T.);
#4599=EDGE_CURVE('',#3606,#3607,#100,.F.);
#4600=EDGE_CURVE('',#3605,#3607,#1886,.T.);
#4601=EDGE_CURVE('',#3608,#3604,#1887,.T.);
#4602=EDGE_CURVE('',#3608,#3609,#1888,.T.);
#4603=EDGE_CURVE('',#3609,#3606,#1889,.T.);
#4604=EDGE_CURVE('',#3605,#3582,#1890,.T.);
#4605=EDGE_CURVE('',#3607,#3111,#1891,.T.);
#4606=EDGE_CURVE('',#3108,#3115,#1892,.T.);
#4607=EDGE_CURVE('',#3112,#3156,#1893,.T.);
#4608=EDGE_CURVE('',#3158,#3583,#1894,.T.);
#4609=EDGE_CURVE('',#3598,#3589,#1895,.T.);
#4610=EDGE_CURVE('',#3599,#3591,#1896,.T.);
#4611=EDGE_CURVE('',#3595,#3609,#1897,.T.);
#4612=EDGE_CURVE('',#3594,#3608,#1898,.T.);
#4613=EDGE_CURVE('',#3592,#3578,#1899,.T.);
#4614=EDGE_CURVE('',#3593,#3579,#1900,.T.);
#4615=EDGE_CURVE('',#3491,#3501,#1901,.T.);
#4616=EDGE_CURVE('',#3503,#3488,#1902,.T.);
#4617=EDGE_CURVE('',#3502,#3483,#1903,.T.);
#4618=EDGE_CURVE('',#3480,#3500,#1904,.T.);
#4619=EDGE_CURVE('',#3390,#3419,#1905,.T.);
#4620=EDGE_CURVE('',#3345,#3369,#1906,.T.);
#4621=EDGE_CURVE('',#3366,#3352,#1907,.T.);
#4622=EDGE_CURVE('',#3353,#3349,#1908,.T.);
#4623=EDGE_CURVE('',#3348,#3344,#1909,.T.);
#4624=EDGE_CURVE('',#3375,#3341,#1910,.T.);
#4625=EDGE_CURVE('',#3340,#3377,#1911,.T.);
#4626=EDGE_CURVE('',#3333,#3360,#1912,.T.);
#4627=EDGE_CURVE('',#3361,#3376,#1913,.T.);
#4628=EDGE_CURVE('',#3374,#3336,#1914,.T.);
#4629=EDGE_CURVE('',#3337,#3332,#1915,.T.);
#4630=EDGE_CURVE('',#3188,#3169,#1916,.T.);
#4631=EDGE_CURVE('',#3034,#3025,#1917,.T.);
#4632=EDGE_CURVE('',#3040,#3033,#1918,.T.);
#4633=EDGE_CURVE('',#3049,#3043,#1919,.T.);
#4634=EDGE_CURVE('',#3051,#3046,#1920,.T.);
#4635=EDGE_CURVE('',#3026,#3045,#1921,.T.);
#4636=EDGE_CURVE('',#3022,#3044,#1922,.T.);
#4637=EDGE_CURVE('',#3050,#3047,#1923,.T.);
#4638=EDGE_CURVE('',#3048,#3038,#1924,.T.);
#4639=EDGE_CURVE('',#3039,#3031,#1925,.T.);
#4640=EDGE_CURVE('',#3030,#3023,#1926,.T.);
#4641=EDGE_CURVE('',#3610,#3611,#1927,.T.);
#4642=EDGE_CURVE('',#3612,#3610,#1928,.T.);
#4643=EDGE_CURVE('',#3613,#3612,#1929,.T.);
#4644=EDGE_CURVE('',#3614,#3613,#1930,.T.);
#4645=EDGE_CURVE('',#3615,#3614,#1931,.T.);
#4646=EDGE_CURVE('',#3616,#3615,#1932,.T.);
#4647=EDGE_CURVE('',#3617,#3616,#1933,.T.);
#4648=EDGE_CURVE('',#3618,#3617,#1934,.T.);
#4649=EDGE_CURVE('',#3619,#3618,#1935,.T.);
#4650=EDGE_CURVE('',#3619,#3620,#1936,.T.);
#4651=EDGE_CURVE('',#3620,#3621,#1937,.T.);
#4652=EDGE_CURVE('',#3611,#3621,#1938,.T.);
#4653=EDGE_CURVE('',#3622,#3618,#1939,.T.);
#4654=EDGE_CURVE('',#3623,#3622,#1940,.T.);
#4655=EDGE_CURVE('',#3623,#3615,#1941,.T.);
#4656=EDGE_CURVE('',#3624,#3614,#1942,.T.);
#4657=EDGE_CURVE('',#3625,#3624,#1943,.T.);
#4658=EDGE_CURVE('',#3625,#3610,#1944,.T.);
#4659=EDGE_CURVE('',#3626,#3611,#1945,.T.);
#4660=EDGE_CURVE('',#3627,#3626,#1946,.T.);
#4661=EDGE_CURVE('',#3627,#3619,#1947,.T.);
#4662=EDGE_CURVE('',#3628,#3621,#1948,.T.);
#4663=EDGE_CURVE('',#3626,#3628,#1949,.T.);
#4664=EDGE_CURVE('',#3629,#3620,#1950,.T.);
#4665=EDGE_CURVE('',#3629,#3628,#1951,.T.);
#4666=EDGE_CURVE('',#3627,#3629,#1952,.T.);
#4667=EDGE_CURVE('',#3630,#3631,#1953,.T.);
#4668=EDGE_CURVE('',#3632,#3630,#1954,.T.);
#4669=EDGE_CURVE('',#3633,#3632,#1955,.T.);
#4670=EDGE_CURVE('',#3631,#3633,#1956,.T.);
#4671=EDGE_CURVE('',#3634,#3631,#1957,.T.);
#4672=EDGE_CURVE('',#3635,#3634,#1958,.T.);
#4673=EDGE_CURVE('',#3635,#3630,#1959,.T.);
#4674=EDGE_CURVE('',#3636,#3635,#1960,.T.);
#4675=EDGE_CURVE('',#3636,#3632,#1961,.T.);
#4676=EDGE_CURVE('',#3637,#3636,#1962,.T.);
#4677=EDGE_CURVE('',#3637,#3633,#1963,.T.);
#4678=EDGE_CURVE('',#3634,#3637,#1964,.T.);
#4679=EDGE_CURVE('',#3638,#3625,#1965,.T.);
#4680=EDGE_CURVE('',#3638,#3639,#137,.F.);
#4681=EDGE_CURVE('',#3639,#3612,#1966,.T.);
#4682=EDGE_CURVE('',#3640,#3613,#1967,.T.);
#4683=EDGE_CURVE('',#3640,#3641,#138,.F.);
#4684=EDGE_CURVE('',#3624,#3641,#1968,.T.);
#4685=EDGE_CURVE('',#3639,#3640,#1969,.F.);
#4686=EDGE_CURVE('',#3641,#3638,#1970,.T.);
#4687=EDGE_CURVE('',#3642,#3617,#1971,.T.);
#4688=EDGE_CURVE('',#3642,#3622,#139,.F.);
#4689=EDGE_CURVE('',#3643,#3616,#1972,.T.);
#4690=EDGE_CURVE('',#3643,#3642,#1973,.T.);
#4691=EDGE_CURVE('',#3623,#3643,#140,.F.);
#4692=ORIENTED_EDGE('',*,*,#3644,.F.);
#4693=ORIENTED_EDGE('',*,*,#3645,.F.);
#4694=ORIENTED_EDGE('',*,*,#3646,.T.);
#4695=ORIENTED_EDGE('',*,*,#3647,.T.);
#4696=ORIENTED_EDGE('',*,*,#3648,.F.);
#4697=ORIENTED_EDGE('',*,*,#3649,.F.);
#4698=ORIENTED_EDGE('',*,*,#3650,.T.);
#4699=ORIENTED_EDGE('',*,*,#3645,.T.);
#4700=ORIENTED_EDGE('',*,*,#3651,.F.);
#4701=ORIENTED_EDGE('',*,*,#3652,.F.);
#4702=ORIENTED_EDGE('',*,*,#3653,.T.);
#4703=ORIENTED_EDGE('',*,*,#3649,.T.);
#4704=ORIENTED_EDGE('',*,*,#3654,.F.);
#4705=ORIENTED_EDGE('',*,*,#3647,.F.);
#4706=ORIENTED_EDGE('',*,*,#3655,.T.);
#4707=ORIENTED_EDGE('',*,*,#3652,.T.);
#4708=ORIENTED_EDGE('',*,*,#3646,.F.);
#4709=ORIENTED_EDGE('',*,*,#3650,.F.);
#4710=ORIENTED_EDGE('',*,*,#3653,.F.);
#4711=ORIENTED_EDGE('',*,*,#3655,.F.);
#4712=ORIENTED_EDGE('',*,*,#3644,.T.);
#4713=ORIENTED_EDGE('',*,*,#3654,.T.);
#4714=ORIENTED_EDGE('',*,*,#3651,.T.);
#4715=ORIENTED_EDGE('',*,*,#3648,.T.);
#4716=ORIENTED_EDGE('',*,*,#3656,.T.);
#4717=ORIENTED_EDGE('',*,*,#3657,.F.);
#4718=ORIENTED_EDGE('',*,*,#3658,.T.);
#4719=ORIENTED_EDGE('',*,*,#3659,.F.);
#4720=ORIENTED_EDGE('',*,*,#3660,.T.);
#4721=ORIENTED_EDGE('',*,*,#3661,.F.);
#4722=ORIENTED_EDGE('',*,*,#3658,.F.);
#4723=ORIENTED_EDGE('',*,*,#3662,.F.);
#4724=ORIENTED_EDGE('',*,*,#3663,.T.);
#4725=ORIENTED_EDGE('',*,*,#3664,.F.);
#4726=ORIENTED_EDGE('',*,*,#3656,.F.);
#4727=ORIENTED_EDGE('',*,*,#3665,.F.);
#4728=ORIENTED_EDGE('',*,*,#3660,.F.);
#4729=ORIENTED_EDGE('',*,*,#3666,.F.);
#4730=ORIENTED_EDGE('',*,*,#3663,.F.);
#4731=ORIENTED_EDGE('',*,*,#3667,.F.);
#4732=ORIENTED_EDGE('',*,*,#3668,.T.);
#4733=ORIENTED_EDGE('',*,*,#3669,.F.);
#4734=ORIENTED_EDGE('',*,*,#3670,.T.);
#4735=ORIENTED_EDGE('',*,*,#3671,.F.);
#4736=ORIENTED_EDGE('',*,*,#3672,.T.);
#4737=ORIENTED_EDGE('',*,*,#3673,.F.);
#4738=ORIENTED_EDGE('',*,*,#3670,.F.);
#4739=ORIENTED_EDGE('',*,*,#3674,.F.);
#4740=ORIENTED_EDGE('',*,*,#3675,.T.);
#4741=ORIENTED_EDGE('',*,*,#3676,.F.);
#4742=ORIENTED_EDGE('',*,*,#3668,.F.);
#4743=ORIENTED_EDGE('',*,*,#3677,.F.);
#4744=ORIENTED_EDGE('',*,*,#3672,.F.);
#4745=ORIENTED_EDGE('',*,*,#3678,.F.);
#4746=ORIENTED_EDGE('',*,*,#3675,.F.);
#4747=ORIENTED_EDGE('',*,*,#3679,.F.);
#4748=ORIENTED_EDGE('',*,*,#3680,.F.);
#4749=ORIENTED_EDGE('',*,*,#3681,.F.);
#4750=ORIENTED_EDGE('',*,*,#3682,.F.);
#4751=ORIENTED_EDGE('',*,*,#3683,.F.);
#4752=ORIENTED_EDGE('',*,*,#3684,.F.);
#4753=ORIENTED_EDGE('',*,*,#3685,.F.);
#4754=ORIENTED_EDGE('',*,*,#3686,.F.);
#4755=ORIENTED_EDGE('',*,*,#3687,.F.);
#4756=ORIENTED_EDGE('',*,*,#3688,.F.);
#4757=ORIENTED_EDGE('',*,*,#3689,.F.);
#4758=ORIENTED_EDGE('',*,*,#3690,.T.);
#4759=ORIENTED_EDGE('',*,*,#3691,.T.);
#4760=ORIENTED_EDGE('',*,*,#3692,.T.);
#4761=ORIENTED_EDGE('',*,*,#3693,.F.);
#4762=ORIENTED_EDGE('',*,*,#3690,.F.);
#4763=ORIENTED_EDGE('',*,*,#3694,.T.);
#4764=ORIENTED_EDGE('',*,*,#3695,.T.);
#4765=ORIENTED_EDGE('',*,*,#3696,.F.);
#4766=ORIENTED_EDGE('',*,*,#3691,.F.);
#4767=ORIENTED_EDGE('',*,*,#3693,.T.);
#4768=ORIENTED_EDGE('',*,*,#3697,.F.);
#4769=ORIENTED_EDGE('',*,*,#3698,.F.);
#4770=ORIENTED_EDGE('',*,*,#3688,.T.);
#4771=ORIENTED_EDGE('',*,*,#3696,.T.);
#4772=ORIENTED_EDGE('',*,*,#3699,.T.);
#4773=ORIENTED_EDGE('',*,*,#3700,.T.);
#4774=ORIENTED_EDGE('',*,*,#3701,.F.);
#4775=ORIENTED_EDGE('',*,*,#3702,.F.);
#4776=ORIENTED_EDGE('',*,*,#3703,.F.);
#4777=ORIENTED_EDGE('',*,*,#3704,.F.);
#4778=ORIENTED_EDGE('',*,*,#3702,.T.);
#4779=ORIENTED_EDGE('',*,*,#3705,.T.);
#4780=ORIENTED_EDGE('',*,*,#3706,.F.);
#4781=ORIENTED_EDGE('',*,*,#3705,.F.);
#4782=ORIENTED_EDGE('',*,*,#3701,.T.);
#4783=ORIENTED_EDGE('',*,*,#3707,.T.);
#4784=ORIENTED_EDGE('',*,*,#3708,.T.);
#4785=ORIENTED_EDGE('',*,*,#3707,.F.);
#4786=ORIENTED_EDGE('',*,*,#3700,.F.);
#4787=ORIENTED_EDGE('',*,*,#3709,.T.);
#4788=ORIENTED_EDGE('',*,*,#3704,.T.);
#4789=ORIENTED_EDGE('',*,*,#3694,.F.);
#4790=ORIENTED_EDGE('',*,*,#3689,.T.);
#4791=ORIENTED_EDGE('',*,*,#3698,.T.);
#4792=ORIENTED_EDGE('',*,*,#3709,.F.);
#4793=ORIENTED_EDGE('',*,*,#3699,.F.);
#4794=ORIENTED_EDGE('',*,*,#3710,.F.);
#4795=ORIENTED_EDGE('',*,*,#3711,.F.);
#4796=ORIENTED_EDGE('',*,*,#3712,.F.);
#4797=ORIENTED_EDGE('',*,*,#3713,.F.);
#4798=ORIENTED_EDGE('',*,*,#3714,.F.);
#4799=ORIENTED_EDGE('',*,*,#3715,.F.);
#4800=ORIENTED_EDGE('',*,*,#3716,.F.);
#4801=ORIENTED_EDGE('',*,*,#3717,.F.);
#4802=ORIENTED_EDGE('',*,*,#3718,.F.);
#4803=ORIENTED_EDGE('',*,*,#3719,.T.);
#4804=ORIENTED_EDGE('',*,*,#3720,.F.);
#4805=ORIENTED_EDGE('',*,*,#3721,.F.);
#4806=ORIENTED_EDGE('',*,*,#3722,.F.);
#4807=ORIENTED_EDGE('',*,*,#3723,.F.);
#4808=ORIENTED_EDGE('',*,*,#3724,.F.);
#4809=ORIENTED_EDGE('',*,*,#3725,.F.);
#4810=ORIENTED_EDGE('',*,*,#3726,.F.);
#4811=ORIENTED_EDGE('',*,*,#3727,.T.);
#4812=ORIENTED_EDGE('',*,*,#3728,.F.);
#4813=ORIENTED_EDGE('',*,*,#3729,.F.);
#4814=ORIENTED_EDGE('',*,*,#3730,.F.);
#4815=ORIENTED_EDGE('',*,*,#3731,.T.);
#4816=ORIENTED_EDGE('',*,*,#3732,.F.);
#4817=ORIENTED_EDGE('',*,*,#3733,.F.);
#4818=ORIENTED_EDGE('',*,*,#3734,.T.);
#4819=ORIENTED_EDGE('',*,*,#3733,.T.);
#4820=ORIENTED_EDGE('',*,*,#3735,.F.);
#4821=ORIENTED_EDGE('',*,*,#3736,.F.);
#4822=ORIENTED_EDGE('',*,*,#3735,.T.);
#4823=ORIENTED_EDGE('',*,*,#3732,.T.);
#4824=ORIENTED_EDGE('',*,*,#3737,.F.);
#4825=ORIENTED_EDGE('',*,*,#3738,.F.);
#4826=ORIENTED_EDGE('',*,*,#3739,.T.);
#4827=ORIENTED_EDGE('',*,*,#3730,.T.);
#4828=ORIENTED_EDGE('',*,*,#3734,.F.);
#4829=ORIENTED_EDGE('',*,*,#3740,.T.);
#4830=ORIENTED_EDGE('',*,*,#3741,.F.);
#4831=ORIENTED_EDGE('',*,*,#3710,.T.);
#4832=ORIENTED_EDGE('',*,*,#3742,.T.);
#4833=ORIENTED_EDGE('',*,*,#3743,.F.);
#4834=ORIENTED_EDGE('',*,*,#3744,.F.);
#4835=ORIENTED_EDGE('',*,*,#3712,.T.);
#4836=ORIENTED_EDGE('',*,*,#3745,.T.);
#4837=ORIENTED_EDGE('',*,*,#3746,.T.);
#4838=ORIENTED_EDGE('',*,*,#3745,.F.);
#4839=ORIENTED_EDGE('',*,*,#3711,.T.);
#4840=ORIENTED_EDGE('',*,*,#3741,.T.);
#4841=ORIENTED_EDGE('',*,*,#3747,.T.);
#4842=ORIENTED_EDGE('',*,*,#3748,.T.);
#4843=ORIENTED_EDGE('',*,*,#3729,.T.);
#4844=ORIENTED_EDGE('',*,*,#3749,.F.);
#4845=ORIENTED_EDGE('',*,*,#3750,.F.);
#4846=ORIENTED_EDGE('',*,*,#3749,.T.);
#4847=ORIENTED_EDGE('',*,*,#3728,.T.);
#4848=ORIENTED_EDGE('',*,*,#3751,.F.);
#4849=ORIENTED_EDGE('',*,*,#3752,.F.);
#4850=ORIENTED_EDGE('',*,*,#3753,.T.);
#4851=ORIENTED_EDGE('',*,*,#3726,.T.);
#4852=ORIENTED_EDGE('',*,*,#3748,.F.);
#4853=ORIENTED_EDGE('',*,*,#3754,.T.);
#4854=ORIENTED_EDGE('',*,*,#3755,.F.);
#4855=ORIENTED_EDGE('',*,*,#3714,.T.);
#4856=ORIENTED_EDGE('',*,*,#3756,.T.);
#4857=ORIENTED_EDGE('',*,*,#3757,.F.);
#4858=ORIENTED_EDGE('',*,*,#3758,.F.);
#4859=ORIENTED_EDGE('',*,*,#3716,.T.);
#4860=ORIENTED_EDGE('',*,*,#3759,.T.);
#4861=ORIENTED_EDGE('',*,*,#3760,.T.);
#4862=ORIENTED_EDGE('',*,*,#3759,.F.);
#4863=ORIENTED_EDGE('',*,*,#3715,.T.);
#4864=ORIENTED_EDGE('',*,*,#3755,.T.);
#4865=ORIENTED_EDGE('',*,*,#3761,.T.);
#4866=ORIENTED_EDGE('',*,*,#3762,.T.);
#4867=ORIENTED_EDGE('',*,*,#3723,.T.);
#4868=ORIENTED_EDGE('',*,*,#3763,.F.);
#4869=ORIENTED_EDGE('',*,*,#3764,.T.);
#4870=ORIENTED_EDGE('',*,*,#3765,.T.);
#4871=ORIENTED_EDGE('',*,*,#3724,.T.);
#4872=ORIENTED_EDGE('',*,*,#3762,.F.);
#4873=ORIENTED_EDGE('',*,*,#3766,.T.);
#4874=ORIENTED_EDGE('',*,*,#3763,.T.);
#4875=ORIENTED_EDGE('',*,*,#3722,.T.);
#4876=ORIENTED_EDGE('',*,*,#3767,.F.);
#4877=ORIENTED_EDGE('',*,*,#3768,.F.);
#4878=ORIENTED_EDGE('',*,*,#3769,.F.);
#4879=ORIENTED_EDGE('',*,*,#3718,.T.);
#4880=ORIENTED_EDGE('',*,*,#3770,.T.);
#4881=ORIENTED_EDGE('',*,*,#3771,.T.);
#4882=ORIENTED_EDGE('',*,*,#3772,.F.);
#4883=ORIENTED_EDGE('',*,*,#3720,.T.);
#4884=ORIENTED_EDGE('',*,*,#3773,.T.);
#4885=ORIENTED_EDGE('',*,*,#3774,.F.);
#4886=ORIENTED_EDGE('',*,*,#3770,.F.);
#4887=ORIENTED_EDGE('',*,*,#3721,.T.);
#4888=ORIENTED_EDGE('',*,*,#3772,.T.);
#4889=ORIENTED_EDGE('',*,*,#3775,.F.);
#4890=ORIENTED_EDGE('',*,*,#3776,.T.);
#4891=ORIENTED_EDGE('',*,*,#3777,.F.);
#4892=ORIENTED_EDGE('',*,*,#3778,.F.);
#4893=ORIENTED_EDGE('',*,*,#3779,.T.);
#4894=ORIENTED_EDGE('',*,*,#3780,.F.);
#4895=ORIENTED_EDGE('',*,*,#3781,.F.);
#4896=ORIENTED_EDGE('',*,*,#3782,.T.);
#4897=ORIENTED_EDGE('',*,*,#3783,.T.);
#4898=ORIENTED_EDGE('',*,*,#3784,.F.);
#4899=ORIENTED_EDGE('',*,*,#3785,.F.);
#4900=ORIENTED_EDGE('',*,*,#3786,.F.);
#4901=ORIENTED_EDGE('',*,*,#3787,.F.);
#4902=ORIENTED_EDGE('',*,*,#3788,.F.);
#4903=ORIENTED_EDGE('',*,*,#3789,.F.);
#4904=ORIENTED_EDGE('',*,*,#3790,.F.);
#4905=ORIENTED_EDGE('',*,*,#3791,.F.);
#4906=ORIENTED_EDGE('',*,*,#3792,.F.);
#4907=ORIENTED_EDGE('',*,*,#3793,.F.);
#4908=ORIENTED_EDGE('',*,*,#3794,.F.);
#4909=ORIENTED_EDGE('',*,*,#3795,.F.);
#4910=ORIENTED_EDGE('',*,*,#3796,.F.);
#4911=ORIENTED_EDGE('',*,*,#3797,.F.);
#4912=ORIENTED_EDGE('',*,*,#3798,.F.);
#4913=ORIENTED_EDGE('',*,*,#3799,.F.);
#4914=ORIENTED_EDGE('',*,*,#3800,.F.);
#4915=ORIENTED_EDGE('',*,*,#3801,.F.);
#4916=ORIENTED_EDGE('',*,*,#3802,.F.);
#4917=ORIENTED_EDGE('',*,*,#3803,.F.);
#4918=ORIENTED_EDGE('',*,*,#3804,.F.);
#4919=ORIENTED_EDGE('',*,*,#3805,.F.);
#4920=ORIENTED_EDGE('',*,*,#3806,.F.);
#4921=ORIENTED_EDGE('',*,*,#3807,.F.);
#4922=ORIENTED_EDGE('',*,*,#3808,.F.);
#4923=ORIENTED_EDGE('',*,*,#3809,.F.);
#4924=ORIENTED_EDGE('',*,*,#3810,.F.);
#4925=ORIENTED_EDGE('',*,*,#3811,.F.);
#4926=ORIENTED_EDGE('',*,*,#3812,.F.);
#4927=ORIENTED_EDGE('',*,*,#3813,.F.);
#4928=ORIENTED_EDGE('',*,*,#3814,.F.);
#4929=ORIENTED_EDGE('',*,*,#3815,.F.);
#4930=ORIENTED_EDGE('',*,*,#3816,.F.);
#4931=ORIENTED_EDGE('',*,*,#3817,.F.);
#4932=ORIENTED_EDGE('',*,*,#3818,.F.);
#4933=ORIENTED_EDGE('',*,*,#3819,.F.);
#4934=ORIENTED_EDGE('',*,*,#3820,.F.);
#4935=ORIENTED_EDGE('',*,*,#3821,.F.);
#4936=ORIENTED_EDGE('',*,*,#3822,.F.);
#4937=ORIENTED_EDGE('',*,*,#3823,.F.);
#4938=ORIENTED_EDGE('',*,*,#3824,.F.);
#4939=ORIENTED_EDGE('',*,*,#3825,.F.);
#4940=ORIENTED_EDGE('',*,*,#3826,.F.);
#4941=ORIENTED_EDGE('',*,*,#3827,.F.);
#4942=ORIENTED_EDGE('',*,*,#3828,.F.);
#4943=ORIENTED_EDGE('',*,*,#3829,.F.);
#4944=ORIENTED_EDGE('',*,*,#3830,.F.);
#4945=ORIENTED_EDGE('',*,*,#3831,.F.);
#4946=ORIENTED_EDGE('',*,*,#3832,.T.);
#4947=ORIENTED_EDGE('',*,*,#3812,.T.);
#4948=ORIENTED_EDGE('',*,*,#3833,.T.);
#4949=ORIENTED_EDGE('',*,*,#3834,.T.);
#4950=ORIENTED_EDGE('',*,*,#3835,.T.);
#4951=ORIENTED_EDGE('',*,*,#3804,.T.);
#4952=ORIENTED_EDGE('',*,*,#3836,.T.);
#4953=ORIENTED_EDGE('',*,*,#3805,.T.);
#4954=ORIENTED_EDGE('',*,*,#3835,.F.);
#4955=ORIENTED_EDGE('',*,*,#3837,.T.);
#4956=ORIENTED_EDGE('',*,*,#3838,.T.);
#4957=ORIENTED_EDGE('',*,*,#3813,.T.);
#4958=ORIENTED_EDGE('',*,*,#3832,.F.);
#4959=ORIENTED_EDGE('',*,*,#3807,.T.);
#4960=ORIENTED_EDGE('',*,*,#3833,.F.);
#4961=ORIENTED_EDGE('',*,*,#3815,.T.);
#4962=ORIENTED_EDGE('',*,*,#3839,.T.);
#4963=ORIENTED_EDGE('',*,*,#3840,.F.);
#4964=ORIENTED_EDGE('',*,*,#3841,.T.);
#4965=ORIENTED_EDGE('',*,*,#3837,.F.);
#4966=ORIENTED_EDGE('',*,*,#3834,.F.);
#4967=ORIENTED_EDGE('',*,*,#3840,.T.);
#4968=ORIENTED_EDGE('',*,*,#3842,.T.);
#4969=ORIENTED_EDGE('',*,*,#3808,.T.);
#4970=ORIENTED_EDGE('',*,*,#3843,.T.);
#4971=ORIENTED_EDGE('',*,*,#3844,.T.);
#4972=ORIENTED_EDGE('',*,*,#3845,.T.);
#4973=ORIENTED_EDGE('',*,*,#3800,.T.);
#4974=ORIENTED_EDGE('',*,*,#3846,.T.);
#4975=ORIENTED_EDGE('',*,*,#3801,.T.);
#4976=ORIENTED_EDGE('',*,*,#3845,.F.);
#4977=ORIENTED_EDGE('',*,*,#3847,.T.);
#4978=ORIENTED_EDGE('',*,*,#3848,.T.);
#4979=ORIENTED_EDGE('',*,*,#3809,.T.);
#4980=ORIENTED_EDGE('',*,*,#3842,.F.);
#4981=ORIENTED_EDGE('',*,*,#3803,.T.);
#4982=ORIENTED_EDGE('',*,*,#3843,.F.);
#4983=ORIENTED_EDGE('',*,*,#3811,.T.);
#4984=ORIENTED_EDGE('',*,*,#3849,.T.);
#4985=ORIENTED_EDGE('',*,*,#3850,.F.);
#4986=ORIENTED_EDGE('',*,*,#3851,.T.);
#4987=ORIENTED_EDGE('',*,*,#3847,.F.);
#4988=ORIENTED_EDGE('',*,*,#3844,.F.);
#4989=ORIENTED_EDGE('',*,*,#3850,.T.);
#4990=ORIENTED_EDGE('',*,*,#3852,.F.);
#4991=ORIENTED_EDGE('',*,*,#3789,.T.);
#4992=ORIENTED_EDGE('',*,*,#3853,.F.);
#4993=ORIENTED_EDGE('',*,*,#3785,.T.);
#4994=ORIENTED_EDGE('',*,*,#3854,.T.);
#4995=ORIENTED_EDGE('',*,*,#3823,.T.);
#4996=ORIENTED_EDGE('',*,*,#3855,.T.);
#4997=ORIENTED_EDGE('',*,*,#3819,.T.);
#4998=ORIENTED_EDGE('',*,*,#3856,.T.);
#4999=ORIENTED_EDGE('',*,*,#3787,.T.);
#5000=ORIENTED_EDGE('',*,*,#3857,.F.);
#5001=ORIENTED_EDGE('',*,*,#3821,.T.);
#5002=ORIENTED_EDGE('',*,*,#3858,.T.);
#5003=ORIENTED_EDGE('',*,*,#3859,.T.);
#5004=ORIENTED_EDGE('',*,*,#3858,.F.);
#5005=ORIENTED_EDGE('',*,*,#3820,.T.);
#5006=ORIENTED_EDGE('',*,*,#3854,.F.);
#5007=ORIENTED_EDGE('',*,*,#3818,.T.);
#5008=ORIENTED_EDGE('',*,*,#3860,.T.);
#5009=ORIENTED_EDGE('',*,*,#3861,.T.);
#5010=ORIENTED_EDGE('',*,*,#3862,.T.);
#5011=ORIENTED_EDGE('',*,*,#3791,.T.);
#5012=ORIENTED_EDGE('',*,*,#3863,.T.);
#5013=ORIENTED_EDGE('',*,*,#3864,.T.);
#5014=ORIENTED_EDGE('',*,*,#3860,.F.);
#5015=ORIENTED_EDGE('',*,*,#3817,.T.);
#5016=ORIENTED_EDGE('',*,*,#3853,.T.);
#5017=ORIENTED_EDGE('',*,*,#3788,.T.);
#5018=ORIENTED_EDGE('',*,*,#3862,.F.);
#5019=ORIENTED_EDGE('',*,*,#3816,.T.);
#5020=ORIENTED_EDGE('',*,*,#3855,.F.);
#5021=ORIENTED_EDGE('',*,*,#3822,.T.);
#5022=ORIENTED_EDGE('',*,*,#3857,.T.);
#5023=ORIENTED_EDGE('',*,*,#3786,.T.);
#5024=ORIENTED_EDGE('',*,*,#3846,.F.);
#5025=ORIENTED_EDGE('',*,*,#3851,.F.);
#5026=ORIENTED_EDGE('',*,*,#3849,.F.);
#5027=ORIENTED_EDGE('',*,*,#3810,.T.);
#5028=ORIENTED_EDGE('',*,*,#3848,.F.);
#5029=ORIENTED_EDGE('',*,*,#3802,.T.);
#5030=ORIENTED_EDGE('',*,*,#3865,.F.);
#5031=ORIENTED_EDGE('',*,*,#3797,.T.);
#5032=ORIENTED_EDGE('',*,*,#3866,.F.);
#5033=ORIENTED_EDGE('',*,*,#3793,.T.);
#5034=ORIENTED_EDGE('',*,*,#3867,.T.);
#5035=ORIENTED_EDGE('',*,*,#3831,.T.);
#5036=ORIENTED_EDGE('',*,*,#3868,.T.);
#5037=ORIENTED_EDGE('',*,*,#3827,.T.);
#5038=ORIENTED_EDGE('',*,*,#3869,.T.);
#5039=ORIENTED_EDGE('',*,*,#3799,.T.);
#5040=ORIENTED_EDGE('',*,*,#3870,.F.);
#5041=ORIENTED_EDGE('',*,*,#3829,.T.);
#5042=ORIENTED_EDGE('',*,*,#3871,.T.);
#5043=ORIENTED_EDGE('',*,*,#3872,.T.);
#5044=ORIENTED_EDGE('',*,*,#3871,.F.);
#5045=ORIENTED_EDGE('',*,*,#3828,.T.);
#5046=ORIENTED_EDGE('',*,*,#3867,.F.);
#5047=ORIENTED_EDGE('',*,*,#3826,.T.);
#5048=ORIENTED_EDGE('',*,*,#3873,.T.);
#5049=ORIENTED_EDGE('',*,*,#3874,.T.);
#5050=ORIENTED_EDGE('',*,*,#3875,.T.);
#5051=ORIENTED_EDGE('',*,*,#3795,.T.);
#5052=ORIENTED_EDGE('',*,*,#3876,.T.);
#5053=ORIENTED_EDGE('',*,*,#3877,.T.);
#5054=ORIENTED_EDGE('',*,*,#3873,.F.);
#5055=ORIENTED_EDGE('',*,*,#3825,.T.);
#5056=ORIENTED_EDGE('',*,*,#3870,.T.);
#5057=ORIENTED_EDGE('',*,*,#3798,.T.);
#5058=ORIENTED_EDGE('',*,*,#3865,.T.);
#5059=ORIENTED_EDGE('',*,*,#3792,.T.);
#5060=ORIENTED_EDGE('',*,*,#3875,.F.);
#5061=ORIENTED_EDGE('',*,*,#3824,.T.);
#5062=ORIENTED_EDGE('',*,*,#3868,.F.);
#5063=ORIENTED_EDGE('',*,*,#3830,.T.);
#5064=ORIENTED_EDGE('',*,*,#3836,.F.);
#5065=ORIENTED_EDGE('',*,*,#3841,.F.);
#5066=ORIENTED_EDGE('',*,*,#3839,.F.);
#5067=ORIENTED_EDGE('',*,*,#3814,.T.);
#5068=ORIENTED_EDGE('',*,*,#3838,.F.);
#5069=ORIENTED_EDGE('',*,*,#3806,.T.);
#5070=ORIENTED_EDGE('',*,*,#3878,.F.);
#5071=ORIENTED_EDGE('',*,*,#3879,.F.);
#5072=ORIENTED_EDGE('',*,*,#3880,.T.);
#5073=ORIENTED_EDGE('',*,*,#3881,.T.);
#5074=ORIENTED_EDGE('',*,*,#3882,.F.);
#5075=ORIENTED_EDGE('',*,*,#3883,.F.);
#5076=ORIENTED_EDGE('',*,*,#3881,.F.);
#5077=ORIENTED_EDGE('',*,*,#3884,.T.);
#5078=ORIENTED_EDGE('',*,*,#3885,.F.);
#5079=ORIENTED_EDGE('',*,*,#3884,.F.);
#5080=ORIENTED_EDGE('',*,*,#3880,.F.);
#5081=ORIENTED_EDGE('',*,*,#3886,.T.);
#5082=ORIENTED_EDGE('',*,*,#3887,.T.);
#5083=ORIENTED_EDGE('',*,*,#3888,.T.);
#5084=ORIENTED_EDGE('',*,*,#3886,.F.);
#5085=ORIENTED_EDGE('',*,*,#3879,.T.);
#5086=ORIENTED_EDGE('',*,*,#3883,.T.);
#5087=ORIENTED_EDGE('',*,*,#3889,.T.);
#5088=ORIENTED_EDGE('',*,*,#3887,.F.);
#5089=ORIENTED_EDGE('',*,*,#3878,.T.);
#5090=ORIENTED_EDGE('',*,*,#3890,.T.);
#5091=ORIENTED_EDGE('',*,*,#3891,.T.);
#5092=ORIENTED_EDGE('',*,*,#3892,.T.);
#5093=ORIENTED_EDGE('',*,*,#3893,.T.);
#5094=ORIENTED_EDGE('',*,*,#3894,.T.);
#5095=ORIENTED_EDGE('',*,*,#3895,.T.);
#5096=ORIENTED_EDGE('',*,*,#3896,.T.);
#5097=ORIENTED_EDGE('',*,*,#3897,.T.);
#5098=ORIENTED_EDGE('',*,*,#3889,.F.);
#5099=ORIENTED_EDGE('',*,*,#3882,.T.);
#5100=ORIENTED_EDGE('',*,*,#3885,.T.);
#5101=ORIENTED_EDGE('',*,*,#3888,.F.);
#5102=ORIENTED_EDGE('',*,*,#3898,.T.);
#5103=ORIENTED_EDGE('',*,*,#3899,.F.);
#5104=ORIENTED_EDGE('',*,*,#3891,.F.);
#5105=ORIENTED_EDGE('',*,*,#3900,.T.);
#5106=ORIENTED_EDGE('',*,*,#3901,.T.);
#5107=ORIENTED_EDGE('',*,*,#3902,.F.);
#5108=ORIENTED_EDGE('',*,*,#3892,.F.);
#5109=ORIENTED_EDGE('',*,*,#3899,.T.);
#5110=ORIENTED_EDGE('',*,*,#3903,.T.);
#5111=ORIENTED_EDGE('',*,*,#3904,.F.);
#5112=ORIENTED_EDGE('',*,*,#3893,.F.);
#5113=ORIENTED_EDGE('',*,*,#3902,.T.);
#5114=ORIENTED_EDGE('',*,*,#3905,.T.);
#5115=ORIENTED_EDGE('',*,*,#3906,.F.);
#5116=ORIENTED_EDGE('',*,*,#3894,.F.);
#5117=ORIENTED_EDGE('',*,*,#3904,.T.);
#5118=ORIENTED_EDGE('',*,*,#3907,.T.);
#5119=ORIENTED_EDGE('',*,*,#3908,.F.);
#5120=ORIENTED_EDGE('',*,*,#3895,.F.);
#5121=ORIENTED_EDGE('',*,*,#3906,.T.);
#5122=ORIENTED_EDGE('',*,*,#3909,.T.);
#5123=ORIENTED_EDGE('',*,*,#3910,.F.);
#5124=ORIENTED_EDGE('',*,*,#3896,.F.);
#5125=ORIENTED_EDGE('',*,*,#3908,.T.);
#5126=ORIENTED_EDGE('',*,*,#3911,.T.);
#5127=ORIENTED_EDGE('',*,*,#3912,.F.);
#5128=ORIENTED_EDGE('',*,*,#3897,.F.);
#5129=ORIENTED_EDGE('',*,*,#3910,.T.);
#5130=ORIENTED_EDGE('',*,*,#3913,.T.);
#5131=ORIENTED_EDGE('',*,*,#3900,.F.);
#5132=ORIENTED_EDGE('',*,*,#3890,.F.);
#5133=ORIENTED_EDGE('',*,*,#3912,.T.);
#5134=ORIENTED_EDGE('',*,*,#3914,.F.);
#5135=ORIENTED_EDGE('',*,*,#3915,.F.);
#5136=ORIENTED_EDGE('',*,*,#3916,.F.);
#5137=ORIENTED_EDGE('',*,*,#3917,.F.);
#5138=ORIENTED_EDGE('',*,*,#3918,.F.);
#5139=ORIENTED_EDGE('',*,*,#3919,.F.);
#5140=ORIENTED_EDGE('',*,*,#3920,.F.);
#5141=ORIENTED_EDGE('',*,*,#3921,.F.);
#5142=ORIENTED_EDGE('',*,*,#3922,.F.);
#5143=ORIENTED_EDGE('',*,*,#3923,.F.);
#5144=ORIENTED_EDGE('',*,*,#3924,.F.);
#5145=ORIENTED_EDGE('',*,*,#3925,.F.);
#5146=ORIENTED_EDGE('',*,*,#3926,.F.);
#5147=ORIENTED_EDGE('',*,*,#3927,.F.);
#5148=ORIENTED_EDGE('',*,*,#3928,.F.);
#5149=ORIENTED_EDGE('',*,*,#3929,.F.);
#5150=ORIENTED_EDGE('',*,*,#3930,.F.);
#5151=ORIENTED_EDGE('',*,*,#3919,.T.);
#5152=ORIENTED_EDGE('',*,*,#3931,.F.);
#5153=ORIENTED_EDGE('',*,*,#3915,.T.);
#5154=ORIENTED_EDGE('',*,*,#3932,.T.);
#5155=ORIENTED_EDGE('',*,*,#3929,.T.);
#5156=ORIENTED_EDGE('',*,*,#3933,.T.);
#5157=ORIENTED_EDGE('',*,*,#3925,.T.);
#5158=ORIENTED_EDGE('',*,*,#3934,.T.);
#5159=ORIENTED_EDGE('',*,*,#3921,.T.);
#5160=ORIENTED_EDGE('',*,*,#3935,.T.);
#5161=ORIENTED_EDGE('',*,*,#3936,.T.);
#5162=ORIENTED_EDGE('',*,*,#3937,.F.);
#5163=ORIENTED_EDGE('',*,*,#3923,.T.);
#5164=ORIENTED_EDGE('',*,*,#3931,.T.);
#5165=ORIENTED_EDGE('',*,*,#3918,.T.);
#5166=ORIENTED_EDGE('',*,*,#3934,.F.);
#5167=ORIENTED_EDGE('',*,*,#3922,.T.);
#5168=ORIENTED_EDGE('',*,*,#3933,.F.);
#5169=ORIENTED_EDGE('',*,*,#3928,.T.);
#5170=ORIENTED_EDGE('',*,*,#3938,.T.);
#5171=ORIENTED_EDGE('',*,*,#3916,.T.);
#5172=ORIENTED_EDGE('',*,*,#3898,.F.);
#5173=ORIENTED_EDGE('',*,*,#3913,.F.);
#5174=ORIENTED_EDGE('',*,*,#3911,.F.);
#5175=ORIENTED_EDGE('',*,*,#3909,.F.);
#5176=ORIENTED_EDGE('',*,*,#3907,.F.);
#5177=ORIENTED_EDGE('',*,*,#3905,.F.);
#5178=ORIENTED_EDGE('',*,*,#3903,.F.);
#5179=ORIENTED_EDGE('',*,*,#3901,.F.);
#5180=ORIENTED_EDGE('',*,*,#3939,.T.);
#5181=ORIENTED_EDGE('',*,*,#3917,.T.);
#5182=ORIENTED_EDGE('',*,*,#3938,.F.);
#5183=ORIENTED_EDGE('',*,*,#3927,.T.);
#5184=ORIENTED_EDGE('',*,*,#3940,.T.);
#5185=ORIENTED_EDGE('',*,*,#3941,.T.);
#5186=ORIENTED_EDGE('',*,*,#3940,.F.);
#5187=ORIENTED_EDGE('',*,*,#3926,.T.);
#5188=ORIENTED_EDGE('',*,*,#3932,.F.);
#5189=ORIENTED_EDGE('',*,*,#3924,.T.);
#5190=ORIENTED_EDGE('',*,*,#3937,.T.);
#5191=ORIENTED_EDGE('',*,*,#3942,.T.);
#5192=ORIENTED_EDGE('',*,*,#3943,.F.);
#5193=ORIENTED_EDGE('',*,*,#3944,.F.);
#5194=ORIENTED_EDGE('',*,*,#3945,.F.);
#5195=ORIENTED_EDGE('',*,*,#3946,.F.);
#5196=ORIENTED_EDGE('',*,*,#3947,.T.);
#5197=ORIENTED_EDGE('',*,*,#3946,.T.);
#5198=ORIENTED_EDGE('',*,*,#3948,.F.);
#5199=ORIENTED_EDGE('',*,*,#3949,.T.);
#5200=ORIENTED_EDGE('',*,*,#3950,.T.);
#5201=ORIENTED_EDGE('',*,*,#3944,.T.);
#5202=ORIENTED_EDGE('',*,*,#3951,.F.);
#5203=ORIENTED_EDGE('',*,*,#3952,.T.);
#5204=ORIENTED_EDGE('',*,*,#3948,.T.);
#5205=ORIENTED_EDGE('',*,*,#3945,.T.);
#5206=ORIENTED_EDGE('',*,*,#3950,.F.);
#5207=ORIENTED_EDGE('',*,*,#3953,.F.);
#5208=ORIENTED_EDGE('',*,*,#3954,.T.);
#5209=ORIENTED_EDGE('',*,*,#3955,.T.);
#5210=ORIENTED_EDGE('',*,*,#3956,.F.);
#5211=ORIENTED_EDGE('',*,*,#3951,.T.);
#5212=ORIENTED_EDGE('',*,*,#3943,.T.);
#5213=ORIENTED_EDGE('',*,*,#3947,.F.);
#5214=ORIENTED_EDGE('',*,*,#3957,.T.);
#5215=ORIENTED_EDGE('',*,*,#3958,.F.);
#5216=ORIENTED_EDGE('',*,*,#3959,.F.);
#5217=ORIENTED_EDGE('',*,*,#3960,.T.);
#5218=ORIENTED_EDGE('',*,*,#3961,.F.);
#5219=ORIENTED_EDGE('',*,*,#3962,.T.);
#5220=ORIENTED_EDGE('',*,*,#3963,.T.);
#5221=ORIENTED_EDGE('',*,*,#3964,.F.);
#5222=ORIENTED_EDGE('',*,*,#3965,.F.);
#5223=ORIENTED_EDGE('',*,*,#3966,.F.);
#5224=ORIENTED_EDGE('',*,*,#3964,.T.);
#5225=ORIENTED_EDGE('',*,*,#3967,.T.);
#5226=ORIENTED_EDGE('',*,*,#3968,.T.);
#5227=ORIENTED_EDGE('',*,*,#3967,.F.);
#5228=ORIENTED_EDGE('',*,*,#3963,.F.);
#5229=ORIENTED_EDGE('',*,*,#3969,.T.);
#5230=ORIENTED_EDGE('',*,*,#3970,.T.);
#5231=ORIENTED_EDGE('',*,*,#3969,.F.);
#5232=ORIENTED_EDGE('',*,*,#3962,.F.);
#5233=ORIENTED_EDGE('',*,*,#3971,.T.);
#5234=ORIENTED_EDGE('',*,*,#3957,.F.);
#5235=ORIENTED_EDGE('',*,*,#3949,.F.);
#5236=ORIENTED_EDGE('',*,*,#3956,.T.);
#5237=ORIENTED_EDGE('',*,*,#3972,.F.);
#5238=ORIENTED_EDGE('',*,*,#3971,.F.);
#5239=ORIENTED_EDGE('',*,*,#3961,.T.);
#5240=ORIENTED_EDGE('',*,*,#3966,.T.);
#5241=ORIENTED_EDGE('',*,*,#3973,.F.);
#5242=ORIENTED_EDGE('',*,*,#3952,.F.);
#5243=ORIENTED_EDGE('',*,*,#3960,.F.);
#5244=ORIENTED_EDGE('',*,*,#3974,.T.);
#5245=ORIENTED_EDGE('',*,*,#3975,.T.);
#5246=ORIENTED_EDGE('',*,*,#3976,.T.);
#5247=ORIENTED_EDGE('',*,*,#3977,.T.);
#5248=ORIENTED_EDGE('',*,*,#3978,.T.);
#5249=ORIENTED_EDGE('',*,*,#3953,.T.);
#5250=ORIENTED_EDGE('',*,*,#3979,.T.);
#5251=ORIENTED_EDGE('',*,*,#3980,.F.);
#5252=ORIENTED_EDGE('',*,*,#3976,.F.);
#5253=ORIENTED_EDGE('',*,*,#3981,.T.);
#5254=ORIENTED_EDGE('',*,*,#3982,.T.);
#5255=ORIENTED_EDGE('',*,*,#3983,.F.);
#5256=ORIENTED_EDGE('',*,*,#3977,.F.);
#5257=ORIENTED_EDGE('',*,*,#3980,.T.);
#5258=ORIENTED_EDGE('',*,*,#3974,.F.);
#5259=ORIENTED_EDGE('',*,*,#3959,.T.);
#5260=ORIENTED_EDGE('',*,*,#3984,.T.);
#5261=ORIENTED_EDGE('',*,*,#3985,.F.);
#5262=ORIENTED_EDGE('',*,*,#3986,.T.);
#5263=ORIENTED_EDGE('',*,*,#3981,.F.);
#5264=ORIENTED_EDGE('',*,*,#3975,.F.);
#5265=ORIENTED_EDGE('',*,*,#3985,.T.);
#5266=ORIENTED_EDGE('',*,*,#3987,.T.);
#5267=ORIENTED_EDGE('',*,*,#3988,.T.);
#5268=ORIENTED_EDGE('',*,*,#3989,.T.);
#5269=ORIENTED_EDGE('',*,*,#3990,.T.);
#5270=ORIENTED_EDGE('',*,*,#3991,.T.);
#5271=ORIENTED_EDGE('',*,*,#3992,.F.);
#5272=ORIENTED_EDGE('',*,*,#3990,.F.);
#5273=ORIENTED_EDGE('',*,*,#3993,.T.);
#5274=ORIENTED_EDGE('',*,*,#3994,.T.);
#5275=ORIENTED_EDGE('',*,*,#3993,.F.);
#5276=ORIENTED_EDGE('',*,*,#3989,.F.);
#5277=ORIENTED_EDGE('',*,*,#3995,.T.);
#5278=ORIENTED_EDGE('',*,*,#3996,.T.);
#5279=ORIENTED_EDGE('',*,*,#3995,.F.);
#5280=ORIENTED_EDGE('',*,*,#3988,.F.);
#5281=ORIENTED_EDGE('',*,*,#3997,.T.);
#5282=ORIENTED_EDGE('',*,*,#3998,.T.);
#5283=ORIENTED_EDGE('',*,*,#3997,.F.);
#5284=ORIENTED_EDGE('',*,*,#3987,.F.);
#5285=ORIENTED_EDGE('',*,*,#3992,.T.);
#5286=ORIENTED_EDGE('',*,*,#3999,.T.);
#5287=ORIENTED_EDGE('',*,*,#4000,.T.);
#5288=ORIENTED_EDGE('',*,*,#4001,.T.);
#5289=ORIENTED_EDGE('',*,*,#4002,.T.);
#5290=ORIENTED_EDGE('',*,*,#4003,.T.);
#5291=ORIENTED_EDGE('',*,*,#4004,.F.);
#5292=ORIENTED_EDGE('',*,*,#4002,.F.);
#5293=ORIENTED_EDGE('',*,*,#4005,.T.);
#5294=ORIENTED_EDGE('',*,*,#4006,.T.);
#5295=ORIENTED_EDGE('',*,*,#4005,.F.);
#5296=ORIENTED_EDGE('',*,*,#4001,.F.);
#5297=ORIENTED_EDGE('',*,*,#4007,.T.);
#5298=ORIENTED_EDGE('',*,*,#4008,.T.);
#5299=ORIENTED_EDGE('',*,*,#4007,.F.);
#5300=ORIENTED_EDGE('',*,*,#4000,.F.);
#5301=ORIENTED_EDGE('',*,*,#4009,.T.);
#5302=ORIENTED_EDGE('',*,*,#4010,.T.);
#5303=ORIENTED_EDGE('',*,*,#4009,.F.);
#5304=ORIENTED_EDGE('',*,*,#3999,.F.);
#5305=ORIENTED_EDGE('',*,*,#4004,.T.);
#5306=ORIENTED_EDGE('',*,*,#4011,.T.);
#5307=ORIENTED_EDGE('',*,*,#4012,.T.);
#5308=ORIENTED_EDGE('',*,*,#4013,.F.);
#5309=ORIENTED_EDGE('',*,*,#4014,.F.);
#5310=ORIENTED_EDGE('',*,*,#4015,.F.);
#5311=ORIENTED_EDGE('',*,*,#4016,.F.);
#5312=ORIENTED_EDGE('',*,*,#4017,.F.);
#5313=ORIENTED_EDGE('',*,*,#4018,.F.);
#5314=ORIENTED_EDGE('',*,*,#4014,.T.);
#5315=ORIENTED_EDGE('',*,*,#4019,.T.);
#5316=ORIENTED_EDGE('',*,*,#4020,.F.);
#5317=ORIENTED_EDGE('',*,*,#4019,.F.);
#5318=ORIENTED_EDGE('',*,*,#4013,.T.);
#5319=ORIENTED_EDGE('',*,*,#4021,.T.);
#5320=ORIENTED_EDGE('',*,*,#4022,.T.);
#5321=ORIENTED_EDGE('',*,*,#4023,.T.);
#5322=ORIENTED_EDGE('',*,*,#4021,.F.);
#5323=ORIENTED_EDGE('',*,*,#4012,.F.);
#5324=ORIENTED_EDGE('',*,*,#4024,.T.);
#5325=ORIENTED_EDGE('',*,*,#4025,.T.);
#5326=ORIENTED_EDGE('',*,*,#4026,.T.);
#5327=ORIENTED_EDGE('',*,*,#4027,.T.);
#5328=ORIENTED_EDGE('',*,*,#4028,.F.);
#5329=ORIENTED_EDGE('',*,*,#4025,.F.);
#5330=ORIENTED_EDGE('',*,*,#4029,.F.);
#5331=ORIENTED_EDGE('',*,*,#4022,.F.);
#5332=ORIENTED_EDGE('',*,*,#4028,.T.);
#5333=ORIENTED_EDGE('',*,*,#4030,.T.);
#5334=ORIENTED_EDGE('',*,*,#4031,.T.);
#5335=ORIENTED_EDGE('',*,*,#4030,.F.);
#5336=ORIENTED_EDGE('',*,*,#4027,.F.);
#5337=ORIENTED_EDGE('',*,*,#4032,.T.);
#5338=ORIENTED_EDGE('',*,*,#4033,.T.);
#5339=ORIENTED_EDGE('',*,*,#4017,.T.);
#5340=ORIENTED_EDGE('',*,*,#4034,.F.);
#5341=ORIENTED_EDGE('',*,*,#4035,.F.);
#5342=ORIENTED_EDGE('',*,*,#4036,.F.);
#5343=ORIENTED_EDGE('',*,*,#4037,.F.);
#5344=ORIENTED_EDGE('',*,*,#4035,.T.);
#5345=ORIENTED_EDGE('',*,*,#4038,.T.);
#5346=ORIENTED_EDGE('',*,*,#4039,.F.);
#5347=ORIENTED_EDGE('',*,*,#4038,.F.);
#5348=ORIENTED_EDGE('',*,*,#4034,.T.);
#5349=ORIENTED_EDGE('',*,*,#4016,.T.);
#5350=ORIENTED_EDGE('',*,*,#4040,.T.);
#5351=ORIENTED_EDGE('',*,*,#4032,.F.);
#5352=ORIENTED_EDGE('',*,*,#4026,.F.);
#5353=ORIENTED_EDGE('',*,*,#4024,.F.);
#5354=ORIENTED_EDGE('',*,*,#4011,.F.);
#5355=ORIENTED_EDGE('',*,*,#4018,.T.);
#5356=ORIENTED_EDGE('',*,*,#4033,.F.);
#5357=ORIENTED_EDGE('',*,*,#4037,.T.);
#5358=ORIENTED_EDGE('',*,*,#4041,.T.);
#5359=ORIENTED_EDGE('',*,*,#4042,.T.);
#5360=ORIENTED_EDGE('',*,*,#4043,.T.);
#5361=ORIENTED_EDGE('',*,*,#4044,.T.);
#5362=ORIENTED_EDGE('',*,*,#4045,.T.);
#5363=ORIENTED_EDGE('',*,*,#4046,.F.);
#5364=ORIENTED_EDGE('',*,*,#4044,.F.);
#5365=ORIENTED_EDGE('',*,*,#4047,.T.);
#5366=ORIENTED_EDGE('',*,*,#4048,.T.);
#5367=ORIENTED_EDGE('',*,*,#4047,.F.);
#5368=ORIENTED_EDGE('',*,*,#4043,.F.);
#5369=ORIENTED_EDGE('',*,*,#4049,.T.);
#5370=ORIENTED_EDGE('',*,*,#4050,.T.);
#5371=ORIENTED_EDGE('',*,*,#4049,.F.);
#5372=ORIENTED_EDGE('',*,*,#4042,.F.);
#5373=ORIENTED_EDGE('',*,*,#4051,.T.);
#5374=ORIENTED_EDGE('',*,*,#4052,.T.);
#5375=ORIENTED_EDGE('',*,*,#4051,.F.);
#5376=ORIENTED_EDGE('',*,*,#4041,.F.);
#5377=ORIENTED_EDGE('',*,*,#4046,.T.);
#5378=ORIENTED_EDGE('',*,*,#4053,.T.);
#5379=ORIENTED_EDGE('',*,*,#4054,.T.);
#5380=ORIENTED_EDGE('',*,*,#4055,.T.);
#5381=ORIENTED_EDGE('',*,*,#4056,.T.);
#5382=ORIENTED_EDGE('',*,*,#4057,.T.);
#5383=ORIENTED_EDGE('',*,*,#4058,.F.);
#5384=ORIENTED_EDGE('',*,*,#4056,.F.);
#5385=ORIENTED_EDGE('',*,*,#4059,.T.);
#5386=ORIENTED_EDGE('',*,*,#4060,.T.);
#5387=ORIENTED_EDGE('',*,*,#4059,.F.);
#5388=ORIENTED_EDGE('',*,*,#4055,.F.);
#5389=ORIENTED_EDGE('',*,*,#4061,.T.);
#5390=ORIENTED_EDGE('',*,*,#4062,.T.);
#5391=ORIENTED_EDGE('',*,*,#4061,.F.);
#5392=ORIENTED_EDGE('',*,*,#4054,.F.);
#5393=ORIENTED_EDGE('',*,*,#4063,.T.);
#5394=ORIENTED_EDGE('',*,*,#4064,.T.);
#5395=ORIENTED_EDGE('',*,*,#4063,.F.);
#5396=ORIENTED_EDGE('',*,*,#4053,.F.);
#5397=ORIENTED_EDGE('',*,*,#4058,.T.);
#5398=ORIENTED_EDGE('',*,*,#4065,.T.);
#5399=ORIENTED_EDGE('',*,*,#4066,.T.);
#5400=ORIENTED_EDGE('',*,*,#4067,.T.);
#5401=ORIENTED_EDGE('',*,*,#4068,.T.);
#5402=ORIENTED_EDGE('',*,*,#4069,.T.);
#5403=ORIENTED_EDGE('',*,*,#4070,.F.);
#5404=ORIENTED_EDGE('',*,*,#4068,.F.);
#5405=ORIENTED_EDGE('',*,*,#4071,.T.);
#5406=ORIENTED_EDGE('',*,*,#4072,.T.);
#5407=ORIENTED_EDGE('',*,*,#4071,.F.);
#5408=ORIENTED_EDGE('',*,*,#4067,.F.);
#5409=ORIENTED_EDGE('',*,*,#4073,.T.);
#5410=ORIENTED_EDGE('',*,*,#4074,.T.);
#5411=ORIENTED_EDGE('',*,*,#4073,.F.);
#5412=ORIENTED_EDGE('',*,*,#4066,.F.);
#5413=ORIENTED_EDGE('',*,*,#4075,.T.);
#5414=ORIENTED_EDGE('',*,*,#4076,.T.);
#5415=ORIENTED_EDGE('',*,*,#4075,.F.);
#5416=ORIENTED_EDGE('',*,*,#4065,.F.);
#5417=ORIENTED_EDGE('',*,*,#4070,.T.);
#5418=ORIENTED_EDGE('',*,*,#4077,.T.);
#5419=ORIENTED_EDGE('',*,*,#4078,.T.);
#5420=ORIENTED_EDGE('',*,*,#4079,.T.);
#5421=ORIENTED_EDGE('',*,*,#4080,.T.);
#5422=ORIENTED_EDGE('',*,*,#4081,.T.);
#5423=ORIENTED_EDGE('',*,*,#4082,.F.);
#5424=ORIENTED_EDGE('',*,*,#4080,.F.);
#5425=ORIENTED_EDGE('',*,*,#4083,.T.);
#5426=ORIENTED_EDGE('',*,*,#4084,.T.);
#5427=ORIENTED_EDGE('',*,*,#4083,.F.);
#5428=ORIENTED_EDGE('',*,*,#4079,.F.);
#5429=ORIENTED_EDGE('',*,*,#4085,.T.);
#5430=ORIENTED_EDGE('',*,*,#4086,.T.);
#5431=ORIENTED_EDGE('',*,*,#4085,.F.);
#5432=ORIENTED_EDGE('',*,*,#4078,.F.);
#5433=ORIENTED_EDGE('',*,*,#4087,.T.);
#5434=ORIENTED_EDGE('',*,*,#4088,.T.);
#5435=ORIENTED_EDGE('',*,*,#4087,.F.);
#5436=ORIENTED_EDGE('',*,*,#4077,.F.);
#5437=ORIENTED_EDGE('',*,*,#4082,.T.);
#5438=ORIENTED_EDGE('',*,*,#4089,.T.);
#5439=ORIENTED_EDGE('',*,*,#4090,.T.);
#5440=ORIENTED_EDGE('',*,*,#4091,.T.);
#5441=ORIENTED_EDGE('',*,*,#4092,.T.);
#5442=ORIENTED_EDGE('',*,*,#4093,.T.);
#5443=ORIENTED_EDGE('',*,*,#4094,.F.);
#5444=ORIENTED_EDGE('',*,*,#4092,.F.);
#5445=ORIENTED_EDGE('',*,*,#4095,.T.);
#5446=ORIENTED_EDGE('',*,*,#4096,.T.);
#5447=ORIENTED_EDGE('',*,*,#4095,.F.);
#5448=ORIENTED_EDGE('',*,*,#4091,.F.);
#5449=ORIENTED_EDGE('',*,*,#4097,.T.);
#5450=ORIENTED_EDGE('',*,*,#4098,.T.);
#5451=ORIENTED_EDGE('',*,*,#4097,.F.);
#5452=ORIENTED_EDGE('',*,*,#4090,.F.);
#5453=ORIENTED_EDGE('',*,*,#4099,.T.);
#5454=ORIENTED_EDGE('',*,*,#4100,.T.);
#5455=ORIENTED_EDGE('',*,*,#4099,.F.);
#5456=ORIENTED_EDGE('',*,*,#4089,.F.);
#5457=ORIENTED_EDGE('',*,*,#4094,.T.);
#5458=ORIENTED_EDGE('',*,*,#4101,.T.);
#5459=ORIENTED_EDGE('',*,*,#4102,.T.);
#5460=ORIENTED_EDGE('',*,*,#4103,.T.);
#5461=ORIENTED_EDGE('',*,*,#4104,.T.);
#5462=ORIENTED_EDGE('',*,*,#4105,.T.);
#5463=ORIENTED_EDGE('',*,*,#4106,.F.);
#5464=ORIENTED_EDGE('',*,*,#4104,.F.);
#5465=ORIENTED_EDGE('',*,*,#4107,.T.);
#5466=ORIENTED_EDGE('',*,*,#4108,.T.);
#5467=ORIENTED_EDGE('',*,*,#4107,.F.);
#5468=ORIENTED_EDGE('',*,*,#4103,.F.);
#5469=ORIENTED_EDGE('',*,*,#4109,.T.);
#5470=ORIENTED_EDGE('',*,*,#4110,.T.);
#5471=ORIENTED_EDGE('',*,*,#4109,.F.);
#5472=ORIENTED_EDGE('',*,*,#4102,.F.);
#5473=ORIENTED_EDGE('',*,*,#4111,.T.);
#5474=ORIENTED_EDGE('',*,*,#4112,.T.);
#5475=ORIENTED_EDGE('',*,*,#4111,.F.);
#5476=ORIENTED_EDGE('',*,*,#4101,.F.);
#5477=ORIENTED_EDGE('',*,*,#4106,.T.);
#5478=ORIENTED_EDGE('',*,*,#4113,.T.);
#5479=ORIENTED_EDGE('',*,*,#4114,.T.);
#5480=ORIENTED_EDGE('',*,*,#4115,.T.);
#5481=ORIENTED_EDGE('',*,*,#4116,.T.);
#5482=ORIENTED_EDGE('',*,*,#4117,.T.);
#5483=ORIENTED_EDGE('',*,*,#4118,.F.);
#5484=ORIENTED_EDGE('',*,*,#4116,.F.);
#5485=ORIENTED_EDGE('',*,*,#4119,.T.);
#5486=ORIENTED_EDGE('',*,*,#4120,.T.);
#5487=ORIENTED_EDGE('',*,*,#4119,.F.);
#5488=ORIENTED_EDGE('',*,*,#4115,.F.);
#5489=ORIENTED_EDGE('',*,*,#4121,.T.);
#5490=ORIENTED_EDGE('',*,*,#4122,.T.);
#5491=ORIENTED_EDGE('',*,*,#4121,.F.);
#5492=ORIENTED_EDGE('',*,*,#4114,.F.);
#5493=ORIENTED_EDGE('',*,*,#4123,.T.);
#5494=ORIENTED_EDGE('',*,*,#4124,.T.);
#5495=ORIENTED_EDGE('',*,*,#4123,.F.);
#5496=ORIENTED_EDGE('',*,*,#4113,.F.);
#5497=ORIENTED_EDGE('',*,*,#4118,.T.);
#5498=ORIENTED_EDGE('',*,*,#4125,.T.);
#5499=ORIENTED_EDGE('',*,*,#4126,.T.);
#5500=ORIENTED_EDGE('',*,*,#4127,.T.);
#5501=ORIENTED_EDGE('',*,*,#4128,.T.);
#5502=ORIENTED_EDGE('',*,*,#4129,.T.);
#5503=ORIENTED_EDGE('',*,*,#4130,.F.);
#5504=ORIENTED_EDGE('',*,*,#4128,.F.);
#5505=ORIENTED_EDGE('',*,*,#4131,.T.);
#5506=ORIENTED_EDGE('',*,*,#4132,.T.);
#5507=ORIENTED_EDGE('',*,*,#4131,.F.);
#5508=ORIENTED_EDGE('',*,*,#4127,.F.);
#5509=ORIENTED_EDGE('',*,*,#4133,.T.);
#5510=ORIENTED_EDGE('',*,*,#4134,.T.);
#5511=ORIENTED_EDGE('',*,*,#4133,.F.);
#5512=ORIENTED_EDGE('',*,*,#4126,.F.);
#5513=ORIENTED_EDGE('',*,*,#4135,.T.);
#5514=ORIENTED_EDGE('',*,*,#4136,.T.);
#5515=ORIENTED_EDGE('',*,*,#4135,.F.);
#5516=ORIENTED_EDGE('',*,*,#4125,.F.);
#5517=ORIENTED_EDGE('',*,*,#4130,.T.);
#5518=ORIENTED_EDGE('',*,*,#4137,.T.);
#5519=ORIENTED_EDGE('',*,*,#4138,.T.);
#5520=ORIENTED_EDGE('',*,*,#4139,.T.);
#5521=ORIENTED_EDGE('',*,*,#4140,.T.);
#5522=ORIENTED_EDGE('',*,*,#4141,.T.);
#5523=ORIENTED_EDGE('',*,*,#4142,.F.);
#5524=ORIENTED_EDGE('',*,*,#4140,.F.);
#5525=ORIENTED_EDGE('',*,*,#4143,.T.);
#5526=ORIENTED_EDGE('',*,*,#4144,.T.);
#5527=ORIENTED_EDGE('',*,*,#4143,.F.);
#5528=ORIENTED_EDGE('',*,*,#4139,.F.);
#5529=ORIENTED_EDGE('',*,*,#4145,.T.);
#5530=ORIENTED_EDGE('',*,*,#4146,.T.);
#5531=ORIENTED_EDGE('',*,*,#4145,.F.);
#5532=ORIENTED_EDGE('',*,*,#4138,.F.);
#5533=ORIENTED_EDGE('',*,*,#4147,.T.);
#5534=ORIENTED_EDGE('',*,*,#4148,.T.);
#5535=ORIENTED_EDGE('',*,*,#4147,.F.);
#5536=ORIENTED_EDGE('',*,*,#4137,.F.);
#5537=ORIENTED_EDGE('',*,*,#4142,.T.);
#5538=ORIENTED_EDGE('',*,*,#4149,.F.);
#5539=ORIENTED_EDGE('',*,*,#4150,.T.);
#5540=ORIENTED_EDGE('',*,*,#4151,.F.);
#5541=ORIENTED_EDGE('',*,*,#4152,.F.);
#5542=ORIENTED_EDGE('',*,*,#4153,.F.);
#5543=ORIENTED_EDGE('',*,*,#4154,.F.);
#5544=ORIENTED_EDGE('',*,*,#4155,.F.);
#5545=ORIENTED_EDGE('',*,*,#4156,.F.);
#5546=ORIENTED_EDGE('',*,*,#4157,.F.);
#5547=ORIENTED_EDGE('',*,*,#4158,.F.);
#5548=ORIENTED_EDGE('',*,*,#4159,.F.);
#5549=ORIENTED_EDGE('',*,*,#4160,.F.);
#5550=ORIENTED_EDGE('',*,*,#4161,.F.);
#5551=ORIENTED_EDGE('',*,*,#4162,.F.);
#5552=ORIENTED_EDGE('',*,*,#4163,.F.);
#5553=ORIENTED_EDGE('',*,*,#4164,.F.);
#5554=ORIENTED_EDGE('',*,*,#4165,.F.);
#5555=ORIENTED_EDGE('',*,*,#4166,.F.);
#5556=ORIENTED_EDGE('',*,*,#4167,.F.);
#5557=ORIENTED_EDGE('',*,*,#4168,.F.);
#5558=ORIENTED_EDGE('',*,*,#4169,.F.);
#5559=ORIENTED_EDGE('',*,*,#4170,.F.);
#5560=ORIENTED_EDGE('',*,*,#4171,.F.);
#5561=ORIENTED_EDGE('',*,*,#4172,.F.);
#5562=ORIENTED_EDGE('',*,*,#4173,.F.);
#5563=ORIENTED_EDGE('',*,*,#4174,.F.);
#5564=ORIENTED_EDGE('',*,*,#4175,.F.);
#5565=ORIENTED_EDGE('',*,*,#4176,.F.);
#5566=ORIENTED_EDGE('',*,*,#4177,.F.);
#5567=ORIENTED_EDGE('',*,*,#4178,.T.);
#5568=ORIENTED_EDGE('',*,*,#4179,.F.);
#5569=ORIENTED_EDGE('',*,*,#4180,.F.);
#5570=ORIENTED_EDGE('',*,*,#4181,.F.);
#5571=ORIENTED_EDGE('',*,*,#4154,.T.);
#5572=ORIENTED_EDGE('',*,*,#4182,.T.);
#5573=ORIENTED_EDGE('',*,*,#4183,.T.);
#5574=ORIENTED_EDGE('',*,*,#4184,.F.);
#5575=ORIENTED_EDGE('',*,*,#4155,.T.);
#5576=ORIENTED_EDGE('',*,*,#4181,.T.);
#5577=ORIENTED_EDGE('',*,*,#4185,.T.);
#5578=ORIENTED_EDGE('',*,*,#4182,.F.);
#5579=ORIENTED_EDGE('',*,*,#4153,.T.);
#5580=ORIENTED_EDGE('',*,*,#4186,.T.);
#5581=ORIENTED_EDGE('',*,*,#4187,.F.);
#5582=ORIENTED_EDGE('',*,*,#4188,.F.);
#5583=ORIENTED_EDGE('',*,*,#4152,.T.);
#5584=ORIENTED_EDGE('',*,*,#4189,.T.);
#5585=ORIENTED_EDGE('',*,*,#4190,.F.);
#5586=ORIENTED_EDGE('',*,*,#4191,.F.);
#5587=ORIENTED_EDGE('',*,*,#4149,.T.);
#5588=ORIENTED_EDGE('',*,*,#4188,.T.);
#5589=ORIENTED_EDGE('',*,*,#4192,.T.);
#5590=ORIENTED_EDGE('',*,*,#4189,.F.);
#5591=ORIENTED_EDGE('',*,*,#4151,.T.);
#5592=ORIENTED_EDGE('',*,*,#4193,.T.);
#5593=ORIENTED_EDGE('',*,*,#4194,.F.);
#5594=ORIENTED_EDGE('',*,*,#4195,.F.);
#5595=ORIENTED_EDGE('',*,*,#4162,.T.);
#5596=ORIENTED_EDGE('',*,*,#4196,.T.);
#5597=ORIENTED_EDGE('',*,*,#4197,.T.);
#5598=ORIENTED_EDGE('',*,*,#4198,.F.);
#5599=ORIENTED_EDGE('',*,*,#4163,.T.);
#5600=ORIENTED_EDGE('',*,*,#4195,.T.);
#5601=ORIENTED_EDGE('',*,*,#4199,.T.);
#5602=ORIENTED_EDGE('',*,*,#4196,.F.);
#5603=ORIENTED_EDGE('',*,*,#4161,.T.);
#5604=ORIENTED_EDGE('',*,*,#4200,.T.);
#5605=ORIENTED_EDGE('',*,*,#4201,.F.);
#5606=ORIENTED_EDGE('',*,*,#4202,.F.);
#5607=ORIENTED_EDGE('',*,*,#4174,.T.);
#5608=ORIENTED_EDGE('',*,*,#4203,.T.);
#5609=ORIENTED_EDGE('',*,*,#4204,.F.);
#5610=ORIENTED_EDGE('',*,*,#4205,.F.);
#5611=ORIENTED_EDGE('',*,*,#4175,.T.);
#5612=ORIENTED_EDGE('',*,*,#4202,.T.);
#5613=ORIENTED_EDGE('',*,*,#4206,.T.);
#5614=ORIENTED_EDGE('',*,*,#4203,.F.);
#5615=ORIENTED_EDGE('',*,*,#4173,.T.);
#5616=ORIENTED_EDGE('',*,*,#4207,.T.);
#5617=ORIENTED_EDGE('',*,*,#4208,.F.);
#5618=ORIENTED_EDGE('',*,*,#4209,.F.);
#5619=ORIENTED_EDGE('',*,*,#4170,.T.);
#5620=ORIENTED_EDGE('',*,*,#4210,.T.);
#5621=ORIENTED_EDGE('',*,*,#4211,.F.);
#5622=ORIENTED_EDGE('',*,*,#4210,.F.);
#5623=ORIENTED_EDGE('',*,*,#4169,.T.);
#5624=ORIENTED_EDGE('',*,*,#4212,.T.);
#5625=ORIENTED_EDGE('',*,*,#4213,.F.);
#5626=ORIENTED_EDGE('',*,*,#4214,.F.);
#5627=ORIENTED_EDGE('',*,*,#4171,.T.);
#5628=ORIENTED_EDGE('',*,*,#4209,.T.);
#5629=ORIENTED_EDGE('',*,*,#4215,.T.);
#5630=ORIENTED_EDGE('',*,*,#4216,.F.);
#5631=ORIENTED_EDGE('',*,*,#4180,.T.);
#5632=ORIENTED_EDGE('',*,*,#4217,.T.);
#5633=ORIENTED_EDGE('',*,*,#4218,.F.);
#5634=ORIENTED_EDGE('',*,*,#4219,.F.);
#5635=ORIENTED_EDGE('',*,*,#4177,.T.);
#5636=ORIENTED_EDGE('',*,*,#4216,.T.);
#5637=ORIENTED_EDGE('',*,*,#4220,.T.);
#5638=ORIENTED_EDGE('',*,*,#4217,.F.);
#5639=ORIENTED_EDGE('',*,*,#4179,.T.);
#5640=ORIENTED_EDGE('',*,*,#4221,.T.);
#5641=ORIENTED_EDGE('',*,*,#4222,.F.);
#5642=ORIENTED_EDGE('',*,*,#4223,.F.);
#5643=ORIENTED_EDGE('',*,*,#4166,.T.);
#5644=ORIENTED_EDGE('',*,*,#4224,.T.);
#5645=ORIENTED_EDGE('',*,*,#4225,.T.);
#5646=ORIENTED_EDGE('',*,*,#4224,.F.);
#5647=ORIENTED_EDGE('',*,*,#4165,.T.);
#5648=ORIENTED_EDGE('',*,*,#4226,.T.);
#5649=ORIENTED_EDGE('',*,*,#4227,.F.);
#5650=ORIENTED_EDGE('',*,*,#4228,.F.);
#5651=ORIENTED_EDGE('',*,*,#4167,.T.);
#5652=ORIENTED_EDGE('',*,*,#4223,.T.);
#5653=ORIENTED_EDGE('',*,*,#4229,.T.);
#5654=ORIENTED_EDGE('',*,*,#4230,.F.);
#5655=ORIENTED_EDGE('',*,*,#4158,.T.);
#5656=ORIENTED_EDGE('',*,*,#4231,.T.);
#5657=ORIENTED_EDGE('',*,*,#4232,.F.);
#5658=ORIENTED_EDGE('',*,*,#4233,.F.);
#5659=ORIENTED_EDGE('',*,*,#4159,.T.);
#5660=ORIENTED_EDGE('',*,*,#4230,.T.);
#5661=ORIENTED_EDGE('',*,*,#4234,.T.);
#5662=ORIENTED_EDGE('',*,*,#4231,.F.);
#5663=ORIENTED_EDGE('',*,*,#4157,.T.);
#5664=ORIENTED_EDGE('',*,*,#4235,.T.);
#5665=ORIENTED_EDGE('',*,*,#4236,.F.);
#5666=ORIENTED_EDGE('',*,*,#4237,.T.);
#5667=ORIENTED_EDGE('',*,*,#4238,.T.);
#5668=ORIENTED_EDGE('',*,*,#4239,.F.);
#5669=ORIENTED_EDGE('',*,*,#4240,.F.);
#5670=ORIENTED_EDGE('',*,*,#4241,.F.);
#5671=ORIENTED_EDGE('',*,*,#4242,.F.);
#5672=ORIENTED_EDGE('',*,*,#4240,.T.);
#5673=ORIENTED_EDGE('',*,*,#4243,.T.);
#5674=ORIENTED_EDGE('',*,*,#4229,.F.);
#5675=ORIENTED_EDGE('',*,*,#4225,.F.);
#5676=ORIENTED_EDGE('',*,*,#4227,.T.);
#5677=ORIENTED_EDGE('',*,*,#4244,.F.);
#5678=ORIENTED_EDGE('',*,*,#4243,.F.);
#5679=ORIENTED_EDGE('',*,*,#4239,.T.);
#5680=ORIENTED_EDGE('',*,*,#4245,.T.);
#5681=ORIENTED_EDGE('',*,*,#4246,.F.);
#5682=ORIENTED_EDGE('',*,*,#4247,.T.);
#5683=ORIENTED_EDGE('',*,*,#4245,.F.);
#5684=ORIENTED_EDGE('',*,*,#4238,.F.);
#5685=ORIENTED_EDGE('',*,*,#4248,.T.);
#5686=ORIENTED_EDGE('',*,*,#4249,.T.);
#5687=ORIENTED_EDGE('',*,*,#4250,.T.);
#5688=ORIENTED_EDGE('',*,*,#4251,.F.);
#5689=ORIENTED_EDGE('',*,*,#4252,.F.);
#5690=ORIENTED_EDGE('',*,*,#4253,.F.);
#5691=ORIENTED_EDGE('',*,*,#4254,.F.);
#5692=ORIENTED_EDGE('',*,*,#4252,.T.);
#5693=ORIENTED_EDGE('',*,*,#4255,.T.);
#5694=ORIENTED_EDGE('',*,*,#4256,.T.);
#5695=ORIENTED_EDGE('',*,*,#4257,.F.);
#5696=ORIENTED_EDGE('',*,*,#4250,.F.);
#5697=ORIENTED_EDGE('',*,*,#4258,.T.);
#5698=ORIENTED_EDGE('',*,*,#4259,.F.);
#5699=ORIENTED_EDGE('',*,*,#4260,.T.);
#5700=ORIENTED_EDGE('',*,*,#4261,.F.);
#5701=ORIENTED_EDGE('',*,*,#4262,.F.);
#5702=ORIENTED_EDGE('',*,*,#4263,.F.);
#5703=ORIENTED_EDGE('',*,*,#3680,.T.);
#5704=ORIENTED_EDGE('',*,*,#4264,.F.);
#5705=ORIENTED_EDGE('',*,*,#4262,.T.);
#5706=ORIENTED_EDGE('',*,*,#4265,.F.);
#5707=ORIENTED_EDGE('',*,*,#4266,.F.);
#5708=ORIENTED_EDGE('',*,*,#4267,.F.);
#5709=ORIENTED_EDGE('',*,*,#4268,.T.);
#5710=ORIENTED_EDGE('',*,*,#4269,.T.);
#5711=ORIENTED_EDGE('',*,*,#3684,.T.);
#5712=ORIENTED_EDGE('',*,*,#4265,.T.);
#5713=ORIENTED_EDGE('',*,*,#4261,.T.);
#5714=ORIENTED_EDGE('',*,*,#4270,.F.);
#5715=ORIENTED_EDGE('',*,*,#4271,.F.);
#5716=ORIENTED_EDGE('',*,*,#4272,.F.);
#5717=ORIENTED_EDGE('',*,*,#4273,.F.);
#5718=ORIENTED_EDGE('',*,*,#4274,.T.);
#5719=ORIENTED_EDGE('',*,*,#3685,.T.);
#5720=ORIENTED_EDGE('',*,*,#4269,.F.);
#5721=ORIENTED_EDGE('',*,*,#4275,.T.);
#5722=ORIENTED_EDGE('',*,*,#4264,.T.);
#5723=ORIENTED_EDGE('',*,*,#3683,.T.);
#5724=ORIENTED_EDGE('',*,*,#4276,.F.);
#5725=ORIENTED_EDGE('',*,*,#4277,.F.);
#5726=ORIENTED_EDGE('',*,*,#4278,.F.);
#5727=ORIENTED_EDGE('',*,*,#4259,.T.);
#5728=ORIENTED_EDGE('',*,*,#4263,.T.);
#5729=ORIENTED_EDGE('',*,*,#3687,.T.);
#5730=ORIENTED_EDGE('',*,*,#4279,.F.);
#5731=ORIENTED_EDGE('',*,*,#3681,.T.);
#5732=ORIENTED_EDGE('',*,*,#4280,.F.);
#5733=ORIENTED_EDGE('',*,*,#4281,.F.);
#5734=ORIENTED_EDGE('',*,*,#4282,.F.);
#5735=ORIENTED_EDGE('',*,*,#4283,.F.);
#5736=ORIENTED_EDGE('',*,*,#4284,.F.);
#5737=ORIENTED_EDGE('',*,*,#4285,.T.);
#5738=ORIENTED_EDGE('',*,*,#4286,.T.);
#5739=ORIENTED_EDGE('',*,*,#4287,.F.);
#5740=ORIENTED_EDGE('',*,*,#4266,.T.);
#5741=ORIENTED_EDGE('',*,*,#4288,.F.);
#5742=ORIENTED_EDGE('',*,*,#4287,.T.);
#5743=ORIENTED_EDGE('',*,*,#4289,.T.);
#5744=ORIENTED_EDGE('',*,*,#4280,.T.);
#5745=ORIENTED_EDGE('',*,*,#4290,.F.);
#5746=ORIENTED_EDGE('',*,*,#4291,.F.);
#5747=ORIENTED_EDGE('',*,*,#4292,.T.);
#5748=ORIENTED_EDGE('',*,*,#4293,.T.);
#5749=ORIENTED_EDGE('',*,*,#4289,.F.);
#5750=ORIENTED_EDGE('',*,*,#4286,.F.);
#5751=ORIENTED_EDGE('',*,*,#4294,.T.);
#5752=ORIENTED_EDGE('',*,*,#4295,.T.);
#5753=ORIENTED_EDGE('',*,*,#4294,.F.);
#5754=ORIENTED_EDGE('',*,*,#4285,.F.);
#5755=ORIENTED_EDGE('',*,*,#4296,.T.);
#5756=ORIENTED_EDGE('',*,*,#4297,.F.);
#5757=ORIENTED_EDGE('',*,*,#4296,.F.);
#5758=ORIENTED_EDGE('',*,*,#4284,.T.);
#5759=ORIENTED_EDGE('',*,*,#4288,.T.);
#5760=ORIENTED_EDGE('',*,*,#4273,.T.);
#5761=ORIENTED_EDGE('',*,*,#4298,.T.);
#5762=ORIENTED_EDGE('',*,*,#4299,.T.);
#5763=ORIENTED_EDGE('',*,*,#4300,.F.);
#5764=ORIENTED_EDGE('',*,*,#4301,.F.);
#5765=ORIENTED_EDGE('',*,*,#4302,.F.);
#5766=ORIENTED_EDGE('',*,*,#4303,.F.);
#5767=ORIENTED_EDGE('',*,*,#4301,.T.);
#5768=ORIENTED_EDGE('',*,*,#4304,.T.);
#5769=ORIENTED_EDGE('',*,*,#4305,.F.);
#5770=ORIENTED_EDGE('',*,*,#4304,.F.);
#5771=ORIENTED_EDGE('',*,*,#4300,.T.);
#5772=ORIENTED_EDGE('',*,*,#4306,.T.);
#5773=ORIENTED_EDGE('',*,*,#4307,.T.);
#5774=ORIENTED_EDGE('',*,*,#4268,.F.);
#5775=ORIENTED_EDGE('',*,*,#4308,.F.);
#5776=ORIENTED_EDGE('',*,*,#4309,.T.);
#5777=ORIENTED_EDGE('',*,*,#4310,.T.);
#5778=ORIENTED_EDGE('',*,*,#4282,.T.);
#5779=ORIENTED_EDGE('',*,*,#4306,.F.);
#5780=ORIENTED_EDGE('',*,*,#4299,.F.);
#5781=ORIENTED_EDGE('',*,*,#4311,.T.);
#5782=ORIENTED_EDGE('',*,*,#4275,.F.);
#5783=ORIENTED_EDGE('',*,*,#4307,.F.);
#5784=ORIENTED_EDGE('',*,*,#4298,.F.);
#5785=ORIENTED_EDGE('',*,*,#4303,.T.);
#5786=ORIENTED_EDGE('',*,*,#4309,.F.);
#5787=ORIENTED_EDGE('',*,*,#4312,.F.);
#5788=ORIENTED_EDGE('',*,*,#4291,.T.);
#5789=ORIENTED_EDGE('',*,*,#4313,.T.);
#5790=ORIENTED_EDGE('',*,*,#4290,.T.);
#5791=ORIENTED_EDGE('',*,*,#4283,.T.);
#5792=ORIENTED_EDGE('',*,*,#4310,.F.);
#5793=ORIENTED_EDGE('',*,*,#4313,.F.);
#5794=ORIENTED_EDGE('',*,*,#4267,.T.);
#5795=ORIENTED_EDGE('',*,*,#4292,.F.);
#5796=ORIENTED_EDGE('',*,*,#4312,.T.);
#5797=ORIENTED_EDGE('',*,*,#4308,.T.);
#5798=ORIENTED_EDGE('',*,*,#4260,.F.);
#5799=ORIENTED_EDGE('',*,*,#4278,.T.);
#5800=ORIENTED_EDGE('',*,*,#4314,.T.);
#5801=ORIENTED_EDGE('',*,*,#4315,.T.);
#5802=ORIENTED_EDGE('',*,*,#4316,.T.);
#5803=ORIENTED_EDGE('',*,*,#4317,.T.);
#5804=ORIENTED_EDGE('',*,*,#4318,.T.);
#5805=ORIENTED_EDGE('',*,*,#4270,.T.);
#5806=ORIENTED_EDGE('',*,*,#4319,.T.);
#5807=ORIENTED_EDGE('',*,*,#4320,.F.);
#5808=ORIENTED_EDGE('',*,*,#4316,.F.);
#5809=ORIENTED_EDGE('',*,*,#4321,.T.);
#5810=ORIENTED_EDGE('',*,*,#4322,.T.);
#5811=ORIENTED_EDGE('',*,*,#4323,.F.);
#5812=ORIENTED_EDGE('',*,*,#4317,.F.);
#5813=ORIENTED_EDGE('',*,*,#4320,.T.);
#5814=ORIENTED_EDGE('',*,*,#4324,.T.);
#5815=ORIENTED_EDGE('',*,*,#4271,.T.);
#5816=ORIENTED_EDGE('',*,*,#4318,.F.);
#5817=ORIENTED_EDGE('',*,*,#4323,.T.);
#5818=ORIENTED_EDGE('',*,*,#4325,.T.);
#5819=ORIENTED_EDGE('',*,*,#4321,.F.);
#5820=ORIENTED_EDGE('',*,*,#4315,.F.);
#5821=ORIENTED_EDGE('',*,*,#4326,.T.);
#5822=ORIENTED_EDGE('',*,*,#4327,.F.);
#5823=ORIENTED_EDGE('',*,*,#4328,.T.);
#5824=ORIENTED_EDGE('',*,*,#4329,.F.);
#5825=ORIENTED_EDGE('',*,*,#4330,.F.);
#5826=ORIENTED_EDGE('',*,*,#4331,.F.);
#5827=ORIENTED_EDGE('',*,*,#4332,.T.);
#5828=ORIENTED_EDGE('',*,*,#4333,.F.);
#5829=ORIENTED_EDGE('',*,*,#4334,.F.);
#5830=ORIENTED_EDGE('',*,*,#4335,.F.);
#5831=ORIENTED_EDGE('',*,*,#4336,.F.);
#5832=ORIENTED_EDGE('',*,*,#4337,.F.);
#5833=ORIENTED_EDGE('',*,*,#4338,.F.);
#5834=ORIENTED_EDGE('',*,*,#4339,.F.);
#5835=ORIENTED_EDGE('',*,*,#4340,.F.);
#5836=ORIENTED_EDGE('',*,*,#4341,.F.);
#5837=ORIENTED_EDGE('',*,*,#4342,.F.);
#5838=ORIENTED_EDGE('',*,*,#4343,.F.);
#5839=ORIENTED_EDGE('',*,*,#4344,.T.);
#5840=ORIENTED_EDGE('',*,*,#4345,.T.);
#5841=ORIENTED_EDGE('',*,*,#4346,.F.);
#5842=ORIENTED_EDGE('',*,*,#4347,.F.);
#5843=ORIENTED_EDGE('',*,*,#4348,.F.);
#5844=ORIENTED_EDGE('',*,*,#4349,.T.);
#5845=ORIENTED_EDGE('',*,*,#4346,.T.);
#5846=ORIENTED_EDGE('',*,*,#4350,.F.);
#5847=ORIENTED_EDGE('',*,*,#4351,.F.);
#5848=ORIENTED_EDGE('',*,*,#4352,.T.);
#5849=ORIENTED_EDGE('',*,*,#4348,.T.);
#5850=ORIENTED_EDGE('',*,*,#4353,.F.);
#5851=ORIENTED_EDGE('',*,*,#4343,.T.);
#5852=ORIENTED_EDGE('',*,*,#4349,.F.);
#5853=ORIENTED_EDGE('',*,*,#4352,.F.);
#5854=ORIENTED_EDGE('',*,*,#4354,.T.);
#5855=ORIENTED_EDGE('',*,*,#4355,.T.);
#5856=ORIENTED_EDGE('',*,*,#4356,.F.);
#5857=ORIENTED_EDGE('',*,*,#4344,.F.);
#5858=ORIENTED_EDGE('',*,*,#4353,.T.);
#5859=ORIENTED_EDGE('',*,*,#4357,.T.);
#5860=ORIENTED_EDGE('',*,*,#4358,.T.);
#5861=ORIENTED_EDGE('',*,*,#4357,.F.);
#5862=ORIENTED_EDGE('',*,*,#4355,.F.);
#5863=ORIENTED_EDGE('',*,*,#4359,.T.);
#5864=ORIENTED_EDGE('',*,*,#4360,.T.);
#5865=ORIENTED_EDGE('',*,*,#4359,.F.);
#5866=ORIENTED_EDGE('',*,*,#4354,.F.);
#5867=ORIENTED_EDGE('',*,*,#4351,.T.);
#5868=ORIENTED_EDGE('',*,*,#4361,.T.);
#5869=ORIENTED_EDGE('',*,*,#4362,.T.);
#5870=ORIENTED_EDGE('',*,*,#4363,.F.);
#5871=ORIENTED_EDGE('',*,*,#4364,.F.);
#5872=ORIENTED_EDGE('',*,*,#4365,.F.);
#5873=ORIENTED_EDGE('',*,*,#4366,.F.);
#5874=ORIENTED_EDGE('',*,*,#4364,.T.);
#5875=ORIENTED_EDGE('',*,*,#4367,.T.);
#5876=ORIENTED_EDGE('',*,*,#4368,.F.);
#5877=ORIENTED_EDGE('',*,*,#4367,.F.);
#5878=ORIENTED_EDGE('',*,*,#4363,.T.);
#5879=ORIENTED_EDGE('',*,*,#4369,.T.);
#5880=ORIENTED_EDGE('',*,*,#4370,.T.);
#5881=ORIENTED_EDGE('',*,*,#4369,.F.);
#5882=ORIENTED_EDGE('',*,*,#4362,.F.);
#5883=ORIENTED_EDGE('',*,*,#4371,.T.);
#5884=ORIENTED_EDGE('',*,*,#4372,.T.);
#5885=ORIENTED_EDGE('',*,*,#4371,.F.);
#5886=ORIENTED_EDGE('',*,*,#4361,.F.);
#5887=ORIENTED_EDGE('',*,*,#4366,.T.);
#5888=ORIENTED_EDGE('',*,*,#4373,.F.);
#5889=ORIENTED_EDGE('',*,*,#4374,.T.);
#5890=ORIENTED_EDGE('',*,*,#4375,.T.);
#5891=ORIENTED_EDGE('',*,*,#4376,.F.);
#5892=ORIENTED_EDGE('',*,*,#4377,.F.);
#5893=ORIENTED_EDGE('',*,*,#4378,.F.);
#5894=ORIENTED_EDGE('',*,*,#4376,.T.);
#5895=ORIENTED_EDGE('',*,*,#4379,.T.);
#5896=ORIENTED_EDGE('',*,*,#4380,.T.);
#5897=ORIENTED_EDGE('',*,*,#4379,.F.);
#5898=ORIENTED_EDGE('',*,*,#4375,.F.);
#5899=ORIENTED_EDGE('',*,*,#4381,.T.);
#5900=ORIENTED_EDGE('',*,*,#4382,.T.);
#5901=ORIENTED_EDGE('',*,*,#4381,.F.);
#5902=ORIENTED_EDGE('',*,*,#4374,.F.);
#5903=ORIENTED_EDGE('',*,*,#4383,.T.);
#5904=ORIENTED_EDGE('',*,*,#4384,.F.);
#5905=ORIENTED_EDGE('',*,*,#4383,.F.);
#5906=ORIENTED_EDGE('',*,*,#4373,.T.);
#5907=ORIENTED_EDGE('',*,*,#4378,.T.);
#5908=ORIENTED_EDGE('',*,*,#4385,.F.);
#5909=ORIENTED_EDGE('',*,*,#4386,.T.);
#5910=ORIENTED_EDGE('',*,*,#4387,.T.);
#5911=ORIENTED_EDGE('',*,*,#4388,.F.);
#5912=ORIENTED_EDGE('',*,*,#4389,.F.);
#5913=ORIENTED_EDGE('',*,*,#4390,.F.);
#5914=ORIENTED_EDGE('',*,*,#4388,.T.);
#5915=ORIENTED_EDGE('',*,*,#4391,.T.);
#5916=ORIENTED_EDGE('',*,*,#4392,.T.);
#5917=ORIENTED_EDGE('',*,*,#4391,.F.);
#5918=ORIENTED_EDGE('',*,*,#4387,.F.);
#5919=ORIENTED_EDGE('',*,*,#4393,.T.);
#5920=ORIENTED_EDGE('',*,*,#4394,.T.);
#5921=ORIENTED_EDGE('',*,*,#4393,.F.);
#5922=ORIENTED_EDGE('',*,*,#4386,.F.);
#5923=ORIENTED_EDGE('',*,*,#4395,.T.);
#5924=ORIENTED_EDGE('',*,*,#4396,.F.);
#5925=ORIENTED_EDGE('',*,*,#4395,.F.);
#5926=ORIENTED_EDGE('',*,*,#4385,.T.);
#5927=ORIENTED_EDGE('',*,*,#4390,.T.);
#5928=ORIENTED_EDGE('',*,*,#3665,.T.);
#5929=ORIENTED_EDGE('',*,*,#3659,.T.);
#5930=ORIENTED_EDGE('',*,*,#3661,.T.);
#5931=ORIENTED_EDGE('',*,*,#3667,.T.);
#5932=ORIENTED_EDGE('',*,*,#4397,.F.);
#5933=ORIENTED_EDGE('',*,*,#3664,.T.);
#5934=ORIENTED_EDGE('',*,*,#4398,.T.);
#5935=ORIENTED_EDGE('',*,*,#4399,.T.);
#5936=ORIENTED_EDGE('',*,*,#4398,.F.);
#5937=ORIENTED_EDGE('',*,*,#3666,.T.);
#5938=ORIENTED_EDGE('',*,*,#4400,.T.);
#5939=ORIENTED_EDGE('',*,*,#4401,.F.);
#5940=ORIENTED_EDGE('',*,*,#4400,.F.);
#5941=ORIENTED_EDGE('',*,*,#3662,.T.);
#5942=ORIENTED_EDGE('',*,*,#4402,.T.);
#5943=ORIENTED_EDGE('',*,*,#4403,.F.);
#5944=ORIENTED_EDGE('',*,*,#4402,.F.);
#5945=ORIENTED_EDGE('',*,*,#3657,.T.);
#5946=ORIENTED_EDGE('',*,*,#4397,.T.);
#5947=ORIENTED_EDGE('',*,*,#4404,.F.);
#5948=ORIENTED_EDGE('',*,*,#4405,.F.);
#5949=ORIENTED_EDGE('',*,*,#3676,.T.);
#5950=ORIENTED_EDGE('',*,*,#4406,.T.);
#5951=ORIENTED_EDGE('',*,*,#4407,.F.);
#5952=ORIENTED_EDGE('',*,*,#4406,.F.);
#5953=ORIENTED_EDGE('',*,*,#3678,.T.);
#5954=ORIENTED_EDGE('',*,*,#4408,.T.);
#5955=ORIENTED_EDGE('',*,*,#4409,.T.);
#5956=ORIENTED_EDGE('',*,*,#4408,.F.);
#5957=ORIENTED_EDGE('',*,*,#3674,.T.);
#5958=ORIENTED_EDGE('',*,*,#4410,.T.);
#5959=ORIENTED_EDGE('',*,*,#4411,.T.);
#5960=ORIENTED_EDGE('',*,*,#4410,.F.);
#5961=ORIENTED_EDGE('',*,*,#3669,.T.);
#5962=ORIENTED_EDGE('',*,*,#4405,.T.);
#5963=ORIENTED_EDGE('',*,*,#4412,.T.);
#5964=ORIENTED_EDGE('',*,*,#4413,.F.);
#5965=ORIENTED_EDGE('',*,*,#4337,.T.);
#5966=ORIENTED_EDGE('',*,*,#4414,.T.);
#5967=ORIENTED_EDGE('',*,*,#4415,.T.);
#5968=ORIENTED_EDGE('',*,*,#4416,.F.);
#5969=ORIENTED_EDGE('',*,*,#4335,.T.);
#5970=ORIENTED_EDGE('',*,*,#4417,.T.);
#5971=ORIENTED_EDGE('',*,*,#4418,.F.);
#5972=ORIENTED_EDGE('',*,*,#4414,.F.);
#5973=ORIENTED_EDGE('',*,*,#4336,.T.);
#5974=ORIENTED_EDGE('',*,*,#4416,.T.);
#5975=ORIENTED_EDGE('',*,*,#4419,.T.);
#5976=ORIENTED_EDGE('',*,*,#4420,.F.);
#5977=ORIENTED_EDGE('',*,*,#4330,.T.);
#5978=ORIENTED_EDGE('',*,*,#4421,.T.);
#5979=ORIENTED_EDGE('',*,*,#4422,.F.);
#5980=ORIENTED_EDGE('',*,*,#4423,.F.);
#5981=ORIENTED_EDGE('',*,*,#4327,.T.);
#5982=ORIENTED_EDGE('',*,*,#4420,.T.);
#5983=ORIENTED_EDGE('',*,*,#4424,.F.);
#5984=ORIENTED_EDGE('',*,*,#4421,.F.);
#5985=ORIENTED_EDGE('',*,*,#4329,.T.);
#5986=ORIENTED_EDGE('',*,*,#4425,.T.);
#5987=ORIENTED_EDGE('',*,*,#4426,.T.);
#5988=ORIENTED_EDGE('',*,*,#4427,.T.);
#5989=ORIENTED_EDGE('',*,*,#4331,.T.);
#5990=ORIENTED_EDGE('',*,*,#4428,.F.);
#5991=ORIENTED_EDGE('',*,*,#4429,.T.);
#5992=ORIENTED_EDGE('',*,*,#4430,.T.);
#5993=ORIENTED_EDGE('',*,*,#4333,.T.);
#5994=ORIENTED_EDGE('',*,*,#4431,.F.);
#5995=ORIENTED_EDGE('',*,*,#4432,.F.);
#5996=ORIENTED_EDGE('',*,*,#4428,.T.);
#5997=ORIENTED_EDGE('',*,*,#4334,.T.);
#5998=ORIENTED_EDGE('',*,*,#4430,.F.);
#5999=ORIENTED_EDGE('',*,*,#4433,.F.);
#6000=ORIENTED_EDGE('',*,*,#4434,.T.);
#6001=ORIENTED_EDGE('',*,*,#4340,.T.);
#6002=ORIENTED_EDGE('',*,*,#4435,.F.);
#6003=ORIENTED_EDGE('',*,*,#4436,.T.);
#6004=ORIENTED_EDGE('',*,*,#4435,.T.);
#6005=ORIENTED_EDGE('',*,*,#4339,.T.);
#6006=ORIENTED_EDGE('',*,*,#4437,.F.);
#6007=ORIENTED_EDGE('',*,*,#4438,.T.);
#6008=ORIENTED_EDGE('',*,*,#4439,.T.);
#6009=ORIENTED_EDGE('',*,*,#4341,.T.);
#6010=ORIENTED_EDGE('',*,*,#4434,.F.);
#6011=ORIENTED_EDGE('',*,*,#4440,.F.);
#6012=ORIENTED_EDGE('',*,*,#4441,.F.);
#6013=ORIENTED_EDGE('',*,*,#4442,.T.);
#6014=ORIENTED_EDGE('',*,*,#4443,.T.);
#6015=ORIENTED_EDGE('',*,*,#4444,.F.);
#6016=ORIENTED_EDGE('',*,*,#4438,.F.);
#6017=ORIENTED_EDGE('',*,*,#4445,.F.);
#6018=ORIENTED_EDGE('',*,*,#4446,.F.);
#6019=ORIENTED_EDGE('',*,*,#4444,.T.);
#6020=ORIENTED_EDGE('',*,*,#4447,.T.);
#6021=ORIENTED_EDGE('',*,*,#4448,.F.);
#6022=ORIENTED_EDGE('',*,*,#4440,.T.);
#6023=ORIENTED_EDGE('',*,*,#4436,.F.);
#6024=ORIENTED_EDGE('',*,*,#4449,.T.);
#6025=ORIENTED_EDGE('',*,*,#4424,.T.);
#6026=ORIENTED_EDGE('',*,*,#4422,.T.);
#6027=ORIENTED_EDGE('',*,*,#4426,.F.);
#6028=ORIENTED_EDGE('',*,*,#4450,.T.);
#6029=ORIENTED_EDGE('',*,*,#4451,.F.);
#6030=ORIENTED_EDGE('',*,*,#4442,.F.);
#6031=ORIENTED_EDGE('',*,*,#4452,.T.);
#6032=ORIENTED_EDGE('',*,*,#4453,.F.);
#6033=ORIENTED_EDGE('',*,*,#4454,.T.);
#6034=ORIENTED_EDGE('',*,*,#4455,.F.);
#6035=ORIENTED_EDGE('',*,*,#4456,.F.);
#6036=ORIENTED_EDGE('',*,*,#4457,.F.);
#6037=ORIENTED_EDGE('',*,*,#4458,.T.);
#6038=ORIENTED_EDGE('',*,*,#4459,.F.);
#6039=ORIENTED_EDGE('',*,*,#4460,.F.);
#6040=ORIENTED_EDGE('',*,*,#4461,.F.);
#6041=ORIENTED_EDGE('',*,*,#4462,.F.);
#6042=ORIENTED_EDGE('',*,*,#4463,.F.);
#6043=ORIENTED_EDGE('',*,*,#4464,.F.);
#6044=ORIENTED_EDGE('',*,*,#4465,.F.);
#6045=ORIENTED_EDGE('',*,*,#4466,.F.);
#6046=ORIENTED_EDGE('',*,*,#4467,.F.);
#6047=ORIENTED_EDGE('',*,*,#4468,.F.);
#6048=ORIENTED_EDGE('',*,*,#4469,.F.);
#6049=ORIENTED_EDGE('',*,*,#4456,.T.);
#6050=ORIENTED_EDGE('',*,*,#4470,.T.);
#6051=ORIENTED_EDGE('',*,*,#4471,.F.);
#6052=ORIENTED_EDGE('',*,*,#4470,.F.);
#6053=ORIENTED_EDGE('',*,*,#4455,.T.);
#6054=ORIENTED_EDGE('',*,*,#4472,.T.);
#6055=ORIENTED_EDGE('',*,*,#4473,.T.);
#6056=ORIENTED_EDGE('',*,*,#4474,.F.);
#6057=ORIENTED_EDGE('',*,*,#4453,.T.);
#6058=ORIENTED_EDGE('',*,*,#4469,.T.);
#6059=ORIENTED_EDGE('',*,*,#4475,.F.);
#6060=ORIENTED_EDGE('',*,*,#4476,.T.);
#6061=ORIENTED_EDGE('',*,*,#4459,.T.);
#6062=ORIENTED_EDGE('',*,*,#4477,.F.);
#6063=ORIENTED_EDGE('',*,*,#4478,.F.);
#6064=ORIENTED_EDGE('',*,*,#4479,.T.);
#6065=ORIENTED_EDGE('',*,*,#4457,.T.);
#6066=ORIENTED_EDGE('',*,*,#4480,.F.);
#6067=ORIENTED_EDGE('',*,*,#4481,.T.);
#6068=ORIENTED_EDGE('',*,*,#4480,.T.);
#6069=ORIENTED_EDGE('',*,*,#4460,.T.);
#6070=ORIENTED_EDGE('',*,*,#4476,.F.);
#6071=ORIENTED_EDGE('',*,*,#4482,.F.);
#6072=ORIENTED_EDGE('',*,*,#4483,.T.);
#6073=ORIENTED_EDGE('',*,*,#4466,.T.);
#6074=ORIENTED_EDGE('',*,*,#4484,.F.);
#6075=ORIENTED_EDGE('',*,*,#4485,.T.);
#6076=ORIENTED_EDGE('',*,*,#4484,.T.);
#6077=ORIENTED_EDGE('',*,*,#4465,.T.);
#6078=ORIENTED_EDGE('',*,*,#4486,.F.);
#6079=ORIENTED_EDGE('',*,*,#4487,.T.);
#6080=ORIENTED_EDGE('',*,*,#4488,.T.);
#6081=ORIENTED_EDGE('',*,*,#4467,.T.);
#6082=ORIENTED_EDGE('',*,*,#4483,.F.);
#6083=ORIENTED_EDGE('',*,*,#4489,.F.);
#6084=ORIENTED_EDGE('',*,*,#4490,.F.);
#6085=ORIENTED_EDGE('',*,*,#4462,.T.);
#6086=ORIENTED_EDGE('',*,*,#4491,.T.);
#6087=ORIENTED_EDGE('',*,*,#4492,.T.);
#6088=ORIENTED_EDGE('',*,*,#4491,.F.);
#6089=ORIENTED_EDGE('',*,*,#4461,.T.);
#6090=ORIENTED_EDGE('',*,*,#4493,.T.);
#6091=ORIENTED_EDGE('',*,*,#4494,.F.);
#6092=ORIENTED_EDGE('',*,*,#4495,.F.);
#6093=ORIENTED_EDGE('',*,*,#4463,.T.);
#6094=ORIENTED_EDGE('',*,*,#4490,.T.);
#6095=ORIENTED_EDGE('',*,*,#4496,.T.);
#6096=ORIENTED_EDGE('',*,*,#4497,.T.);
#6097=ORIENTED_EDGE('',*,*,#4498,.T.);
#6098=ORIENTED_EDGE('',*,*,#4499,.F.);
#6099=ORIENTED_EDGE('',*,*,#4500,.F.);
#6100=ORIENTED_EDGE('',*,*,#4496,.F.);
#6101=ORIENTED_EDGE('',*,*,#4492,.F.);
#6102=ORIENTED_EDGE('',*,*,#4494,.T.);
#6103=ORIENTED_EDGE('',*,*,#4501,.F.);
#6104=ORIENTED_EDGE('',*,*,#4502,.F.);
#6105=ORIENTED_EDGE('',*,*,#4500,.T.);
#6106=ORIENTED_EDGE('',*,*,#4503,.T.);
#6107=ORIENTED_EDGE('',*,*,#4504,.F.);
#6108=ORIENTED_EDGE('',*,*,#4487,.F.);
#6109=ORIENTED_EDGE('',*,*,#4505,.F.);
#6110=ORIENTED_EDGE('',*,*,#4503,.F.);
#6111=ORIENTED_EDGE('',*,*,#4499,.T.);
#6112=ORIENTED_EDGE('',*,*,#4506,.T.);
#6113=ORIENTED_EDGE('',*,*,#4507,.F.);
#6114=ORIENTED_EDGE('',*,*,#4489,.T.);
#6115=ORIENTED_EDGE('',*,*,#4485,.F.);
#6116=ORIENTED_EDGE('',*,*,#4482,.T.);
#6117=ORIENTED_EDGE('',*,*,#4478,.T.);
#6118=ORIENTED_EDGE('',*,*,#4508,.T.);
#6119=ORIENTED_EDGE('',*,*,#4506,.F.);
#6120=ORIENTED_EDGE('',*,*,#4498,.F.);
#6121=ORIENTED_EDGE('',*,*,#4509,.T.);
#6122=ORIENTED_EDGE('',*,*,#4510,.T.);
#6123=ORIENTED_EDGE('',*,*,#4481,.F.);
#6124=ORIENTED_EDGE('',*,*,#4511,.T.);
#6125=ORIENTED_EDGE('',*,*,#4475,.T.);
#6126=ORIENTED_EDGE('',*,*,#4471,.T.);
#6127=ORIENTED_EDGE('',*,*,#4473,.F.);
#6128=ORIENTED_EDGE('',*,*,#4512,.T.);
#6129=ORIENTED_EDGE('',*,*,#4509,.F.);
#6130=ORIENTED_EDGE('',*,*,#4497,.F.);
#6131=ORIENTED_EDGE('',*,*,#4502,.T.);
#6132=ORIENTED_EDGE('',*,*,#4513,.T.);
#6133=ORIENTED_EDGE('',*,*,#4514,.F.);
#6134=ORIENTED_EDGE('',*,*,#4515,.F.);
#6135=ORIENTED_EDGE('',*,*,#4516,.T.);
#6136=ORIENTED_EDGE('',*,*,#4517,.F.);
#6137=ORIENTED_EDGE('',*,*,#4518,.F.);
#6138=ORIENTED_EDGE('',*,*,#4519,.T.);
#6139=ORIENTED_EDGE('',*,*,#4514,.T.);
#6140=ORIENTED_EDGE('',*,*,#4520,.T.);
#6141=ORIENTED_EDGE('',*,*,#4521,.T.);
#6142=ORIENTED_EDGE('',*,*,#4515,.T.);
#6143=ORIENTED_EDGE('',*,*,#4519,.F.);
#6144=ORIENTED_EDGE('',*,*,#4522,.F.);
#6145=ORIENTED_EDGE('',*,*,#4523,.F.);
#6146=ORIENTED_EDGE('',*,*,#4524,.F.);
#6147=ORIENTED_EDGE('',*,*,#4525,.F.);
#6148=ORIENTED_EDGE('',*,*,#4523,.T.);
#6149=ORIENTED_EDGE('',*,*,#4526,.T.);
#6150=ORIENTED_EDGE('',*,*,#4527,.F.);
#6151=ORIENTED_EDGE('',*,*,#4526,.F.);
#6152=ORIENTED_EDGE('',*,*,#4522,.T.);
#6153=ORIENTED_EDGE('',*,*,#4518,.T.);
#6154=ORIENTED_EDGE('',*,*,#4528,.T.);
#6155=ORIENTED_EDGE('',*,*,#4529,.F.);
#6156=ORIENTED_EDGE('',*,*,#4520,.F.);
#6157=ORIENTED_EDGE('',*,*,#4525,.T.);
#6158=ORIENTED_EDGE('',*,*,#4516,.F.);
#6159=ORIENTED_EDGE('',*,*,#4521,.F.);
#6160=ORIENTED_EDGE('',*,*,#4529,.T.);
#6161=ORIENTED_EDGE('',*,*,#4530,.T.);
#6162=ORIENTED_EDGE('',*,*,#4531,.T.);
#6163=ORIENTED_EDGE('',*,*,#4532,.T.);
#6164=ORIENTED_EDGE('',*,*,#4533,.F.);
#6165=ORIENTED_EDGE('',*,*,#4534,.F.);
#6166=ORIENTED_EDGE('',*,*,#4535,.F.);
#6167=ORIENTED_EDGE('',*,*,#4536,.F.);
#6168=ORIENTED_EDGE('',*,*,#4533,.T.);
#6169=ORIENTED_EDGE('',*,*,#4537,.T.);
#6170=ORIENTED_EDGE('',*,*,#4538,.T.);
#6171=ORIENTED_EDGE('',*,*,#4537,.F.);
#6172=ORIENTED_EDGE('',*,*,#4532,.F.);
#6173=ORIENTED_EDGE('',*,*,#4539,.T.);
#6174=ORIENTED_EDGE('',*,*,#4540,.T.);
#6175=ORIENTED_EDGE('',*,*,#4541,.T.);
#6176=ORIENTED_EDGE('',*,*,#4542,.F.);
#6177=ORIENTED_EDGE('',*,*,#4543,.F.);
#6178=ORIENTED_EDGE('',*,*,#4544,.F.);
#6179=ORIENTED_EDGE('',*,*,#4545,.F.);
#6180=ORIENTED_EDGE('',*,*,#4543,.T.);
#6181=ORIENTED_EDGE('',*,*,#4546,.T.);
#6182=ORIENTED_EDGE('',*,*,#4547,.F.);
#6183=ORIENTED_EDGE('',*,*,#4546,.F.);
#6184=ORIENTED_EDGE('',*,*,#4542,.T.);
#6185=ORIENTED_EDGE('',*,*,#4548,.T.);
#6186=ORIENTED_EDGE('',*,*,#4534,.T.);
#6187=ORIENTED_EDGE('',*,*,#4536,.T.);
#6188=ORIENTED_EDGE('',*,*,#4549,.T.);
#6189=ORIENTED_EDGE('',*,*,#4548,.F.);
#6190=ORIENTED_EDGE('',*,*,#4541,.F.);
#6191=ORIENTED_EDGE('',*,*,#4550,.T.);
#6192=ORIENTED_EDGE('',*,*,#4551,.T.);
#6193=ORIENTED_EDGE('',*,*,#4539,.F.);
#6194=ORIENTED_EDGE('',*,*,#4531,.F.);
#6195=ORIENTED_EDGE('',*,*,#4550,.F.);
#6196=ORIENTED_EDGE('',*,*,#4540,.F.);
#6197=ORIENTED_EDGE('',*,*,#4545,.T.);
#6198=ORIENTED_EDGE('',*,*,#4552,.T.);
#6199=ORIENTED_EDGE('',*,*,#4553,.T.);
#6200=ORIENTED_EDGE('',*,*,#4554,.F.);
#6201=ORIENTED_EDGE('',*,*,#4555,.F.);
#6202=ORIENTED_EDGE('',*,*,#4556,.F.);
#6203=ORIENTED_EDGE('',*,*,#4557,.F.);
#6204=ORIENTED_EDGE('',*,*,#4555,.T.);
#6205=ORIENTED_EDGE('',*,*,#4558,.T.);
#6206=ORIENTED_EDGE('',*,*,#4559,.F.);
#6207=ORIENTED_EDGE('',*,*,#4558,.F.);
#6208=ORIENTED_EDGE('',*,*,#4554,.T.);
#6209=ORIENTED_EDGE('',*,*,#4560,.T.);
#6210=ORIENTED_EDGE('',*,*,#4561,.T.);
#6211=ORIENTED_EDGE('',*,*,#4560,.F.);
#6212=ORIENTED_EDGE('',*,*,#4553,.F.);
#6213=ORIENTED_EDGE('',*,*,#4562,.T.);
#6214=ORIENTED_EDGE('',*,*,#4563,.T.);
#6215=ORIENTED_EDGE('',*,*,#4562,.F.);
#6216=ORIENTED_EDGE('',*,*,#4552,.F.);
#6217=ORIENTED_EDGE('',*,*,#4557,.T.);
#6218=ORIENTED_EDGE('',*,*,#4564,.F.);
#6219=ORIENTED_EDGE('',*,*,#4565,.T.);
#6220=ORIENTED_EDGE('',*,*,#4566,.T.);
#6221=ORIENTED_EDGE('',*,*,#4567,.F.);
#6222=ORIENTED_EDGE('',*,*,#4566,.F.);
#6223=ORIENTED_EDGE('',*,*,#4568,.T.);
#6224=ORIENTED_EDGE('',*,*,#4569,.T.);
#6225=ORIENTED_EDGE('',*,*,#4570,.F.);
#6226=ORIENTED_EDGE('',*,*,#4571,.T.);
#6227=ORIENTED_EDGE('',*,*,#4572,.T.);
#6228=ORIENTED_EDGE('',*,*,#4573,.F.);
#6229=ORIENTED_EDGE('',*,*,#4572,.F.);
#6230=ORIENTED_EDGE('',*,*,#4574,.F.);
#6231=ORIENTED_EDGE('',*,*,#4575,.T.);
#6232=ORIENTED_EDGE('',*,*,#4576,.T.);
#6233=ORIENTED_EDGE('',*,*,#4575,.F.);
#6234=ORIENTED_EDGE('',*,*,#4577,.F.);
#6235=ORIENTED_EDGE('',*,*,#4578,.T.);
#6236=ORIENTED_EDGE('',*,*,#4579,.T.);
#6237=ORIENTED_EDGE('',*,*,#4580,.F.);
#6238=ORIENTED_EDGE('',*,*,#4581,.F.);
#6239=ORIENTED_EDGE('',*,*,#4582,.T.);
#6240=ORIENTED_EDGE('',*,*,#4583,.T.);
#6241=ORIENTED_EDGE('',*,*,#4578,.F.);
#6242=ORIENTED_EDGE('',*,*,#4584,.F.);
#6243=ORIENTED_EDGE('',*,*,#4585,.T.);
#6244=ORIENTED_EDGE('',*,*,#4586,.T.);
#6245=ORIENTED_EDGE('',*,*,#4587,.F.);
#6246=ORIENTED_EDGE('',*,*,#4586,.F.);
#6247=ORIENTED_EDGE('',*,*,#4588,.T.);
#6248=ORIENTED_EDGE('',*,*,#4589,.T.);
#6249=ORIENTED_EDGE('',*,*,#4590,.F.);
#6250=ORIENTED_EDGE('',*,*,#4591,.T.);
#6251=ORIENTED_EDGE('',*,*,#4592,.T.);
#6252=ORIENTED_EDGE('',*,*,#4593,.F.);
#6253=ORIENTED_EDGE('',*,*,#4592,.F.);
#6254=ORIENTED_EDGE('',*,*,#4594,.F.);
#6255=ORIENTED_EDGE('',*,*,#4595,.T.);
#6256=ORIENTED_EDGE('',*,*,#4596,.T.);
#6257=ORIENTED_EDGE('',*,*,#4595,.F.);
#6258=ORIENTED_EDGE('',*,*,#4597,.F.);
#6259=ORIENTED_EDGE('',*,*,#4598,.T.);
#6260=ORIENTED_EDGE('',*,*,#4599,.T.);
#6261=ORIENTED_EDGE('',*,*,#4600,.F.);
#6262=ORIENTED_EDGE('',*,*,#4601,.F.);
#6263=ORIENTED_EDGE('',*,*,#4602,.T.);
#6264=ORIENTED_EDGE('',*,*,#4603,.T.);
#6265=ORIENTED_EDGE('',*,*,#4598,.F.);
#6266=ORIENTED_EDGE('',*,*,#4604,.F.);
#6267=ORIENTED_EDGE('',*,*,#4600,.T.);
#6268=ORIENTED_EDGE('',*,*,#4605,.T.);
#6269=ORIENTED_EDGE('',*,*,#3863,.F.);
#6270=ORIENTED_EDGE('',*,*,#3790,.T.);
#6271=ORIENTED_EDGE('',*,*,#3852,.T.);
#6272=ORIENTED_EDGE('',*,*,#3784,.T.);
#6273=ORIENTED_EDGE('',*,*,#3856,.F.);
#6274=ORIENTED_EDGE('',*,*,#4606,.T.);
#6275=ORIENTED_EDGE('',*,*,#3876,.F.);
#6276=ORIENTED_EDGE('',*,*,#3794,.T.);
#6277=ORIENTED_EDGE('',*,*,#3866,.T.);
#6278=ORIENTED_EDGE('',*,*,#3796,.T.);
#6279=ORIENTED_EDGE('',*,*,#3869,.F.);
#6280=ORIENTED_EDGE('',*,*,#4607,.T.);
#6281=ORIENTED_EDGE('',*,*,#3935,.F.);
#6282=ORIENTED_EDGE('',*,*,#3920,.T.);
#6283=ORIENTED_EDGE('',*,*,#3930,.T.);
#6284=ORIENTED_EDGE('',*,*,#3914,.T.);
#6285=ORIENTED_EDGE('',*,*,#3939,.F.);
#6286=ORIENTED_EDGE('',*,*,#4608,.T.);
#6287=ORIENTED_EDGE('',*,*,#4569,.F.);
#6288=ORIENTED_EDGE('',*,*,#4609,.T.);
#6289=ORIENTED_EDGE('',*,*,#4580,.T.);
#6290=ORIENTED_EDGE('',*,*,#4610,.F.);
#6291=ORIENTED_EDGE('',*,*,#4589,.F.);
#6292=ORIENTED_EDGE('',*,*,#4584,.T.);
#6293=ORIENTED_EDGE('',*,*,#4611,.T.);
#6294=ORIENTED_EDGE('',*,*,#4602,.F.);
#6295=ORIENTED_EDGE('',*,*,#4612,.F.);
#6296=ORIENTED_EDGE('',*,*,#4613,.T.);
#6297=ORIENTED_EDGE('',*,*,#4564,.T.);
#6298=ORIENTED_EDGE('',*,*,#4614,.F.);
#6299=ORIENTED_EDGE('',*,*,#4582,.F.);
#6300=ORIENTED_EDGE('',*,*,#4609,.F.);
#6301=ORIENTED_EDGE('',*,*,#4588,.F.);
#6302=ORIENTED_EDGE('',*,*,#4585,.F.);
#6303=ORIENTED_EDGE('',*,*,#4612,.T.);
#6304=ORIENTED_EDGE('',*,*,#4601,.T.);
#6305=ORIENTED_EDGE('',*,*,#4597,.T.);
#6306=ORIENTED_EDGE('',*,*,#4604,.T.);
#6307=ORIENTED_EDGE('',*,*,#4568,.F.);
#6308=ORIENTED_EDGE('',*,*,#4565,.F.);
#6309=ORIENTED_EDGE('',*,*,#4613,.F.);
#6310=ORIENTED_EDGE('',*,*,#4581,.T.);
#6311=ORIENTED_EDGE('',*,*,#4577,.T.);
#6312=ORIENTED_EDGE('',*,*,#4596,.F.);
#6313=ORIENTED_EDGE('',*,*,#4593,.T.);
#6314=ORIENTED_EDGE('',*,*,#4576,.F.);
#6315=ORIENTED_EDGE('',*,*,#4573,.T.);
#6316=ORIENTED_EDGE('',*,*,#4429,.F.);
#6317=ORIENTED_EDGE('',*,*,#4433,.T.);
#6318=ORIENTED_EDGE('',*,*,#4432,.T.);
#6319=ORIENTED_EDGE('',*,*,#4615,.T.);
#6320=ORIENTED_EDGE('',*,*,#4447,.F.);
#6321=ORIENTED_EDGE('',*,*,#4443,.F.);
#6322=ORIENTED_EDGE('',*,*,#4451,.T.);
#6323=ORIENTED_EDGE('',*,*,#4616,.T.);
#6324=ORIENTED_EDGE('',*,*,#4419,.F.);
#6325=ORIENTED_EDGE('',*,*,#4418,.T.);
#6326=ORIENTED_EDGE('',*,*,#4617,.F.);
#6327=ORIENTED_EDGE('',*,*,#4452,.F.);
#6328=ORIENTED_EDGE('',*,*,#4441,.T.);
#6329=ORIENTED_EDGE('',*,*,#4446,.T.);
#6330=ORIENTED_EDGE('',*,*,#4618,.F.);
#6331=ORIENTED_EDGE('',*,*,#4415,.F.);
#6332=ORIENTED_EDGE('',*,*,#3677,.T.);
#6333=ORIENTED_EDGE('',*,*,#3671,.T.);
#6334=ORIENTED_EDGE('',*,*,#3673,.T.);
#6335=ORIENTED_EDGE('',*,*,#3679,.T.);
#6336=ORIENTED_EDGE('',*,*,#4403,.T.);
#6337=ORIENTED_EDGE('',*,*,#4404,.T.);
#6338=ORIENTED_EDGE('',*,*,#4399,.F.);
#6339=ORIENTED_EDGE('',*,*,#4401,.T.);
#6340=ORIENTED_EDGE('',*,*,#4314,.F.);
#6341=ORIENTED_EDGE('',*,*,#4277,.T.);
#6342=ORIENTED_EDGE('',*,*,#4619,.T.);
#6343=ORIENTED_EDGE('',*,*,#4326,.F.);
#6344=ORIENTED_EDGE('',*,*,#4208,.T.);
#6345=ORIENTED_EDGE('',*,*,#4620,.T.);
#6346=ORIENTED_EDGE('',*,*,#4248,.F.);
#6347=ORIENTED_EDGE('',*,*,#4237,.F.);
#6348=ORIENTED_EDGE('',*,*,#4242,.T.);
#6349=ORIENTED_EDGE('',*,*,#4621,.T.);
#6350=ORIENTED_EDGE('',*,*,#4220,.F.);
#6351=ORIENTED_EDGE('',*,*,#4218,.T.);
#6352=ORIENTED_EDGE('',*,*,#4222,.T.);
#6353=ORIENTED_EDGE('',*,*,#4622,.T.);
#6354=ORIENTED_EDGE('',*,*,#4215,.F.);
#6355=ORIENTED_EDGE('',*,*,#4211,.T.);
#6356=ORIENTED_EDGE('',*,*,#4213,.T.);
#6357=ORIENTED_EDGE('',*,*,#4623,.T.);
#6358=ORIENTED_EDGE('',*,*,#4206,.F.);
#6359=ORIENTED_EDGE('',*,*,#4204,.T.);
#6360=ORIENTED_EDGE('',*,*,#4197,.F.);
#6361=ORIENTED_EDGE('',*,*,#4201,.T.);
#6362=ORIENTED_EDGE('',*,*,#4624,.F.);
#6363=ORIENTED_EDGE('',*,*,#4255,.F.);
#6364=ORIENTED_EDGE('',*,*,#4251,.T.);
#6365=ORIENTED_EDGE('',*,*,#4257,.T.);
#6366=ORIENTED_EDGE('',*,*,#4625,.F.);
#6367=ORIENTED_EDGE('',*,*,#4199,.F.);
#6368=ORIENTED_EDGE('',*,*,#4187,.T.);
#6369=ORIENTED_EDGE('',*,*,#4626,.T.);
#6370=ORIENTED_EDGE('',*,*,#4234,.F.);
#6371=ORIENTED_EDGE('',*,*,#4232,.T.);
#6372=ORIENTED_EDGE('',*,*,#4236,.T.);
#6373=ORIENTED_EDGE('',*,*,#4627,.T.);
#6374=ORIENTED_EDGE('',*,*,#4258,.F.);
#6375=ORIENTED_EDGE('',*,*,#4249,.F.);
#6376=ORIENTED_EDGE('',*,*,#4254,.T.);
#6377=ORIENTED_EDGE('',*,*,#4628,.T.);
#6378=ORIENTED_EDGE('',*,*,#4192,.F.);
#6379=ORIENTED_EDGE('',*,*,#4190,.T.);
#6380=ORIENTED_EDGE('',*,*,#4194,.T.);
#6381=ORIENTED_EDGE('',*,*,#4629,.T.);
#6382=ORIENTED_EDGE('',*,*,#4185,.F.);
#6383=ORIENTED_EDGE('',*,*,#4183,.F.);
#6384=ORIENTED_EDGE('',*,*,#3954,.F.);
#6385=ORIENTED_EDGE('',*,*,#3978,.F.);
#6386=ORIENTED_EDGE('',*,*,#3983,.T.);
#6387=ORIENTED_EDGE('',*,*,#4630,.T.);
#6388=ORIENTED_EDGE('',*,*,#3747,.F.);
#6389=ORIENTED_EDGE('',*,*,#3743,.T.);
#6390=ORIENTED_EDGE('',*,*,#4631,.F.);
#6391=ORIENTED_EDGE('',*,*,#3760,.F.);
#6392=ORIENTED_EDGE('',*,*,#3761,.F.);
#6393=ORIENTED_EDGE('',*,*,#3757,.T.);
#6394=ORIENTED_EDGE('',*,*,#4632,.F.);
#6395=ORIENTED_EDGE('',*,*,#3771,.F.);
#6396=ORIENTED_EDGE('',*,*,#3775,.T.);
#6397=ORIENTED_EDGE('',*,*,#3774,.T.);
#6398=ORIENTED_EDGE('',*,*,#4633,.F.);
#6399=ORIENTED_EDGE('',*,*,#3783,.F.);
#6400=ORIENTED_EDGE('',*,*,#4634,.T.);
#6401=ORIENTED_EDGE('',*,*,#3777,.T.);
#6402=ORIENTED_EDGE('',*,*,#4635,.F.);
#6403=ORIENTED_EDGE('',*,*,#3746,.F.);
#6404=ORIENTED_EDGE('',*,*,#3740,.F.);
#6405=ORIENTED_EDGE('',*,*,#3736,.T.);
#6406=ORIENTED_EDGE('',*,*,#3738,.T.);
#6407=ORIENTED_EDGE('',*,*,#4636,.T.);
#6408=ORIENTED_EDGE('',*,*,#3779,.F.);
#6409=ORIENTED_EDGE('',*,*,#4637,.F.);
#6410=ORIENTED_EDGE('',*,*,#3781,.T.);
#6411=ORIENTED_EDGE('',*,*,#4638,.T.);
#6412=ORIENTED_EDGE('',*,*,#3766,.F.);
#6413=ORIENTED_EDGE('',*,*,#3764,.F.);
#6414=ORIENTED_EDGE('',*,*,#3768,.T.);
#6415=ORIENTED_EDGE('',*,*,#4639,.T.);
#6416=ORIENTED_EDGE('',*,*,#3754,.F.);
#6417=ORIENTED_EDGE('',*,*,#3750,.T.);
#6418=ORIENTED_EDGE('',*,*,#3752,.T.);
#6419=ORIENTED_EDGE('',*,*,#4640,.T.);
#6420=ORIENTED_EDGE('',*,*,#3864,.F.);
#6421=ORIENTED_EDGE('',*,*,#4605,.F.);
#6422=ORIENTED_EDGE('',*,*,#4599,.F.);
#6423=ORIENTED_EDGE('',*,*,#4603,.F.);
#6424=ORIENTED_EDGE('',*,*,#4611,.F.);
#6425=ORIENTED_EDGE('',*,*,#4587,.T.);
#6426=ORIENTED_EDGE('',*,*,#4590,.T.);
#6427=ORIENTED_EDGE('',*,*,#4610,.T.);
#6428=ORIENTED_EDGE('',*,*,#4579,.F.);
#6429=ORIENTED_EDGE('',*,*,#4583,.F.);
#6430=ORIENTED_EDGE('',*,*,#4614,.T.);
#6431=ORIENTED_EDGE('',*,*,#4567,.T.);
#6432=ORIENTED_EDGE('',*,*,#4570,.T.);
#6433=ORIENTED_EDGE('',*,*,#4608,.F.);
#6434=ORIENTED_EDGE('',*,*,#3941,.F.);
#6435=ORIENTED_EDGE('',*,*,#3942,.F.);
#6436=ORIENTED_EDGE('',*,*,#3936,.F.);
#6437=ORIENTED_EDGE('',*,*,#4607,.F.);
#6438=ORIENTED_EDGE('',*,*,#3872,.F.);
#6439=ORIENTED_EDGE('',*,*,#3874,.F.);
#6440=ORIENTED_EDGE('',*,*,#3877,.F.);
#6441=ORIENTED_EDGE('',*,*,#4606,.F.);
#6442=ORIENTED_EDGE('',*,*,#3859,.F.);
#6443=ORIENTED_EDGE('',*,*,#3861,.F.);
#6444=ORIENTED_EDGE('',*,*,#3739,.F.);
#6445=ORIENTED_EDGE('',*,*,#4640,.F.);
#6446=ORIENTED_EDGE('',*,*,#3751,.T.);
#6447=ORIENTED_EDGE('',*,*,#3727,.F.);
#6448=ORIENTED_EDGE('',*,*,#3753,.F.);
#6449=ORIENTED_EDGE('',*,*,#4639,.F.);
#6450=ORIENTED_EDGE('',*,*,#3767,.T.);
#6451=ORIENTED_EDGE('',*,*,#3725,.T.);
#6452=ORIENTED_EDGE('',*,*,#3765,.F.);
#6453=ORIENTED_EDGE('',*,*,#4638,.F.);
#6454=ORIENTED_EDGE('',*,*,#3780,.T.);
#6455=ORIENTED_EDGE('',*,*,#4633,.T.);
#6456=ORIENTED_EDGE('',*,*,#3773,.F.);
#6457=ORIENTED_EDGE('',*,*,#3719,.F.);
#6458=ORIENTED_EDGE('',*,*,#3769,.T.);
#6459=ORIENTED_EDGE('',*,*,#4632,.T.);
#6460=ORIENTED_EDGE('',*,*,#3756,.F.);
#6461=ORIENTED_EDGE('',*,*,#3717,.T.);
#6462=ORIENTED_EDGE('',*,*,#3758,.T.);
#6463=ORIENTED_EDGE('',*,*,#4631,.T.);
#6464=ORIENTED_EDGE('',*,*,#3742,.F.);
#6465=ORIENTED_EDGE('',*,*,#3713,.T.);
#6466=ORIENTED_EDGE('',*,*,#3744,.T.);
#6467=ORIENTED_EDGE('',*,*,#4635,.T.);
#6468=ORIENTED_EDGE('',*,*,#3776,.F.);
#6469=ORIENTED_EDGE('',*,*,#4636,.F.);
#6470=ORIENTED_EDGE('',*,*,#3737,.T.);
#6471=ORIENTED_EDGE('',*,*,#3731,.F.);
#6472=ORIENTED_EDGE('',*,*,#3998,.F.);
#6473=ORIENTED_EDGE('',*,*,#3991,.F.);
#6474=ORIENTED_EDGE('',*,*,#3994,.F.);
#6475=ORIENTED_EDGE('',*,*,#3996,.F.);
#6476=ORIENTED_EDGE('',*,*,#4031,.F.);
#6477=ORIENTED_EDGE('',*,*,#4040,.F.);
#6478=ORIENTED_EDGE('',*,*,#4036,.T.);
#6479=ORIENTED_EDGE('',*,*,#4039,.T.);
#6480=ORIENTED_EDGE('',*,*,#4015,.T.);
#6481=ORIENTED_EDGE('',*,*,#4020,.T.);
#6482=ORIENTED_EDGE('',*,*,#4023,.F.);
#6483=ORIENTED_EDGE('',*,*,#4029,.T.);
#6484=ORIENTED_EDGE('',*,*,#4064,.F.);
#6485=ORIENTED_EDGE('',*,*,#4057,.F.);
#6486=ORIENTED_EDGE('',*,*,#4060,.F.);
#6487=ORIENTED_EDGE('',*,*,#4062,.F.);
#6488=ORIENTED_EDGE('',*,*,#4088,.F.);
#6489=ORIENTED_EDGE('',*,*,#4081,.F.);
#6490=ORIENTED_EDGE('',*,*,#4084,.F.);
#6491=ORIENTED_EDGE('',*,*,#4086,.F.);
#6492=ORIENTED_EDGE('',*,*,#4112,.F.);
#6493=ORIENTED_EDGE('',*,*,#4105,.F.);
#6494=ORIENTED_EDGE('',*,*,#4108,.F.);
#6495=ORIENTED_EDGE('',*,*,#4110,.F.);
#6496=ORIENTED_EDGE('',*,*,#4136,.F.);
#6497=ORIENTED_EDGE('',*,*,#4129,.F.);
#6498=ORIENTED_EDGE('',*,*,#4132,.F.);
#6499=ORIENTED_EDGE('',*,*,#4134,.F.);
#6500=ORIENTED_EDGE('',*,*,#4186,.F.);
#6501=ORIENTED_EDGE('',*,*,#4156,.T.);
#6502=ORIENTED_EDGE('',*,*,#4184,.T.);
#6503=ORIENTED_EDGE('',*,*,#4629,.F.);
#6504=ORIENTED_EDGE('',*,*,#4193,.F.);
#6505=ORIENTED_EDGE('',*,*,#4150,.F.);
#6506=ORIENTED_EDGE('',*,*,#4191,.T.);
#6507=ORIENTED_EDGE('',*,*,#4628,.F.);
#6508=ORIENTED_EDGE('',*,*,#4253,.T.);
#6509=ORIENTED_EDGE('',*,*,#4624,.T.);
#6510=ORIENTED_EDGE('',*,*,#4200,.F.);
#6511=ORIENTED_EDGE('',*,*,#4164,.T.);
#6512=ORIENTED_EDGE('',*,*,#4198,.T.);
#6513=ORIENTED_EDGE('',*,*,#4625,.T.);
#6514=ORIENTED_EDGE('',*,*,#4256,.F.);
#6515=ORIENTED_EDGE('',*,*,#4627,.F.);
#6516=ORIENTED_EDGE('',*,*,#4235,.F.);
#6517=ORIENTED_EDGE('',*,*,#4160,.T.);
#6518=ORIENTED_EDGE('',*,*,#4233,.T.);
#6519=ORIENTED_EDGE('',*,*,#4626,.F.);
#6520=ORIENTED_EDGE('',*,*,#4279,.T.);
#6521=ORIENTED_EDGE('',*,*,#3686,.T.);
#6522=ORIENTED_EDGE('',*,*,#4274,.F.);
#6523=ORIENTED_EDGE('',*,*,#4311,.F.);
#6524=ORIENTED_EDGE('',*,*,#4302,.T.);
#6525=ORIENTED_EDGE('',*,*,#4305,.T.);
#6526=ORIENTED_EDGE('',*,*,#4281,.T.);
#6527=ORIENTED_EDGE('',*,*,#4293,.F.);
#6528=ORIENTED_EDGE('',*,*,#4295,.F.);
#6529=ORIENTED_EDGE('',*,*,#4297,.T.);
#6530=ORIENTED_EDGE('',*,*,#4272,.T.);
#6531=ORIENTED_EDGE('',*,*,#4324,.F.);
#6532=ORIENTED_EDGE('',*,*,#4322,.F.);
#6533=ORIENTED_EDGE('',*,*,#4319,.F.);
#6534=ORIENTED_EDGE('',*,*,#4325,.F.);
#6535=ORIENTED_EDGE('',*,*,#4619,.F.);
#6536=ORIENTED_EDGE('',*,*,#4276,.T.);
#6537=ORIENTED_EDGE('',*,*,#3682,.T.);
#6538=ORIENTED_EDGE('',*,*,#4372,.F.);
#6539=ORIENTED_EDGE('',*,*,#4365,.T.);
#6540=ORIENTED_EDGE('',*,*,#4368,.T.);
#6541=ORIENTED_EDGE('',*,*,#4370,.F.);
#6542=ORIENTED_EDGE('',*,*,#4382,.F.);
#6543=ORIENTED_EDGE('',*,*,#4384,.T.);
#6544=ORIENTED_EDGE('',*,*,#4377,.T.);
#6545=ORIENTED_EDGE('',*,*,#4380,.F.);
#6546=ORIENTED_EDGE('',*,*,#4394,.F.);
#6547=ORIENTED_EDGE('',*,*,#4396,.T.);
#6548=ORIENTED_EDGE('',*,*,#4389,.T.);
#6549=ORIENTED_EDGE('',*,*,#4392,.F.);
#6550=ORIENTED_EDGE('',*,*,#4427,.F.);
#6551=ORIENTED_EDGE('',*,*,#4616,.F.);
#6552=ORIENTED_EDGE('',*,*,#4450,.F.);
#6553=ORIENTED_EDGE('',*,*,#4425,.F.);
#6554=ORIENTED_EDGE('',*,*,#4328,.F.);
#6555=ORIENTED_EDGE('',*,*,#4423,.T.);
#6556=ORIENTED_EDGE('',*,*,#4449,.F.);
#6557=ORIENTED_EDGE('',*,*,#4617,.T.);
#6558=ORIENTED_EDGE('',*,*,#4417,.F.);
#6559=ORIENTED_EDGE('',*,*,#4338,.T.);
#6560=ORIENTED_EDGE('',*,*,#4413,.T.);
#6561=ORIENTED_EDGE('',*,*,#4618,.T.);
#6562=ORIENTED_EDGE('',*,*,#4445,.T.);
#6563=ORIENTED_EDGE('',*,*,#4437,.T.);
#6564=ORIENTED_EDGE('',*,*,#4342,.T.);
#6565=ORIENTED_EDGE('',*,*,#4439,.F.);
#6566=ORIENTED_EDGE('',*,*,#4448,.T.);
#6567=ORIENTED_EDGE('',*,*,#4615,.F.);
#6568=ORIENTED_EDGE('',*,*,#4431,.T.);
#6569=ORIENTED_EDGE('',*,*,#4332,.F.);
#6570=ORIENTED_EDGE('',*,*,#4508,.F.);
#6571=ORIENTED_EDGE('',*,*,#4477,.T.);
#6572=ORIENTED_EDGE('',*,*,#4458,.F.);
#6573=ORIENTED_EDGE('',*,*,#4479,.F.);
#6574=ORIENTED_EDGE('',*,*,#4510,.F.);
#6575=ORIENTED_EDGE('',*,*,#4512,.F.);
#6576=ORIENTED_EDGE('',*,*,#4472,.F.);
#6577=ORIENTED_EDGE('',*,*,#4454,.F.);
#6578=ORIENTED_EDGE('',*,*,#4474,.T.);
#6579=ORIENTED_EDGE('',*,*,#4511,.F.);
#6580=ORIENTED_EDGE('',*,*,#4501,.T.);
#6581=ORIENTED_EDGE('',*,*,#4493,.F.);
#6582=ORIENTED_EDGE('',*,*,#4464,.T.);
#6583=ORIENTED_EDGE('',*,*,#4495,.T.);
#6584=ORIENTED_EDGE('',*,*,#4504,.T.);
#6585=ORIENTED_EDGE('',*,*,#4505,.T.);
#6586=ORIENTED_EDGE('',*,*,#4486,.T.);
#6587=ORIENTED_EDGE('',*,*,#4468,.T.);
#6588=ORIENTED_EDGE('',*,*,#4488,.F.);
#6589=ORIENTED_EDGE('',*,*,#4507,.T.);
#6590=ORIENTED_EDGE('',*,*,#4538,.F.);
#6591=ORIENTED_EDGE('',*,*,#4551,.F.);
#6592=ORIENTED_EDGE('',*,*,#4544,.T.);
#6593=ORIENTED_EDGE('',*,*,#4547,.T.);
#6594=ORIENTED_EDGE('',*,*,#4549,.F.);
#6595=ORIENTED_EDGE('',*,*,#4535,.T.);
#6596=ORIENTED_EDGE('',*,*,#4563,.F.);
#6597=ORIENTED_EDGE('',*,*,#4556,.T.);
#6598=ORIENTED_EDGE('',*,*,#4559,.T.);
#6599=ORIENTED_EDGE('',*,*,#4561,.F.);
#6600=ORIENTED_EDGE('',*,*,#4594,.T.);
#6601=ORIENTED_EDGE('',*,*,#4591,.F.);
#6602=ORIENTED_EDGE('',*,*,#4574,.T.);
#6603=ORIENTED_EDGE('',*,*,#4571,.F.);
#6604=ORIENTED_EDGE('',*,*,#4528,.F.);
#6605=ORIENTED_EDGE('',*,*,#4524,.T.);
#6606=ORIENTED_EDGE('',*,*,#4527,.T.);
#6607=ORIENTED_EDGE('',*,*,#4517,.T.);
#6608=ORIENTED_EDGE('',*,*,#4513,.F.);
#6609=ORIENTED_EDGE('',*,*,#4530,.F.);
#6610=ORIENTED_EDGE('',*,*,#4412,.F.);
#6611=ORIENTED_EDGE('',*,*,#4407,.T.);
#6612=ORIENTED_EDGE('',*,*,#4409,.F.);
#6613=ORIENTED_EDGE('',*,*,#4411,.F.);
#6614=ORIENTED_EDGE('',*,*,#4360,.F.);
#6615=ORIENTED_EDGE('',*,*,#4350,.T.);
#6616=ORIENTED_EDGE('',*,*,#4347,.T.);
#6617=ORIENTED_EDGE('',*,*,#4345,.F.);
#6618=ORIENTED_EDGE('',*,*,#4356,.T.);
#6619=ORIENTED_EDGE('',*,*,#4358,.F.);
#6620=ORIENTED_EDGE('',*,*,#4207,.F.);
#6621=ORIENTED_EDGE('',*,*,#4176,.T.);
#6622=ORIENTED_EDGE('',*,*,#4205,.T.);
#6623=ORIENTED_EDGE('',*,*,#4623,.F.);
#6624=ORIENTED_EDGE('',*,*,#4212,.F.);
#6625=ORIENTED_EDGE('',*,*,#4172,.T.);
#6626=ORIENTED_EDGE('',*,*,#4214,.T.);
#6627=ORIENTED_EDGE('',*,*,#4622,.F.);
#6628=ORIENTED_EDGE('',*,*,#4221,.F.);
#6629=ORIENTED_EDGE('',*,*,#4178,.F.);
#6630=ORIENTED_EDGE('',*,*,#4219,.T.);
#6631=ORIENTED_EDGE('',*,*,#4621,.F.);
#6632=ORIENTED_EDGE('',*,*,#4241,.T.);
#6633=ORIENTED_EDGE('',*,*,#4244,.T.);
#6634=ORIENTED_EDGE('',*,*,#4226,.F.);
#6635=ORIENTED_EDGE('',*,*,#4168,.T.);
#6636=ORIENTED_EDGE('',*,*,#4228,.T.);
#6637=ORIENTED_EDGE('',*,*,#4246,.T.);
#6638=ORIENTED_EDGE('',*,*,#4247,.F.);
#6639=ORIENTED_EDGE('',*,*,#4620,.F.);
#6640=ORIENTED_EDGE('',*,*,#4148,.F.);
#6641=ORIENTED_EDGE('',*,*,#4141,.F.);
#6642=ORIENTED_EDGE('',*,*,#4144,.F.);
#6643=ORIENTED_EDGE('',*,*,#4146,.F.);
#6644=ORIENTED_EDGE('',*,*,#4124,.F.);
#6645=ORIENTED_EDGE('',*,*,#4117,.F.);
#6646=ORIENTED_EDGE('',*,*,#4120,.F.);
#6647=ORIENTED_EDGE('',*,*,#4122,.F.);
#6648=ORIENTED_EDGE('',*,*,#4100,.F.);
#6649=ORIENTED_EDGE('',*,*,#4093,.F.);
#6650=ORIENTED_EDGE('',*,*,#4096,.F.);
#6651=ORIENTED_EDGE('',*,*,#4098,.F.);
#6652=ORIENTED_EDGE('',*,*,#4076,.F.);
#6653=ORIENTED_EDGE('',*,*,#4069,.F.);
#6654=ORIENTED_EDGE('',*,*,#4072,.F.);
#6655=ORIENTED_EDGE('',*,*,#4074,.F.);
#6656=ORIENTED_EDGE('',*,*,#4052,.F.);
#6657=ORIENTED_EDGE('',*,*,#4045,.F.);
#6658=ORIENTED_EDGE('',*,*,#4048,.F.);
#6659=ORIENTED_EDGE('',*,*,#4050,.F.);
#6660=ORIENTED_EDGE('',*,*,#4010,.F.);
#6661=ORIENTED_EDGE('',*,*,#4003,.F.);
#6662=ORIENTED_EDGE('',*,*,#4006,.F.);
#6663=ORIENTED_EDGE('',*,*,#4008,.F.);
#6664=ORIENTED_EDGE('',*,*,#3984,.F.);
#6665=ORIENTED_EDGE('',*,*,#3958,.T.);
#6666=ORIENTED_EDGE('',*,*,#3973,.T.);
#6667=ORIENTED_EDGE('',*,*,#3965,.T.);
#6668=ORIENTED_EDGE('',*,*,#3968,.F.);
#6669=ORIENTED_EDGE('',*,*,#3970,.F.);
#6670=ORIENTED_EDGE('',*,*,#3972,.T.);
#6671=ORIENTED_EDGE('',*,*,#3955,.F.);
#6672=ORIENTED_EDGE('',*,*,#4630,.F.);
#6673=ORIENTED_EDGE('',*,*,#3982,.F.);
#6674=ORIENTED_EDGE('',*,*,#3979,.F.);
#6675=ORIENTED_EDGE('',*,*,#3986,.F.);
#6676=ORIENTED_EDGE('',*,*,#3782,.F.);
#6677=ORIENTED_EDGE('',*,*,#4637,.T.);
#6678=ORIENTED_EDGE('',*,*,#3778,.T.);
#6679=ORIENTED_EDGE('',*,*,#4634,.F.);
#6680=ORIENTED_EDGE('',*,*,#3697,.T.);
#6681=ORIENTED_EDGE('',*,*,#3695,.F.);
#6682=ORIENTED_EDGE('',*,*,#3692,.F.);
#6683=ORIENTED_EDGE('',*,*,#3703,.T.);
#6684=ORIENTED_EDGE('',*,*,#3706,.T.);
#6685=ORIENTED_EDGE('',*,*,#3708,.F.);
#6686=ORIENTED_EDGE('',*,*,#4641,.F.);
#6687=ORIENTED_EDGE('',*,*,#4642,.F.);
#6688=ORIENTED_EDGE('',*,*,#4643,.F.);
#6689=ORIENTED_EDGE('',*,*,#4644,.F.);
#6690=ORIENTED_EDGE('',*,*,#4645,.F.);
#6691=ORIENTED_EDGE('',*,*,#4646,.F.);
#6692=ORIENTED_EDGE('',*,*,#4647,.F.);
#6693=ORIENTED_EDGE('',*,*,#4648,.F.);
#6694=ORIENTED_EDGE('',*,*,#4649,.F.);
#6695=ORIENTED_EDGE('',*,*,#4650,.T.);
#6696=ORIENTED_EDGE('',*,*,#4651,.T.);
#6697=ORIENTED_EDGE('',*,*,#4652,.F.);
#6698=ORIENTED_EDGE('',*,*,#4653,.F.);
#6699=ORIENTED_EDGE('',*,*,#4654,.F.);
#6700=ORIENTED_EDGE('',*,*,#4655,.T.);
#6701=ORIENTED_EDGE('',*,*,#4645,.T.);
#6702=ORIENTED_EDGE('',*,*,#4656,.F.);
#6703=ORIENTED_EDGE('',*,*,#4657,.F.);
#6704=ORIENTED_EDGE('',*,*,#4658,.T.);
#6705=ORIENTED_EDGE('',*,*,#4641,.T.);
#6706=ORIENTED_EDGE('',*,*,#4659,.F.);
#6707=ORIENTED_EDGE('',*,*,#4660,.F.);
#6708=ORIENTED_EDGE('',*,*,#4661,.T.);
#6709=ORIENTED_EDGE('',*,*,#4649,.T.);
#6710=ORIENTED_EDGE('',*,*,#4652,.T.);
#6711=ORIENTED_EDGE('',*,*,#4662,.F.);
#6712=ORIENTED_EDGE('',*,*,#4663,.F.);
#6713=ORIENTED_EDGE('',*,*,#4659,.T.);
#6714=ORIENTED_EDGE('',*,*,#4651,.F.);
#6715=ORIENTED_EDGE('',*,*,#4664,.F.);
#6716=ORIENTED_EDGE('',*,*,#4665,.T.);
#6717=ORIENTED_EDGE('',*,*,#4662,.T.);
#6718=ORIENTED_EDGE('',*,*,#4650,.F.);
#6719=ORIENTED_EDGE('',*,*,#4661,.F.);
#6720=ORIENTED_EDGE('',*,*,#4666,.T.);
#6721=ORIENTED_EDGE('',*,*,#4664,.T.);
#6722=ORIENTED_EDGE('',*,*,#4660,.T.);
#6723=ORIENTED_EDGE('',*,*,#4663,.T.);
#6724=ORIENTED_EDGE('',*,*,#4665,.F.);
#6725=ORIENTED_EDGE('',*,*,#4666,.F.);
#6726=ORIENTED_EDGE('',*,*,#4667,.F.);
#6727=ORIENTED_EDGE('',*,*,#4668,.F.);
#6728=ORIENTED_EDGE('',*,*,#4669,.F.);
#6729=ORIENTED_EDGE('',*,*,#4670,.F.);
#6730=ORIENTED_EDGE('',*,*,#4667,.T.);
#6731=ORIENTED_EDGE('',*,*,#4671,.F.);
#6732=ORIENTED_EDGE('',*,*,#4672,.F.);
#6733=ORIENTED_EDGE('',*,*,#4673,.T.);
#6734=ORIENTED_EDGE('',*,*,#4668,.T.);
#6735=ORIENTED_EDGE('',*,*,#4673,.F.);
#6736=ORIENTED_EDGE('',*,*,#4674,.F.);
#6737=ORIENTED_EDGE('',*,*,#4675,.T.);
#6738=ORIENTED_EDGE('',*,*,#4669,.T.);
#6739=ORIENTED_EDGE('',*,*,#4675,.F.);
#6740=ORIENTED_EDGE('',*,*,#4676,.F.);
#6741=ORIENTED_EDGE('',*,*,#4677,.T.);
#6742=ORIENTED_EDGE('',*,*,#4670,.T.);
#6743=ORIENTED_EDGE('',*,*,#4677,.F.);
#6744=ORIENTED_EDGE('',*,*,#4678,.F.);
#6745=ORIENTED_EDGE('',*,*,#4671,.T.);
#6746=ORIENTED_EDGE('',*,*,#4672,.T.);
#6747=ORIENTED_EDGE('',*,*,#4678,.T.);
#6748=ORIENTED_EDGE('',*,*,#4676,.T.);
#6749=ORIENTED_EDGE('',*,*,#4674,.T.);
#6750=ORIENTED_EDGE('',*,*,#4679,.F.);
#6751=ORIENTED_EDGE('',*,*,#4680,.T.);
#6752=ORIENTED_EDGE('',*,*,#4681,.T.);
#6753=ORIENTED_EDGE('',*,*,#4642,.T.);
#6754=ORIENTED_EDGE('',*,*,#4658,.F.);
#6755=ORIENTED_EDGE('',*,*,#4682,.F.);
#6756=ORIENTED_EDGE('',*,*,#4683,.T.);
#6757=ORIENTED_EDGE('',*,*,#4684,.F.);
#6758=ORIENTED_EDGE('',*,*,#4656,.T.);
#6759=ORIENTED_EDGE('',*,*,#4644,.T.);
#6760=ORIENTED_EDGE('',*,*,#4681,.F.);
#6761=ORIENTED_EDGE('',*,*,#4685,.T.);
#6762=ORIENTED_EDGE('',*,*,#4682,.T.);
#6763=ORIENTED_EDGE('',*,*,#4643,.T.);
#6764=ORIENTED_EDGE('',*,*,#4684,.T.);
#6765=ORIENTED_EDGE('',*,*,#4686,.T.);
#6766=ORIENTED_EDGE('',*,*,#4679,.T.);
#6767=ORIENTED_EDGE('',*,*,#4657,.T.);
#6768=ORIENTED_EDGE('',*,*,#4683,.F.);
#6769=ORIENTED_EDGE('',*,*,#4685,.F.);
#6770=ORIENTED_EDGE('',*,*,#4680,.F.);
#6771=ORIENTED_EDGE('',*,*,#4686,.F.);
#6772=ORIENTED_EDGE('',*,*,#4687,.F.);
#6773=ORIENTED_EDGE('',*,*,#4688,.T.);
#6774=ORIENTED_EDGE('',*,*,#4653,.T.);
#6775=ORIENTED_EDGE('',*,*,#4648,.T.);
#6776=ORIENTED_EDGE('',*,*,#4689,.F.);
#6777=ORIENTED_EDGE('',*,*,#4690,.T.);
#6778=ORIENTED_EDGE('',*,*,#4687,.T.);
#6779=ORIENTED_EDGE('',*,*,#4647,.T.);
#6780=ORIENTED_EDGE('',*,*,#4655,.F.);
#6781=ORIENTED_EDGE('',*,*,#4691,.T.);
#6782=ORIENTED_EDGE('',*,*,#4689,.T.);
#6783=ORIENTED_EDGE('',*,*,#4646,.T.);
#6784=ORIENTED_EDGE('',*,*,#4688,.F.);
#6785=ORIENTED_EDGE('',*,*,#4690,.F.);
#6786=ORIENTED_EDGE('',*,*,#4691,.F.);
#6787=ORIENTED_EDGE('',*,*,#4654,.T.);
#6788=PLANE('',#7913);
#6789=PLANE('',#7914);
#6790=PLANE('',#7915);
#6791=PLANE('',#7916);
#6792=PLANE('',#7917);
#6793=PLANE('',#7918);
#6794=PLANE('',#7941);
#6795=PLANE('',#7942);
#6796=PLANE('',#7943);
#6797=PLANE('',#7944);
#6798=PLANE('',#7945);
#6799=PLANE('',#7946);
#6800=PLANE('',#7947);
#6801=PLANE('',#7948);
#6802=PLANE('',#7949);
#6803=PLANE('',#7950);
#6804=PLANE('',#7951);
#6805=PLANE('',#7952);
#6806=PLANE('',#7953);
#6807=PLANE('',#7954);
#6808=PLANE('',#7955);
#6809=PLANE('',#7956);
#6810=PLANE('',#7957);
#6811=PLANE('',#7958);
#6812=PLANE('',#7959);
#6813=PLANE('',#7960);
#6814=PLANE('',#7961);
#6815=PLANE('',#7962);
#6816=PLANE('',#7963);
#6817=PLANE('',#7964);
#6818=PLANE('',#7965);
#6819=PLANE('',#7966);
#6820=PLANE('',#7967);
#6821=PLANE('',#7968);
#6822=PLANE('',#7969);
#6823=PLANE('',#7970);
#6824=PLANE('',#7971);
#6825=PLANE('',#7972);
#6826=PLANE('',#7973);
#6827=PLANE('',#7974);
#6828=PLANE('',#7975);
#6829=PLANE('',#7976);
#6830=PLANE('',#7977);
#6831=PLANE('',#7978);
#6832=PLANE('',#7979);
#6833=PLANE('',#7996);
#6834=PLANE('',#7997);
#6835=PLANE('',#7998);
#6836=PLANE('',#7999);
#6837=PLANE('',#8000);
#6838=PLANE('',#8001);
#6839=PLANE('',#8002);
#6840=PLANE('',#8003);
#6841=PLANE('',#8004);
#6842=PLANE('',#8005);
#6843=PLANE('',#8006);
#6844=PLANE('',#8007);
#6845=PLANE('',#8008);
#6846=PLANE('',#8009);
#6847=PLANE('',#8010);
#6848=PLANE('',#8011);
#6849=PLANE('',#8012);
#6850=PLANE('',#8013);
#6851=PLANE('',#8014);
#6852=PLANE('',#8015);
#6853=PLANE('',#8016);
#6854=PLANE('',#8017);
#6855=PLANE('',#8018);
#6856=PLANE('',#8019);
#6857=PLANE('',#8020);
#6858=PLANE('',#8021);
#6859=PLANE('',#8022);
#6860=PLANE('',#8023);
#6861=PLANE('',#8027);
#6862=PLANE('',#8028);
#6863=PLANE('',#8029);
#6864=PLANE('',#8030);
#6865=PLANE('',#8031);
#6866=PLANE('',#8033);
#6867=PLANE('',#8034);
#6868=PLANE('',#8035);
#6869=PLANE('',#8040);
#6870=PLANE('',#8041);
#6871=PLANE('',#8042);
#6872=PLANE('',#8043);
#6873=PLANE('',#8044);
#6874=PLANE('',#8045);
#6875=PLANE('',#8048);
#6876=PLANE('',#8049);
#6877=PLANE('',#8050);
#6878=PLANE('',#8051);
#6879=PLANE('',#8052);
#6880=PLANE('',#8053);
#6881=PLANE('',#8054);
#6882=PLANE('',#8055);
#6883=PLANE('',#8056);
#6884=PLANE('',#8057);
#6885=PLANE('',#8058);
#6886=PLANE('',#8059);
#6887=PLANE('',#8060);
#6888=PLANE('',#8061);
#6889=PLANE('',#8062);
#6890=PLANE('',#8063);
#6891=PLANE('',#8064);
#6892=PLANE('',#8065);
#6893=PLANE('',#8066);
#6894=PLANE('',#8067);
#6895=PLANE('',#8068);
#6896=PLANE('',#8069);
#6897=PLANE('',#8070);
#6898=PLANE('',#8071);
#6899=PLANE('',#8072);
#6900=PLANE('',#8073);
#6901=PLANE('',#8074);
#6902=PLANE('',#8075);
#6903=PLANE('',#8076);
#6904=PLANE('',#8077);
#6905=PLANE('',#8078);
#6906=PLANE('',#8079);
#6907=PLANE('',#8080);
#6908=PLANE('',#8081);
#6909=PLANE('',#8082);
#6910=PLANE('',#8083);
#6911=PLANE('',#8084);
#6912=PLANE('',#8085);
#6913=PLANE('',#8086);
#6914=PLANE('',#8087);
#6915=PLANE('',#8088);
#6916=PLANE('',#8089);
#6917=PLANE('',#8090);
#6918=PLANE('',#8091);
#6919=PLANE('',#8092);
#6920=PLANE('',#8093);
#6921=PLANE('',#8094);
#6922=PLANE('',#8095);
#6923=PLANE('',#8096);
#6924=PLANE('',#8097);
#6925=PLANE('',#8098);
#6926=PLANE('',#8099);
#6927=PLANE('',#8100);
#6928=PLANE('',#8101);
#6929=PLANE('',#8102);
#6930=PLANE('',#8103);
#6931=PLANE('',#8104);
#6932=PLANE('',#8105);
#6933=PLANE('',#8106);
#6934=PLANE('',#8107);
#6935=PLANE('',#8108);
#6936=PLANE('',#8109);
#6937=PLANE('',#8110);
#6938=PLANE('',#8111);
#6939=PLANE('',#8112);
#6940=PLANE('',#8113);
#6941=PLANE('',#8114);
#6942=PLANE('',#8115);
#6943=PLANE('',#8116);
#6944=PLANE('',#8117);
#6945=PLANE('',#8118);
#6946=PLANE('',#8119);
#6947=PLANE('',#8120);
#6948=PLANE('',#8121);
#6949=PLANE('',#8122);
#6950=PLANE('',#8123);
#6951=PLANE('',#8124);
#6952=PLANE('',#8125);
#6953=PLANE('',#8126);
#6954=PLANE('',#8127);
#6955=PLANE('',#8128);
#6956=PLANE('',#8129);
#6957=PLANE('',#8130);
#6958=PLANE('',#8131);
#6959=PLANE('',#8132);
#6960=PLANE('',#8133);
#6961=PLANE('',#8134);
#6962=PLANE('',#8135);
#6963=PLANE('',#8136);
#6964=PLANE('',#8137);
#6965=PLANE('',#8138);
#6966=PLANE('',#8139);
#6967=PLANE('',#8140);
#6968=PLANE('',#8141);
#6969=PLANE('',#8142);
#6970=PLANE('',#8143);
#6971=PLANE('',#8144);
#6972=PLANE('',#8145);
#6973=PLANE('',#8146);
#6974=PLANE('',#8147);
#6975=PLANE('',#8148);
#6976=PLANE('',#8149);
#6977=PLANE('',#8150);
#6978=PLANE('',#8151);
#6979=PLANE('',#8152);
#6980=PLANE('',#8153);
#6981=PLANE('',#8154);
#6982=PLANE('',#8155);
#6983=PLANE('',#8156);
#6984=PLANE('',#8157);
#6985=PLANE('',#8158);
#6986=PLANE('',#8159);
#6987=PLANE('',#8160);
#6988=PLANE('',#8161);
#6989=PLANE('',#8162);
#6990=PLANE('',#8163);
#6991=PLANE('',#8164);
#6992=PLANE('',#8165);
#6993=PLANE('',#8166);
#6994=PLANE('',#8169);
#6995=PLANE('',#8170);
#6996=PLANE('',#8171);
#6997=PLANE('',#8172);
#6998=PLANE('',#8173);
#6999=PLANE('',#8174);
#7000=PLANE('',#8175);
#7001=PLANE('',#8176);
#7002=PLANE('',#8177);
#7003=PLANE('',#8178);
#7004=PLANE('',#8179);
#7005=PLANE('',#8180);
#7006=PLANE('',#8181);
#7007=PLANE('',#8182);
#7008=PLANE('',#8183);
#7009=PLANE('',#8184);
#7010=PLANE('',#8185);
#7011=PLANE('',#8186);
#7012=PLANE('',#8187);
#7013=PLANE('',#8188);
#7014=PLANE('',#8189);
#7015=PLANE('',#8190);
#7016=PLANE('',#8191);
#7017=PLANE('',#8192);
#7018=PLANE('',#8193);
#7019=PLANE('',#8194);
#7020=PLANE('',#8195);
#7021=PLANE('',#8196);
#7022=PLANE('',#8197);
#7023=PLANE('',#8198);
#7024=PLANE('',#8199);
#7025=PLANE('',#8200);
#7026=PLANE('',#8201);
#7027=PLANE('',#8202);
#7028=PLANE('',#8203);
#7029=PLANE('',#8204);
#7030=PLANE('',#8205);
#7031=PLANE('',#8206);
#7032=PLANE('',#8207);
#7033=PLANE('',#8208);
#7034=PLANE('',#8209);
#7035=PLANE('',#8210);
#7036=PLANE('',#8211);
#7037=PLANE('',#8212);
#7038=PLANE('',#8213);
#7039=PLANE('',#8214);
#7040=PLANE('',#8215);
#7041=PLANE('',#8216);
#7042=PLANE('',#8217);
#7043=PLANE('',#8218);
#7044=PLANE('',#8219);
#7045=PLANE('',#8220);
#7046=PLANE('',#8223);
#7047=PLANE('',#8226);
#7048=PLANE('',#8229);
#7049=PLANE('',#8232);
#7050=PLANE('',#8233);
#7051=PLANE('',#8234);
#7052=PLANE('',#8235);
#7053=PLANE('',#8236);
#7054=PLANE('',#8237);
#7055=PLANE('',#8238);
#7056=PLANE('',#8239);
#7057=PLANE('',#8240);
#7058=PLANE('',#8241);
#7059=PLANE('',#8242);
#7060=PLANE('',#8243);
#7061=PLANE('',#8244);
#7062=PLANE('',#8245);
#7063=PLANE('',#8246);
#7064=PLANE('',#8247);
#7065=PLANE('',#8248);
#7066=PLANE('',#8249);
#7067=PLANE('',#8250);
#7068=PLANE('',#8251);
#7069=PLANE('',#8252);
#7070=PLANE('',#8253);
#7071=PLANE('',#8254);
#7072=PLANE('',#8255);
#7073=PLANE('',#8256);
#7074=PLANE('',#8257);
#7075=PLANE('',#8258);
#7076=PLANE('',#8259);
#7077=PLANE('',#8260);
#7078=PLANE('',#8261);
#7079=PLANE('',#8262);
#7080=PLANE('',#8263);
#7081=PLANE('',#8264);
#7082=PLANE('',#8265);
#7083=PLANE('',#8266);
#7084=PLANE('',#8267);
#7085=PLANE('',#8268);
#7086=PLANE('',#8269);
#7087=PLANE('',#8270);
#7088=PLANE('',#8271);
#7089=PLANE('',#8272);
#7090=PLANE('',#8273);
#7091=PLANE('',#8274);
#7092=PLANE('',#8275);
#7093=PLANE('',#8276);
#7094=PLANE('',#8277);
#7095=PLANE('',#8278);
#7096=PLANE('',#8279);
#7097=PLANE('',#8280);
#7098=PLANE('',#8281);
#7099=PLANE('',#8282);
#7100=PLANE('',#8283);
#7101=PLANE('',#8284);
#7102=PLANE('',#8285);
#7103=PLANE('',#8286);
#7104=PLANE('',#8287);
#7105=PLANE('',#8288);
#7106=PLANE('',#8301);
#7107=PLANE('',#8302);
#7108=PLANE('',#8315);
#7109=PLANE('',#8316);
#7110=PLANE('',#8317);
#7111=PLANE('',#8318);
#7112=PLANE('',#8319);
#7113=PLANE('',#8320);
#7114=PLANE('',#8321);
#7115=PLANE('',#8322);
#7116=PLANE('',#8323);
#7117=PLANE('',#8324);
#7118=PLANE('',#8325);
#7119=PLANE('',#8326);
#7120=PLANE('',#8327);
#7121=PLANE('',#8328);
#7122=PLANE('',#8329);
#7123=PLANE('',#8330);
#7124=PLANE('',#8331);
#7125=PLANE('',#8332);
#7126=PLANE('',#8333);
#7127=PLANE('',#8334);
#7128=PLANE('',#8335);
#7129=PLANE('',#8336);
#7130=PLANE('',#8337);
#7131=PLANE('',#8338);
#7132=PLANE('',#8339);
#7133=PLANE('',#8340);
#7134=PLANE('',#8341);
#7135=PLANE('',#8342);
#7136=PLANE('',#8343);
#7137=PLANE('',#8344);
#7138=PLANE('',#8346);
#7139=PLANE('',#8348);
#7140=PLANE('',#8349);
#7141=PLANE('',#8350);
#7142=PLANE('',#8352);
#7143=PLANE('',#8353);
#7144=STYLED_ITEM('',(#12794),#7503);
#7145=STYLED_ITEM('',(#12794),#7504);
#7146=STYLED_ITEM('',(#12794),#7505);
#7147=STYLED_ITEM('',(#12794),#7506);
#7148=STYLED_ITEM('',(#12794),#7507);
#7149=STYLED_ITEM('',(#12794),#7508);
#7150=STYLED_ITEM('',(#12793),#165);
#7151=STYLED_ITEM('',(#12795),#7509);
#7152=STYLED_ITEM('',(#12795),#7510);
#7153=STYLED_ITEM('',(#12795),#7511);
#7154=STYLED_ITEM('',(#12795),#7512);
#7155=STYLED_ITEM('',(#12795),#7513);
#7156=STYLED_ITEM('',(#12795),#7514);
#7157=STYLED_ITEM('',(#12795),#7515);
#7158=STYLED_ITEM('',(#12795),#7516);
#7159=STYLED_ITEM('',(#12796),#7517);
#7160=STYLED_ITEM('',(#12796),#7518);
#7161=STYLED_ITEM('',(#12797),#7519);
#7162=STYLED_ITEM('',(#12797),#7520);
#7163=STYLED_ITEM('',(#12797),#7521);
#7164=STYLED_ITEM('',(#12797),#7522);
#7165=STYLED_ITEM('',(#12797),#7523);
#7166=STYLED_ITEM('',(#12797),#7524);
#7167=STYLED_ITEM('',(#12797),#7525);
#7168=STYLED_ITEM('',(#12797),#7526);
#7169=STYLED_ITEM('',(#12797),#7527);
#7170=STYLED_ITEM('',(#12795),#7528);
#7171=STYLED_ITEM('',(#12795),#7529);
#7172=STYLED_ITEM('',(#12795),#7530);
#7173=STYLED_ITEM('',(#12795),#7531);
#7174=STYLED_ITEM('',(#12795),#7532);
#7175=STYLED_ITEM('',(#12795),#7533);
#7176=STYLED_ITEM('',(#12795),#7534);
#7177=STYLED_ITEM('',(#12795),#7535);
#7178=STYLED_ITEM('',(#12795),#7536);
#7179=STYLED_ITEM('',(#12795),#7537);
#7180=STYLED_ITEM('',(#12795),#7538);
#7181=STYLED_ITEM('',(#12795),#7539);
#7182=STYLED_ITEM('',(#12795),#7540);
#7183=STYLED_ITEM('',(#12795),#7541);
#7184=STYLED_ITEM('',(#12795),#7542);
#7185=STYLED_ITEM('',(#12795),#7543);
#7186=STYLED_ITEM('',(#12795),#7544);
#7187=STYLED_ITEM('',(#12795),#7545);
#7188=STYLED_ITEM('',(#12795),#7546);
#7189=STYLED_ITEM('',(#12795),#7547);
#7190=STYLED_ITEM('',(#12795),#7548);
#7191=STYLED_ITEM('',(#12795),#7549);
#7192=STYLED_ITEM('',(#12795),#7550);
#7193=STYLED_ITEM('',(#12795),#7551);
#7194=STYLED_ITEM('',(#12795),#7552);
#7195=STYLED_ITEM('',(#12795),#7553);
#7196=STYLED_ITEM('',(#12795),#7554);
#7197=STYLED_ITEM('',(#12795),#7555);
#7198=STYLED_ITEM('',(#12795),#7556);
#7199=STYLED_ITEM('',(#12795),#7557);
#7200=STYLED_ITEM('',(#12795),#7562);
#7201=STYLED_ITEM('',(#12795),#7563);
#7202=STYLED_ITEM('',(#12795),#7564);
#7203=STYLED_ITEM('',(#12795),#7565);
#7204=STYLED_ITEM('',(#12795),#7566);
#7205=STYLED_ITEM('',(#12795),#7567);
#7206=STYLED_ITEM('',(#12795),#7568);
#7207=STYLED_ITEM('',(#12795),#7569);
#7208=STYLED_ITEM('',(#12795),#7570);
#7209=STYLED_ITEM('',(#12795),#7571);
#7210=STYLED_ITEM('',(#12795),#7572);
#7211=STYLED_ITEM('',(#12795),#7573);
#7212=STYLED_ITEM('',(#12795),#7574);
#7213=STYLED_ITEM('',(#12795),#7575);
#7214=STYLED_ITEM('',(#12795),#7576);
#7215=STYLED_ITEM('',(#12795),#7577);
#7216=STYLED_ITEM('',(#12795),#7578);
#7217=STYLED_ITEM('',(#12795),#7579);
#7218=STYLED_ITEM('',(#12795),#7580);
#7219=STYLED_ITEM('',(#12795),#7581);
#7220=STYLED_ITEM('',(#12795),#7582);
#7221=STYLED_ITEM('',(#12795),#7583);
#7222=STYLED_ITEM('',(#12795),#7584);
#7223=STYLED_ITEM('',(#12795),#7585);
#7224=STYLED_ITEM('',(#12795),#7586);
#7225=STYLED_ITEM('',(#12795),#7587);
#7226=STYLED_ITEM('',(#12797),#7588);
#7227=STYLED_ITEM('',(#12797),#7589);
#7228=STYLED_ITEM('',(#12797),#7590);
#7229=STYLED_ITEM('',(#12797),#7591);
#7230=STYLED_ITEM('',(#12797),#7592);
#7231=STYLED_ITEM('',(#12795),#7593);
#7232=STYLED_ITEM('',(#12795),#7594);
#7233=STYLED_ITEM('',(#12795),#7595);
#7234=STYLED_ITEM('',(#12795),#7596);
#7235=STYLED_ITEM('',(#12795),#7597);
#7236=STYLED_ITEM('',(#12795),#7598);
#7237=STYLED_ITEM('',(#12795),#7599);
#7238=STYLED_ITEM('',(#12795),#7600);
#7239=STYLED_ITEM('',(#12795),#7601);
#7240=STYLED_ITEM('',(#12795),#7602);
#7241=STYLED_ITEM('',(#12795),#7603);
#7242=STYLED_ITEM('',(#12795),#7604);
#7243=STYLED_ITEM('',(#12795),#7605);
#7244=STYLED_ITEM('',(#12795),#7606);
#7245=STYLED_ITEM('',(#12795),#7607);
#7246=STYLED_ITEM('',(#12795),#7608);
#7247=STYLED_ITEM('',(#12795),#7609);
#7248=STYLED_ITEM('',(#12795),#7610);
#7249=STYLED_ITEM('',(#12795),#7611);
#7250=STYLED_ITEM('',(#12798),#7612);
#7251=STYLED_ITEM('',(#12798),#7613);
#7252=STYLED_ITEM('',(#12798),#7614);
#7253=STYLED_ITEM('',(#12798),#7615);
#7254=STYLED_ITEM('',(#12798),#7616);
#7255=STYLED_ITEM('',(#12799),#7617);
#7256=STYLED_ITEM('',(#12799),#7618);
#7257=STYLED_ITEM('',(#12799),#7619);
#7258=STYLED_ITEM('',(#12799),#7620);
#7259=STYLED_ITEM('',(#12799),#7621);
#7260=STYLED_ITEM('',(#12800),#7622);
#7261=STYLED_ITEM('',(#12800),#7623);
#7262=STYLED_ITEM('',(#12800),#7624);
#7263=STYLED_ITEM('',(#12800),#7625);
#7264=STYLED_ITEM('',(#12800),#7626);
#7265=STYLED_ITEM('',(#12801),#7627);
#7266=STYLED_ITEM('',(#12801),#7628);
#7267=STYLED_ITEM('',(#12801),#7629);
#7268=STYLED_ITEM('',(#12801),#7630);
#7269=STYLED_ITEM('',(#12801),#7631);
#7270=STYLED_ITEM('',(#12801),#7632);
#7271=STYLED_ITEM('',(#12801),#7633);
#7272=STYLED_ITEM('',(#12801),#7634);
#7273=STYLED_ITEM('',(#12801),#7635);
#7274=STYLED_ITEM('',(#12801),#7636);
#7275=STYLED_ITEM('',(#12802),#7637);
#7276=STYLED_ITEM('',(#12802),#7638);
#7277=STYLED_ITEM('',(#12802),#7639);
#7278=STYLED_ITEM('',(#12802),#7640);
#7279=STYLED_ITEM('',(#12802),#7641);
#7280=STYLED_ITEM('',(#12802),#7642);
#7281=STYLED_ITEM('',(#12802),#7643);
#7282=STYLED_ITEM('',(#12802),#7644);
#7283=STYLED_ITEM('',(#12802),#7645);
#7284=STYLED_ITEM('',(#12802),#7646);
#7285=STYLED_ITEM('',(#12802),#7647);
#7286=STYLED_ITEM('',(#12802),#7648);
#7287=STYLED_ITEM('',(#12802),#7649);
#7288=STYLED_ITEM('',(#12802),#7650);
#7289=STYLED_ITEM('',(#12802),#7651);
#7290=STYLED_ITEM('',(#12802),#7652);
#7291=STYLED_ITEM('',(#12802),#7653);
#7292=STYLED_ITEM('',(#12802),#7654);
#7293=STYLED_ITEM('',(#12802),#7655);
#7294=STYLED_ITEM('',(#12802),#7656);
#7295=STYLED_ITEM('',(#12802),#7657);
#7296=STYLED_ITEM('',(#12802),#7658);
#7297=STYLED_ITEM('',(#12802),#7659);
#7298=STYLED_ITEM('',(#12802),#7660);
#7299=STYLED_ITEM('',(#12802),#7661);
#7300=STYLED_ITEM('',(#12802),#7662);
#7301=STYLED_ITEM('',(#12802),#7663);
#7302=STYLED_ITEM('',(#12802),#7664);
#7303=STYLED_ITEM('',(#12802),#7665);
#7304=STYLED_ITEM('',(#12802),#7666);
#7305=STYLED_ITEM('',(#12802),#7667);
#7306=STYLED_ITEM('',(#12802),#7668);
#7307=STYLED_ITEM('',(#12802),#7669);
#7308=STYLED_ITEM('',(#12802),#7670);
#7309=STYLED_ITEM('',(#12802),#7671);
#7310=STYLED_ITEM('',(#12802),#7672);
#7311=STYLED_ITEM('',(#12802),#7673);
#7312=STYLED_ITEM('',(#12802),#7674);
#7313=STYLED_ITEM('',(#12802),#7675);
#7314=STYLED_ITEM('',(#12802),#7676);
#7315=STYLED_ITEM('',(#12802),#7677);
#7316=STYLED_ITEM('',(#12802),#7678);
#7317=STYLED_ITEM('',(#12802),#7679);
#7318=STYLED_ITEM('',(#12802),#7680);
#7319=STYLED_ITEM('',(#12802),#7681);
#7320=STYLED_ITEM('',(#12802),#7682);
#7321=STYLED_ITEM('',(#12802),#7683);
#7322=STYLED_ITEM('',(#12802),#7684);
#7323=STYLED_ITEM('',(#12802),#7685);
#7324=STYLED_ITEM('',(#12802),#7686);
#7325=STYLED_ITEM('',(#12802),#7687);
#7326=STYLED_ITEM('',(#12802),#7688);
#7327=STYLED_ITEM('',(#12802),#7689);
#7328=STYLED_ITEM('',(#12802),#7690);
#7329=STYLED_ITEM('',(#12802),#7691);
#7330=STYLED_ITEM('',(#12802),#7692);
#7331=STYLED_ITEM('',(#12795),#7693);
#7332=STYLED_ITEM('',(#12795),#7694);
#7333=STYLED_ITEM('',(#12795),#7695);
#7334=STYLED_ITEM('',(#12795),#7696);
#7335=STYLED_ITEM('',(#12795),#7697);
#7336=STYLED_ITEM('',(#12795),#7698);
#7337=STYLED_ITEM('',(#12795),#7699);
#7338=STYLED_ITEM('',(#12795),#7700);
#7339=STYLED_ITEM('',(#12795),#7701);
#7340=STYLED_ITEM('',(#12795),#7702);
#7341=STYLED_ITEM('',(#12795),#7703);
#7342=STYLED_ITEM('',(#12795),#7704);
#7343=STYLED_ITEM('',(#12795),#7705);
#7344=STYLED_ITEM('',(#12795),#7706);
#7345=STYLED_ITEM('',(#12795),#7707);
#7346=STYLED_ITEM('',(#12795),#7708);
#7347=STYLED_ITEM('',(#12795),#7709);
#7348=STYLED_ITEM('',(#12795),#7710);
#7349=STYLED_ITEM('',(#12795),#7711);
#7350=STYLED_ITEM('',(#12795),#7712);
#7351=STYLED_ITEM('',(#12795),#7713);
#7352=STYLED_ITEM('',(#12795),#7714);
#7353=STYLED_ITEM('',(#12795),#7715);
#7354=STYLED_ITEM('',(#12795),#7716);
#7355=STYLED_ITEM('',(#12795),#7717);
#7356=STYLED_ITEM('',(#12795),#7718);
#7357=STYLED_ITEM('',(#12795),#7719);
#7358=STYLED_ITEM('',(#12795),#7720);
#7359=STYLED_ITEM('',(#12795),#7721);
#7360=STYLED_ITEM('',(#12795),#7722);
#7361=STYLED_ITEM('',(#12795),#7723);
#7362=STYLED_ITEM('',(#12795),#7724);
#7363=STYLED_ITEM('',(#12797),#7725);
#7364=STYLED_ITEM('',(#12797),#7726);
#7365=STYLED_ITEM('',(#12797),#7727);
#7366=STYLED_ITEM('',(#12797),#7728);
#7367=STYLED_ITEM('',(#12797),#7729);
#7368=STYLED_ITEM('',(#12797),#7730);
#7369=STYLED_ITEM('',(#12797),#7731);
#7370=STYLED_ITEM('',(#12796),#7732);
#7371=STYLED_ITEM('',(#12796),#7733);
#7372=STYLED_ITEM('',(#12796),#7734);
#7373=STYLED_ITEM('',(#12796),#7735);
#7374=STYLED_ITEM('',(#12796),#7736);
#7375=STYLED_ITEM('',(#12796),#7737);
#7376=STYLED_ITEM('',(#12795),#7738);
#7377=STYLED_ITEM('',(#12795),#7739);
#7378=STYLED_ITEM('',(#12795),#7740);
#7379=STYLED_ITEM('',(#12795),#7741);
#7380=STYLED_ITEM('',(#12795),#7742);
#7381=STYLED_ITEM('',(#12795),#7743);
#7382=STYLED_ITEM('',(#12795),#7744);
#7383=STYLED_ITEM('',(#12795),#7745);
#7384=STYLED_ITEM('',(#12795),#7746);
#7385=STYLED_ITEM('',(#12795),#7747);
#7386=STYLED_ITEM('',(#12795),#7748);
#7387=STYLED_ITEM('',(#12799),#7749);
#7388=STYLED_ITEM('',(#12799),#7750);
#7389=STYLED_ITEM('',(#12799),#7751);
#7390=STYLED_ITEM('',(#12803),#7752);
#7391=STYLED_ITEM('',(#12803),#7753);
#7392=STYLED_ITEM('',(#12803),#7754);
#7393=STYLED_ITEM('',(#12803),#7755);
#7394=STYLED_ITEM('',(#12803),#7756);
#7395=STYLED_ITEM('',(#12795),#7757);
#7396=STYLED_ITEM('',(#12795),#7758);
#7397=STYLED_ITEM('',(#12795),#7759);
#7398=STYLED_ITEM('',(#12795),#7760);
#7399=STYLED_ITEM('',(#12795),#7783);
#7400=STYLED_ITEM('',(#12795),#7784);
#7401=STYLED_ITEM('',(#12795),#7785);
#7402=STYLED_ITEM('',(#12795),#7786);
#7403=STYLED_ITEM('',(#12795),#7787);
#7404=STYLED_ITEM('',(#12795),#7788);
#7405=STYLED_ITEM('',(#12795),#7789);
#7406=STYLED_ITEM('',(#12795),#7790);
#7407=STYLED_ITEM('',(#12795),#7791);
#7408=STYLED_ITEM('',(#12795),#7792);
#7409=STYLED_ITEM('',(#12795),#7793);
#7410=STYLED_ITEM('',(#12795),#7794);
#7411=STYLED_ITEM('',(#12795),#7795);
#7412=STYLED_ITEM('',(#12795),#7796);
#7413=STYLED_ITEM('',(#12795),#7797);
#7414=STYLED_ITEM('',(#12795),#7798);
#7415=STYLED_ITEM('',(#12795),#7799);
#7416=STYLED_ITEM('',(#12795),#7800);
#7417=STYLED_ITEM('',(#12795),#7801);
#7418=STYLED_ITEM('',(#12795),#7802);
#7419=STYLED_ITEM('',(#12795),#7803);
#7420=STYLED_ITEM('',(#12797),#7804);
#7421=STYLED_ITEM('',(#12797),#7805);
#7422=STYLED_ITEM('',(#12797),#7806);
#7423=STYLED_ITEM('',(#12795),#7807);
#7424=STYLED_ITEM('',(#12795),#7808);
#7425=STYLED_ITEM('',(#12795),#7809);
#7426=STYLED_ITEM('',(#12795),#7810);
#7427=STYLED_ITEM('',(#12795),#7811);
#7428=STYLED_ITEM('',(#12795),#7812);
#7429=STYLED_ITEM('',(#12795),#7813);
#7430=STYLED_ITEM('',(#12795),#7814);
#7431=STYLED_ITEM('',(#12795),#7815);
#7432=STYLED_ITEM('',(#12795),#7816);
#7433=STYLED_ITEM('',(#12795),#7817);
#7434=STYLED_ITEM('',(#12795),#7818);
#7435=STYLED_ITEM('',(#12795),#7819);
#7436=STYLED_ITEM('',(#12795),#7820);
#7437=STYLED_ITEM('',(#12795),#7821);
#7438=STYLED_ITEM('',(#12795),#7822);
#7439=STYLED_ITEM('',(#12797),#7823);
#7440=STYLED_ITEM('',(#12797),#7824);
#7441=STYLED_ITEM('',(#12797),#7825);
#7442=STYLED_ITEM('',(#12797),#7826);
#7443=STYLED_ITEM('',(#12797),#7827);
#7444=STYLED_ITEM('',(#12801),#7828);
#7445=STYLED_ITEM('',(#12801),#7829);
#7446=STYLED_ITEM('',(#12801),#7830);
#7447=STYLED_ITEM('',(#12801),#7831);
#7448=STYLED_ITEM('',(#12801),#7832);
#7449=STYLED_ITEM('',(#12801),#7833);
#7450=STYLED_ITEM('',(#12801),#7834);
#7451=STYLED_ITEM('',(#12801),#7835);
#7452=STYLED_ITEM('',(#12801),#7836);
#7453=STYLED_ITEM('',(#12801),#7837);
#7454=STYLED_ITEM('',(#12797),#7838);
#7455=STYLED_ITEM('',(#12797),#7839);
#7456=STYLED_ITEM('',(#12797),#7840);
#7457=STYLED_ITEM('',(#12797),#7841);
#7458=STYLED_ITEM('',(#12797),#7842);
#7459=STYLED_ITEM('',(#12801),#7843);
#7460=STYLED_ITEM('',(#12801),#7844);
#7461=STYLED_ITEM('',(#12801),#7845);
#7462=STYLED_ITEM('',(#12801),#7846);
#7463=STYLED_ITEM('',(#12801),#7847);
#7464=STYLED_ITEM('',(#12804),#7860);
#7465=STYLED_ITEM('',(#12804),#7861);
#7466=STYLED_ITEM('',(#12804),#7862);
#7467=STYLED_ITEM('',(#12804),#7863);
#7468=STYLED_ITEM('',(#12804),#7864);
#7469=STYLED_ITEM('',(#12797),#7865);
#7470=STYLED_ITEM('',(#12797),#7866);
#7471=STYLED_ITEM('',(#12795),#7867);
#7472=STYLED_ITEM('',(#12803),#7868);
#7473=STYLED_ITEM('',(#12797),#7869);
#7474=STYLED_ITEM('',(#12797),#7870);
#7475=STYLED_ITEM('',(#12797),#7871);
#7476=STYLED_ITEM('',(#12800),#7872);
#7477=STYLED_ITEM('',(#12795),#7873);
#7478=STYLED_ITEM('',(#12795),#7874);
#7479=STYLED_ITEM('',(#12804),#7875);
#7480=STYLED_ITEM('',(#12795),#7876);
#7481=STYLED_ITEM('',(#12793),#166);
#7482=STYLED_ITEM('',(#12804),#7877);
#7483=STYLED_ITEM('',(#12798),#7878);
#7484=STYLED_ITEM('',(#12798),#7879);
#7485=STYLED_ITEM('',(#12798),#7880);
#7486=STYLED_ITEM('',(#12798),#7881);
#7487=STYLED_ITEM('',(#12798),#7882);
#7488=STYLED_ITEM('',(#12801),#7883);
#7489=STYLED_ITEM('',(#12801),#7884);
#7490=STYLED_ITEM('',(#12801),#7885);
#7491=STYLED_ITEM('',(#12801),#7886);
#7492=STYLED_ITEM('',(#12801),#7887);
#7493=STYLED_ITEM('',(#12796),#7888);
#7494=STYLED_ITEM('',(#12796),#7889);
#7495=STYLED_ITEM('',(#12796),#7890);
#7496=STYLED_ITEM('',(#12796),#7891);
#7497=STYLED_ITEM('',(#12796),#7892);
#7498=STYLED_ITEM('',(#12796),#7893);
#7499=STYLED_ITEM('',(#12796),#7894);
#7500=STYLED_ITEM('',(#12796),#7895);
#7501=STYLED_ITEM('',(#12796),#7896);
#7502=STYLED_ITEM('',(#12793),#167);
#7503=ADVANCED_FACE('',(#168),#6788,.T.);
#7504=ADVANCED_FACE('',(#169),#6789,.T.);
#7505=ADVANCED_FACE('',(#170),#6790,.T.);
#7506=ADVANCED_FACE('',(#171),#6791,.T.);
#7507=ADVANCED_FACE('',(#172),#6792,.T.);
#7508=ADVANCED_FACE('',(#173),#6793,.F.);
#7509=ADVANCED_FACE('',(#174),#141,.F.);
#7510=ADVANCED_FACE('',(#175),#142,.F.);
#7511=ADVANCED_FACE('',(#176),#143,.F.);
#7512=ADVANCED_FACE('',(#177),#144,.F.);
#7513=ADVANCED_FACE('',(#178),#145,.F.);
#7514=ADVANCED_FACE('',(#179),#146,.F.);
#7515=ADVANCED_FACE('',(#180),#147,.F.);
#7516=ADVANCED_FACE('',(#181),#148,.F.);
#7517=ADVANCED_FACE('',(#182),#55,.T.);
#7518=ADVANCED_FACE('',(#183),#56,.F.);
#7519=ADVANCED_FACE('',(#184),#6794,.T.);
#7520=ADVANCED_FACE('',(#185),#6795,.F.);
#7521=ADVANCED_FACE('',(#186),#6796,.F.);
#7522=ADVANCED_FACE('',(#187),#6797,.T.);
#7523=ADVANCED_FACE('',(#188),#6798,.T.);
#7524=ADVANCED_FACE('',(#189),#6799,.T.);
#7525=ADVANCED_FACE('',(#190),#6800,.T.);
#7526=ADVANCED_FACE('',(#191),#6801,.F.);
#7527=ADVANCED_FACE('',(#192),#6802,.F.);
#7528=ADVANCED_FACE('',(#193),#6803,.F.);
#7529=ADVANCED_FACE('',(#194),#6804,.F.);
#7530=ADVANCED_FACE('',(#195),#6805,.F.);
#7531=ADVANCED_FACE('',(#196),#6806,.T.);
#7532=ADVANCED_FACE('',(#197),#6807,.T.);
#7533=ADVANCED_FACE('',(#198),#6808,.T.);
#7534=ADVANCED_FACE('',(#199),#6809,.T.);
#7535=ADVANCED_FACE('',(#200),#6810,.T.);
#7536=ADVANCED_FACE('',(#201),#6811,.F.);
#7537=ADVANCED_FACE('',(#202),#6812,.F.);
#7538=ADVANCED_FACE('',(#203),#6813,.T.);
#7539=ADVANCED_FACE('',(#204),#6814,.T.);
#7540=ADVANCED_FACE('',(#205),#6815,.T.);
#7541=ADVANCED_FACE('',(#206),#6816,.T.);
#7542=ADVANCED_FACE('',(#207),#6817,.F.);
#7543=ADVANCED_FACE('',(#208),#6818,.F.);
#7544=ADVANCED_FACE('',(#209),#6819,.T.);
#7545=ADVANCED_FACE('',(#210),#6820,.T.);
#7546=ADVANCED_FACE('',(#211),#6821,.F.);
#7547=ADVANCED_FACE('',(#212),#6822,.F.);
#7548=ADVANCED_FACE('',(#213),#6823,.T.);
#7549=ADVANCED_FACE('',(#214),#6824,.T.);
#7550=ADVANCED_FACE('',(#215),#6825,.F.);
#7551=ADVANCED_FACE('',(#216),#6826,.F.);
#7552=ADVANCED_FACE('',(#217),#6827,.F.);
#7553=ADVANCED_FACE('',(#218),#6828,.T.);
#7554=ADVANCED_FACE('',(#219),#6829,.F.);
#7555=ADVANCED_FACE('',(#220),#6830,.F.);
#7556=ADVANCED_FACE('',(#221),#6831,.F.);
#7557=ADVANCED_FACE('',(#222),#6832,.F.);
#7558=ADVANCED_FACE('',(#223),#149,.T.);
#7559=ADVANCED_FACE('',(#224),#150,.T.);
#7560=ADVANCED_FACE('',(#225),#151,.T.);
#7561=ADVANCED_FACE('',(#226),#152,.T.);
#7562=ADVANCED_FACE('',(#227),#153,.F.);
#7563=ADVANCED_FACE('',(#228),#154,.F.);
#7564=ADVANCED_FACE('',(#229),#155,.F.);
#7565=ADVANCED_FACE('',(#230),#156,.F.);
#7566=ADVANCED_FACE('',(#231),#6833,.T.);
#7567=ADVANCED_FACE('',(#232),#6834,.F.);
#7568=ADVANCED_FACE('',(#233),#6835,.F.);
#7569=ADVANCED_FACE('',(#234),#6836,.F.);
#7570=ADVANCED_FACE('',(#235),#6837,.F.);
#7571=ADVANCED_FACE('',(#236),#6838,.T.);
#7572=ADVANCED_FACE('',(#237),#6839,.F.);
#7573=ADVANCED_FACE('',(#238),#6840,.F.);
#7574=ADVANCED_FACE('',(#239),#6841,.F.);
#7575=ADVANCED_FACE('',(#240),#6842,.F.);
#7576=ADVANCED_FACE('',(#241),#6843,.F.);
#7577=ADVANCED_FACE('',(#242),#6844,.T.);
#7578=ADVANCED_FACE('',(#243),#6845,.F.);
#7579=ADVANCED_FACE('',(#244),#6846,.F.);
#7580=ADVANCED_FACE('',(#245),#6847,.F.);
#7581=ADVANCED_FACE('',(#246,#13),#6848,.F.);
#7582=ADVANCED_FACE('',(#247),#6849,.F.);
#7583=ADVANCED_FACE('',(#248),#6850,.T.);
#7584=ADVANCED_FACE('',(#249),#6851,.F.);
#7585=ADVANCED_FACE('',(#250),#6852,.F.);
#7586=ADVANCED_FACE('',(#251),#6853,.F.);
#7587=ADVANCED_FACE('',(#252,#14),#6854,.F.);
#7588=ADVANCED_FACE('',(#253),#6855,.T.);
#7589=ADVANCED_FACE('',(#254),#6856,.F.);
#7590=ADVANCED_FACE('',(#255),#6857,.F.);
#7591=ADVANCED_FACE('',(#256),#6858,.T.);
#7592=ADVANCED_FACE('',(#257),#6859,.T.);
#7593=ADVANCED_FACE('',(#258,#15),#6860,.T.);
#7594=ADVANCED_FACE('',(#259),#157,.T.);
#7595=ADVANCED_FACE('',(#260),#6861,.F.);
#7596=ADVANCED_FACE('',(#261),#6862,.F.);
#7597=ADVANCED_FACE('',(#262),#6863,.F.);
#7598=ADVANCED_FACE('',(#263),#6864,.F.);
#7599=ADVANCED_FACE('',(#264),#6865,.F.);
#7600=ADVANCED_FACE('',(#265),#158,.T.);
#7601=ADVANCED_FACE('',(#266),#6866,.F.);
#7602=ADVANCED_FACE('',(#267),#6867,.F.);
#7603=ADVANCED_FACE('',(#268),#6868,.F.);
#7604=ADVANCED_FACE('',(#269),#159,.F.);
#7605=ADVANCED_FACE('',(#270),#160,.F.);
#7606=ADVANCED_FACE('',(#271),#6869,.F.);
#7607=ADVANCED_FACE('',(#272),#6870,.T.);
#7608=ADVANCED_FACE('',(#273),#6871,.F.);
#7609=ADVANCED_FACE('',(#274,#16),#6872,.F.);
#7610=ADVANCED_FACE('',(#275),#6873,.F.);
#7611=ADVANCED_FACE('',(#276),#6874,.F.);
#7612=ADVANCED_FACE('',(#277),#161,.F.);
#7613=ADVANCED_FACE('',(#278),#6875,.T.);
#7614=ADVANCED_FACE('',(#279),#6876,.T.);
#7615=ADVANCED_FACE('',(#280),#6877,.F.);
#7616=ADVANCED_FACE('',(#281),#6878,.T.);
#7617=ADVANCED_FACE('',(#282),#6879,.F.);
#7618=ADVANCED_FACE('',(#283),#6880,.T.);
#7619=ADVANCED_FACE('',(#284),#6881,.F.);
#7620=ADVANCED_FACE('',(#285),#6882,.F.);
#7621=ADVANCED_FACE('',(#286),#6883,.T.);
#7622=ADVANCED_FACE('',(#287),#6884,.F.);
#7623=ADVANCED_FACE('',(#288),#6885,.F.);
#7624=ADVANCED_FACE('',(#289),#6886,.F.);
#7625=ADVANCED_FACE('',(#290),#6887,.F.);
#7626=ADVANCED_FACE('',(#291),#6888,.F.);
#7627=ADVANCED_FACE('',(#292),#6889,.F.);
#7628=ADVANCED_FACE('',(#293),#6890,.F.);
#7629=ADVANCED_FACE('',(#294),#6891,.F.);
#7630=ADVANCED_FACE('',(#295),#6892,.F.);
#7631=ADVANCED_FACE('',(#296),#6893,.F.);
#7632=ADVANCED_FACE('',(#297),#6894,.F.);
#7633=ADVANCED_FACE('',(#298),#6895,.F.);
#7634=ADVANCED_FACE('',(#299),#6896,.F.);
#7635=ADVANCED_FACE('',(#300),#6897,.F.);
#7636=ADVANCED_FACE('',(#301),#6898,.F.);
#7637=ADVANCED_FACE('',(#302),#6899,.T.);
#7638=ADVANCED_FACE('',(#303),#6900,.T.);
#7639=ADVANCED_FACE('',(#304),#6901,.T.);
#7640=ADVANCED_FACE('',(#305),#6902,.F.);
#7641=ADVANCED_FACE('',(#306),#6903,.T.);
#7642=ADVANCED_FACE('',(#307),#6904,.T.);
#7643=ADVANCED_FACE('',(#308),#6905,.F.);
#7644=ADVANCED_FACE('',(#309),#6906,.T.);
#7645=ADVANCED_FACE('',(#310),#6907,.T.);
#7646=ADVANCED_FACE('',(#311),#6908,.T.);
#7647=ADVANCED_FACE('',(#312),#6909,.F.);
#7648=ADVANCED_FACE('',(#313),#6910,.F.);
#7649=ADVANCED_FACE('',(#314),#6911,.F.);
#7650=ADVANCED_FACE('',(#315),#6912,.F.);
#7651=ADVANCED_FACE('',(#316),#6913,.F.);
#7652=ADVANCED_FACE('',(#317),#6914,.F.);
#7653=ADVANCED_FACE('',(#318),#6915,.F.);
#7654=ADVANCED_FACE('',(#319),#6916,.F.);
#7655=ADVANCED_FACE('',(#320),#6917,.F.);
#7656=ADVANCED_FACE('',(#321),#6918,.F.);
#7657=ADVANCED_FACE('',(#322),#6919,.F.);
#7658=ADVANCED_FACE('',(#323),#6920,.F.);
#7659=ADVANCED_FACE('',(#324),#6921,.F.);
#7660=ADVANCED_FACE('',(#325),#6922,.F.);
#7661=ADVANCED_FACE('',(#326),#6923,.F.);
#7662=ADVANCED_FACE('',(#327),#6924,.F.);
#7663=ADVANCED_FACE('',(#328),#6925,.F.);
#7664=ADVANCED_FACE('',(#329),#6926,.F.);
#7665=ADVANCED_FACE('',(#330),#6927,.F.);
#7666=ADVANCED_FACE('',(#331),#6928,.F.);
#7667=ADVANCED_FACE('',(#332),#6929,.F.);
#7668=ADVANCED_FACE('',(#333),#6930,.F.);
#7669=ADVANCED_FACE('',(#334),#6931,.F.);
#7670=ADVANCED_FACE('',(#335),#6932,.F.);
#7671=ADVANCED_FACE('',(#336),#6933,.F.);
#7672=ADVANCED_FACE('',(#337),#6934,.F.);
#7673=ADVANCED_FACE('',(#338),#6935,.F.);
#7674=ADVANCED_FACE('',(#339),#6936,.F.);
#7675=ADVANCED_FACE('',(#340),#6937,.F.);
#7676=ADVANCED_FACE('',(#341),#6938,.F.);
#7677=ADVANCED_FACE('',(#342),#6939,.F.);
#7678=ADVANCED_FACE('',(#343),#6940,.F.);
#7679=ADVANCED_FACE('',(#344),#6941,.F.);
#7680=ADVANCED_FACE('',(#345),#6942,.F.);
#7681=ADVANCED_FACE('',(#346),#6943,.F.);
#7682=ADVANCED_FACE('',(#347),#6944,.F.);
#7683=ADVANCED_FACE('',(#348),#6945,.F.);
#7684=ADVANCED_FACE('',(#349),#6946,.F.);
#7685=ADVANCED_FACE('',(#350),#6947,.F.);
#7686=ADVANCED_FACE('',(#351),#6948,.F.);
#7687=ADVANCED_FACE('',(#352),#6949,.F.);
#7688=ADVANCED_FACE('',(#353),#6950,.F.);
#7689=ADVANCED_FACE('',(#354),#6951,.F.);
#7690=ADVANCED_FACE('',(#355),#6952,.F.);
#7691=ADVANCED_FACE('',(#356),#6953,.F.);
#7692=ADVANCED_FACE('',(#357),#6954,.F.);
#7693=ADVANCED_FACE('',(#358),#6955,.T.);
#7694=ADVANCED_FACE('',(#359),#6956,.T.);
#7695=ADVANCED_FACE('',(#360),#6957,.F.);
#7696=ADVANCED_FACE('',(#361),#6958,.T.);
#7697=ADVANCED_FACE('',(#362),#6959,.F.);
#7698=ADVANCED_FACE('',(#363),#6960,.F.);
#7699=ADVANCED_FACE('',(#364),#6961,.F.);
#7700=ADVANCED_FACE('',(#365),#6962,.T.);
#7701=ADVANCED_FACE('',(#366),#6963,.F.);
#7702=ADVANCED_FACE('',(#367),#6964,.T.);
#7703=ADVANCED_FACE('',(#368),#6965,.F.);
#7704=ADVANCED_FACE('',(#369),#6966,.T.);
#7705=ADVANCED_FACE('',(#370),#6967,.T.);
#7706=ADVANCED_FACE('',(#371),#6968,.F.);
#7707=ADVANCED_FACE('',(#372),#6969,.F.);
#7708=ADVANCED_FACE('',(#373),#6970,.T.);
#7709=ADVANCED_FACE('',(#374),#6971,.F.);
#7710=ADVANCED_FACE('',(#375),#6972,.T.);
#7711=ADVANCED_FACE('',(#376),#6973,.T.);
#7712=ADVANCED_FACE('',(#377),#6974,.F.);
#7713=ADVANCED_FACE('',(#378),#6975,.T.);
#7714=ADVANCED_FACE('',(#379),#6976,.F.);
#7715=ADVANCED_FACE('',(#380),#6977,.T.);
#7716=ADVANCED_FACE('',(#381),#6978,.T.);
#7717=ADVANCED_FACE('',(#382),#6979,.T.);
#7718=ADVANCED_FACE('',(#383),#6980,.F.);
#7719=ADVANCED_FACE('',(#384),#6981,.T.);
#7720=ADVANCED_FACE('',(#385),#6982,.F.);
#7721=ADVANCED_FACE('',(#386),#6983,.T.);
#7722=ADVANCED_FACE('',(#387),#6984,.T.);
#7723=ADVANCED_FACE('',(#388),#6985,.T.);
#7724=ADVANCED_FACE('',(#389),#6986,.F.);
#7725=ADVANCED_FACE('',(#390),#6987,.T.);
#7726=ADVANCED_FACE('',(#391),#6988,.T.);
#7727=ADVANCED_FACE('',(#392),#6989,.T.);
#7728=ADVANCED_FACE('',(#393),#6990,.F.);
#7729=ADVANCED_FACE('',(#394),#6991,.T.);
#7730=ADVANCED_FACE('',(#395),#6992,.T.);
#7731=ADVANCED_FACE('',(#396),#6993,.F.);
#7732=ADVANCED_FACE('',(#397),#162,.F.);
#7733=ADVANCED_FACE('',(#398),#6994,.T.);
#7734=ADVANCED_FACE('',(#399),#6995,.T.);
#7735=ADVANCED_FACE('',(#400),#6996,.F.);
#7736=ADVANCED_FACE('',(#401),#6997,.T.);
#7737=ADVANCED_FACE('',(#402),#6998,.T.);
#7738=ADVANCED_FACE('',(#403),#6999,.T.);
#7739=ADVANCED_FACE('',(#404),#7000,.F.);
#7740=ADVANCED_FACE('',(#405),#7001,.T.);
#7741=ADVANCED_FACE('',(#406),#7002,.F.);
#7742=ADVANCED_FACE('',(#407),#7003,.F.);
#7743=ADVANCED_FACE('',(#408),#7004,.T.);
#7744=ADVANCED_FACE('',(#409),#7005,.T.);
#7745=ADVANCED_FACE('',(#410),#7006,.T.);
#7746=ADVANCED_FACE('',(#411),#7007,.T.);
#7747=ADVANCED_FACE('',(#412),#7008,.F.);
#7748=ADVANCED_FACE('',(#413),#7009,.F.);
#7749=ADVANCED_FACE('',(#414),#7010,.T.);
#7750=ADVANCED_FACE('',(#415),#7011,.F.);
#7751=ADVANCED_FACE('',(#416),#7012,.T.);
#7752=ADVANCED_FACE('',(#417),#7013,.F.);
#7753=ADVANCED_FACE('',(#418),#7014,.F.);
#7754=ADVANCED_FACE('',(#419),#7015,.F.);
#7755=ADVANCED_FACE('',(#420),#7016,.F.);
#7756=ADVANCED_FACE('',(#421),#7017,.F.);
#7757=ADVANCED_FACE('',(#422),#7018,.T.);
#7758=ADVANCED_FACE('',(#423),#7019,.T.);
#7759=ADVANCED_FACE('',(#424),#7020,.F.);
#7760=ADVANCED_FACE('',(#425),#7021,.F.);
#7761=ADVANCED_FACE('',(#426),#7022,.F.);
#7762=ADVANCED_FACE('',(#427),#7023,.T.);
#7763=ADVANCED_FACE('',(#428),#7024,.T.);
#7764=ADVANCED_FACE('',(#429),#7025,.F.);
#7765=ADVANCED_FACE('',(#430),#7026,.T.);
#7766=ADVANCED_FACE('',(#431),#7027,.F.);
#7767=ADVANCED_FACE('',(#432),#7028,.F.);
#7768=ADVANCED_FACE('',(#433),#7029,.T.);
#7769=ADVANCED_FACE('',(#434),#7030,.T.);
#7770=ADVANCED_FACE('',(#435),#7031,.T.);
#7771=ADVANCED_FACE('',(#436),#7032,.F.);
#7772=ADVANCED_FACE('',(#437),#7033,.F.);
#7773=ADVANCED_FACE('',(#438),#7034,.F.);
#7774=ADVANCED_FACE('',(#439),#7035,.T.);
#7775=ADVANCED_FACE('',(#440),#7036,.F.);
#7776=ADVANCED_FACE('',(#441),#7037,.F.);
#7777=ADVANCED_FACE('',(#442),#7038,.T.);
#7778=ADVANCED_FACE('',(#443),#7039,.F.);
#7779=ADVANCED_FACE('',(#444),#7040,.T.);
#7780=ADVANCED_FACE('',(#445),#7041,.F.);
#7781=ADVANCED_FACE('',(#446),#7042,.F.);
#7782=ADVANCED_FACE('',(#447),#7043,.T.);
#7783=ADVANCED_FACE('',(#448),#7044,.T.);
#7784=ADVANCED_FACE('',(#449),#7045,.T.);
#7785=ADVANCED_FACE('',(#450),#57,.T.);
#7786=ADVANCED_FACE('',(#451),#7046,.F.);
#7787=ADVANCED_FACE('',(#452),#58,.T.);
#7788=ADVANCED_FACE('',(#453),#7047,.T.);
#7789=ADVANCED_FACE('',(#454),#59,.T.);
#7790=ADVANCED_FACE('',(#455),#7048,.F.);
#7791=ADVANCED_FACE('',(#456),#60,.T.);
#7792=ADVANCED_FACE('',(#457),#7049,.T.);
#7793=ADVANCED_FACE('',(#458),#7050,.F.);
#7794=ADVANCED_FACE('',(#459),#7051,.T.);
#7795=ADVANCED_FACE('',(#460),#7052,.T.);
#7796=ADVANCED_FACE('',(#461),#7053,.T.);
#7797=ADVANCED_FACE('',(#462),#7054,.F.);
#7798=ADVANCED_FACE('',(#463),#7055,.F.);
#7799=ADVANCED_FACE('',(#464),#7056,.T.);
#7800=ADVANCED_FACE('',(#465),#7057,.T.);
#7801=ADVANCED_FACE('',(#466),#7058,.T.);
#7802=ADVANCED_FACE('',(#467),#7059,.T.);
#7803=ADVANCED_FACE('',(#468),#7060,.F.);
#7804=ADVANCED_FACE('',(#469),#7061,.F.);
#7805=ADVANCED_FACE('',(#470),#7062,.T.);
#7806=ADVANCED_FACE('',(#471),#7063,.F.);
#7807=ADVANCED_FACE('',(#472),#7064,.T.);
#7808=ADVANCED_FACE('',(#473),#7065,.T.);
#7809=ADVANCED_FACE('',(#474),#7066,.F.);
#7810=ADVANCED_FACE('',(#475),#7067,.F.);
#7811=ADVANCED_FACE('',(#476),#7068,.T.);
#7812=ADVANCED_FACE('',(#477),#7069,.F.);
#7813=ADVANCED_FACE('',(#478),#7070,.T.);
#7814=ADVANCED_FACE('',(#479),#7071,.T.);
#7815=ADVANCED_FACE('',(#480),#7072,.F.);
#7816=ADVANCED_FACE('',(#481),#7073,.T.);
#7817=ADVANCED_FACE('',(#482),#7074,.T.);
#7818=ADVANCED_FACE('',(#483),#7075,.T.);
#7819=ADVANCED_FACE('',(#484),#7076,.F.);
#7820=ADVANCED_FACE('',(#485),#7077,.T.);
#7821=ADVANCED_FACE('',(#486),#7078,.F.);
#7822=ADVANCED_FACE('',(#487),#7079,.T.);
#7823=ADVANCED_FACE('',(#488),#7080,.T.);
#7824=ADVANCED_FACE('',(#489),#7081,.T.);
#7825=ADVANCED_FACE('',(#490),#7082,.T.);
#7826=ADVANCED_FACE('',(#491),#7083,.F.);
#7827=ADVANCED_FACE('',(#492),#7084,.F.);
#7828=ADVANCED_FACE('',(#493),#7085,.F.);
#7829=ADVANCED_FACE('',(#494),#7086,.T.);
#7830=ADVANCED_FACE('',(#495),#7087,.T.);
#7831=ADVANCED_FACE('',(#496),#7088,.T.);
#7832=ADVANCED_FACE('',(#497),#7089,.T.);
#7833=ADVANCED_FACE('',(#498),#7090,.F.);
#7834=ADVANCED_FACE('',(#499),#7091,.F.);
#7835=ADVANCED_FACE('',(#500),#7092,.T.);
#7836=ADVANCED_FACE('',(#501),#7093,.T.);
#7837=ADVANCED_FACE('',(#502),#7094,.F.);
#7838=ADVANCED_FACE('',(#503),#7095,.T.);
#7839=ADVANCED_FACE('',(#504),#7096,.T.);
#7840=ADVANCED_FACE('',(#505),#7097,.T.);
#7841=ADVANCED_FACE('',(#506),#7098,.F.);
#7842=ADVANCED_FACE('',(#507),#7099,.F.);
#7843=ADVANCED_FACE('',(#508),#7100,.T.);
#7844=ADVANCED_FACE('',(#509),#7101,.T.);
#7845=ADVANCED_FACE('',(#510),#7102,.T.);
#7846=ADVANCED_FACE('',(#511),#7103,.F.);
#7847=ADVANCED_FACE('',(#512),#7104,.F.);
#7848=ADVANCED_FACE('',(#513),#7105,.T.);
#7849=ADVANCED_FACE('',(#514),#61,.T.);
#7850=ADVANCED_FACE('',(#515),#62,.F.);
#7851=ADVANCED_FACE('',(#516),#63,.F.);
#7852=ADVANCED_FACE('',(#517),#64,.T.);
#7853=ADVANCED_FACE('',(#518),#7106,.F.);
#7854=ADVANCED_FACE('',(#519),#7107,.T.);
#7855=ADVANCED_FACE('',(#520),#65,.T.);
#7856=ADVANCED_FACE('',(#521),#66,.F.);
#7857=ADVANCED_FACE('',(#522),#67,.F.);
#7858=ADVANCED_FACE('',(#523),#68,.T.);
#7859=ADVANCED_FACE('',(#524),#7108,.F.);
#7860=ADVANCED_FACE('',(#525),#7109,.T.);
#7861=ADVANCED_FACE('',(#526),#7110,.F.);
#7862=ADVANCED_FACE('',(#527),#7111,.T.);
#7863=ADVANCED_FACE('',(#528),#7112,.F.);
#7864=ADVANCED_FACE('',(#529,#17,#18,#19,#20),#7113,.T.);
#7865=ADVANCED_FACE('',(#530),#7114,.F.);
#7866=ADVANCED_FACE('',(#531),#7115,.T.);
#7867=ADVANCED_FACE('',(#532,#21),#7116,.T.);
#7868=ADVANCED_FACE('',(#533),#7117,.F.);
#7869=ADVANCED_FACE('',(#534),#7118,.F.);
#7870=ADVANCED_FACE('',(#535),#7119,.T.);
#7871=ADVANCED_FACE('',(#536),#7120,.F.);
#7872=ADVANCED_FACE('',(#537),#7121,.F.);
#7873=ADVANCED_FACE('',(#538),#7122,.T.);
#7874=ADVANCED_FACE('',(#539),#7123,.F.);
#7875=ADVANCED_FACE('',(#540,#22,#23,#24,#25,#26,#27,#28,#29,#30,#31,#32,
#33,#34,#35,#36,#37,#38,#39,#40,#41,#42,#43,#44,#45,#46,#47,#48,#49,#50,
#51,#52),#7124,.F.);
#7876=ADVANCED_FACE('',(#541,#53),#7125,.F.);
#7877=ADVANCED_FACE('',(#542),#7126,.F.);
#7878=ADVANCED_FACE('',(#543),#7127,.F.);
#7879=ADVANCED_FACE('',(#544),#7128,.F.);
#7880=ADVANCED_FACE('',(#545),#7129,.T.);
#7881=ADVANCED_FACE('',(#546),#7130,.T.);
#7882=ADVANCED_FACE('',(#547,#54),#7131,.T.);
#7883=ADVANCED_FACE('',(#548),#7132,.F.);
#7884=ADVANCED_FACE('',(#549),#7133,.F.);
#7885=ADVANCED_FACE('',(#550),#7134,.F.);
#7886=ADVANCED_FACE('',(#551),#7135,.F.);
#7887=ADVANCED_FACE('',(#552),#7136,.F.);
#7888=ADVANCED_FACE('',(#553),#7137,.F.);
#7889=ADVANCED_FACE('',(#554),#7138,.F.);
#7890=ADVANCED_FACE('',(#555),#7139,.F.);
#7891=ADVANCED_FACE('',(#556),#7140,.F.);
#7892=ADVANCED_FACE('',(#557),#163,.F.);
#7893=ADVANCED_FACE('',(#558),#7141,.F.);
#7894=ADVANCED_FACE('',(#559),#7142,.F.);
#7895=ADVANCED_FACE('',(#560),#7143,.F.);
#7896=ADVANCED_FACE('',(#561),#164,.F.);
#7897=CLOSED_SHELL('',(#7503,#7504,#7505,#7506,#7507,#7508));
#7898=CLOSED_SHELL('',(#7509,#7510,#7511,#7512,#7513,#7514,#7515,#7516,
#7517,#7518,#7519,#7520,#7521,#7522,#7523,#7524,#7525,#7526,#7527,#7528,
#7529,#7530,#7531,#7532,#7533,#7534,#7535,#7536,#7537,#7538,#7539,#7540,
#7541,#7542,#7543,#7544,#7545,#7546,#7547,#7548,#7549,#7550,#7551,#7552,
#7553,#7554,#7555,#7556,#7557,#7558,#7559,#7560,#7561,#7562,#7563,#7564,
#7565,#7566,#7567,#7568,#7569,#7570,#7571,#7572,#7573,#7574,#7575,#7576,
#7577,#7578,#7579,#7580,#7581,#7582,#7583,#7584,#7585,#7586,#7587,#7588,
#7589,#7590,#7591,#7592,#7593,#7594,#7595,#7596,#7597,#7598,#7599,#7600,
#7601,#7602,#7603,#7604,#7605,#7606,#7607,#7608,#7609,#7610,#7611,#7612,
#7613,#7614,#7615,#7616,#7617,#7618,#7619,#7620,#7621,#7622,#7623,#7624,
#7625,#7626,#7627,#7628,#7629,#7630,#7631,#7632,#7633,#7634,#7635,#7636,
#7637,#7638,#7639,#7640,#7641,#7642,#7643,#7644,#7645,#7646,#7647,#7648,
#7649,#7650,#7651,#7652,#7653,#7654,#7655,#7656,#7657,#7658,#7659,#7660,
#7661,#7662,#7663,#7664,#7665,#7666,#7667,#7668,#7669,#7670,#7671,#7672,
#7673,#7674,#7675,#7676,#7677,#7678,#7679,#7680,#7681,#7682,#7683,#7684,
#7685,#7686,#7687,#7688,#7689,#7690,#7691,#7692,#7693,#7694,#7695,#7696,
#7697,#7698,#7699,#7700,#7701,#7702,#7703,#7704,#7705,#7706,#7707,#7708,
#7709,#7710,#7711,#7712,#7713,#7714,#7715,#7716,#7717,#7718,#7719,#7720,
#7721,#7722,#7723,#7724,#7725,#7726,#7727,#7728,#7729,#7730,#7731,#7732,
#7733,#7734,#7735,#7736,#7737,#7738,#7739,#7740,#7741,#7742,#7743,#7744,
#7745,#7746,#7747,#7748,#7749,#7750,#7751,#7752,#7753,#7754,#7755,#7756,
#7757,#7758,#7759,#7760,#7761,#7762,#7763,#7764,#7765,#7766,#7767,#7768,
#7769,#7770,#7771,#7772,#7773,#7774,#7775,#7776,#7777,#7778,#7779,#7780,
#7781,#7782,#7783,#7784,#7785,#7786,#7787,#7788,#7789,#7790,#7791,#7792,
#7793,#7794,#7795,#7796,#7797,#7798,#7799,#7800,#7801,#7802,#7803,#7804,
#7805,#7806,#7807,#7808,#7809,#7810,#7811,#7812,#7813,#7814,#7815,#7816,
#7817,#7818,#7819,#7820,#7821,#7822,#7823,#7824,#7825,#7826,#7827,#7828,
#7829,#7830,#7831,#7832,#7833,#7834,#7835,#7836,#7837,#7838,#7839,#7840,
#7841,#7842,#7843,#7844,#7845,#7846,#7847,#7848,#7849,#7850,#7851,#7852,
#7853,#7854,#7855,#7856,#7857,#7858,#7859,#7860,#7861,#7862,#7863,#7864,
#7865,#7866,#7867,#7868,#7869,#7870,#7871,#7872,#7873,#7874,#7875,#7876));
#7899=CLOSED_SHELL('',(#7877,#7878,#7879,#7880,#7881,#7882,#7883,#7884,
#7885,#7886,#7887,#7888,#7889,#7890,#7891,#7892,#7893,#7894,#7895,#7896));
#7900=DERIVED_UNIT_ELEMENT(#7902,1.);
#7901=DERIVED_UNIT_ELEMENT(#12779,-3.);
#7902=(
MASS_UNIT()
NAMED_UNIT(*)
SI_UNIT(.KILO.,.GRAM.)
);
#7903=DERIVED_UNIT((#7900,#7901));
#7904=MEASURE_REPRESENTATION_ITEM('density measure',
POSITIVE_RATIO_MEASURE(7850.),#7903);
#7905=PROPERTY_DEFINITION_REPRESENTATION(#7910,#7907);
#7906=PROPERTY_DEFINITION_REPRESENTATION(#7911,#7908);
#7907=REPRESENTATION('material name',(#7909),#12776);
#7908=REPRESENTATION('density',(#7904),#12776);
#7909=DESCRIPTIVE_REPRESENTATION_ITEM('Steel','Steel');
#7910=PROPERTY_DEFINITION('material property','material name',#12786);
#7911=PROPERTY_DEFINITION('material property','density of part',#12786);
#7912=AXIS2_PLACEMENT_3D('',#10217,#8355,#8356);
#7913=AXIS2_PLACEMENT_3D('',#10218,#8357,#8358);
#7914=AXIS2_PLACEMENT_3D('',#10227,#8363,#8364);
#7915=AXIS2_PLACEMENT_3D('',#10233,#8368,#8369);
#7916=AXIS2_PLACEMENT_3D('',#10239,#8373,#8374);
#7917=AXIS2_PLACEMENT_3D('',#10242,#8377,#8378);
#7918=AXIS2_PLACEMENT_3D('',#10243,#8379,#8380);
#7919=AXIS2_PLACEMENT_3D('',#10327,#8381,#8382);
#7920=AXIS2_PLACEMENT_3D('',#10329,#8383,#8384);
#7921=AXIS2_PLACEMENT_3D('',#10331,#8385,#8386);
#7922=AXIS2_PLACEMENT_3D('',#10332,#8387,#8388);
#7923=AXIS2_PLACEMENT_3D('',#10341,#8389,#8390);
#7924=AXIS2_PLACEMENT_3D('',#10352,#8393,#8394);
#7925=AXIS2_PLACEMENT_3D('',#10436,#8397,#8398);
#7926=AXIS2_PLACEMENT_3D('',#10437,#8399,#8400);
#7927=AXIS2_PLACEMENT_3D('',#10521,#8401,#8402);
#7928=AXIS2_PLACEMENT_3D('',#10523,#8403,#8404);
#7929=AXIS2_PLACEMENT_3D('',#10525,#8405,#8406);
#7930=AXIS2_PLACEMENT_3D('',#10526,#8407,#8408);
#7931=AXIS2_PLACEMENT_3D('',#10535,#8409,#8410);
#7932=AXIS2_PLACEMENT_3D('',#10546,#8413,#8414);
#7933=AXIS2_PLACEMENT_3D('',#10630,#8417,#8418);
#7934=AXIS2_PLACEMENT_3D('',#10631,#8419,#8420);
#7935=AXIS2_PLACEMENT_3D('',#10632,#8421,#8422);
#7936=AXIS2_PLACEMENT_3D('',#10635,#8423,#8424);
#7937=AXIS2_PLACEMENT_3D('',#10639,#8426,#8427);
#7938=AXIS2_PLACEMENT_3D('',#10641,#8429,#8430);
#7939=AXIS2_PLACEMENT_3D('',#10644,#8431,#8432);
#7940=AXIS2_PLACEMENT_3D('',#10648,#8434,#8435);
#7941=AXIS2_PLACEMENT_3D('',#10650,#8437,#8438);
#7942=AXIS2_PLACEMENT_3D('',#10659,#8443,#8444);
#7943=AXIS2_PLACEMENT_3D('',#10665,#8448,#8449);
#7944=AXIS2_PLACEMENT_3D('',#10669,#8452,#8453);
#7945=AXIS2_PLACEMENT_3D('',#10673,#8456,#8457);
#7946=AXIS2_PLACEMENT_3D('',#10682,#8462,#8463);
#7947=AXIS2_PLACEMENT_3D('',#10687,#8467,#8468);
#7948=AXIS2_PLACEMENT_3D('',#10691,#8471,#8472);
#7949=AXIS2_PLACEMENT_3D('',#10694,#8475,#8476);
#7950=AXIS2_PLACEMENT_3D('',#10695,#8477,#8478);
#7951=AXIS2_PLACEMENT_3D('',#10704,#8483,#8484);
#7952=AXIS2_PLACEMENT_3D('',#10713,#8489,#8490);
#7953=AXIS2_PLACEMENT_3D('',#10722,#8495,#8496);
#7954=AXIS2_PLACEMENT_3D('',#10731,#8501,#8502);
#7955=AXIS2_PLACEMENT_3D('',#10740,#8507,#8508);
#7956=AXIS2_PLACEMENT_3D('',#10749,#8513,#8514);
#7957=AXIS2_PLACEMENT_3D('',#10755,#8518,#8519);
#7958=AXIS2_PLACEMENT_3D('',#10759,#8522,#8523);
#7959=AXIS2_PLACEMENT_3D('',#10763,#8526,#8527);
#7960=AXIS2_PLACEMENT_3D('',#10769,#8531,#8532);
#7961=AXIS2_PLACEMENT_3D('',#10775,#8536,#8537);
#7962=AXIS2_PLACEMENT_3D('',#10777,#8539,#8540);
#7963=AXIS2_PLACEMENT_3D('',#10783,#8544,#8545);
#7964=AXIS2_PLACEMENT_3D('',#10787,#8548,#8549);
#7965=AXIS2_PLACEMENT_3D('',#10791,#8552,#8553);
#7966=AXIS2_PLACEMENT_3D('',#10797,#8557,#8558);
#7967=AXIS2_PLACEMENT_3D('',#10803,#8562,#8563);
#7968=AXIS2_PLACEMENT_3D('',#10805,#8565,#8566);
#7969=AXIS2_PLACEMENT_3D('',#10811,#8570,#8571);
#7970=AXIS2_PLACEMENT_3D('',#10815,#8574,#8575);
#7971=AXIS2_PLACEMENT_3D('',#10819,#8578,#8579);
#7972=AXIS2_PLACEMENT_3D('',#10825,#8583,#8584);
#7973=AXIS2_PLACEMENT_3D('',#10831,#8588,#8589);
#7974=AXIS2_PLACEMENT_3D('',#10833,#8591,#8592);
#7975=AXIS2_PLACEMENT_3D('',#10842,#8597,#8598);
#7976=AXIS2_PLACEMENT_3D('',#10851,#8603,#8604);
#7977=AXIS2_PLACEMENT_3D('',#10860,#8609,#8610);
#7978=AXIS2_PLACEMENT_3D('',#10869,#8615,#8616);
#7979=AXIS2_PLACEMENT_3D('',#10878,#8621,#8622);
#7980=AXIS2_PLACEMENT_3D('',#10895,#8627,#8628);
#7981=AXIS2_PLACEMENT_3D('',#10899,#8630,#8631);
#7982=AXIS2_PLACEMENT_3D('',#10909,#8633,#8634);
#7983=AXIS2_PLACEMENT_3D('',#10913,#8636,#8637);
#7984=AXIS2_PLACEMENT_3D('',#10923,#8639,#8640);
#7985=AXIS2_PLACEMENT_3D('',#10927,#8642,#8643);
#7986=AXIS2_PLACEMENT_3D('',#10937,#8645,#8646);
#7987=AXIS2_PLACEMENT_3D('',#10941,#8648,#8649);
#7988=AXIS2_PLACEMENT_3D('',#10951,#8651,#8652);
#7989=AXIS2_PLACEMENT_3D('',#10955,#8654,#8655);
#7990=AXIS2_PLACEMENT_3D('',#10965,#8657,#8658);
#7991=AXIS2_PLACEMENT_3D('',#10969,#8660,#8661);
#7992=AXIS2_PLACEMENT_3D('',#10979,#8663,#8664);
#7993=AXIS2_PLACEMENT_3D('',#10983,#8666,#8667);
#7994=AXIS2_PLACEMENT_3D('',#10993,#8669,#8670);
#7995=AXIS2_PLACEMENT_3D('',#10997,#8672,#8673);
#7996=AXIS2_PLACEMENT_3D('',#10999,#8675,#8676);
#7997=AXIS2_PLACEMENT_3D('',#11006,#8681,#8682);
#7998=AXIS2_PLACEMENT_3D('',#11010,#8685,#8686);
#7999=AXIS2_PLACEMENT_3D('',#11012,#8688,#8689);
#8000=AXIS2_PLACEMENT_3D('',#11016,#8692,#8693);
#8001=AXIS2_PLACEMENT_3D('',#11018,#8695,#8696);
#8002=AXIS2_PLACEMENT_3D('',#11025,#8701,#8702);
#8003=AXIS2_PLACEMENT_3D('',#11029,#8705,#8706);
#8004=AXIS2_PLACEMENT_3D('',#11031,#8708,#8709);
#8005=AXIS2_PLACEMENT_3D('',#11035,#8712,#8713);
#8006=AXIS2_PLACEMENT_3D('',#11037,#8715,#8716);
#8007=AXIS2_PLACEMENT_3D('',#11040,#8719,#8720);
#8008=AXIS2_PLACEMENT_3D('',#11043,#8723,#8724);
#8009=AXIS2_PLACEMENT_3D('',#11050,#8729,#8730);
#8010=AXIS2_PLACEMENT_3D('',#11054,#8733,#8734);
#8011=AXIS2_PLACEMENT_3D('',#11059,#8738,#8739);
#8012=AXIS2_PLACEMENT_3D('',#11060,#8740,#8741);
#8013=AXIS2_PLACEMENT_3D('',#11063,#8744,#8745);
#8014=AXIS2_PLACEMENT_3D('',#11066,#8748,#8749);
#8015=AXIS2_PLACEMENT_3D('',#11073,#8754,#8755);
#8016=AXIS2_PLACEMENT_3D('',#11077,#8758,#8759);
#8017=AXIS2_PLACEMENT_3D('',#11082,#8763,#8764);
#8018=AXIS2_PLACEMENT_3D('',#11083,#8765,#8766);
#8019=AXIS2_PLACEMENT_3D('',#11092,#8771,#8772);
#8020=AXIS2_PLACEMENT_3D('',#11098,#8776,#8777);
#8021=AXIS2_PLACEMENT_3D('',#11102,#8780,#8781);
#8022=AXIS2_PLACEMENT_3D('',#11106,#8784,#8785);
#8023=AXIS2_PLACEMENT_3D('',#11108,#8787,#8788);
#8024=AXIS2_PLACEMENT_3D('',#11113,#8790,#8791);
#8025=AXIS2_PLACEMENT_3D('',#11124,#8797,#8798);
#8026=AXIS2_PLACEMENT_3D('',#11133,#8799,#8800);
#8027=AXIS2_PLACEMENT_3D('',#11136,#8803,#8804);
#8028=AXIS2_PLACEMENT_3D('',#11140,#8807,#8808);
#8029=AXIS2_PLACEMENT_3D('',#11144,#8811,#8812);
#8030=AXIS2_PLACEMENT_3D('',#11148,#8815,#8816);
#8031=AXIS2_PLACEMENT_3D('',#11152,#8819,#8820);
#8032=AXIS2_PLACEMENT_3D('',#11163,#8823,#8824);
#8033=AXIS2_PLACEMENT_3D('',#11165,#8826,#8827);
#8034=AXIS2_PLACEMENT_3D('',#11167,#8829,#8830);
#8035=AXIS2_PLACEMENT_3D('',#11176,#8835,#8836);
#8036=AXIS2_PLACEMENT_3D('',#11193,#8841,#8842);
#8037=AXIS2_PLACEMENT_3D('',#11197,#8844,#8845);
#8038=AXIS2_PLACEMENT_3D('',#11207,#8847,#8848);
#8039=AXIS2_PLACEMENT_3D('',#11211,#8850,#8851);
#8040=AXIS2_PLACEMENT_3D('',#11213,#8853,#8854);
#8041=AXIS2_PLACEMENT_3D('',#11216,#8857,#8858);
#8042=AXIS2_PLACEMENT_3D('',#11219,#8861,#8862);
#8043=AXIS2_PLACEMENT_3D('',#11226,#8867,#8868);
#8044=AXIS2_PLACEMENT_3D('',#11228,#8870,#8871);
#8045=AXIS2_PLACEMENT_3D('',#11234,#8875,#8876);
#8046=AXIS2_PLACEMENT_3D('',#11244,#8878,#8879);
#8047=AXIS2_PLACEMENT_3D('',#11248,#8881,#8882);
#8048=AXIS2_PLACEMENT_3D('',#11250,#8884,#8885);
#8049=AXIS2_PLACEMENT_3D('',#11256,#8889,#8890);
#8050=AXIS2_PLACEMENT_3D('',#11262,#8894,#8895);
#8051=AXIS2_PLACEMENT_3D('',#11270,#8900,#8901);
#8052=AXIS2_PLACEMENT_3D('',#11278,#8906,#8907);
#8053=AXIS2_PLACEMENT_3D('',#11287,#8912,#8913);
#8054=AXIS2_PLACEMENT_3D('',#11293,#8917,#8918);
#8055=AXIS2_PLACEMENT_3D('',#11297,#8921,#8922);
#8056=AXIS2_PLACEMENT_3D('',#11301,#8925,#8926);
#8057=AXIS2_PLACEMENT_3D('',#11304,#8929,#8930);
#8058=AXIS2_PLACEMENT_3D('',#11314,#8936,#8937);
#8059=AXIS2_PLACEMENT_3D('',#11320,#8941,#8942);
#8060=AXIS2_PLACEMENT_3D('',#11324,#8945,#8946);
#8061=AXIS2_PLACEMENT_3D('',#11328,#8949,#8950);
#8062=AXIS2_PLACEMENT_3D('',#11330,#8952,#8953);
#8063=AXIS2_PLACEMENT_3D('',#11339,#8958,#8959);
#8064=AXIS2_PLACEMENT_3D('',#11345,#8963,#8964);
#8065=AXIS2_PLACEMENT_3D('',#11349,#8967,#8968);
#8066=AXIS2_PLACEMENT_3D('',#11353,#8971,#8972);
#8067=AXIS2_PLACEMENT_3D('',#11355,#8974,#8975);
#8068=AXIS2_PLACEMENT_3D('',#11364,#8980,#8981);
#8069=AXIS2_PLACEMENT_3D('',#11370,#8985,#8986);
#8070=AXIS2_PLACEMENT_3D('',#11374,#8989,#8990);
#8071=AXIS2_PLACEMENT_3D('',#11378,#8993,#8994);
#8072=AXIS2_PLACEMENT_3D('',#11380,#8996,#8997);
#8073=AXIS2_PLACEMENT_3D('',#11389,#9002,#9003);
#8074=AXIS2_PLACEMENT_3D('',#11399,#9009,#9010);
#8075=AXIS2_PLACEMENT_3D('',#11403,#9013,#9014);
#8076=AXIS2_PLACEMENT_3D('',#11411,#9019,#9020);
#8077=AXIS2_PLACEMENT_3D('',#11417,#9024,#9025);
#8078=AXIS2_PLACEMENT_3D('',#11421,#9028,#9029);
#8079=AXIS2_PLACEMENT_3D('',#11425,#9032,#9033);
#8080=AXIS2_PLACEMENT_3D('',#11431,#9037,#9038);
#8081=AXIS2_PLACEMENT_3D('',#11437,#9042,#9043);
#8082=AXIS2_PLACEMENT_3D('',#11439,#9045,#9046);
#8083=AXIS2_PLACEMENT_3D('',#11441,#9048,#9049);
#8084=AXIS2_PLACEMENT_3D('',#11450,#9054,#9055);
#8085=AXIS2_PLACEMENT_3D('',#11456,#9059,#9060);
#8086=AXIS2_PLACEMENT_3D('',#11460,#9063,#9064);
#8087=AXIS2_PLACEMENT_3D('',#11464,#9067,#9068);
#8088=AXIS2_PLACEMENT_3D('',#11466,#9070,#9071);
#8089=AXIS2_PLACEMENT_3D('',#11475,#9076,#9077);
#8090=AXIS2_PLACEMENT_3D('',#11481,#9081,#9082);
#8091=AXIS2_PLACEMENT_3D('',#11485,#9085,#9086);
#8092=AXIS2_PLACEMENT_3D('',#11489,#9089,#9090);
#8093=AXIS2_PLACEMENT_3D('',#11491,#9092,#9093);
#8094=AXIS2_PLACEMENT_3D('',#11500,#9098,#9099);
#8095=AXIS2_PLACEMENT_3D('',#11506,#9103,#9104);
#8096=AXIS2_PLACEMENT_3D('',#11510,#9107,#9108);
#8097=AXIS2_PLACEMENT_3D('',#11514,#9111,#9112);
#8098=AXIS2_PLACEMENT_3D('',#11516,#9114,#9115);
#8099=AXIS2_PLACEMENT_3D('',#11525,#9120,#9121);
#8100=AXIS2_PLACEMENT_3D('',#11531,#9125,#9126);
#8101=AXIS2_PLACEMENT_3D('',#11535,#9129,#9130);
#8102=AXIS2_PLACEMENT_3D('',#11539,#9133,#9134);
#8103=AXIS2_PLACEMENT_3D('',#11541,#9136,#9137);
#8104=AXIS2_PLACEMENT_3D('',#11550,#9142,#9143);
#8105=AXIS2_PLACEMENT_3D('',#11556,#9147,#9148);
#8106=AXIS2_PLACEMENT_3D('',#11560,#9151,#9152);
#8107=AXIS2_PLACEMENT_3D('',#11564,#9155,#9156);
#8108=AXIS2_PLACEMENT_3D('',#11566,#9158,#9159);
#8109=AXIS2_PLACEMENT_3D('',#11575,#9164,#9165);
#8110=AXIS2_PLACEMENT_3D('',#11581,#9169,#9170);
#8111=AXIS2_PLACEMENT_3D('',#11585,#9173,#9174);
#8112=AXIS2_PLACEMENT_3D('',#11589,#9177,#9178);
#8113=AXIS2_PLACEMENT_3D('',#11591,#9180,#9181);
#8114=AXIS2_PLACEMENT_3D('',#11600,#9186,#9187);
#8115=AXIS2_PLACEMENT_3D('',#11606,#9191,#9192);
#8116=AXIS2_PLACEMENT_3D('',#11610,#9195,#9196);
#8117=AXIS2_PLACEMENT_3D('',#11614,#9199,#9200);
#8118=AXIS2_PLACEMENT_3D('',#11616,#9202,#9203);
#8119=AXIS2_PLACEMENT_3D('',#11625,#9208,#9209);
#8120=AXIS2_PLACEMENT_3D('',#11631,#9213,#9214);
#8121=AXIS2_PLACEMENT_3D('',#11635,#9217,#9218);
#8122=AXIS2_PLACEMENT_3D('',#11639,#9221,#9222);
#8123=AXIS2_PLACEMENT_3D('',#11641,#9224,#9225);
#8124=AXIS2_PLACEMENT_3D('',#11650,#9230,#9231);
#8125=AXIS2_PLACEMENT_3D('',#11656,#9235,#9236);
#8126=AXIS2_PLACEMENT_3D('',#11660,#9239,#9240);
#8127=AXIS2_PLACEMENT_3D('',#11664,#9243,#9244);
#8128=AXIS2_PLACEMENT_3D('',#11666,#9246,#9247);
#8129=AXIS2_PLACEMENT_3D('',#11675,#9252,#9253);
#8130=AXIS2_PLACEMENT_3D('',#11684,#9258,#9259);
#8131=AXIS2_PLACEMENT_3D('',#11693,#9264,#9265);
#8132=AXIS2_PLACEMENT_3D('',#11702,#9270,#9271);
#8133=AXIS2_PLACEMENT_3D('',#11711,#9276,#9277);
#8134=AXIS2_PLACEMENT_3D('',#11720,#9282,#9283);
#8135=AXIS2_PLACEMENT_3D('',#11729,#9288,#9289);
#8136=AXIS2_PLACEMENT_3D('',#11738,#9294,#9295);
#8137=AXIS2_PLACEMENT_3D('',#11744,#9299,#9300);
#8138=AXIS2_PLACEMENT_3D('',#11748,#9303,#9304);
#8139=AXIS2_PLACEMENT_3D('',#11752,#9307,#9308);
#8140=AXIS2_PLACEMENT_3D('',#11758,#9312,#9313);
#8141=AXIS2_PLACEMENT_3D('',#11762,#9316,#9317);
#8142=AXIS2_PLACEMENT_3D('',#11766,#9320,#9321);
#8143=AXIS2_PLACEMENT_3D('',#11772,#9325,#9326);
#8144=AXIS2_PLACEMENT_3D('',#11776,#9329,#9330);
#8145=AXIS2_PLACEMENT_3D('',#11780,#9333,#9334);
#8146=AXIS2_PLACEMENT_3D('',#11786,#9338,#9339);
#8147=AXIS2_PLACEMENT_3D('',#11790,#9342,#9343);
#8148=AXIS2_PLACEMENT_3D('',#11794,#9346,#9347);
#8149=AXIS2_PLACEMENT_3D('',#11800,#9351,#9352);
#8150=AXIS2_PLACEMENT_3D('',#11804,#9355,#9356);
#8151=AXIS2_PLACEMENT_3D('',#11808,#9359,#9360);
#8152=AXIS2_PLACEMENT_3D('',#11814,#9364,#9365);
#8153=AXIS2_PLACEMENT_3D('',#11818,#9368,#9369);
#8154=AXIS2_PLACEMENT_3D('',#11822,#9372,#9373);
#8155=AXIS2_PLACEMENT_3D('',#11828,#9377,#9378);
#8156=AXIS2_PLACEMENT_3D('',#11832,#9381,#9382);
#8157=AXIS2_PLACEMENT_3D('',#11836,#9385,#9386);
#8158=AXIS2_PLACEMENT_3D('',#11842,#9390,#9391);
#8159=AXIS2_PLACEMENT_3D('',#11846,#9394,#9395);
#8160=AXIS2_PLACEMENT_3D('',#11850,#9398,#9399);
#8161=AXIS2_PLACEMENT_3D('',#11859,#9404,#9405);
#8162=AXIS2_PLACEMENT_3D('',#11865,#9409,#9410);
#8163=AXIS2_PLACEMENT_3D('',#11870,#9414,#9415);
#8164=AXIS2_PLACEMENT_3D('',#11874,#9418,#9419);
#8165=AXIS2_PLACEMENT_3D('',#11883,#9424,#9425);
#8166=AXIS2_PLACEMENT_3D('',#11889,#9429,#9430);
#8167=AXIS2_PLACEMENT_3D('',#11903,#9434,#9435);
#8168=AXIS2_PLACEMENT_3D('',#11907,#9437,#9438);
#8169=AXIS2_PLACEMENT_3D('',#11909,#9440,#9441);
#8170=AXIS2_PLACEMENT_3D('',#11921,#9449,#9450);
#8171=AXIS2_PLACEMENT_3D('',#11929,#9455,#9456);
#8172=AXIS2_PLACEMENT_3D('',#11933,#9459,#9460);
#8173=AXIS2_PLACEMENT_3D('',#11939,#9464,#9465);
#8174=AXIS2_PLACEMENT_3D('',#11941,#9467,#9468);
#8175=AXIS2_PLACEMENT_3D('',#11950,#9473,#9474);
#8176=AXIS2_PLACEMENT_3D('',#11959,#9479,#9480);
#8177=AXIS2_PLACEMENT_3D('',#11967,#9486,#9487);
#8178=AXIS2_PLACEMENT_3D('',#11971,#9490,#9491);
#8179=AXIS2_PLACEMENT_3D('',#11975,#9494,#9495);
#8180=AXIS2_PLACEMENT_3D('',#11977,#9497,#9498);
#8181=AXIS2_PLACEMENT_3D('',#11986,#9503,#9504);
#8182=AXIS2_PLACEMENT_3D('',#11992,#9508,#9509);
#8183=AXIS2_PLACEMENT_3D('',#11995,#9512,#9513);
#8184=AXIS2_PLACEMENT_3D('',#12002,#9518,#9519);
#8185=AXIS2_PLACEMENT_3D('',#12004,#9521,#9522);
#8186=AXIS2_PLACEMENT_3D('',#12007,#9525,#9526);
#8187=AXIS2_PLACEMENT_3D('',#12008,#9527,#9528);
#8188=AXIS2_PLACEMENT_3D('',#12009,#9529,#9530);
#8189=AXIS2_PLACEMENT_3D('',#12019,#9536,#9537);
#8190=AXIS2_PLACEMENT_3D('',#12025,#9541,#9542);
#8191=AXIS2_PLACEMENT_3D('',#12029,#9545,#9546);
#8192=AXIS2_PLACEMENT_3D('',#12031,#9548,#9549);
#8193=AXIS2_PLACEMENT_3D('',#12035,#9552,#9553);
#8194=AXIS2_PLACEMENT_3D('',#12044,#9558,#9559);
#8195=AXIS2_PLACEMENT_3D('',#12053,#9564,#9565);
#8196=AXIS2_PLACEMENT_3D('',#12062,#9570,#9571);
#8197=AXIS2_PLACEMENT_3D('',#12071,#9576,#9577);
#8198=AXIS2_PLACEMENT_3D('',#12080,#9582,#9583);
#8199=AXIS2_PLACEMENT_3D('',#12086,#9587,#9588);
#8200=AXIS2_PLACEMENT_3D('',#12092,#9592,#9593);
#8201=AXIS2_PLACEMENT_3D('',#12098,#9597,#9598);
#8202=AXIS2_PLACEMENT_3D('',#12102,#9601,#9602);
#8203=AXIS2_PLACEMENT_3D('',#12106,#9605,#9606);
#8204=AXIS2_PLACEMENT_3D('',#12108,#9608,#9609);
#8205=AXIS2_PLACEMENT_3D('',#12117,#9614,#9615);
#8206=AXIS2_PLACEMENT_3D('',#12123,#9619,#9620);
#8207=AXIS2_PLACEMENT_3D('',#12127,#9623,#9624);
#8208=AXIS2_PLACEMENT_3D('',#12131,#9627,#9628);
#8209=AXIS2_PLACEMENT_3D('',#12133,#9630,#9631);
#8210=AXIS2_PLACEMENT_3D('',#12142,#9636,#9637);
#8211=AXIS2_PLACEMENT_3D('',#12148,#9641,#9642);
#8212=AXIS2_PLACEMENT_3D('',#12152,#9645,#9646);
#8213=AXIS2_PLACEMENT_3D('',#12156,#9649,#9650);
#8214=AXIS2_PLACEMENT_3D('',#12158,#9652,#9653);
#8215=AXIS2_PLACEMENT_3D('',#12167,#9658,#9659);
#8216=AXIS2_PLACEMENT_3D('',#12173,#9663,#9664);
#8217=AXIS2_PLACEMENT_3D('',#12177,#9667,#9668);
#8218=AXIS2_PLACEMENT_3D('',#12181,#9671,#9672);
#8219=AXIS2_PLACEMENT_3D('',#12183,#9674,#9675);
#8220=AXIS2_PLACEMENT_3D('',#12184,#9676,#9677);
#8221=AXIS2_PLACEMENT_3D('',#12190,#9681,#9682);
#8222=AXIS2_PLACEMENT_3D('',#12193,#9684,#9685);
#8223=AXIS2_PLACEMENT_3D('',#12194,#9686,#9687);
#8224=AXIS2_PLACEMENT_3D('',#12198,#9690,#9691);
#8225=AXIS2_PLACEMENT_3D('',#12199,#9692,#9693);
#8226=AXIS2_PLACEMENT_3D('',#12200,#9694,#9695);
#8227=AXIS2_PLACEMENT_3D('',#12206,#9699,#9700);
#8228=AXIS2_PLACEMENT_3D('',#12209,#9702,#9703);
#8229=AXIS2_PLACEMENT_3D('',#12210,#9704,#9705);
#8230=AXIS2_PLACEMENT_3D('',#12214,#9708,#9709);
#8231=AXIS2_PLACEMENT_3D('',#12215,#9710,#9711);
#8232=AXIS2_PLACEMENT_3D('',#12216,#9712,#9713);
#8233=AXIS2_PLACEMENT_3D('',#12222,#9717,#9718);
#8234=AXIS2_PLACEMENT_3D('',#12228,#9722,#9723);
#8235=AXIS2_PLACEMENT_3D('',#12230,#9725,#9726);
#8236=AXIS2_PLACEMENT_3D('',#12236,#9730,#9731);
#8237=AXIS2_PLACEMENT_3D('',#12240,#9734,#9735);
#8238=AXIS2_PLACEMENT_3D('',#12244,#9738,#9739);
#8239=AXIS2_PLACEMENT_3D('',#12250,#9743,#9744);
#8240=AXIS2_PLACEMENT_3D('',#12256,#9748,#9749);
#8241=AXIS2_PLACEMENT_3D('',#12258,#9751,#9752);
#8242=AXIS2_PLACEMENT_3D('',#12264,#9756,#9757);
#8243=AXIS2_PLACEMENT_3D('',#12268,#9760,#9761);
#8244=AXIS2_PLACEMENT_3D('',#12272,#9764,#9765);
#8245=AXIS2_PLACEMENT_3D('',#12281,#9770,#9771);
#8246=AXIS2_PLACEMENT_3D('',#12288,#9776,#9777);
#8247=AXIS2_PLACEMENT_3D('',#12295,#9782,#9783);
#8248=AXIS2_PLACEMENT_3D('',#12304,#9788,#9789);
#8249=AXIS2_PLACEMENT_3D('',#12313,#9794,#9795);
#8250=AXIS2_PLACEMENT_3D('',#12322,#9800,#9801);
#8251=AXIS2_PLACEMENT_3D('',#12331,#9806,#9807);
#8252=AXIS2_PLACEMENT_3D('',#12337,#9811,#9812);
#8253=AXIS2_PLACEMENT_3D('',#12341,#9815,#9816);
#8254=AXIS2_PLACEMENT_3D('',#12345,#9819,#9820);
#8255=AXIS2_PLACEMENT_3D('',#12351,#9824,#9825);
#8256=AXIS2_PLACEMENT_3D('',#12357,#9829,#9830);
#8257=AXIS2_PLACEMENT_3D('',#12359,#9832,#9833);
#8258=AXIS2_PLACEMENT_3D('',#12365,#9837,#9838);
#8259=AXIS2_PLACEMENT_3D('',#12369,#9841,#9842);
#8260=AXIS2_PLACEMENT_3D('',#12373,#9845,#9846);
#8261=AXIS2_PLACEMENT_3D('',#12379,#9850,#9851);
#8262=AXIS2_PLACEMENT_3D('',#12383,#9854,#9855);
#8263=AXIS2_PLACEMENT_3D('',#12387,#9858,#9859);
#8264=AXIS2_PLACEMENT_3D('',#12396,#9864,#9865);
#8265=AXIS2_PLACEMENT_3D('',#12403,#9870,#9871);
#8266=AXIS2_PLACEMENT_3D('',#12408,#9875,#9876);
#8267=AXIS2_PLACEMENT_3D('',#12413,#9880,#9881);
#8268=AXIS2_PLACEMENT_3D('',#12416,#9884,#9885);
#8269=AXIS2_PLACEMENT_3D('',#12425,#9890,#9891);
#8270=AXIS2_PLACEMENT_3D('',#12431,#9895,#9896);
#8271=AXIS2_PLACEMENT_3D('',#12439,#9901,#9902);
#8272=AXIS2_PLACEMENT_3D('',#12445,#9906,#9907);
#8273=AXIS2_PLACEMENT_3D('',#12447,#9909,#9910);
#8274=AXIS2_PLACEMENT_3D('',#12451,#9913,#9914);
#8275=AXIS2_PLACEMENT_3D('',#12453,#9916,#9917);
#8276=AXIS2_PLACEMENT_3D('',#12462,#9922,#9923);
#8277=AXIS2_PLACEMENT_3D('',#12468,#9927,#9928);
#8278=AXIS2_PLACEMENT_3D('',#12472,#9931,#9932);
#8279=AXIS2_PLACEMENT_3D('',#12481,#9937,#9938);
#8280=AXIS2_PLACEMENT_3D('',#12487,#9942,#9943);
#8281=AXIS2_PLACEMENT_3D('',#12491,#9946,#9947);
#8282=AXIS2_PLACEMENT_3D('',#12494,#9950,#9951);
#8283=AXIS2_PLACEMENT_3D('',#12496,#9953,#9954);
#8284=AXIS2_PLACEMENT_3D('',#12505,#9959,#9960);
#8285=AXIS2_PLACEMENT_3D('',#12511,#9964,#9965);
#8286=AXIS2_PLACEMENT_3D('',#12515,#9968,#9969);
#8287=AXIS2_PLACEMENT_3D('',#12519,#9972,#9973);
#8288=AXIS2_PLACEMENT_3D('',#12521,#9975,#9976);
#8289=AXIS2_PLACEMENT_3D('',#12530,#9981,#9982);
#8290=AXIS2_PLACEMENT_3D('',#12532,#9983,#9984);
#8291=AXIS2_PLACEMENT_3D('',#12535,#9986,#9987);
#8292=AXIS2_PLACEMENT_3D('',#12536,#9988,#9989);
#8293=AXIS2_PLACEMENT_3D('',#12538,#9990,#9991);
#8294=AXIS2_PLACEMENT_3D('',#12541,#9993,#9994);
#8295=AXIS2_PLACEMENT_3D('',#12542,#9995,#9996);
#8296=AXIS2_PLACEMENT_3D('',#12544,#9997,#9998);
#8297=AXIS2_PLACEMENT_3D('',#12547,#10000,#10001);
#8298=AXIS2_PLACEMENT_3D('',#12548,#10002,#10003);
#8299=AXIS2_PLACEMENT_3D('',#12551,#10004,#10005);
#8300=AXIS2_PLACEMENT_3D('',#12555,#10007,#10008);
#8301=AXIS2_PLACEMENT_3D('',#12557,#10010,#10011);
#8302=AXIS2_PLACEMENT_3D('',#12563,#10015,#10016);
#8303=AXIS2_PLACEMENT_3D('',#12572,#10021,#10022);
#8304=AXIS2_PLACEMENT_3D('',#12574,#10023,#10024);
#8305=AXIS2_PLACEMENT_3D('',#12577,#10026,#10027);
#8306=AXIS2_PLACEMENT_3D('',#12578,#10028,#10029);
#8307=AXIS2_PLACEMENT_3D('',#12580,#10030,#10031);
#8308=AXIS2_PLACEMENT_3D('',#12583,#10033,#10034);
#8309=AXIS2_PLACEMENT_3D('',#12584,#10035,#10036);
#8310=AXIS2_PLACEMENT_3D('',#12586,#10037,#10038);
#8311=AXIS2_PLACEMENT_3D('',#12589,#10040,#10041);
#8312=AXIS2_PLACEMENT_3D('',#12590,#10042,#10043);
#8313=AXIS2_PLACEMENT_3D('',#12593,#10044,#10045);
#8314=AXIS2_PLACEMENT_3D('',#12597,#10047,#10048);
#8315=AXIS2_PLACEMENT_3D('',#12599,#10050,#10051);
#8316=AXIS2_PLACEMENT_3D('',#12605,#10055,#10056);
#8317=AXIS2_PLACEMENT_3D('',#12611,#10062,#10063);
#8318=AXIS2_PLACEMENT_3D('',#12614,#10066,#10067);
#8319=AXIS2_PLACEMENT_3D('',#12617,#10070,#10071);
#8320=AXIS2_PLACEMENT_3D('',#12620,#10074,#10075);
#8321=AXIS2_PLACEMENT_3D('',#12621,#10076,#10077);
#8322=AXIS2_PLACEMENT_3D('',#12624,#10080,#10081);
#8323=AXIS2_PLACEMENT_3D('',#12627,#10084,#10085);
#8324=AXIS2_PLACEMENT_3D('',#12628,#10086,#10087);
#8325=AXIS2_PLACEMENT_3D('',#12630,#10089,#10090);
#8326=AXIS2_PLACEMENT_3D('',#12635,#10095,#10096);
#8327=AXIS2_PLACEMENT_3D('',#12638,#10099,#10100);
#8328=AXIS2_PLACEMENT_3D('',#12643,#10105,#10106);
#8329=AXIS2_PLACEMENT_3D('',#12645,#10108,#10109);
#8330=AXIS2_PLACEMENT_3D('',#12651,#10115,#10116);
#8331=AXIS2_PLACEMENT_3D('',#12657,#10122,#10123);
#8332=AXIS2_PLACEMENT_3D('',#12658,#10124,#10125);
#8333=AXIS2_PLACEMENT_3D('',#12659,#10126,#10127);
#8334=AXIS2_PLACEMENT_3D('',#12684,#10140,#10141);
#8335=AXIS2_PLACEMENT_3D('',#12700,#10151,#10152);
#8336=AXIS2_PLACEMENT_3D('',#12704,#10155,#10156);
#8337=AXIS2_PLACEMENT_3D('',#12708,#10159,#10160);
#8338=AXIS2_PLACEMENT_3D('',#12710,#10162,#10163);
#8339=AXIS2_PLACEMENT_3D('',#12719,#10168,#10169);
#8340=AXIS2_PLACEMENT_3D('',#12725,#10173,#10174);
#8341=AXIS2_PLACEMENT_3D('',#12729,#10177,#10178);
#8342=AXIS2_PLACEMENT_3D('',#12733,#10181,#10182);
#8343=AXIS2_PLACEMENT_3D('',#12735,#10184,#10185);
#8344=AXIS2_PLACEMENT_3D('',#12736,#10186,#10187);
#8345=AXIS2_PLACEMENT_3D('',#12740,#10189,#10190);
#8346=AXIS2_PLACEMENT_3D('',#12742,#10192,#10193);
#8347=AXIS2_PLACEMENT_3D('',#12746,#10195,#10196);
#8348=AXIS2_PLACEMENT_3D('',#12748,#10198,#10199);
#8349=AXIS2_PLACEMENT_3D('',#12750,#10201,#10202);
#8350=AXIS2_PLACEMENT_3D('',#12758,#10204,#10205);
#8351=AXIS2_PLACEMENT_3D('',#12761,#10207,#10208);
#8352=AXIS2_PLACEMENT_3D('',#12762,#10209,#10210);
#8353=AXIS2_PLACEMENT_3D('',#12766,#10213,#10214);
#8354=AXIS2_PLACEMENT_3D('',#12767,#10215,#10216);
#8355=DIRECTION('axis',(0.,0.,1.));
#8356=DIRECTION('refdir',(1.,0.,0.));
#8357=DIRECTION('center_axis',(-1.,-1.55755194251565E-16,0.));
#8358=DIRECTION('ref_axis',(0.,0.,1.));
#8359=DIRECTION('',(9.96833243210017E-17,-1.,0.));
#8360=DIRECTION('',(0.,0.,1.));
#8361=DIRECTION('',(9.96833243210017E-17,-1.,0.));
#8362=DIRECTION('',(0.,0.,1.));
#8363=DIRECTION('center_axis',(-1.34735803959364E-16,1.,0.));
#8364=DIRECTION('ref_axis',(0.,0.,1.));
#8365=DIRECTION('',(-1.,-1.72461829067985E-16,0.));
#8366=DIRECTION('',(0.,0.,1.));
#8367=DIRECTION('',(-1.,-1.72461829067985E-16,0.));
#8368=DIRECTION('center_axis',(1.,1.55755194251565E-16,0.));
#8369=DIRECTION('ref_axis',(0.,0.,-1.));
#8370=DIRECTION('',(-1.99366648642003E-16,1.,0.));
#8371=DIRECTION('',(0.,0.,1.));
#8372=DIRECTION('',(-1.99366648642003E-16,1.,0.));
#8373=DIRECTION('center_axis',(8.98238693062424E-17,-1.,0.));
#8374=DIRECTION('ref_axis',(0.,0.,-1.));
#8375=DIRECTION('',(1.,1.1497455271199E-16,0.));
#8376=DIRECTION('',(1.,1.1497455271199E-16,0.));
#8377=DIRECTION('center_axis',(0.,0.,-1.));
#8378=DIRECTION('ref_axis',(-1.,0.,0.));
#8379=DIRECTION('center_axis',(0.,0.,-1.));
#8380=DIRECTION('ref_axis',(-1.,0.,0.));
#8381=DIRECTION('center_axis',(0.,1.,0.));
#8382=DIRECTION('ref_axis',(0.,0.,1.));
#8383=DIRECTION('center_axis',(0.,0.,-1.));
#8384=DIRECTION('ref_axis',(-1.,0.,0.));
#8385=DIRECTION('center_axis',(0.,1.,0.));
#8386=DIRECTION('ref_axis',(0.,0.,1.));
#8387=DIRECTION('center_axis',(0.,0.,-1.));
#8388=DIRECTION('ref_axis',(-1.,0.,0.));
#8389=DIRECTION('center_axis',(0.,1.,0.));
#8390=DIRECTION('ref_axis',(0.,0.,1.));
#8391=DIRECTION('',(0.,-1.,0.));
#8392=DIRECTION('',(0.,-1.,0.));
#8393=DIRECTION('center_axis',(0.,1.,0.));
#8394=DIRECTION('ref_axis',(0.,0.,1.));
#8395=DIRECTION('',(0.,-1.,0.));
#8396=DIRECTION('',(0.,-1.,0.));
#8397=DIRECTION('center_axis',(0.,0.,-1.));
#8398=DIRECTION('ref_axis',(-1.,0.,0.));
#8399=DIRECTION('center_axis',(0.,0.,-1.));
#8400=DIRECTION('ref_axis',(-1.,0.,0.));
#8401=DIRECTION('center_axis',(0.,-1.,0.));
#8402=DIRECTION('ref_axis',(0.,0.,-1.));
#8403=DIRECTION('center_axis',(0.,0.,-1.));
#8404=DIRECTION('ref_axis',(-1.,0.,0.));
#8405=DIRECTION('center_axis',(0.,-1.,0.));
#8406=DIRECTION('ref_axis',(0.,0.,-1.));
#8407=DIRECTION('center_axis',(0.,0.,-1.));
#8408=DIRECTION('ref_axis',(-1.,0.,0.));
#8409=DIRECTION('center_axis',(0.,-1.,0.));
#8410=DIRECTION('ref_axis',(0.,0.,-1.));
#8411=DIRECTION('',(0.,1.,0.));
#8412=DIRECTION('',(0.,1.,0.));
#8413=DIRECTION('center_axis',(0.,-1.,0.));
#8414=DIRECTION('ref_axis',(0.,0.,-1.));
#8415=DIRECTION('',(0.,1.,0.));
#8416=DIRECTION('',(0.,1.,0.));
#8417=DIRECTION('center_axis',(0.,0.,-1.));
#8418=DIRECTION('ref_axis',(-1.,0.,0.));
#8419=DIRECTION('center_axis',(0.,0.,-1.));
#8420=DIRECTION('ref_axis',(-1.,0.,0.));
#8421=DIRECTION('center_axis',(0.,0.,1.));
#8422=DIRECTION('ref_axis',(1.,0.,0.));
#8423=DIRECTION('center_axis',(0.,0.,-1.));
#8424=DIRECTION('ref_axis',(-1.,0.,0.));
#8425=DIRECTION('',(0.,0.,1.));
#8426=DIRECTION('center_axis',(0.,0.,1.));
#8427=DIRECTION('ref_axis',(1.,0.,0.));
#8428=DIRECTION('',(0.,0.,1.));
#8429=DIRECTION('center_axis',(0.,0.,1.));
#8430=DIRECTION('ref_axis',(1.,0.,0.));
#8431=DIRECTION('center_axis',(0.,0.,-1.));
#8432=DIRECTION('ref_axis',(-1.,0.,0.));
#8433=DIRECTION('',(0.,0.,1.));
#8434=DIRECTION('center_axis',(0.,0.,1.));
#8435=DIRECTION('ref_axis',(1.,0.,0.));
#8436=DIRECTION('',(0.,0.,1.));
#8437=DIRECTION('center_axis',(0.,0.,-1.));
#8438=DIRECTION('ref_axis',(-1.,0.,0.));
#8439=DIRECTION('',(0.,-1.,0.));
#8440=DIRECTION('',(-1.,0.,0.));
#8441=DIRECTION('',(0.,-1.,0.));
#8442=DIRECTION('',(-1.,0.,0.));
#8443=DIRECTION('center_axis',(1.,0.,0.));
#8444=DIRECTION('ref_axis',(0.,0.,-1.));
#8445=DIRECTION('',(0.,-1.,0.));
#8446=DIRECTION('',(0.,0.,-1.));
#8447=DIRECTION('',(0.,0.,-1.));
#8448=DIRECTION('center_axis',(0.,-1.,0.));
#8449=DIRECTION('ref_axis',(0.,0.,-1.));
#8450=DIRECTION('',(-1.,0.,0.));
#8451=DIRECTION('',(0.,0.,-1.));
#8452=DIRECTION('center_axis',(1.,0.,0.));
#8453=DIRECTION('ref_axis',(0.,0.,-1.));
#8454=DIRECTION('',(0.,-1.,0.));
#8455=DIRECTION('',(0.,0.,-1.));
#8456=DIRECTION('center_axis',(0.,0.,-1.));
#8457=DIRECTION('ref_axis',(-1.,0.,0.));
#8458=DIRECTION('',(-1.,0.,0.));
#8459=DIRECTION('',(0.,1.,0.));
#8460=DIRECTION('',(-1.,2.77555756156288E-16,0.));
#8461=DIRECTION('',(0.,1.,0.));
#8462=DIRECTION('center_axis',(1.,0.,0.));
#8463=DIRECTION('ref_axis',(0.,0.,-1.));
#8464=DIRECTION('',(0.,1.,0.));
#8465=DIRECTION('',(0.,0.,1.));
#8466=DIRECTION('',(0.,0.,1.));
#8467=DIRECTION('center_axis',(2.89120579329468E-16,1.,0.));
#8468=DIRECTION('ref_axis',(0.,0.,1.));
#8469=DIRECTION('',(-1.,2.77555756156288E-16,0.));
#8470=DIRECTION('',(0.,0.,1.));
#8471=DIRECTION('center_axis',(1.,0.,0.));
#8472=DIRECTION('ref_axis',(0.,0.,-1.));
#8473=DIRECTION('',(0.,1.,0.));
#8474=DIRECTION('',(0.,0.,1.));
#8475=DIRECTION('center_axis',(0.,1.,0.));
#8476=DIRECTION('ref_axis',(0.,0.,1.));
#8477=DIRECTION('center_axis',(-0.709483570641377,0.,0.704721975668392));
#8478=DIRECTION('ref_axis',(0.704721975668392,0.,0.709483570641377));
#8479=DIRECTION('',(-0.704721975668395,0.,-0.709483570641375));
#8480=DIRECTION('',(0.,-1.,0.));
#8481=DIRECTION('',(0.704721975668394,0.,0.709483570641375));
#8482=DIRECTION('',(0.,1.,0.));
#8483=DIRECTION('center_axis',(-0.709483570641377,0.,0.704721975668392));
#8484=DIRECTION('ref_axis',(0.704721975668392,0.,0.709483570641377));
#8485=DIRECTION('',(-0.704721975668395,0.,-0.709483570641375));
#8486=DIRECTION('',(0.,-1.,0.));
#8487=DIRECTION('',(0.704721975668394,0.,0.709483570641375));
#8488=DIRECTION('',(0.,1.,0.));
#8489=DIRECTION('center_axis',(-0.709483570641384,0.,0.704721975668385));
#8490=DIRECTION('ref_axis',(0.704721975668385,0.,0.709483570641384));
#8491=DIRECTION('',(0.704721975668385,0.,0.709483570641384));
#8492=DIRECTION('',(0.,-1.,0.));
#8493=DIRECTION('',(-0.704721975668385,0.,-0.709483570641384));
#8494=DIRECTION('',(0.,-1.,0.));
#8495=DIRECTION('center_axis',(-0.709483570641377,-9.84606244649157E-15,
-0.704721975668392));
#8496=DIRECTION('ref_axis',(-0.704721975668392,0.,0.709483570641377));
#8497=DIRECTION('',(-0.704721975668392,0.,0.709483570641377));
#8498=DIRECTION('',(-1.77635683940025E-14,1.,0.));
#8499=DIRECTION('',(0.704721975668395,0.,-0.709483570641375));
#8500=DIRECTION('',(8.88178419700125E-15,-1.,0.));
#8501=DIRECTION('center_axis',(-0.709483570641384,0.,-0.704721975668385));
#8502=DIRECTION('ref_axis',(-0.704721975668385,0.,0.709483570641384));
#8503=DIRECTION('',(0.704721975668387,0.,-0.709483570641382));
#8504=DIRECTION('',(0.,1.,0.));
#8505=DIRECTION('',(-0.704721975668387,0.,0.709483570641382));
#8506=DIRECTION('',(0.,1.,0.));
#8507=DIRECTION('center_axis',(-0.709483570641384,9.84606244649166E-15,
-0.704721975668386));
#8508=DIRECTION('ref_axis',(-0.704721975668385,0.,0.709483570641384));
#8509=DIRECTION('',(0.704721975668383,0.,-0.709483570641386));
#8510=DIRECTION('',(8.88178419700125E-15,1.,0.));
#8511=DIRECTION('',(-0.704721975668383,0.,0.709483570641386));
#8512=DIRECTION('',(1.77635683940025E-14,1.,0.));
#8513=DIRECTION('center_axis',(0.,0.,-1.));
#8514=DIRECTION('ref_axis',(-1.,0.,0.));
#8515=DIRECTION('',(-1.,0.,0.));
#8516=DIRECTION('',(-1.,0.,0.));
#8517=DIRECTION('',(0.,1.,0.));
#8518=DIRECTION('center_axis',(0.,1.,0.));
#8519=DIRECTION('ref_axis',(0.,0.,1.));
#8520=DIRECTION('',(-1.,0.,0.));
#8521=DIRECTION('',(0.,0.,1.));
#8522=DIRECTION('center_axis',(0.,1.,0.));
#8523=DIRECTION('ref_axis',(0.,0.,1.));
#8524=DIRECTION('',(-1.,0.,0.));
#8525=DIRECTION('',(0.,0.,1.));
#8526=DIRECTION('center_axis',(0.,1.,0.));
#8527=DIRECTION('ref_axis',(0.,0.,1.));
#8528=DIRECTION('',(-1.,0.,0.));
#8529=DIRECTION('',(-1.,0.,0.));
#8530=DIRECTION('',(0.,0.,1.));
#8531=DIRECTION('center_axis',(0.,1.,0.));
#8532=DIRECTION('ref_axis',(0.,0.,1.));
#8533=DIRECTION('',(-1.,0.,0.));
#8534=DIRECTION('',(-1.,0.,0.));
#8535=DIRECTION('',(0.,0.,1.));
#8536=DIRECTION('center_axis',(0.,0.,-1.));
#8537=DIRECTION('ref_axis',(-1.,0.,0.));
#8538=DIRECTION('',(0.,1.,0.));
#8539=DIRECTION('center_axis',(0.,0.,-1.));
#8540=DIRECTION('ref_axis',(-1.,0.,0.));
#8541=DIRECTION('',(-1.,0.,0.));
#8542=DIRECTION('',(-1.,4.62592926927165E-16,0.));
#8543=DIRECTION('',(0.,1.,0.));
#8544=DIRECTION('center_axis',(1.15648231731787E-16,1.,0.));
#8545=DIRECTION('ref_axis',(0.,0.,1.));
#8546=DIRECTION('',(-1.,1.38777878078145E-16,0.));
#8547=DIRECTION('',(0.,0.,1.));
#8548=DIRECTION('center_axis',(0.,1.,0.));
#8549=DIRECTION('ref_axis',(0.,0.,1.));
#8550=DIRECTION('',(-1.,0.,0.));
#8551=DIRECTION('',(0.,0.,1.));
#8552=DIRECTION('center_axis',(0.,1.,0.));
#8553=DIRECTION('ref_axis',(0.,0.,1.));
#8554=DIRECTION('',(-1.,0.,0.));
#8555=DIRECTION('',(-1.,0.,0.));
#8556=DIRECTION('',(0.,0.,1.));
#8557=DIRECTION('center_axis',(1.15648231731787E-16,1.,0.));
#8558=DIRECTION('ref_axis',(0.,0.,1.));
#8559=DIRECTION('',(-1.,2.7755575615629E-16,0.));
#8560=DIRECTION('',(-1.,9.25185853854276E-16,0.));
#8561=DIRECTION('',(0.,0.,1.));
#8562=DIRECTION('center_axis',(0.,0.,-1.));
#8563=DIRECTION('ref_axis',(-1.,0.,0.));
#8564=DIRECTION('',(-8.88178419700124E-15,1.,0.));
#8565=DIRECTION('center_axis',(0.,0.,1.));
#8566=DIRECTION('ref_axis',(1.,0.,0.));
#8567=DIRECTION('',(-1.,1.85037170770858E-15,0.));
#8568=DIRECTION('',(-1.,9.25185853854262E-16,0.));
#8569=DIRECTION('',(0.,-1.,0.));
#8570=DIRECTION('center_axis',(2.31296463463574E-16,1.,0.));
#8571=DIRECTION('ref_axis',(0.,0.,1.));
#8572=DIRECTION('',(-1.,5.5511151231258E-16,0.));
#8573=DIRECTION('',(0.,0.,1.));
#8574=DIRECTION('center_axis',(2.31296463463574E-16,1.,0.));
#8575=DIRECTION('ref_axis',(0.,0.,1.));
#8576=DIRECTION('',(-1.,2.77555756156289E-16,0.));
#8577=DIRECTION('',(0.,0.,1.));
#8578=DIRECTION('center_axis',(2.31296463463574E-16,1.,0.));
#8579=DIRECTION('ref_axis',(0.,0.,1.));
#8580=DIRECTION('',(-1.,5.55111512312583E-16,0.));
#8581=DIRECTION('',(-1.,1.85037170770866E-15,0.));
#8582=DIRECTION('',(0.,0.,1.));
#8583=DIRECTION('center_axis',(2.31296463463574E-16,1.,0.));
#8584=DIRECTION('ref_axis',(0.,0.,1.));
#8585=DIRECTION('',(-1.,1.85037170770866E-15,0.));
#8586=DIRECTION('',(-1.,5.55111512312583E-16,0.));
#8587=DIRECTION('',(0.,0.,1.));
#8588=DIRECTION('center_axis',(0.,0.,1.));
#8589=DIRECTION('ref_axis',(1.,0.,0.));
#8590=DIRECTION('',(0.,-1.,0.));
#8591=DIRECTION('center_axis',(0.,-1.,0.));
#8592=DIRECTION('ref_axis',(0.,0.,-1.));
#8593=DIRECTION('',(1.,0.,0.));
#8594=DIRECTION('',(0.,0.,1.));
#8595=DIRECTION('',(1.,0.,0.));
#8596=DIRECTION('',(0.,0.,1.));
#8597=DIRECTION('center_axis',(0.,-1.,0.));
#8598=DIRECTION('ref_axis',(0.,0.,-1.));
#8599=DIRECTION('',(1.,0.,0.));
#8600=DIRECTION('',(0.,0.,1.));
#8601=DIRECTION('',(1.,0.,0.));
#8602=DIRECTION('',(0.,0.,1.));
#8603=DIRECTION('center_axis',(0.,-0.709483570641384,-0.704721975668385));
#8604=DIRECTION('ref_axis',(-1.,0.,0.));
#8605=DIRECTION('',(0.,-0.704721975668385,0.709483570641384));
#8606=DIRECTION('',(-1.,0.,0.));
#8607=DIRECTION('',(0.,0.704721975668384,-0.709483570641385));
#8608=DIRECTION('',(1.,0.,0.));
#8609=DIRECTION('center_axis',(2.12199621691627E-16,0.70948357064137,-0.7047219756684));
#8610=DIRECTION('ref_axis',(-1.,0.,-3.01111117601184E-16));
#8611=DIRECTION('',(0.,0.7047219756684,0.709483570641369));
#8612=DIRECTION('',(1.,-1.11022302462514E-15,0.));
#8613=DIRECTION('',(0.,-0.7047219756684,-0.70948357064137));
#8614=DIRECTION('',(-1.,0.,0.));
#8615=DIRECTION('center_axis',(0.,0.709483570641384,-0.704721975668385));
#8616=DIRECTION('ref_axis',(-1.,0.,0.));
#8617=DIRECTION('',(0.,0.704721975668384,0.709483570641385));
#8618=DIRECTION('',(1.,0.,0.));
#8619=DIRECTION('',(0.,-0.704721975668385,-0.709483570641384));
#8620=DIRECTION('',(-1.,0.,0.));
#8621=DIRECTION('center_axis',(-4.24399243383261E-16,-0.709483570641384,
-0.704721975668386));
#8622=DIRECTION('ref_axis',(-1.,0.,6.02222235202392E-16));
#8623=DIRECTION('',(0.,-0.704721975668387,0.709483570641383));
#8624=DIRECTION('',(-1.,0.,0.));
#8625=DIRECTION('',(0.,0.704721975668386,-0.709483570641383));
#8626=DIRECTION('',(1.,0.,0.));
#8627=DIRECTION('center_axis',(1.,0.,0.));
#8628=DIRECTION('ref_axis',(0.,0.,-1.));
#8629=DIRECTION('',(1.,0.,0.));
#8630=DIRECTION('center_axis',(-1.,0.,0.));
#8631=DIRECTION('ref_axis',(0.,0.,1.));
#8632=DIRECTION('',(1.,0.,0.));
#8633=DIRECTION('center_axis',(1.,0.,0.));
#8634=DIRECTION('ref_axis',(0.,0.,-1.));
#8635=DIRECTION('',(1.,0.,0.));
#8636=DIRECTION('center_axis',(-1.,0.,0.));
#8637=DIRECTION('ref_axis',(0.,0.,1.));
#8638=DIRECTION('',(1.,0.,0.));
#8639=DIRECTION('center_axis',(1.,0.,0.));
#8640=DIRECTION('ref_axis',(0.,0.,-1.));
#8641=DIRECTION('',(1.,0.,0.));
#8642=DIRECTION('center_axis',(-1.,0.,0.));
#8643=DIRECTION('ref_axis',(0.,0.,1.));
#8644=DIRECTION('',(1.,0.,0.));
#8645=DIRECTION('center_axis',(1.,0.,0.));
#8646=DIRECTION('ref_axis',(0.,0.,-1.));
#8647=DIRECTION('',(1.,0.,0.));
#8648=DIRECTION('center_axis',(-1.,0.,0.));
#8649=DIRECTION('ref_axis',(0.,0.,1.));
#8650=DIRECTION('',(1.,0.,0.));
#8651=DIRECTION('center_axis',(-1.,0.,0.));
#8652=DIRECTION('ref_axis',(0.,0.,1.));
#8653=DIRECTION('',(-1.,2.87126644299609E-16,0.));
#8654=DIRECTION('center_axis',(1.,0.,0.));
#8655=DIRECTION('ref_axis',(0.,0.,-1.));
#8656=DIRECTION('',(-1.,3.82835525732813E-16,0.));
#8657=DIRECTION('center_axis',(1.,0.,0.));
#8658=DIRECTION('ref_axis',(0.,0.,-1.));
#8659=DIRECTION('',(1.,0.,0.));
#8660=DIRECTION('center_axis',(-1.,0.,0.));
#8661=DIRECTION('ref_axis',(0.,0.,1.));
#8662=DIRECTION('',(1.,0.,0.));
#8663=DIRECTION('center_axis',(-1.,0.,0.));
#8664=DIRECTION('ref_axis',(0.,0.,1.));
#8665=DIRECTION('',(-1.,0.,0.));
#8666=DIRECTION('center_axis',(1.,0.,0.));
#8667=DIRECTION('ref_axis',(0.,0.,-1.));
#8668=DIRECTION('',(-1.,0.,0.));
#8669=DIRECTION('center_axis',(1.,0.,0.));
#8670=DIRECTION('ref_axis',(0.,0.,-1.));
#8671=DIRECTION('',(1.,0.,0.));
#8672=DIRECTION('center_axis',(-1.,0.,0.));
#8673=DIRECTION('ref_axis',(0.,0.,1.));
#8674=DIRECTION('',(1.,-7.65671051465625E-16,0.));
#8675=DIRECTION('center_axis',(1.,0.,0.));
#8676=DIRECTION('ref_axis',(0.,0.,-1.));
#8677=DIRECTION('',(0.,-1.,0.));
#8678=DIRECTION('',(0.,0.,-1.));
#8679=DIRECTION('',(0.,1.,0.));
#8680=DIRECTION('',(0.,0.,1.));
#8681=DIRECTION('center_axis',(0.,1.,0.));
#8682=DIRECTION('ref_axis',(0.,0.,1.));
#8683=DIRECTION('',(0.,0.,1.));
#8684=DIRECTION('',(1.,0.,0.));
#8685=DIRECTION('center_axis',(0.,0.,1.));
#8686=DIRECTION('ref_axis',(1.,0.,0.));
#8687=DIRECTION('',(0.,-1.,0.));
#8688=DIRECTION('center_axis',(0.,-1.,0.));
#8689=DIRECTION('ref_axis',(0.,0.,-1.));
#8690=DIRECTION('',(0.,0.,-1.));
#8691=DIRECTION('',(1.,0.,0.));
#8692=DIRECTION('center_axis',(0.,0.,-1.));
#8693=DIRECTION('ref_axis',(-1.,0.,0.));
#8694=DIRECTION('',(0.,1.,0.));
#8695=DIRECTION('center_axis',(1.,0.,0.));
#8696=DIRECTION('ref_axis',(0.,0.,-1.));
#8697=DIRECTION('',(0.,-1.,0.));
#8698=DIRECTION('',(0.,0.,-1.));
#8699=DIRECTION('',(0.,1.,0.));
#8700=DIRECTION('',(0.,0.,1.));
#8701=DIRECTION('center_axis',(0.,1.,0.));
#8702=DIRECTION('ref_axis',(0.,0.,1.));
#8703=DIRECTION('',(0.,0.,1.));
#8704=DIRECTION('',(1.,0.,0.));
#8705=DIRECTION('center_axis',(0.,0.,1.));
#8706=DIRECTION('ref_axis',(1.,0.,0.));
#8707=DIRECTION('',(0.,-1.,0.));
#8708=DIRECTION('center_axis',(0.,-1.,0.));
#8709=DIRECTION('ref_axis',(0.,0.,-1.));
#8710=DIRECTION('',(0.,0.,-1.));
#8711=DIRECTION('',(1.,0.,0.));
#8712=DIRECTION('center_axis',(0.,0.,-1.));
#8713=DIRECTION('ref_axis',(-1.,0.,0.));
#8714=DIRECTION('',(0.,1.,0.));
#8715=DIRECTION('center_axis',(0.,0.,-1.));
#8716=DIRECTION('ref_axis',(-1.,0.,0.));
#8717=DIRECTION('',(0.,1.,0.));
#8718=DIRECTION('',(0.,-1.,0.));
#8719=DIRECTION('center_axis',(0.,0.,-1.));
#8720=DIRECTION('ref_axis',(-1.,0.,0.));
#8721=DIRECTION('',(0.,1.,0.));
#8722=DIRECTION('',(0.,-1.,0.));
#8723=DIRECTION('center_axis',(0.,-1.,0.));
#8724=DIRECTION('ref_axis',(0.,0.,-1.));
#8725=DIRECTION('',(0.,0.,-1.));
#8726=DIRECTION('',(0.,0.,1.));
#8727=DIRECTION('',(0.,0.,1.));
#8728=DIRECTION('',(1.,0.,0.));
#8729=DIRECTION('center_axis',(1.,0.,0.));
#8730=DIRECTION('ref_axis',(0.,0.,-1.));
#8731=DIRECTION('',(0.,0.,1.));
#8732=DIRECTION('',(0.,1.,0.));
#8733=DIRECTION('center_axis',(2.9909025447876E-16,1.,0.));
#8734=DIRECTION('ref_axis',(0.,0.,1.));
#8735=DIRECTION('',(0.,0.,1.));
#8736=DIRECTION('',(0.,0.,1.));
#8737=DIRECTION('',(-1.,3.14214063573158E-16,0.));
#8738=DIRECTION('center_axis',(-1.,0.,0.));
#8739=DIRECTION('ref_axis',(0.,0.,1.));
#8740=DIRECTION('center_axis',(0.,0.,-1.));
#8741=DIRECTION('ref_axis',(-1.,0.,0.));
#8742=DIRECTION('',(0.,-1.,0.));
#8743=DIRECTION('',(0.,1.,0.));
#8744=DIRECTION('center_axis',(0.,0.,-1.));
#8745=DIRECTION('ref_axis',(-1.,0.,0.));
#8746=DIRECTION('',(0.,1.,0.));
#8747=DIRECTION('',(0.,-1.,0.));
#8748=DIRECTION('center_axis',(-5.9818050895752E-16,-1.,0.));
#8749=DIRECTION('ref_axis',(0.,0.,-1.));
#8750=DIRECTION('',(0.,0.,-1.));
#8751=DIRECTION('',(0.,0.,1.));
#8752=DIRECTION('',(0.,0.,1.));
#8753=DIRECTION('',(1.,0.,0.));
#8754=DIRECTION('center_axis',(1.,0.,0.));
#8755=DIRECTION('ref_axis',(0.,0.,-1.));
#8756=DIRECTION('',(0.,0.,1.));
#8757=DIRECTION('',(0.,1.,0.));
#8758=DIRECTION('center_axis',(0.,1.,0.));
#8759=DIRECTION('ref_axis',(0.,0.,1.));
#8760=DIRECTION('',(0.,0.,1.));
#8761=DIRECTION('',(0.,0.,1.));
#8762=DIRECTION('',(-1.,0.,0.));
#8763=DIRECTION('center_axis',(-1.,0.,0.));
#8764=DIRECTION('ref_axis',(0.,0.,1.));
#8765=DIRECTION('center_axis',(1.,1.17480627314902E-15,-9.79458226129774E-32));
#8766=DIRECTION('ref_axis',(-9.79458226129774E-32,0.,-1.));
#8767=DIRECTION('',(-1.77635683940025E-15,1.,0.));
#8768=DIRECTION('',(0.,0.,1.));
#8769=DIRECTION('',(-1.77635683940025E-15,1.,-1.11772446853564E-16));
#8770=DIRECTION('',(0.,0.,1.));
#8771=DIRECTION('center_axis',(1.08198019483446E-15,-1.,0.));
#8772=DIRECTION('ref_axis',(0.,0.,-1.));
#8773=DIRECTION('',(0.,0.,-1.));
#8774=DIRECTION('',(-1.,0.,0.));
#8775=DIRECTION('',(-1.,0.,0.));
#8776=DIRECTION('center_axis',(-9.44809170497993E-32,8.7322224104347E-17,
1.));
#8777=DIRECTION('ref_axis',(1.,0.,9.44809170497993E-32));
#8778=DIRECTION('',(0.,-1.,1.11772446853564E-16));
#8779=DIRECTION('',(-1.,-1.05735526154777E-15,0.));
#8780=DIRECTION('center_axis',(1.08198019483446E-15,-1.,0.));
#8781=DIRECTION('ref_axis',(0.,0.,-1.));
#8782=DIRECTION('',(-1.,-1.05735526154777E-15,0.));
#8783=DIRECTION('',(0.,0.,-1.));
#8784=DIRECTION('center_axis',(0.,0.,1.));
#8785=DIRECTION('ref_axis',(1.,0.,0.));
#8786=DIRECTION('',(0.,-1.,0.));
#8787=DIRECTION('center_axis',(1.,1.08198019483445E-15,0.));
#8788=DIRECTION('ref_axis',(0.,0.,-1.));
#8789=DIRECTION('',(-6.83214169000096E-16,1.,8.59788052719724E-17));
#8790=DIRECTION('center_axis',(1.,1.08198019483445E-15,0.));
#8791=DIRECTION('ref_axis',(0.,0.,1.));
#8792=DIRECTION('',(0.,0.,1.));
#8793=DIRECTION('',(0.,-0.704721975668384,0.709483570641385));
#8794=DIRECTION('',(0.,-1.,0.));
#8795=DIRECTION('',(0.,-0.704721975668389,-0.709483570641381));
#8796=DIRECTION('',(0.,0.,-1.));
#8797=DIRECTION('center_axis',(1.,1.08198019483445E-15,0.));
#8798=DIRECTION('ref_axis',(0.,0.,1.));
#8799=DIRECTION('center_axis',(1.,1.08198019483445E-15,0.));
#8800=DIRECTION('ref_axis',(0.,0.,1.));
#8801=DIRECTION('',(1.,1.32563943238825E-15,0.));
#8802=DIRECTION('',(1.,1.32563943238824E-15,0.));
#8803=DIRECTION('center_axis',(-9.25185853854297E-16,1.,0.));
#8804=DIRECTION('ref_axis',(0.,0.,1.));
#8805=DIRECTION('',(0.,0.,1.));
#8806=DIRECTION('',(1.,1.32563943238825E-15,0.));
#8807=DIRECTION('center_axis',(-6.56404163099445E-16,0.709483570641384,
0.704721975668385));
#8808=DIRECTION('ref_axis',(1.,0.,9.31437057113036E-16));
#8809=DIRECTION('',(0.,-0.704721975668386,0.709483570641383));
#8810=DIRECTION('',(1.,1.32563943238825E-15,0.));
#8811=DIRECTION('center_axis',(0.,0.,1.));
#8812=DIRECTION('ref_axis',(1.,0.,0.));
#8813=DIRECTION('',(0.,-1.,0.));
#8814=DIRECTION('',(1.,1.32563943238825E-15,0.));
#8815=DIRECTION('center_axis',(6.5640416309944E-16,-0.70948357064138,0.70472197566839));
#8816=DIRECTION('ref_axis',(1.,0.,-9.31437057113023E-16));
#8817=DIRECTION('',(0.,-0.70472197566839,-0.70948357064138));
#8818=DIRECTION('',(1.,6.62819716194123E-16,0.));
#8819=DIRECTION('center_axis',(9.25185853854297E-16,-1.,0.));
#8820=DIRECTION('ref_axis',(0.,0.,-1.));
#8821=DIRECTION('',(0.,0.,-1.));
#8822=DIRECTION('',(1.,6.62819716194123E-16,0.));
#8823=DIRECTION('center_axis',(1.,1.08198019483445E-15,0.));
#8824=DIRECTION('ref_axis',(0.,0.,1.));
#8825=DIRECTION('',(1.,1.32563943238825E-15,0.));
#8826=DIRECTION('center_axis',(-6.21456049757204E-32,6.71709416187285E-17,
-1.));
#8827=DIRECTION('ref_axis',(-1.,0.,6.21456049757204E-32));
#8828=DIRECTION('',(-1.36642833800019E-15,1.,8.59788052719724E-17));
#8829=DIRECTION('center_axis',(0.,-0.709483570641384,-0.704721975668385));
#8830=DIRECTION('ref_axis',(-1.,0.,0.));
#8831=DIRECTION('',(0.,-0.704721975668386,0.709483570641383));
#8832=DIRECTION('',(-1.,0.,0.));
#8833=DIRECTION('',(0.,0.704721975668385,-0.709483570641384));
#8834=DIRECTION('',(1.,0.,0.));
#8835=DIRECTION('center_axis',(0.,0.709483570641379,-0.70472197566839));
#8836=DIRECTION('ref_axis',(-1.,0.,0.));
#8837=DIRECTION('',(0.,0.70472197566839,0.709483570641379));
#8838=DIRECTION('',(1.,0.,0.));
#8839=DIRECTION('',(0.,-0.704721975668391,-0.709483570641378));
#8840=DIRECTION('',(-1.,0.,0.));
#8841=DIRECTION('center_axis',(-1.,-9.25185853854297E-16,0.));
#8842=DIRECTION('ref_axis',(0.,0.,1.));
#8843=DIRECTION('',(-1.,0.,0.));
#8844=DIRECTION('center_axis',(1.,9.25185853854297E-16,0.));
#8845=DIRECTION('ref_axis',(0.,0.,1.));
#8846=DIRECTION('',(-1.,0.,0.));
#8847=DIRECTION('center_axis',(1.,9.25185853854297E-16,0.));
#8848=DIRECTION('ref_axis',(0.,0.,1.));
#8849=DIRECTION('',(1.,0.,0.));
#8850=DIRECTION('center_axis',(-1.,-9.25185853854297E-16,0.));
#8851=DIRECTION('ref_axis',(0.,0.,1.));
#8852=DIRECTION('',(1.,0.,0.));
#8853=DIRECTION('center_axis',(0.,0.,-1.));
#8854=DIRECTION('ref_axis',(-1.,0.,0.));
#8855=DIRECTION('',(0.,1.,0.));
#8856=DIRECTION('',(1.61486985400023E-15,-1.,0.));
#8857=DIRECTION('center_axis',(0.,0.,-1.));
#8858=DIRECTION('ref_axis',(-1.,0.,0.));
#8859=DIRECTION('',(-1.36642833800019E-15,1.,0.));
#8860=DIRECTION('',(1.36642833800019E-15,-1.,0.));
#8861=DIRECTION('center_axis',(0.,1.,0.));
#8862=DIRECTION('ref_axis',(0.,0.,1.));
#8863=DIRECTION('',(0.,0.,1.));
#8864=DIRECTION('',(0.,0.,1.));
#8865=DIRECTION('',(-1.,0.,0.));
#8866=DIRECTION('',(0.,0.,1.));
#8867=DIRECTION('center_axis',(-1.,-9.25185853854297E-16,0.));
#8868=DIRECTION('ref_axis',(0.,0.,1.));
#8869=DIRECTION('',(0.,0.,1.));
#8870=DIRECTION('center_axis',(0.,-1.,0.));
#8871=DIRECTION('ref_axis',(0.,0.,-1.));
#8872=DIRECTION('',(0.,0.,-1.));
#8873=DIRECTION('',(0.,0.,1.));
#8874=DIRECTION('',(1.,0.,0.));
#8875=DIRECTION('center_axis',(1.,9.25185853854297E-16,0.));
#8876=DIRECTION('ref_axis',(0.,0.,-1.));
#8877=DIRECTION('',(-1.1842378929335E-15,1.,0.));
#8878=DIRECTION('center_axis',(1.,0.,0.));
#8879=DIRECTION('ref_axis',(0.,0.,-1.));
#8880=DIRECTION('',(-1.,0.,0.));
#8881=DIRECTION('center_axis',(1.,-5.21721346158438E-16,0.));
#8882=DIRECTION('ref_axis',(0.,0.,1.));
#8883=DIRECTION('',(-1.,0.,0.));
#8884=DIRECTION('center_axis',(0.,0.,-1.));
#8885=DIRECTION('ref_axis',(-1.,0.,0.));
#8886=DIRECTION('',(0.,-1.,0.));
#8887=DIRECTION('',(-7.85998601504535E-16,-1.,0.));
#8888=DIRECTION('',(1.,0.,0.));
#8889=DIRECTION('center_axis',(0.,-1.,0.));
#8890=DIRECTION('ref_axis',(0.,0.,-1.));
#8891=DIRECTION('',(0.,0.,-1.));
#8892=DIRECTION('',(0.,0.,-1.));
#8893=DIRECTION('',(-1.,0.,0.));
#8894=DIRECTION('center_axis',(1.,-5.21721346158438E-16,0.));
#8895=DIRECTION('ref_axis',(0.,0.,-1.));
#8896=DIRECTION('',(0.,-1.,0.));
#8897=DIRECTION('',(0.,0.,-1.));
#8898=DIRECTION('',(7.46368419916071E-16,1.,0.));
#8899=DIRECTION('',(0.,0.,1.));
#8900=DIRECTION('center_axis',(1.,0.,0.));
#8901=DIRECTION('ref_axis',(0.,0.,-1.));
#8902=DIRECTION('',(0.,0.,1.));
#8903=DIRECTION('',(0.,1.,0.));
#8904=DIRECTION('',(0.,0.,-1.));
#8905=DIRECTION('',(0.,-1.,0.));
#8906=DIRECTION('center_axis',(0.,0.,1.));
#8907=DIRECTION('ref_axis',(1.,0.,0.));
#8908=DIRECTION('',(1.,0.,0.));
#8909=DIRECTION('',(0.,1.,0.));
#8910=DIRECTION('',(1.,0.,0.));
#8911=DIRECTION('',(0.,1.,0.));
#8912=DIRECTION('center_axis',(1.,0.,0.));
#8913=DIRECTION('ref_axis',(0.,0.,-1.));
#8914=DIRECTION('',(0.,1.,0.));
#8915=DIRECTION('',(0.,0.,1.));
#8916=DIRECTION('',(0.,0.,1.));
#8917=DIRECTION('center_axis',(0.,-1.,0.));
#8918=DIRECTION('ref_axis',(0.,0.,-1.));
#8919=DIRECTION('',(1.,0.,0.));
#8920=DIRECTION('',(0.,0.,1.));
#8921=DIRECTION('center_axis',(1.,0.,0.));
#8922=DIRECTION('ref_axis',(0.,0.,-1.));
#8923=DIRECTION('',(0.,1.,0.));
#8924=DIRECTION('',(0.,0.,1.));
#8925=DIRECTION('center_axis',(0.,-1.,0.));
#8926=DIRECTION('ref_axis',(0.,0.,-1.));
#8927=DIRECTION('',(1.,0.,0.));
#8928=DIRECTION('',(1.,0.,0.));
#8929=DIRECTION('center_axis',(0.,0.,1.));
#8930=DIRECTION('ref_axis',(1.,0.,0.));
#8931=DIRECTION('',(1.,0.,0.));
#8932=DIRECTION('',(0.,-1.,0.));
#8933=DIRECTION('',(-1.,0.,0.));
#8934=DIRECTION('',(0.,1.,0.));
#8935=DIRECTION('',(1.,0.,0.));
#8936=DIRECTION('center_axis',(0.,-1.,0.));
#8937=DIRECTION('ref_axis',(0.,0.,-1.));
#8938=DIRECTION('',(-1.,0.,0.));
#8939=DIRECTION('',(0.,0.,-1.));
#8940=DIRECTION('',(0.,0.,-1.));
#8941=DIRECTION('center_axis',(-1.,0.,0.));
#8942=DIRECTION('ref_axis',(0.,0.,1.));
#8943=DIRECTION('',(0.,1.,0.));
#8944=DIRECTION('',(0.,0.,-1.));
#8945=DIRECTION('center_axis',(0.,1.,0.));
#8946=DIRECTION('ref_axis',(0.,0.,1.));
#8947=DIRECTION('',(1.,0.,0.));
#8948=DIRECTION('',(0.,0.,-1.));
#8949=DIRECTION('center_axis',(1.,0.,0.));
#8950=DIRECTION('ref_axis',(0.,0.,-1.));
#8951=DIRECTION('',(0.,-1.,0.));
#8952=DIRECTION('center_axis',(0.,0.,1.));
#8953=DIRECTION('ref_axis',(1.,0.,0.));
#8954=DIRECTION('',(0.,-1.,0.));
#8955=DIRECTION('',(-1.,0.,0.));
#8956=DIRECTION('',(0.,1.,0.));
#8957=DIRECTION('',(1.,0.,0.));
#8958=DIRECTION('center_axis',(0.,-1.,0.));
#8959=DIRECTION('ref_axis',(0.,0.,-1.));
#8960=DIRECTION('',(1.,0.,0.));
#8961=DIRECTION('',(0.,0.,1.));
#8962=DIRECTION('',(0.,0.,1.));
#8963=DIRECTION('center_axis',(1.,0.,0.));
#8964=DIRECTION('ref_axis',(0.,0.,-1.));
#8965=DIRECTION('',(0.,1.,0.));
#8966=DIRECTION('',(0.,0.,1.));
#8967=DIRECTION('center_axis',(0.,1.,0.));
#8968=DIRECTION('ref_axis',(0.,0.,1.));
#8969=DIRECTION('',(-1.,0.,0.));
#8970=DIRECTION('',(0.,0.,1.));
#8971=DIRECTION('center_axis',(-1.,0.,0.));
#8972=DIRECTION('ref_axis',(0.,0.,1.));
#8973=DIRECTION('',(0.,-1.,0.));
#8974=DIRECTION('center_axis',(0.,0.,1.));
#8975=DIRECTION('ref_axis',(1.,0.,0.));
#8976=DIRECTION('',(0.,-1.,0.));
#8977=DIRECTION('',(-1.,0.,0.));
#8978=DIRECTION('',(0.,1.,0.));
#8979=DIRECTION('',(1.,0.,0.));
#8980=DIRECTION('center_axis',(0.,-1.,0.));
#8981=DIRECTION('ref_axis',(0.,0.,-1.));
#8982=DIRECTION('',(1.,0.,0.));
#8983=DIRECTION('',(0.,0.,1.));
#8984=DIRECTION('',(0.,0.,1.));
#8985=DIRECTION('center_axis',(1.,0.,0.));
#8986=DIRECTION('ref_axis',(0.,0.,-1.));
#8987=DIRECTION('',(0.,1.,0.));
#8988=DIRECTION('',(0.,0.,1.));
#8989=DIRECTION('center_axis',(0.,1.,0.));
#8990=DIRECTION('ref_axis',(0.,0.,1.));
#8991=DIRECTION('',(-1.,0.,0.));
#8992=DIRECTION('',(0.,0.,1.));
#8993=DIRECTION('center_axis',(-1.,0.,0.));
#8994=DIRECTION('ref_axis',(0.,0.,1.));
#8995=DIRECTION('',(0.,-1.,0.));
#8996=DIRECTION('center_axis',(0.,0.,-1.));
#8997=DIRECTION('ref_axis',(-1.,0.,0.));
#8998=DIRECTION('',(-1.,0.,0.));
#8999=DIRECTION('',(0.,1.,0.));
#9000=DIRECTION('',(-1.,0.,0.));
#9001=DIRECTION('',(0.,1.,0.));
#9002=DIRECTION('center_axis',(1.,0.,0.));
#9003=DIRECTION('ref_axis',(0.,0.,-1.));
#9004=DIRECTION('',(0.,1.,0.));
#9005=DIRECTION('',(0.,0.,1.));
#9006=DIRECTION('',(0.,1.,0.));
#9007=DIRECTION('',(0.,0.,1.));
#9008=DIRECTION('',(0.,0.,1.));
#9009=DIRECTION('center_axis',(0.,1.,0.));
#9010=DIRECTION('ref_axis',(0.,0.,1.));
#9011=DIRECTION('',(-1.,0.,0.));
#9012=DIRECTION('',(0.,0.,1.));
#9013=DIRECTION('center_axis',(1.,0.,0.));
#9014=DIRECTION('ref_axis',(0.,0.,-1.));
#9015=DIRECTION('',(0.,0.,1.));
#9016=DIRECTION('',(0.,1.,0.));
#9017=DIRECTION('',(0.,0.,1.));
#9018=DIRECTION('',(0.,1.,0.));
#9019=DIRECTION('center_axis',(0.,0.,-1.));
#9020=DIRECTION('ref_axis',(-1.,0.,0.));
#9021=DIRECTION('',(-1.,0.,0.));
#9022=DIRECTION('',(0.,1.,0.));
#9023=DIRECTION('',(-1.,0.,0.));
#9024=DIRECTION('center_axis',(0.,1.,0.));
#9025=DIRECTION('ref_axis',(0.,0.,1.));
#9026=DIRECTION('',(-1.,0.,0.));
#9027=DIRECTION('',(0.,0.,1.));
#9028=DIRECTION('center_axis',(1.,0.,0.));
#9029=DIRECTION('ref_axis',(0.,0.,-1.));
#9030=DIRECTION('',(0.,1.,0.));
#9031=DIRECTION('',(0.,0.,1.));
#9032=DIRECTION('center_axis',(0.,0.,-1.));
#9033=DIRECTION('ref_axis',(-1.,0.,0.));
#9034=DIRECTION('',(-1.,0.,0.));
#9035=DIRECTION('',(-1.,0.,0.));
#9036=DIRECTION('',(0.,1.,0.));
#9037=DIRECTION('center_axis',(1.,0.,0.));
#9038=DIRECTION('ref_axis',(0.,0.,-1.));
#9039=DIRECTION('',(0.,1.,0.));
#9040=DIRECTION('',(0.,0.,1.));
#9041=DIRECTION('',(0.,0.,1.));
#9042=DIRECTION('center_axis',(0.,1.,0.));
#9043=DIRECTION('ref_axis',(0.,0.,1.));
#9044=DIRECTION('',(-1.,0.,0.));
#9045=DIRECTION('center_axis',(0.,1.,0.));
#9046=DIRECTION('ref_axis',(0.,0.,1.));
#9047=DIRECTION('',(-1.,0.,0.));
#9048=DIRECTION('center_axis',(0.,0.,1.));
#9049=DIRECTION('ref_axis',(1.,0.,0.));
#9050=DIRECTION('',(0.,-1.,0.));
#9051=DIRECTION('',(-1.,0.,0.));
#9052=DIRECTION('',(0.,1.,0.));
#9053=DIRECTION('',(1.,0.,0.));
#9054=DIRECTION('center_axis',(0.,-1.,0.));
#9055=DIRECTION('ref_axis',(0.,0.,-1.));
#9056=DIRECTION('',(1.,0.,0.));
#9057=DIRECTION('',(0.,0.,1.));
#9058=DIRECTION('',(0.,0.,1.));
#9059=DIRECTION('center_axis',(1.,0.,0.));
#9060=DIRECTION('ref_axis',(0.,0.,-1.));
#9061=DIRECTION('',(0.,1.,0.));
#9062=DIRECTION('',(0.,0.,1.));
#9063=DIRECTION('center_axis',(0.,1.,0.));
#9064=DIRECTION('ref_axis',(0.,0.,1.));
#9065=DIRECTION('',(-1.,0.,0.));
#9066=DIRECTION('',(0.,0.,1.));
#9067=DIRECTION('center_axis',(-1.,0.,0.));
#9068=DIRECTION('ref_axis',(0.,0.,1.));
#9069=DIRECTION('',(0.,-1.,0.));
#9070=DIRECTION('center_axis',(0.,0.,1.));
#9071=DIRECTION('ref_axis',(1.,0.,0.));
#9072=DIRECTION('',(0.,-1.,0.));
#9073=DIRECTION('',(-1.,0.,0.));
#9074=DIRECTION('',(0.,1.,0.));
#9075=DIRECTION('',(1.,0.,0.));
#9076=DIRECTION('center_axis',(0.,-1.,0.));
#9077=DIRECTION('ref_axis',(0.,0.,-1.));
#9078=DIRECTION('',(1.,0.,0.));
#9079=DIRECTION('',(0.,0.,1.));
#9080=DIRECTION('',(0.,0.,1.));
#9081=DIRECTION('center_axis',(1.,0.,0.));
#9082=DIRECTION('ref_axis',(0.,0.,-1.));
#9083=DIRECTION('',(0.,1.,0.));
#9084=DIRECTION('',(0.,0.,1.));
#9085=DIRECTION('center_axis',(0.,1.,0.));
#9086=DIRECTION('ref_axis',(0.,0.,1.));
#9087=DIRECTION('',(-1.,0.,0.));
#9088=DIRECTION('',(0.,0.,1.));
#9089=DIRECTION('center_axis',(-1.,0.,0.));
#9090=DIRECTION('ref_axis',(0.,0.,1.));
#9091=DIRECTION('',(0.,-1.,0.));
#9092=DIRECTION('center_axis',(0.,0.,1.));
#9093=DIRECTION('ref_axis',(1.,0.,0.));
#9094=DIRECTION('',(0.,-1.,0.));
#9095=DIRECTION('',(-1.,0.,0.));
#9096=DIRECTION('',(0.,1.,0.));
#9097=DIRECTION('',(1.,0.,0.));
#9098=DIRECTION('center_axis',(0.,-1.,0.));
#9099=DIRECTION('ref_axis',(0.,0.,-1.));
#9100=DIRECTION('',(1.,0.,0.));
#9101=DIRECTION('',(0.,0.,1.));
#9102=DIRECTION('',(0.,0.,1.));
#9103=DIRECTION('center_axis',(1.,0.,0.));
#9104=DIRECTION('ref_axis',(0.,0.,-1.));
#9105=DIRECTION('',(0.,1.,0.));
#9106=DIRECTION('',(0.,0.,1.));
#9107=DIRECTION('center_axis',(0.,1.,0.));
#9108=DIRECTION('ref_axis',(0.,0.,1.));
#9109=DIRECTION('',(-1.,0.,0.));
#9110=DIRECTION('',(0.,0.,1.));
#9111=DIRECTION('center_axis',(-1.,0.,0.));
#9112=DIRECTION('ref_axis',(0.,0.,1.));
#9113=DIRECTION('',(0.,-1.,0.));
#9114=DIRECTION('center_axis',(0.,0.,1.));
#9115=DIRECTION('ref_axis',(1.,0.,0.));
#9116=DIRECTION('',(0.,-1.,0.));
#9117=DIRECTION('',(-1.,0.,0.));
#9118=DIRECTION('',(0.,1.,0.));
#9119=DIRECTION('',(1.,0.,0.));
#9120=DIRECTION('center_axis',(0.,-1.,0.));
#9121=DIRECTION('ref_axis',(0.,0.,-1.));
#9122=DIRECTION('',(1.,0.,0.));
#9123=DIRECTION('',(0.,0.,1.));
#9124=DIRECTION('',(0.,0.,1.));
#9125=DIRECTION('center_axis',(1.,0.,0.));
#9126=DIRECTION('ref_axis',(0.,0.,-1.));
#9127=DIRECTION('',(0.,1.,0.));
#9128=DIRECTION('',(0.,0.,1.));
#9129=DIRECTION('center_axis',(0.,1.,0.));
#9130=DIRECTION('ref_axis',(0.,0.,1.));
#9131=DIRECTION('',(-1.,0.,0.));
#9132=DIRECTION('',(0.,0.,1.));
#9133=DIRECTION('center_axis',(-1.,0.,0.));
#9134=DIRECTION('ref_axis',(0.,0.,1.));
#9135=DIRECTION('',(0.,-1.,0.));
#9136=DIRECTION('center_axis',(0.,0.,1.));
#9137=DIRECTION('ref_axis',(1.,0.,0.));
#9138=DIRECTION('',(0.,-1.,0.));
#9139=DIRECTION('',(-1.,5.04646829375071E-17,0.));
#9140=DIRECTION('',(0.,1.,0.));
#9141=DIRECTION('',(1.,0.,0.));
#9142=DIRECTION('center_axis',(0.,-1.,0.));
#9143=DIRECTION('ref_axis',(0.,0.,-1.));
#9144=DIRECTION('',(1.,0.,0.));
#9145=DIRECTION('',(0.,0.,1.));
#9146=DIRECTION('',(0.,0.,1.));
#9147=DIRECTION('center_axis',(1.,0.,0.));
#9148=DIRECTION('ref_axis',(0.,0.,-1.));
#9149=DIRECTION('',(0.,1.,0.));
#9150=DIRECTION('',(0.,0.,1.));
#9151=DIRECTION('center_axis',(3.94255335449274E-17,1.,0.));
#9152=DIRECTION('ref_axis',(0.,0.,1.));
#9153=DIRECTION('',(-1.,5.04646829375071E-17,0.));
#9154=DIRECTION('',(0.,0.,1.));
#9155=DIRECTION('center_axis',(-1.,0.,0.));
#9156=DIRECTION('ref_axis',(0.,0.,1.));
#9157=DIRECTION('',(0.,-1.,0.));
#9158=DIRECTION('center_axis',(0.,0.,1.));
#9159=DIRECTION('ref_axis',(1.,0.,0.));
#9160=DIRECTION('',(0.,-1.,0.));
#9161=DIRECTION('',(-1.,0.,0.));
#9162=DIRECTION('',(0.,1.,0.));
#9163=DIRECTION('',(1.,0.,0.));
#9164=DIRECTION('center_axis',(0.,-1.,0.));
#9165=DIRECTION('ref_axis',(0.,0.,-1.));
#9166=DIRECTION('',(1.,0.,0.));
#9167=DIRECTION('',(0.,0.,1.));
#9168=DIRECTION('',(0.,0.,1.));
#9169=DIRECTION('center_axis',(1.,0.,0.));
#9170=DIRECTION('ref_axis',(0.,0.,-1.));
#9171=DIRECTION('',(0.,1.,0.));
#9172=DIRECTION('',(0.,0.,1.));
#9173=DIRECTION('center_axis',(0.,1.,0.));
#9174=DIRECTION('ref_axis',(0.,0.,1.));
#9175=DIRECTION('',(-1.,0.,0.));
#9176=DIRECTION('',(0.,0.,1.));
#9177=DIRECTION('center_axis',(-1.,0.,0.));
#9178=DIRECTION('ref_axis',(0.,0.,1.));
#9179=DIRECTION('',(0.,-1.,0.));
#9180=DIRECTION('center_axis',(0.,0.,1.));
#9181=DIRECTION('ref_axis',(1.,0.,0.));
#9182=DIRECTION('',(0.,-1.,0.));
#9183=DIRECTION('',(-1.,0.,0.));
#9184=DIRECTION('',(0.,1.,0.));
#9185=DIRECTION('',(1.,0.,0.));
#9186=DIRECTION('center_axis',(0.,-1.,0.));
#9187=DIRECTION('ref_axis',(0.,0.,-1.));
#9188=DIRECTION('',(1.,0.,0.));
#9189=DIRECTION('',(0.,0.,1.));
#9190=DIRECTION('',(0.,0.,1.));
#9191=DIRECTION('center_axis',(1.,0.,0.));
#9192=DIRECTION('ref_axis',(0.,0.,-1.));
#9193=DIRECTION('',(0.,1.,0.));
#9194=DIRECTION('',(0.,0.,1.));
#9195=DIRECTION('center_axis',(0.,1.,0.));
#9196=DIRECTION('ref_axis',(0.,0.,1.));
#9197=DIRECTION('',(-1.,0.,0.));
#9198=DIRECTION('',(0.,0.,1.));
#9199=DIRECTION('center_axis',(-1.,0.,0.));
#9200=DIRECTION('ref_axis',(0.,0.,1.));
#9201=DIRECTION('',(0.,-1.,0.));
#9202=DIRECTION('center_axis',(0.,0.,1.));
#9203=DIRECTION('ref_axis',(1.,0.,0.));
#9204=DIRECTION('',(0.,-1.,0.));
#9205=DIRECTION('',(-1.,0.,0.));
#9206=DIRECTION('',(0.,1.,0.));
#9207=DIRECTION('',(1.,0.,0.));
#9208=DIRECTION('center_axis',(0.,-1.,0.));
#9209=DIRECTION('ref_axis',(0.,0.,-1.));
#9210=DIRECTION('',(1.,0.,0.));
#9211=DIRECTION('',(0.,0.,1.));
#9212=DIRECTION('',(0.,0.,1.));
#9213=DIRECTION('center_axis',(1.,0.,0.));
#9214=DIRECTION('ref_axis',(0.,0.,-1.));
#9215=DIRECTION('',(0.,1.,0.));
#9216=DIRECTION('',(0.,0.,1.));
#9217=DIRECTION('center_axis',(0.,1.,0.));
#9218=DIRECTION('ref_axis',(0.,0.,1.));
#9219=DIRECTION('',(-1.,0.,0.));
#9220=DIRECTION('',(0.,0.,1.));
#9221=DIRECTION('center_axis',(-1.,0.,0.));
#9222=DIRECTION('ref_axis',(0.,0.,1.));
#9223=DIRECTION('',(0.,-1.,0.));
#9224=DIRECTION('center_axis',(0.,0.,1.));
#9225=DIRECTION('ref_axis',(1.,0.,0.));
#9226=DIRECTION('',(-5.9211894646675E-16,-1.,0.));
#9227=DIRECTION('',(-1.,0.,0.));
#9228=DIRECTION('',(0.,1.,0.));
#9229=DIRECTION('',(1.,0.,0.));
#9230=DIRECTION('center_axis',(0.,-1.,0.));
#9231=DIRECTION('ref_axis',(0.,0.,-1.));
#9232=DIRECTION('',(1.,0.,0.));
#9233=DIRECTION('',(0.,0.,1.));
#9234=DIRECTION('',(0.,0.,1.));
#9235=DIRECTION('center_axis',(1.,0.,0.));
#9236=DIRECTION('ref_axis',(0.,0.,-1.));
#9237=DIRECTION('',(0.,1.,0.));
#9238=DIRECTION('',(0.,0.,1.));
#9239=DIRECTION('center_axis',(0.,1.,0.));
#9240=DIRECTION('ref_axis',(0.,0.,1.));
#9241=DIRECTION('',(-1.,0.,0.));
#9242=DIRECTION('',(0.,0.,1.));
#9243=DIRECTION('center_axis',(-1.,4.62592926927149E-16,0.));
#9244=DIRECTION('ref_axis',(0.,0.,1.));
#9245=DIRECTION('',(-5.9211894646675E-16,-1.,0.));
#9246=DIRECTION('center_axis',(-1.64101040774861E-15,-0.709483570641385,
-0.704721975668385));
#9247=DIRECTION('ref_axis',(-1.,0.,2.32859264278259E-15));
#9248=DIRECTION('',(0.,0.704721975668386,-0.709483570641384));
#9249=DIRECTION('',(-1.,0.,0.));
#9250=DIRECTION('',(0.,-0.704721975668386,0.709483570641384));
#9251=DIRECTION('',(-1.,2.96059473233376E-15,0.));
#9252=DIRECTION('center_axis',(0.,-0.709483570641384,-0.704721975668385));
#9253=DIRECTION('ref_axis',(-1.,0.,0.));
#9254=DIRECTION('',(0.,-0.704721975668385,0.709483570641384));
#9255=DIRECTION('',(-1.,0.,0.));
#9256=DIRECTION('',(0.,0.704721975668385,-0.709483570641384));
#9257=DIRECTION('',(1.,0.,0.));
#9258=DIRECTION('center_axis',(-1.64101040774861E-15,0.709483570641384,
0.704721975668385));
#9259=DIRECTION('ref_axis',(1.,0.,2.32859264278258E-15));
#9260=DIRECTION('',(0.,0.704721975668385,-0.709483570641385));
#9261=DIRECTION('',(-1.,-2.96059473233374E-15,0.));
#9262=DIRECTION('',(0.,-0.704721975668385,0.709483570641385));
#9263=DIRECTION('',(1.,0.,0.));
#9264=DIRECTION('center_axis',(0.,0.709483570641384,-0.704721975668385));
#9265=DIRECTION('ref_axis',(-1.,0.,0.));
#9266=DIRECTION('',(0.,0.704721975668385,0.709483570641384));
#9267=DIRECTION('',(1.,0.,0.));
#9268=DIRECTION('',(0.,-0.704721975668385,-0.709483570641384));
#9269=DIRECTION('',(-1.,0.,0.));
#9270=DIRECTION('center_axis',(0.,-0.709483570641384,0.704721975668385));
#9271=DIRECTION('ref_axis',(1.,0.,0.));
#9272=DIRECTION('',(0.,-0.704721975668385,-0.709483570641384));
#9273=DIRECTION('',(1.,0.,0.));
#9274=DIRECTION('',(0.,0.704721975668385,0.709483570641384));
#9275=DIRECTION('',(-1.,0.,0.));
#9276=DIRECTION('center_axis',(0.,0.709483570641384,0.704721975668385));
#9277=DIRECTION('ref_axis',(1.,0.,0.));
#9278=DIRECTION('',(0.,0.704721975668385,-0.709483570641384));
#9279=DIRECTION('',(-1.,0.,0.));
#9280=DIRECTION('',(0.,-0.704721975668385,0.709483570641384));
#9281=DIRECTION('',(1.,0.,0.));
#9282=DIRECTION('center_axis',(-1.64101040774861E-15,0.709483570641384,
0.704721975668385));
#9283=DIRECTION('ref_axis',(1.,0.,2.32859264278258E-15));
#9284=DIRECTION('',(0.,0.704721975668385,-0.709483570641384));
#9285=DIRECTION('',(-1.,-2.40548322002117E-15,0.));
#9286=DIRECTION('',(0.,-0.704721975668385,0.709483570641384));
#9287=DIRECTION('',(1.,2.31296463463574E-15,0.));
#9288=DIRECTION('center_axis',(-1.64101040774861E-15,-0.709483570641384,
-0.704721975668385));
#9289=DIRECTION('ref_axis',(-1.,0.,2.32859264278258E-15));
#9290=DIRECTION('',(0.,0.704721975668386,-0.709483570641384));
#9291=DIRECTION('',(-1.,2.31296463463574E-15,0.));
#9292=DIRECTION('',(0.,-0.704721975668385,0.709483570641384));
#9293=DIRECTION('',(-1.,2.40548322002117E-15,0.));
#9294=DIRECTION('center_axis',(0.,0.,1.));
#9295=DIRECTION('ref_axis',(1.,0.,0.));
#9296=DIRECTION('',(0.,1.,0.));
#9297=DIRECTION('',(0.,1.,0.));
#9298=DIRECTION('',(1.,0.,0.));
#9299=DIRECTION('center_axis',(1.,0.,0.));
#9300=DIRECTION('ref_axis',(0.,0.,-1.));
#9301=DIRECTION('',(0.,1.,0.));
#9302=DIRECTION('',(0.,0.,1.));
#9303=DIRECTION('center_axis',(1.,0.,0.));
#9304=DIRECTION('ref_axis',(0.,0.,-1.));
#9305=DIRECTION('',(0.,1.,0.));
#9306=DIRECTION('',(0.,0.,1.));
#9307=DIRECTION('center_axis',(0.,0.,-1.));
#9308=DIRECTION('ref_axis',(-1.,0.,0.));
#9309=DIRECTION('',(0.,1.,0.));
#9310=DIRECTION('',(0.,1.,0.));
#9311=DIRECTION('',(-1.,0.,0.));
#9312=DIRECTION('center_axis',(1.,0.,0.));
#9313=DIRECTION('ref_axis',(0.,0.,-1.));
#9314=DIRECTION('',(0.,1.,0.));
#9315=DIRECTION('',(0.,0.,1.));
#9316=DIRECTION('center_axis',(1.,0.,0.));
#9317=DIRECTION('ref_axis',(0.,0.,-1.));
#9318=DIRECTION('',(0.,1.,0.));
#9319=DIRECTION('',(0.,0.,1.));
#9320=DIRECTION('center_axis',(0.,0.,1.));
#9321=DIRECTION('ref_axis',(1.,0.,0.));
#9322=DIRECTION('',(0.,-1.,0.));
#9323=DIRECTION('',(0.,-1.,0.));
#9324=DIRECTION('',(-1.,0.,0.));
#9325=DIRECTION('center_axis',(-1.,0.,0.));
#9326=DIRECTION('ref_axis',(0.,0.,1.));
#9327=DIRECTION('',(0.,-1.,0.));
#9328=DIRECTION('',(0.,0.,1.));
#9329=DIRECTION('center_axis',(-1.,0.,0.));
#9330=DIRECTION('ref_axis',(0.,0.,1.));
#9331=DIRECTION('',(0.,-1.,0.));
#9332=DIRECTION('',(0.,0.,1.));
#9333=DIRECTION('center_axis',(0.,0.,-1.));
#9334=DIRECTION('ref_axis',(-1.,0.,0.));
#9335=DIRECTION('',(0.,1.,0.));
#9336=DIRECTION('',(0.,1.,0.));
#9337=DIRECTION('',(-1.,0.,0.));
#9338=DIRECTION('center_axis',(1.,0.,0.));
#9339=DIRECTION('ref_axis',(0.,0.,-1.));
#9340=DIRECTION('',(0.,1.,0.));
#9341=DIRECTION('',(0.,0.,1.));
#9342=DIRECTION('center_axis',(1.,0.,0.));
#9343=DIRECTION('ref_axis',(0.,0.,-1.));
#9344=DIRECTION('',(0.,1.,0.));
#9345=DIRECTION('',(0.,0.,1.));
#9346=DIRECTION('center_axis',(0.,0.,-1.));
#9347=DIRECTION('ref_axis',(-1.,0.,0.));
#9348=DIRECTION('',(0.,1.,0.));
#9349=DIRECTION('',(0.,1.,0.));
#9350=DIRECTION('',(-1.,0.,0.));
#9351=DIRECTION('center_axis',(1.,0.,0.));
#9352=DIRECTION('ref_axis',(0.,0.,-1.));
#9353=DIRECTION('',(0.,1.,0.));
#9354=DIRECTION('',(0.,0.,1.));
#9355=DIRECTION('center_axis',(1.,0.,0.));
#9356=DIRECTION('ref_axis',(0.,0.,-1.));
#9357=DIRECTION('',(0.,1.,0.));
#9358=DIRECTION('',(0.,0.,1.));
#9359=DIRECTION('center_axis',(0.,0.,-1.));
#9360=DIRECTION('ref_axis',(-1.,0.,0.));
#9361=DIRECTION('',(0.,1.,0.));
#9362=DIRECTION('',(0.,1.,0.));
#9363=DIRECTION('',(-1.,0.,0.));
#9364=DIRECTION('center_axis',(1.,0.,0.));
#9365=DIRECTION('ref_axis',(0.,0.,-1.));
#9366=DIRECTION('',(0.,1.,0.));
#9367=DIRECTION('',(0.,0.,1.));
#9368=DIRECTION('center_axis',(1.,0.,0.));
#9369=DIRECTION('ref_axis',(0.,0.,-1.));
#9370=DIRECTION('',(0.,1.,0.));
#9371=DIRECTION('',(0.,0.,1.));
#9372=DIRECTION('center_axis',(0.,0.,-1.));
#9373=DIRECTION('ref_axis',(-1.,0.,0.));
#9374=DIRECTION('',(0.,-1.,0.));
#9375=DIRECTION('',(0.,-1.,0.));
#9376=DIRECTION('',(-1.,0.,0.));
#9377=DIRECTION('center_axis',(-1.,0.,0.));
#9378=DIRECTION('ref_axis',(0.,0.,1.));
#9379=DIRECTION('',(0.,-1.,0.));
#9380=DIRECTION('',(0.,0.,1.));
#9381=DIRECTION('center_axis',(-1.,0.,0.));
#9382=DIRECTION('ref_axis',(0.,0.,1.));
#9383=DIRECTION('',(0.,-1.,0.));
#9384=DIRECTION('',(0.,0.,1.));
#9385=DIRECTION('center_axis',(0.,0.,-1.));
#9386=DIRECTION('ref_axis',(-1.,0.,0.));
#9387=DIRECTION('',(0.,1.,0.));
#9388=DIRECTION('',(0.,1.,0.));
#9389=DIRECTION('',(-1.,0.,0.));
#9390=DIRECTION('center_axis',(1.,0.,0.));
#9391=DIRECTION('ref_axis',(0.,0.,-1.));
#9392=DIRECTION('',(0.,1.,0.));
#9393=DIRECTION('',(0.,0.,1.));
#9394=DIRECTION('center_axis',(1.,0.,0.));
#9395=DIRECTION('ref_axis',(0.,0.,-1.));
#9396=DIRECTION('',(0.,1.,0.));
#9397=DIRECTION('',(0.,0.,1.));
#9398=DIRECTION('center_axis',(0.,0.,-1.));
#9399=DIRECTION('ref_axis',(-1.,0.,0.));
#9400=DIRECTION('',(-1.,0.,0.));
#9401=DIRECTION('',(0.,1.,0.));
#9402=DIRECTION('',(-1.,0.,0.));
#9403=DIRECTION('',(0.,1.,0.));
#9404=DIRECTION('center_axis',(1.,0.,0.));
#9405=DIRECTION('ref_axis',(0.,0.,-1.));
#9406=DIRECTION('',(0.,1.,0.));
#9407=DIRECTION('',(0.,0.,1.));
#9408=DIRECTION('',(0.,0.,1.));
#9409=DIRECTION('center_axis',(0.,1.,0.));
#9410=DIRECTION('ref_axis',(0.,0.,1.));
#9411=DIRECTION('',(-1.,0.,0.));
#9412=DIRECTION('',(0.,0.,1.));
#9413=DIRECTION('',(-1.,0.,0.));
#9414=DIRECTION('center_axis',(1.,0.,0.));
#9415=DIRECTION('ref_axis',(0.,0.,-1.));
#9416=DIRECTION('',(0.,1.,0.));
#9417=DIRECTION('',(0.,0.,1.));
#9418=DIRECTION('center_axis',(0.,0.,-1.));
#9419=DIRECTION('ref_axis',(-1.,0.,0.));
#9420=DIRECTION('',(-1.,0.,0.));
#9421=DIRECTION('',(0.,1.,0.));
#9422=DIRECTION('',(-1.,0.,0.));
#9423=DIRECTION('',(0.,1.,0.));
#9424=DIRECTION('center_axis',(1.,0.,0.));
#9425=DIRECTION('ref_axis',(0.,0.,-1.));
#9426=DIRECTION('',(0.,1.,0.));
#9427=DIRECTION('',(0.,0.,1.));
#9428=DIRECTION('',(0.,0.,1.));
#9429=DIRECTION('center_axis',(1.,0.,0.));
#9430=DIRECTION('ref_axis',(0.,0.,-1.));
#9431=DIRECTION('',(0.,1.,0.));
#9432=DIRECTION('',(0.,0.,1.));
#9433=DIRECTION('',(0.,0.,1.));
#9434=DIRECTION('center_axis',(1.,0.,0.));
#9435=DIRECTION('ref_axis',(0.,0.,-1.));
#9436=DIRECTION('',(-1.,0.,0.));
#9437=DIRECTION('center_axis',(-1.,8.26058798084194E-17,0.));
#9438=DIRECTION('ref_axis',(0.,0.,1.));
#9439=DIRECTION('',(-1.,0.,0.));
#9440=DIRECTION('center_axis',(0.,0.,-1.));
#9441=DIRECTION('ref_axis',(-1.,0.,0.));
#9442=DIRECTION('',(-0.541701333727007,0.840571035093633,0.));
#9443=DIRECTION('',(0.,1.,0.));
#9444=DIRECTION('',(0.,-1.,0.));
#9445=DIRECTION('',(0.,-1.,0.));
#9446=DIRECTION('',(-1.,0.,0.));
#9447=DIRECTION('',(0.,-1.,0.));
#9448=DIRECTION('',(0.,-1.,0.));
#9449=DIRECTION('center_axis',(-1.,8.26058798084194E-17,0.));
#9450=DIRECTION('ref_axis',(0.,0.,1.));
#9451=DIRECTION('',(0.,-1.,0.));
#9452=DIRECTION('',(0.,0.,1.));
#9453=DIRECTION('',(0.,-1.,0.));
#9454=DIRECTION('',(0.,0.,1.));
#9455=DIRECTION('center_axis',(-1.,8.26058798084194E-17,0.));
#9456=DIRECTION('ref_axis',(0.,0.,1.));
#9457=DIRECTION('',(0.,-1.,0.));
#9458=DIRECTION('',(0.,0.,1.));
#9459=DIRECTION('center_axis',(1.,0.,0.));
#9460=DIRECTION('ref_axis',(0.,0.,-1.));
#9461=DIRECTION('',(0.,1.,0.));
#9462=DIRECTION('',(0.,0.,-1.));
#9463=DIRECTION('',(0.,1.,0.));
#9464=DIRECTION('center_axis',(0.840571035093633,0.541701333727007,0.));
#9465=DIRECTION('ref_axis',(0.,0.,-1.));
#9466=DIRECTION('',(-0.541701333727007,0.840571035093633,0.));
#9467=DIRECTION('center_axis',(0.,0.709483570641384,-0.704721975668385));
#9468=DIRECTION('ref_axis',(-1.,0.,0.));
#9469=DIRECTION('',(0.,0.704721975668385,0.709483570641384));
#9470=DIRECTION('',(-1.,0.,0.));
#9471=DIRECTION('',(0.,-0.704721975668385,-0.709483570641384));
#9472=DIRECTION('',(1.,0.,0.));
#9473=DIRECTION('center_axis',(0.,0.,1.));
#9474=DIRECTION('ref_axis',(1.,0.,0.));
#9475=DIRECTION('',(1.,0.,0.));
#9476=DIRECTION('',(0.,1.,0.));
#9477=DIRECTION('',(1.,0.,0.));
#9478=DIRECTION('',(0.,1.,0.));
#9479=DIRECTION('center_axis',(1.,0.,0.));
#9480=DIRECTION('ref_axis',(0.,0.,-1.));
#9481=DIRECTION('',(0.,0.,1.));
#9482=DIRECTION('',(0.,0.,1.));
#9483=DIRECTION('',(0.,0.,1.));
#9484=DIRECTION('',(5.55111512312578E-16,1.,0.));
#9485=DIRECTION('',(0.,0.,1.));
#9486=DIRECTION('center_axis',(0.,-1.,0.));
#9487=DIRECTION('ref_axis',(0.,0.,-1.));
#9488=DIRECTION('',(1.,0.,0.));
#9489=DIRECTION('',(0.,0.,1.));
#9490=DIRECTION('center_axis',(1.,0.,0.));
#9491=DIRECTION('ref_axis',(0.,0.,-1.));
#9492=DIRECTION('',(0.,1.,0.));
#9493=DIRECTION('',(0.,0.,1.));
#9494=DIRECTION('center_axis',(0.,-1.,0.));
#9495=DIRECTION('ref_axis',(0.,0.,-1.));
#9496=DIRECTION('',(1.,0.,0.));
#9497=DIRECTION('center_axis',(0.,0.,-1.));
#9498=DIRECTION('ref_axis',(-1.,0.,0.));
#9499=DIRECTION('',(-1.,0.,0.));
#9500=DIRECTION('',(0.,1.,0.));
#9501=DIRECTION('',(-1.,0.,0.));
#9502=DIRECTION('',(0.,1.,0.));
#9503=DIRECTION('center_axis',(1.,0.,0.));
#9504=DIRECTION('ref_axis',(0.,0.,-1.));
#9505=DIRECTION('',(0.,1.,0.));
#9506=DIRECTION('',(0.,0.,1.));
#9507=DIRECTION('',(0.,0.,1.));
#9508=DIRECTION('center_axis',(0.,1.,0.));
#9509=DIRECTION('ref_axis',(0.,0.,1.));
#9510=DIRECTION('',(-1.,0.,0.));
#9511=DIRECTION('',(0.,0.,1.));
#9512=DIRECTION('center_axis',(1.,0.,0.));
#9513=DIRECTION('ref_axis',(0.,0.,-1.));
#9514=DIRECTION('',(0.,0.,1.));
#9515=DIRECTION('',(0.,0.,1.));
#9516=DIRECTION('',(-5.55111512312578E-16,1.,0.));
#9517=DIRECTION('',(0.,0.,1.));
#9518=DIRECTION('center_axis',(0.,1.,0.));
#9519=DIRECTION('ref_axis',(0.,0.,1.));
#9520=DIRECTION('',(-1.,0.,0.));
#9521=DIRECTION('center_axis',(0.,0.,-1.));
#9522=DIRECTION('ref_axis',(-1.,0.,0.));
#9523=DIRECTION('',(1.,0.,0.));
#9524=DIRECTION('',(1.,0.,0.));
#9525=DIRECTION('center_axis',(0.,-1.,0.));
#9526=DIRECTION('ref_axis',(0.,0.,-1.));
#9527=DIRECTION('center_axis',(0.,-1.,0.));
#9528=DIRECTION('ref_axis',(0.,0.,-1.));
#9529=DIRECTION('center_axis',(0.,0.,1.));
#9530=DIRECTION('ref_axis',(1.,0.,0.));
#9531=DIRECTION('',(1.,0.,0.));
#9532=DIRECTION('',(0.,-1.,0.));
#9533=DIRECTION('',(-1.,0.,0.));
#9534=DIRECTION('',(0.,1.,0.));
#9535=DIRECTION('',(1.,0.,0.));
#9536=DIRECTION('center_axis',(0.,-1.,0.));
#9537=DIRECTION('ref_axis',(0.,0.,-1.));
#9538=DIRECTION('',(-1.,0.,0.));
#9539=DIRECTION('',(0.,0.,-1.));
#9540=DIRECTION('',(0.,0.,-1.));
#9541=DIRECTION('center_axis',(-1.,0.,0.));
#9542=DIRECTION('ref_axis',(0.,0.,1.));
#9543=DIRECTION('',(0.,1.,0.));
#9544=DIRECTION('',(0.,0.,-1.));
#9545=DIRECTION('center_axis',(0.,1.,0.));
#9546=DIRECTION('ref_axis',(0.,0.,1.));
#9547=DIRECTION('',(1.,0.,0.));
#9548=DIRECTION('center_axis',(1.,0.,0.));
#9549=DIRECTION('ref_axis',(0.,0.,-1.));
#9550=DIRECTION('',(0.,-1.,0.));
#9551=DIRECTION('',(0.,0.,-1.));
#9552=DIRECTION('center_axis',(0.,-0.709483570641396,-0.704721975668373));
#9553=DIRECTION('ref_axis',(-1.,0.,0.));
#9554=DIRECTION('',(0.,0.704721975668373,-0.709483570641396));
#9555=DIRECTION('',(-1.,0.,0.));
#9556=DIRECTION('',(0.,-0.704721975668373,0.709483570641396));
#9557=DIRECTION('',(-1.,0.,0.));
#9558=DIRECTION('center_axis',(-0.709483570641384,0.,-0.704721975668385));
#9559=DIRECTION('ref_axis',(-0.704721975668385,0.,0.709483570641384));
#9560=DIRECTION('',(0.704721975668386,0.,-0.709483570641383));
#9561=DIRECTION('',(0.,1.,0.));
#9562=DIRECTION('',(-0.704721975668386,0.,0.709483570641383));
#9563=DIRECTION('',(0.,1.,0.));
#9564=DIRECTION('center_axis',(-0.709483570641384,0.,0.704721975668385));
#9565=DIRECTION('ref_axis',(0.704721975668385,0.,0.709483570641384));
#9566=DIRECTION('',(-0.704721975668385,0.,-0.709483570641385));
#9567=DIRECTION('',(0.,-1.,0.));
#9568=DIRECTION('',(0.704721975668384,0.,0.709483570641385));
#9569=DIRECTION('',(0.,1.,0.));
#9570=DIRECTION('center_axis',(0.,-0.709483570641384,0.704721975668385));
#9571=DIRECTION('ref_axis',(1.,0.,0.));
#9572=DIRECTION('',(0.,-0.704721975668386,-0.709483570641383));
#9573=DIRECTION('',(1.,0.,0.));
#9574=DIRECTION('',(0.,0.704721975668387,0.709483570641383));
#9575=DIRECTION('',(-1.,0.,0.));
#9576=DIRECTION('center_axis',(1.,0.,0.));
#9577=DIRECTION('ref_axis',(0.,0.,-1.));
#9578=DIRECTION('',(0.,1.,0.));
#9579=DIRECTION('',(0.,0.,1.));
#9580=DIRECTION('',(0.,1.,0.));
#9581=DIRECTION('',(0.,0.,1.));
#9582=DIRECTION('center_axis',(0.,1.,0.));
#9583=DIRECTION('ref_axis',(0.,0.,1.));
#9584=DIRECTION('',(-1.,0.,0.));
#9585=DIRECTION('',(0.,0.,1.));
#9586=DIRECTION('',(-1.,0.,0.));
#9587=DIRECTION('center_axis',(1.,6.73679019796818E-16,0.));
#9588=DIRECTION('ref_axis',(0.,0.,-1.));
#9589=DIRECTION('',(0.,1.,0.));
#9590=DIRECTION('',(0.,0.,1.));
#9591=DIRECTION('',(0.,1.,0.));
#9592=DIRECTION('center_axis',(0.,0.,1.));
#9593=DIRECTION('ref_axis',(1.,0.,0.));
#9594=DIRECTION('',(-1.,0.,0.));
#9595=DIRECTION('',(-1.,0.,0.));
#9596=DIRECTION('',(-1.50538715203411E-15,1.,0.));
#9597=DIRECTION('center_axis',(0.,1.,0.));
#9598=DIRECTION('ref_axis',(0.,0.,1.));
#9599=DIRECTION('',(-1.,0.,0.));
#9600=DIRECTION('',(0.,0.,1.));
#9601=DIRECTION('center_axis',(1.,1.17608371252665E-15,0.));
#9602=DIRECTION('ref_axis',(0.,0.,-1.));
#9603=DIRECTION('',(-1.50538715203411E-15,1.,0.));
#9604=DIRECTION('',(0.,0.,1.));
#9605=DIRECTION('center_axis',(0.,1.,0.));
#9606=DIRECTION('ref_axis',(0.,0.,1.));
#9607=DIRECTION('',(-1.,0.,0.));
#9608=DIRECTION('center_axis',(0.,0.,-1.));
#9609=DIRECTION('ref_axis',(-1.,0.,0.));
#9610=DIRECTION('',(-1.,0.,0.));
#9611=DIRECTION('',(0.,1.,0.));
#9612=DIRECTION('',(-1.,0.,0.));
#9613=DIRECTION('',(0.,1.,0.));
#9614=DIRECTION('center_axis',(1.,0.,0.));
#9615=DIRECTION('ref_axis',(0.,0.,-1.));
#9616=DIRECTION('',(0.,1.,0.));
#9617=DIRECTION('',(0.,0.,1.));
#9618=DIRECTION('',(0.,0.,1.));
#9619=DIRECTION('center_axis',(0.,1.,0.));
#9620=DIRECTION('ref_axis',(0.,0.,1.));
#9621=DIRECTION('',(-1.,0.,0.));
#9622=DIRECTION('',(0.,0.,1.));
#9623=DIRECTION('center_axis',(1.,0.,0.));
#9624=DIRECTION('ref_axis',(0.,0.,-1.));
#9625=DIRECTION('',(0.,1.,0.));
#9626=DIRECTION('',(0.,0.,1.));
#9627=DIRECTION('center_axis',(0.,1.,0.));
#9628=DIRECTION('ref_axis',(0.,0.,1.));
#9629=DIRECTION('',(-1.,0.,0.));
#9630=DIRECTION('center_axis',(0.,0.,1.));
#9631=DIRECTION('ref_axis',(1.,0.,0.));
#9632=DIRECTION('',(0.,1.,0.));
#9633=DIRECTION('',(-1.,0.,0.));
#9634=DIRECTION('',(0.,1.,0.));
#9635=DIRECTION('',(-1.,0.,0.));
#9636=DIRECTION('center_axis',(0.,1.,0.));
#9637=DIRECTION('ref_axis',(0.,0.,1.));
#9638=DIRECTION('',(-1.,0.,0.));
#9639=DIRECTION('',(0.,0.,1.));
#9640=DIRECTION('',(0.,0.,1.));
#9641=DIRECTION('center_axis',(1.,0.,0.));
#9642=DIRECTION('ref_axis',(0.,0.,-1.));
#9643=DIRECTION('',(0.,1.,0.));
#9644=DIRECTION('',(0.,0.,1.));
#9645=DIRECTION('center_axis',(0.,1.,0.));
#9646=DIRECTION('ref_axis',(0.,0.,1.));
#9647=DIRECTION('',(-1.,0.,0.));
#9648=DIRECTION('',(0.,0.,1.));
#9649=DIRECTION('center_axis',(1.,0.,0.));
#9650=DIRECTION('ref_axis',(0.,0.,-1.));
#9651=DIRECTION('',(0.,1.,0.));
#9652=DIRECTION('center_axis',(0.,0.,1.));
#9653=DIRECTION('ref_axis',(1.,0.,0.));
#9654=DIRECTION('',(0.,1.,0.));
#9655=DIRECTION('',(-1.,0.,0.));
#9656=DIRECTION('',(0.,1.,0.));
#9657=DIRECTION('',(-1.,0.,0.));
#9658=DIRECTION('center_axis',(0.,1.,0.));
#9659=DIRECTION('ref_axis',(0.,0.,1.));
#9660=DIRECTION('',(-1.,0.,0.));
#9661=DIRECTION('',(0.,0.,1.));
#9662=DIRECTION('',(0.,0.,1.));
#9663=DIRECTION('center_axis',(1.,0.,0.));
#9664=DIRECTION('ref_axis',(0.,0.,-1.));
#9665=DIRECTION('',(0.,1.,0.));
#9666=DIRECTION('',(0.,0.,1.));
#9667=DIRECTION('center_axis',(0.,1.,0.));
#9668=DIRECTION('ref_axis',(0.,0.,1.));
#9669=DIRECTION('',(-1.,0.,0.));
#9670=DIRECTION('',(0.,0.,1.));
#9671=DIRECTION('center_axis',(1.,0.,0.));
#9672=DIRECTION('ref_axis',(0.,0.,-1.));
#9673=DIRECTION('',(0.,1.,0.));
#9674=DIRECTION('center_axis',(0.,0.,-1.));
#9675=DIRECTION('ref_axis',(-1.,0.,0.));
#9676=DIRECTION('center_axis',(-1.,0.,0.));
#9677=DIRECTION('ref_axis',(0.,0.,1.));
#9678=DIRECTION('',(0.,0.,1.));
#9679=DIRECTION('',(0.,0.,1.));
#9680=DIRECTION('',(0.,1.,0.));
#9681=DIRECTION('center_axis',(0.,0.,1.));
#9682=DIRECTION('ref_axis',(1.,0.,0.));
#9683=DIRECTION('',(0.,0.,1.));
#9684=DIRECTION('center_axis',(0.,0.,-1.));
#9685=DIRECTION('ref_axis',(-1.,0.,0.));
#9686=DIRECTION('center_axis',(-1.,0.,0.));
#9687=DIRECTION('ref_axis',(0.,0.,1.));
#9688=DIRECTION('',(0.,0.,1.));
#9689=DIRECTION('',(0.,1.,0.));
#9690=DIRECTION('center_axis',(0.,0.,1.));
#9691=DIRECTION('ref_axis',(1.,0.,0.));
#9692=DIRECTION('center_axis',(0.,0.,-1.));
#9693=DIRECTION('ref_axis',(-1.,0.,0.));
#9694=DIRECTION('center_axis',(1.,0.,0.));
#9695=DIRECTION('ref_axis',(0.,0.,-1.));
#9696=DIRECTION('',(0.,0.,1.));
#9697=DIRECTION('',(0.,0.,1.));
#9698=DIRECTION('',(0.,1.,0.));
#9699=DIRECTION('center_axis',(0.,0.,1.));
#9700=DIRECTION('ref_axis',(1.,0.,0.));
#9701=DIRECTION('',(0.,0.,1.));
#9702=DIRECTION('center_axis',(0.,0.,-1.));
#9703=DIRECTION('ref_axis',(-1.,0.,0.));
#9704=DIRECTION('center_axis',(1.,0.,0.));
#9705=DIRECTION('ref_axis',(0.,0.,-1.));
#9706=DIRECTION('',(0.,0.,1.));
#9707=DIRECTION('',(0.,1.,0.));
#9708=DIRECTION('center_axis',(0.,0.,1.));
#9709=DIRECTION('ref_axis',(1.,0.,0.));
#9710=DIRECTION('center_axis',(0.,0.,-1.));
#9711=DIRECTION('ref_axis',(-1.,0.,0.));
#9712=DIRECTION('center_axis',(0.,1.,0.));
#9713=DIRECTION('ref_axis',(0.,0.,1.));
#9714=DIRECTION('',(-1.,0.,0.));
#9715=DIRECTION('',(-1.,0.,0.));
#9716=DIRECTION('',(0.,0.,1.));
#9717=DIRECTION('center_axis',(0.,1.,0.));
#9718=DIRECTION('ref_axis',(0.,0.,1.));
#9719=DIRECTION('',(-1.,0.,0.));
#9720=DIRECTION('',(-1.,0.,0.));
#9721=DIRECTION('',(0.,0.,1.));
#9722=DIRECTION('center_axis',(0.,0.,-1.));
#9723=DIRECTION('ref_axis',(-1.,0.,0.));
#9724=DIRECTION('',(7.79103876929934E-16,1.,0.));
#9725=DIRECTION('center_axis',(0.,0.,-1.));
#9726=DIRECTION('ref_axis',(-1.,0.,0.));
#9727=DIRECTION('',(0.,1.,0.));
#9728=DIRECTION('',(0.,1.,0.));
#9729=DIRECTION('',(-1.,0.,0.));
#9730=DIRECTION('center_axis',(1.,0.,0.));
#9731=DIRECTION('ref_axis',(0.,0.,-1.));
#9732=DIRECTION('',(0.,1.,0.));
#9733=DIRECTION('',(0.,0.,-1.));
#9734=DIRECTION('center_axis',(1.,0.,0.));
#9735=DIRECTION('ref_axis',(0.,0.,-1.));
#9736=DIRECTION('',(0.,1.,0.));
#9737=DIRECTION('',(0.,0.,-1.));
#9738=DIRECTION('center_axis',(0.,1.,0.));
#9739=DIRECTION('ref_axis',(0.,0.,1.));
#9740=DIRECTION('',(-1.,0.,0.));
#9741=DIRECTION('',(-1.,0.,0.));
#9742=DIRECTION('',(0.,0.,1.));
#9743=DIRECTION('center_axis',(0.,1.,0.));
#9744=DIRECTION('ref_axis',(0.,0.,1.));
#9745=DIRECTION('',(-1.,0.,0.));
#9746=DIRECTION('',(-1.,0.,0.));
#9747=DIRECTION('',(0.,0.,1.));
#9748=DIRECTION('center_axis',(0.,0.,-1.));
#9749=DIRECTION('ref_axis',(-1.,0.,0.));
#9750=DIRECTION('',(0.,1.,0.));
#9751=DIRECTION('center_axis',(0.,0.,-1.));
#9752=DIRECTION('ref_axis',(-1.,0.,0.));
#9753=DIRECTION('',(0.,1.,0.));
#9754=DIRECTION('',(0.,1.,0.));
#9755=DIRECTION('',(-1.,0.,0.));
#9756=DIRECTION('center_axis',(1.,0.,0.));
#9757=DIRECTION('ref_axis',(0.,0.,-1.));
#9758=DIRECTION('',(0.,1.,0.));
#9759=DIRECTION('',(0.,0.,-1.));
#9760=DIRECTION('center_axis',(1.,0.,0.));
#9761=DIRECTION('ref_axis',(0.,0.,-1.));
#9762=DIRECTION('',(0.,1.,0.));
#9763=DIRECTION('',(0.,0.,-1.));
#9764=DIRECTION('center_axis',(0.,0.,1.));
#9765=DIRECTION('ref_axis',(1.,0.,0.));
#9766=DIRECTION('',(6.53072367426563E-16,1.,0.));
#9767=DIRECTION('',(-1.,0.,0.));
#9768=DIRECTION('',(0.,1.,0.));
#9769=DIRECTION('',(-1.,0.,0.));
#9770=DIRECTION('center_axis',(0.,1.,0.));
#9771=DIRECTION('ref_axis',(0.,0.,1.));
#9772=DIRECTION('',(-1.,0.,0.));
#9773=DIRECTION('',(0.,0.,1.));
#9774=DIRECTION('',(0.,0.,1.));
#9775=DIRECTION('',(-1.,0.,0.));
#9776=DIRECTION('center_axis',(0.,1.,0.));
#9777=DIRECTION('ref_axis',(0.,0.,1.));
#9778=DIRECTION('',(-1.,0.,0.));
#9779=DIRECTION('',(-1.,0.,0.));
#9780=DIRECTION('',(0.,0.,1.));
#9781=DIRECTION('',(0.,0.,1.));
#9782=DIRECTION('center_axis',(0.,-0.709483570641384,-0.704721975668385));
#9783=DIRECTION('ref_axis',(-1.,0.,0.));
#9784=DIRECTION('',(0.,0.704721975668385,-0.709483570641384));
#9785=DIRECTION('',(-1.,0.,0.));
#9786=DIRECTION('',(0.,-0.704721975668386,0.709483570641384));
#9787=DIRECTION('',(-1.,0.,0.));
#9788=DIRECTION('center_axis',(-0.709483570641384,0.,-0.704721975668385));
#9789=DIRECTION('ref_axis',(-0.704721975668385,0.,0.709483570641384));
#9790=DIRECTION('',(0.704721975668385,0.,-0.709483570641384));
#9791=DIRECTION('',(0.,1.,0.));
#9792=DIRECTION('',(-0.704721975668385,0.,0.709483570641384));
#9793=DIRECTION('',(0.,1.,0.));
#9794=DIRECTION('center_axis',(-0.709483570641384,0.,0.704721975668385));
#9795=DIRECTION('ref_axis',(0.704721975668385,0.,0.709483570641384));
#9796=DIRECTION('',(-0.704721975668387,0.,-0.709483570641383));
#9797=DIRECTION('',(0.,-1.,0.));
#9798=DIRECTION('',(0.704721975668386,0.,0.709483570641383));
#9799=DIRECTION('',(0.,1.,0.));
#9800=DIRECTION('center_axis',(0.,-0.709483570641384,0.704721975668385));
#9801=DIRECTION('ref_axis',(1.,0.,0.));
#9802=DIRECTION('',(0.,-0.704721975668384,-0.709483570641385));
#9803=DIRECTION('',(1.,0.,0.));
#9804=DIRECTION('',(0.,0.704721975668385,0.709483570641385));
#9805=DIRECTION('',(-1.,0.,0.));
#9806=DIRECTION('center_axis',(0.,0.,-1.));
#9807=DIRECTION('ref_axis',(-1.,0.,0.));
#9808=DIRECTION('',(0.,1.,0.));
#9809=DIRECTION('',(0.,1.,0.));
#9810=DIRECTION('',(-1.,0.,0.));
#9811=DIRECTION('center_axis',(1.,0.,0.));
#9812=DIRECTION('ref_axis',(0.,0.,-1.));
#9813=DIRECTION('',(0.,1.,0.));
#9814=DIRECTION('',(0.,0.,-1.));
#9815=DIRECTION('center_axis',(1.,0.,0.));
#9816=DIRECTION('ref_axis',(0.,0.,-1.));
#9817=DIRECTION('',(0.,1.,0.));
#9818=DIRECTION('',(0.,0.,-1.));
#9819=DIRECTION('center_axis',(0.,1.,0.));
#9820=DIRECTION('ref_axis',(0.,0.,1.));
#9821=DIRECTION('',(-1.,0.,0.));
#9822=DIRECTION('',(-1.,0.,0.));
#9823=DIRECTION('',(0.,0.,1.));
#9824=DIRECTION('center_axis',(0.,1.,0.));
#9825=DIRECTION('ref_axis',(0.,0.,1.));
#9826=DIRECTION('',(-1.,0.,0.));
#9827=DIRECTION('',(-1.,0.,0.));
#9828=DIRECTION('',(0.,0.,1.));
#9829=DIRECTION('center_axis',(0.,0.,-1.));
#9830=DIRECTION('ref_axis',(-1.,0.,0.));
#9831=DIRECTION('',(0.,1.,0.));
#9832=DIRECTION('center_axis',(0.,0.,-1.));
#9833=DIRECTION('ref_axis',(-1.,0.,0.));
#9834=DIRECTION('',(0.,1.,0.));
#9835=DIRECTION('',(0.,1.,0.));
#9836=DIRECTION('',(-1.,0.,0.));
#9837=DIRECTION('center_axis',(1.,0.,0.));
#9838=DIRECTION('ref_axis',(0.,0.,-1.));
#9839=DIRECTION('',(0.,1.,0.));
#9840=DIRECTION('',(0.,0.,-1.));
#9841=DIRECTION('center_axis',(1.,0.,0.));
#9842=DIRECTION('ref_axis',(0.,0.,-1.));
#9843=DIRECTION('',(0.,1.,0.));
#9844=DIRECTION('',(0.,0.,-1.));
#9845=DIRECTION('center_axis',(0.,0.,-1.));
#9846=DIRECTION('ref_axis',(-1.,0.,0.));
#9847=DIRECTION('',(-1.,0.,0.));
#9848=DIRECTION('',(-1.,0.,0.));
#9849=DIRECTION('',(0.,1.,0.));
#9850=DIRECTION('center_axis',(0.,1.,0.));
#9851=DIRECTION('ref_axis',(0.,0.,1.));
#9852=DIRECTION('',(-1.,0.,0.));
#9853=DIRECTION('',(0.,0.,1.));
#9854=DIRECTION('center_axis',(0.,1.,0.));
#9855=DIRECTION('ref_axis',(0.,0.,1.));
#9856=DIRECTION('',(-1.,0.,0.));
#9857=DIRECTION('',(0.,0.,1.));
#9858=DIRECTION('center_axis',(0.,0.,-1.));
#9859=DIRECTION('ref_axis',(-1.,0.,0.));
#9860=DIRECTION('',(-1.,0.,0.));
#9861=DIRECTION('',(0.,1.,0.));
#9862=DIRECTION('',(-1.,0.,0.));
#9863=DIRECTION('',(0.,1.,0.));
#9864=DIRECTION('center_axis',(1.,0.,0.));
#9865=DIRECTION('ref_axis',(0.,0.,-1.));
#9866=DIRECTION('',(0.,1.,0.));
#9867=DIRECTION('',(0.,0.,1.));
#9868=DIRECTION('',(0.,0.,1.));
#9869=DIRECTION('',(0.,1.,0.));
#9870=DIRECTION('center_axis',(1.74344067937368E-16,1.,0.));
#9871=DIRECTION('ref_axis',(0.,0.,1.));
#9872=DIRECTION('',(-1.,0.,0.));
#9873=DIRECTION('',(0.,0.,1.));
#9874=DIRECTION('',(-1.,0.,0.));
#9875=DIRECTION('center_axis',(1.,0.,0.));
#9876=DIRECTION('ref_axis',(0.,0.,-1.));
#9877=DIRECTION('',(0.,1.,0.));
#9878=DIRECTION('',(0.,0.,1.));
#9879=DIRECTION('',(0.,1.,0.));
#9880=DIRECTION('center_axis',(0.,1.,0.));
#9881=DIRECTION('ref_axis',(0.,0.,1.));
#9882=DIRECTION('',(-1.,0.,0.));
#9883=DIRECTION('',(-1.,0.,0.));
#9884=DIRECTION('center_axis',(3.38482629458889E-15,1.,0.));
#9885=DIRECTION('ref_axis',(0.,0.,1.));
#9886=DIRECTION('',(-1.,3.24943324280534E-15,0.));
#9887=DIRECTION('',(0.,0.,1.));
#9888=DIRECTION('',(-1.,3.24943324280534E-15,0.));
#9889=DIRECTION('',(0.,0.,1.));
#9890=DIRECTION('center_axis',(-1.,0.,0.));
#9891=DIRECTION('ref_axis',(0.,0.,1.));
#9892=DIRECTION('',(0.,-1.,0.));
#9893=DIRECTION('',(0.,0.,1.));
#9894=DIRECTION('',(0.,-1.,0.));
#9895=DIRECTION('center_axis',(0.,0.,-1.));
#9896=DIRECTION('ref_axis',(-1.,0.,0.));
#9897=DIRECTION('',(-1.,0.,0.));
#9898=DIRECTION('',(0.,1.,0.));
#9899=DIRECTION('',(-1.,0.,0.));
#9900=DIRECTION('',(0.,1.,0.));
#9901=DIRECTION('center_axis',(1.,0.,0.));
#9902=DIRECTION('ref_axis',(0.,0.,-1.));
#9903=DIRECTION('',(0.,1.,0.));
#9904=DIRECTION('',(0.,0.,1.));
#9905=DIRECTION('',(0.,0.,1.));
#9906=DIRECTION('center_axis',(0.,1.,0.));
#9907=DIRECTION('ref_axis',(0.,0.,1.));
#9908=DIRECTION('',(-1.,0.,0.));
#9909=DIRECTION('center_axis',(0.,1.,0.));
#9910=DIRECTION('ref_axis',(0.,0.,1.));
#9911=DIRECTION('',(-1.,0.,0.));
#9912=DIRECTION('',(0.,0.,1.));
#9913=DIRECTION('center_axis',(1.,0.,0.));
#9914=DIRECTION('ref_axis',(0.,0.,-1.));
#9915=DIRECTION('',(0.,1.,0.));
#9916=DIRECTION('center_axis',(0.,0.,-1.));
#9917=DIRECTION('ref_axis',(-1.,0.,0.));
#9918=DIRECTION('',(1.,-1.00929365875014E-15,0.));
#9919=DIRECTION('',(-2.01858731750029E-16,-1.,0.));
#9920=DIRECTION('',(1.,0.,0.));
#9921=DIRECTION('',(0.,-1.,0.));
#9922=DIRECTION('center_axis',(0.,-1.,0.));
#9923=DIRECTION('ref_axis',(0.,0.,-1.));
#9924=DIRECTION('',(1.,0.,0.));
#9925=DIRECTION('',(0.,0.,1.));
#9926=DIRECTION('',(0.,0.,1.));
#9927=DIRECTION('center_axis',(-1.,3.1540426835942E-16,0.));
#9928=DIRECTION('ref_axis',(0.,0.,1.));
#9929=DIRECTION('',(-2.01858731750029E-16,-1.,0.));
#9930=DIRECTION('',(0.,0.,1.));
#9931=DIRECTION('center_axis',(0.,0.,-1.));
#9932=DIRECTION('ref_axis',(-1.,0.,0.));
#9933=DIRECTION('',(1.,0.,0.));
#9934=DIRECTION('',(0.,-1.,0.));
#9935=DIRECTION('',(1.,-1.33761810195802E-16,0.));
#9936=DIRECTION('',(0.,-1.,0.));
#9937=DIRECTION('center_axis',(-1.,0.,0.));
#9938=DIRECTION('ref_axis',(0.,0.,1.));
#9939=DIRECTION('',(0.,-1.,0.));
#9940=DIRECTION('',(0.,0.,1.));
#9941=DIRECTION('',(0.,0.,1.));
#9942=DIRECTION('center_axis',(-1.0450141421547E-16,-1.,0.));
#9943=DIRECTION('ref_axis',(0.,0.,-1.));
#9944=DIRECTION('',(1.,-1.33761810195802E-16,0.));
#9945=DIRECTION('',(0.,0.,1.));
#9946=DIRECTION('center_axis',(-1.,0.,0.));
#9947=DIRECTION('ref_axis',(0.,0.,1.));
#9948=DIRECTION('',(0.,-1.,0.));
#9949=DIRECTION('',(0.,0.,1.));
#9950=DIRECTION('center_axis',(0.,-1.,0.));
#9951=DIRECTION('ref_axis',(0.,0.,-1.));
#9952=DIRECTION('',(1.,0.,0.));
#9953=DIRECTION('center_axis',(0.,0.,-1.));
#9954=DIRECTION('ref_axis',(-1.,0.,0.));
#9955=DIRECTION('',(-1.,0.,0.));
#9956=DIRECTION('',(0.,1.,0.));
#9957=DIRECTION('',(-1.,0.,0.));
#9958=DIRECTION('',(0.,1.,0.));
#9959=DIRECTION('center_axis',(1.,0.,0.));
#9960=DIRECTION('ref_axis',(0.,0.,-1.));
#9961=DIRECTION('',(0.,1.,0.));
#9962=DIRECTION('',(0.,0.,1.));
#9963=DIRECTION('',(0.,0.,1.));
#9964=DIRECTION('center_axis',(0.,1.,0.));
#9965=DIRECTION('ref_axis',(0.,0.,1.));
#9966=DIRECTION('',(-1.,0.,0.));
#9967=DIRECTION('',(0.,0.,1.));
#9968=DIRECTION('center_axis',(1.,0.,0.));
#9969=DIRECTION('ref_axis',(0.,0.,-1.));
#9970=DIRECTION('',(0.,1.,0.));
#9971=DIRECTION('',(0.,0.,1.));
#9972=DIRECTION('center_axis',(0.,1.,0.));
#9973=DIRECTION('ref_axis',(0.,0.,1.));
#9974=DIRECTION('',(-1.,0.,0.));
#9975=DIRECTION('center_axis',(-1.,-5.90544162034657E-15,0.));
#9976=DIRECTION('ref_axis',(0.,0.,1.));
#9977=DIRECTION('',(0.,0.,-1.));
#9978=DIRECTION('',(-5.66922395553276E-15,1.,0.));
#9979=DIRECTION('',(0.,0.,-1.));
#9980=DIRECTION('',(-5.66922395553276E-15,1.,0.));
#9981=DIRECTION('center_axis',(0.,0.,1.));
#9982=DIRECTION('ref_axis',(-1.,0.,0.));
#9983=DIRECTION('center_axis',(0.,0.,1.));
#9984=DIRECTION('ref_axis',(1.,0.,0.));
#9985=DIRECTION('',(0.,0.,-1.));
#9986=DIRECTION('center_axis',(0.,0.,-1.));
#9987=DIRECTION('ref_axis',(-1.,0.,0.));
#9988=DIRECTION('center_axis',(0.,0.,1.));
#9989=DIRECTION('ref_axis',(-1.,0.,0.));
#9990=DIRECTION('center_axis',(0.,0.,-1.));
#9991=DIRECTION('ref_axis',(-1.,0.,0.));
#9992=DIRECTION('',(0.,0.,1.));
#9993=DIRECTION('center_axis',(0.,0.,1.));
#9994=DIRECTION('ref_axis',(1.,0.,0.));
#9995=DIRECTION('center_axis',(0.,0.,1.));
#9996=DIRECTION('ref_axis',(-1.,0.,0.));
#9997=DIRECTION('center_axis',(0.,0.,-1.));
#9998=DIRECTION('ref_axis',(-1.,0.,0.));
#9999=DIRECTION('',(0.,0.,1.));
#10000=DIRECTION('center_axis',(0.,0.,1.));
#10001=DIRECTION('ref_axis',(1.,0.,0.));
#10002=DIRECTION('center_axis',(0.,0.,1.));
#10003=DIRECTION('ref_axis',(-1.,0.,0.));
#10004=DIRECTION('center_axis',(0.,0.,1.));
#10005=DIRECTION('ref_axis',(1.,0.,0.));
#10006=DIRECTION('',(0.,0.,-1.));
#10007=DIRECTION('center_axis',(0.,0.,-1.));
#10008=DIRECTION('ref_axis',(-1.,0.,0.));
#10009=DIRECTION('',(0.,0.,-1.));
#10010=DIRECTION('center_axis',(-1.,5.90544162034657E-15,0.));
#10011=DIRECTION('ref_axis',(0.,0.,1.));
#10012=DIRECTION('',(5.66922395553274E-15,1.,0.));
#10013=DIRECTION('',(0.,0.,-1.));
#10014=DIRECTION('',(5.66922395553274E-15,1.,0.));
#10015=DIRECTION('center_axis',(1.,5.90544162034657E-15,0.));
#10016=DIRECTION('ref_axis',(0.,0.,-1.));
#10017=DIRECTION('',(0.,0.,-1.));
#10018=DIRECTION('',(5.66922395553268E-15,-1.,0.));
#10019=DIRECTION('',(0.,0.,-1.));
#10020=DIRECTION('',(5.66922395553274E-15,-1.,0.));
#10021=DIRECTION('center_axis',(0.,0.,1.));
#10022=DIRECTION('ref_axis',(-1.,0.,0.));
#10023=DIRECTION('center_axis',(0.,0.,1.));
#10024=DIRECTION('ref_axis',(1.,0.,0.));
#10025=DIRECTION('',(0.,0.,-1.));
#10026=DIRECTION('center_axis',(0.,0.,-1.));
#10027=DIRECTION('ref_axis',(-1.,0.,0.));
#10028=DIRECTION('center_axis',(0.,0.,1.));
#10029=DIRECTION('ref_axis',(-1.,0.,0.));
#10030=DIRECTION('center_axis',(0.,0.,-1.));
#10031=DIRECTION('ref_axis',(-1.,0.,0.));
#10032=DIRECTION('',(0.,0.,1.));
#10033=DIRECTION('center_axis',(0.,0.,1.));
#10034=DIRECTION('ref_axis',(1.,0.,0.));
#10035=DIRECTION('center_axis',(0.,0.,1.));
#10036=DIRECTION('ref_axis',(-1.,0.,0.));
#10037=DIRECTION('center_axis',(0.,0.,-1.));
#10038=DIRECTION('ref_axis',(-1.,0.,0.));
#10039=DIRECTION('',(0.,0.,1.));
#10040=DIRECTION('center_axis',(0.,0.,1.));
#10041=DIRECTION('ref_axis',(1.,0.,0.));
#10042=DIRECTION('center_axis',(0.,0.,1.));
#10043=DIRECTION('ref_axis',(-1.,0.,0.));
#10044=DIRECTION('center_axis',(0.,0.,1.));
#10045=DIRECTION('ref_axis',(1.,0.,0.));
#10046=DIRECTION('',(0.,0.,-1.));
#10047=DIRECTION('center_axis',(0.,0.,-1.));
#10048=DIRECTION('ref_axis',(-1.,0.,0.));
#10049=DIRECTION('',(0.,0.,-1.));
#10050=DIRECTION('center_axis',(1.,-1.18108832406931E-14,0.));
#10051=DIRECTION('ref_axis',(0.,0.,-1.));
#10052=DIRECTION('',(-1.13384479110654E-14,-1.,0.));
#10053=DIRECTION('',(0.,0.,-1.));
#10054=DIRECTION('',(-1.13384479110654E-14,-1.,0.));
#10055=DIRECTION('center_axis',(1.,0.,0.));
#10056=DIRECTION('ref_axis',(0.,0.,-1.));
#10057=DIRECTION('',(0.,1.,0.));
#10058=DIRECTION('',(0.,1.,0.));
#10059=DIRECTION('',(0.,1.,0.));
#10060=DIRECTION('',(0.,1.,0.));
#10061=DIRECTION('',(0.,1.,0.));
#10062=DIRECTION('center_axis',(1.,0.,0.));
#10063=DIRECTION('ref_axis',(0.,0.,-1.));
#10064=DIRECTION('',(0.,1.,0.));
#10065=DIRECTION('',(0.,1.,0.));
#10066=DIRECTION('center_axis',(0.,-1.,0.));
#10067=DIRECTION('ref_axis',(0.,0.,-1.));
#10068=DIRECTION('',(1.,0.,0.));
#10069=DIRECTION('',(1.,0.,0.));
#10070=DIRECTION('center_axis',(0.,-1.,0.));
#10071=DIRECTION('ref_axis',(0.,0.,-1.));
#10072=DIRECTION('',(1.,0.,0.));
#10073=DIRECTION('',(1.,0.,0.));
#10074=DIRECTION('center_axis',(0.,0.,1.));
#10075=DIRECTION('ref_axis',(1.,0.,0.));
#10076=DIRECTION('center_axis',(1.,0.,0.));
#10077=DIRECTION('ref_axis',(0.,0.,-1.));
#10078=DIRECTION('',(0.,1.,0.));
#10079=DIRECTION('',(0.,1.,0.));
#10080=DIRECTION('center_axis',(1.,-1.020425574104E-15,0.));
#10081=DIRECTION('ref_axis',(0.,0.,-1.));
#10082=DIRECTION('',(0.,1.,0.));
#10083=DIRECTION('',(0.,1.,0.));
#10084=DIRECTION('center_axis',(0.,0.,-1.));
#10085=DIRECTION('ref_axis',(-1.,0.,0.));
#10086=DIRECTION('center_axis',(0.,1.,0.));
#10087=DIRECTION('ref_axis',(0.,0.,1.));
#10088=DIRECTION('',(1.,0.,0.));
#10089=DIRECTION('center_axis',(0.,1.,0.));
#10090=DIRECTION('ref_axis',(0.,0.,1.));
#10091=DIRECTION('',(-1.,0.,0.));
#10092=DIRECTION('',(-1.,0.,0.));
#10093=DIRECTION('',(-1.,0.,0.));
#10094=DIRECTION('',(-1.,0.,0.));
#10095=DIRECTION('center_axis',(0.,1.,0.));
#10096=DIRECTION('ref_axis',(0.,0.,1.));
#10097=DIRECTION('',(-1.,0.,0.));
#10098=DIRECTION('',(-1.,0.,0.));
#10099=DIRECTION('center_axis',(0.,1.,0.));
#10100=DIRECTION('ref_axis',(0.,0.,1.));
#10101=DIRECTION('',(-1.,0.,0.));
#10102=DIRECTION('',(-1.,0.,0.));
#10103=DIRECTION('',(-1.,0.,0.));
#10104=DIRECTION('',(-1.,0.,0.));
#10105=DIRECTION('center_axis',(0.,1.,0.));
#10106=DIRECTION('ref_axis',(0.,0.,1.));
#10107=DIRECTION('',(1.,0.,0.));
#10108=DIRECTION('center_axis',(1.,1.5419764230905E-15,0.));
#10109=DIRECTION('ref_axis',(0.,0.,-1.));
#10110=DIRECTION('',(0.,1.,0.));
#10111=DIRECTION('',(0.,1.,0.));
#10112=DIRECTION('',(0.,1.,0.));
#10113=DIRECTION('',(-9.86864910777917E-16,1.,0.));
#10114=DIRECTION('',(0.,1.,0.));
#10115=DIRECTION('center_axis',(1.,0.,0.));
#10116=DIRECTION('ref_axis',(0.,0.,-1.));
#10117=DIRECTION('',(0.,1.,0.));
#10118=DIRECTION('',(0.,1.,0.));
#10119=DIRECTION('',(0.,1.,0.));
#10120=DIRECTION('',(0.,1.,0.));
#10121=DIRECTION('',(0.,1.,0.));
#10122=DIRECTION('center_axis',(0.,0.,1.));
#10123=DIRECTION('ref_axis',(1.,0.,0.));
#10124=DIRECTION('center_axis',(0.,0.,1.));
#10125=DIRECTION('ref_axis',(1.,0.,0.));
#10126=DIRECTION('center_axis',(0.,0.,1.));
#10127=DIRECTION('ref_axis',(1.,0.,0.));
#10128=DIRECTION('',(1.,0.,0.));
#10129=DIRECTION('',(0.,1.,0.));
#10130=DIRECTION('',(1.,2.3373116307898E-16,0.));
#10131=DIRECTION('',(0.,-1.,0.));
#10132=DIRECTION('',(1.,0.,0.));
#10133=DIRECTION('',(2.4671622769448E-15,1.,0.));
#10134=DIRECTION('',(1.,0.,0.));
#10135=DIRECTION('',(0.,-1.,0.));
#10136=DIRECTION('',(1.,0.,0.));
#10137=DIRECTION('',(0.,1.,0.));
#10138=DIRECTION('',(1.,0.,0.));
#10139=DIRECTION('',(0.,1.,0.));
#10140=DIRECTION('center_axis',(0.,1.,0.));
#10141=DIRECTION('ref_axis',(0.,0.,1.));
#10142=DIRECTION('',(0.,0.,-1.));
#10143=DIRECTION('',(-1.,0.,0.));
#10144=DIRECTION('',(0.,0.,-1.));
#10145=DIRECTION('',(0.,0.,-1.));
#10146=DIRECTION('',(-1.,0.,0.));
#10147=DIRECTION('',(0.,0.,-1.));
#10148=DIRECTION('',(0.,0.,-1.));
#10149=DIRECTION('',(1.,0.,0.));
#10150=DIRECTION('',(0.,0.,-1.));
#10151=DIRECTION('center_axis',(-1.,0.,0.));
#10152=DIRECTION('ref_axis',(0.,0.,1.));
#10153=DIRECTION('',(0.,0.,-1.));
#10154=DIRECTION('',(0.,1.,0.));
#10155=DIRECTION('center_axis',(0.,1.,0.));
#10156=DIRECTION('ref_axis',(0.,0.,1.));
#10157=DIRECTION('',(0.,0.,-1.));
#10158=DIRECTION('',(1.,0.,0.));
#10159=DIRECTION('center_axis',(-1.,0.,0.));
#10160=DIRECTION('ref_axis',(0.,0.,1.));
#10161=DIRECTION('',(0.,1.,0.));
#10162=DIRECTION('center_axis',(0.,0.,1.));
#10163=DIRECTION('ref_axis',(1.,0.,0.));
#10164=DIRECTION('',(9.96833243210017E-17,-1.,0.));
#10165=DIRECTION('',(-1.,-1.72461829067985E-16,0.));
#10166=DIRECTION('',(-1.99366648642003E-16,1.,0.));
#10167=DIRECTION('',(1.,1.1497455271199E-16,0.));
#10168=DIRECTION('center_axis',(-1.,-1.55755194251565E-16,0.));
#10169=DIRECTION('ref_axis',(0.,0.,1.));
#10170=DIRECTION('',(0.,0.,1.));
#10171=DIRECTION('',(9.96833243210017E-17,-1.,0.));
#10172=DIRECTION('',(0.,0.,1.));
#10173=DIRECTION('center_axis',(-1.34735803959364E-16,1.,0.));
#10174=DIRECTION('ref_axis',(0.,0.,1.));
#10175=DIRECTION('',(-1.,-1.72461829067985E-16,0.));
#10176=DIRECTION('',(0.,0.,1.));
#10177=DIRECTION('center_axis',(1.,1.55755194251565E-16,0.));
#10178=DIRECTION('ref_axis',(0.,0.,-1.));
#10179=DIRECTION('',(-1.99366648642003E-16,1.,0.));
#10180=DIRECTION('',(0.,0.,1.));
#10181=DIRECTION('center_axis',(8.98238693062424E-17,-1.,0.));
#10182=DIRECTION('ref_axis',(0.,0.,-1.));
#10183=DIRECTION('',(1.,1.1497455271199E-16,0.));
#10184=DIRECTION('center_axis',(0.,0.,-1.));
#10185=DIRECTION('ref_axis',(-1.,0.,0.));
#10186=DIRECTION('center_axis',(-1.,0.,0.));
#10187=DIRECTION('ref_axis',(0.,0.,1.));
#10188=DIRECTION('',(0.,1.,0.));
#10189=DIRECTION('center_axis',(-1.,0.,0.));
#10190=DIRECTION('ref_axis',(0.,0.,1.));
#10191=DIRECTION('',(0.,0.,-1.));
#10192=DIRECTION('center_axis',(1.,0.,0.));
#10193=DIRECTION('ref_axis',(0.,0.,-1.));
#10194=DIRECTION('',(0.,0.,-1.));
#10195=DIRECTION('center_axis',(1.,0.,0.));
#10196=DIRECTION('ref_axis',(0.,0.,-1.));
#10197=DIRECTION('',(0.,-1.,0.));
#10198=DIRECTION('center_axis',(-1.82602471155453E-16,1.,0.));
#10199=DIRECTION('ref_axis',(0.,0.,1.));
#10200=DIRECTION('',(1.,2.3373116307898E-16,0.));
#10201=DIRECTION('center_axis',(0.,0.,-1.));
#10202=DIRECTION('ref_axis',(-1.,0.,0.));
#10203=DIRECTION('',(1.,2.3373116307898E-16,0.));
#10204=DIRECTION('center_axis',(1.,0.,0.));
#10205=DIRECTION('ref_axis',(0.,0.,-1.));
#10206=DIRECTION('',(0.,0.,-1.));
#10207=DIRECTION('center_axis',(1.,0.,0.));
#10208=DIRECTION('ref_axis',(0.,0.,-1.));
#10209=DIRECTION('center_axis',(0.,1.,0.));
#10210=DIRECTION('ref_axis',(0.,0.,1.));
#10211=DIRECTION('',(0.,0.,-1.));
#10212=DIRECTION('',(-1.,0.,0.));
#10213=DIRECTION('center_axis',(-1.,1.92747052886312E-15,0.));
#10214=DIRECTION('ref_axis',(0.,0.,1.));
#10215=DIRECTION('center_axis',(-1.,1.92747052886312E-15,0.));
#10216=DIRECTION('ref_axis',(0.,0.,1.));
#10217=CARTESIAN_POINT('',(0.,0.,0.));
#10218=CARTESIAN_POINT('Origin',(-79.,46.15,5.18986495));
#10219=CARTESIAN_POINT('',(-79.,46.15,6.7));
#10220=CARTESIAN_POINT('',(-79.,-42.95,6.7));
#10221=CARTESIAN_POINT('',(-79.,46.15,6.7));
#10222=CARTESIAN_POINT('',(-79.,46.15,5.18986495));
#10223=CARTESIAN_POINT('',(-79.,46.15,5.18986495));
#10224=CARTESIAN_POINT('',(-79.,-42.95,5.18986495));
#10225=CARTESIAN_POINT('',(-79.,46.15,5.18986495));
#10226=CARTESIAN_POINT('',(-79.,-42.95,5.18986495));
#10227=CARTESIAN_POINT('Origin',(75.5,46.15,5.18986495));
#10228=CARTESIAN_POINT('',(75.5,46.15,6.7));
#10229=CARTESIAN_POINT('',(75.5,46.15,6.7));
#10230=CARTESIAN_POINT('',(75.5,46.15,5.18986495));
#10231=CARTESIAN_POINT('',(75.5,46.15,5.18986495));
#10232=CARTESIAN_POINT('',(75.5,46.15,5.18986495));
#10233=CARTESIAN_POINT('Origin',(75.5,46.15,5.18986495));
#10234=CARTESIAN_POINT('',(75.5,-42.95,6.7));
#10235=CARTESIAN_POINT('',(75.5,-42.95,6.7));
#10236=CARTESIAN_POINT('',(75.5,-42.95,5.18986495));
#10237=CARTESIAN_POINT('',(75.5,-42.95,5.18986495));
#10238=CARTESIAN_POINT('',(75.5,-42.95,5.18986495));
#10239=CARTESIAN_POINT('Origin',(75.5,-42.95,5.18986495));
#10240=CARTESIAN_POINT('',(-79.,-42.95,6.7));
#10241=CARTESIAN_POINT('',(-79.,-42.95,5.18986495));
#10242=CARTESIAN_POINT('Origin',(0.,-0.899999999999999,5.18986495));
#10243=CARTESIAN_POINT('Origin',(0.,-0.899999999999999,6.7));
#10244=CARTESIAN_POINT('Ctrl Pts',(47.25,-24.6,-5.78378308));
#10245=CARTESIAN_POINT('Ctrl Pts',(47.25,-25.95,-5.78378308));
#10246=CARTESIAN_POINT('Ctrl Pts',(45.8999999999999,-25.95,-5.78378308));
#10247=CARTESIAN_POINT('Ctrl Pts',(44.5499999999999,-25.95,-5.78378308));
#10248=CARTESIAN_POINT('Ctrl Pts',(44.5499999999999,-24.6,-5.78378308));
#10249=CARTESIAN_POINT('Ctrl Pts',(44.5499999999999,-23.25,-5.78378308));
#10250=CARTESIAN_POINT('Ctrl Pts',(45.8999999999999,-23.25,-5.78378308));
#10251=CARTESIAN_POINT('Ctrl Pts',(47.25,-23.25,-5.78378308));
#10252=CARTESIAN_POINT('Ctrl Pts',(47.25,-24.6,-5.78378308));
#10253=CARTESIAN_POINT('Ctrl Pts',(47.25,-24.6,-5.58243173999999));
#10254=CARTESIAN_POINT('Ctrl Pts',(47.25,-25.95,-5.58243173999999));
#10255=CARTESIAN_POINT('Ctrl Pts',(45.8999999999999,-25.95,-5.58243173999999));
#10256=CARTESIAN_POINT('Ctrl Pts',(44.5499999999999,-25.95,-5.58243173999999));
#10257=CARTESIAN_POINT('Ctrl Pts',(44.5499999999999,-24.6,-5.58243173999999));
#10258=CARTESIAN_POINT('Ctrl Pts',(44.5499999999999,-23.25,-5.58243173999999));
#10259=CARTESIAN_POINT('Ctrl Pts',(45.8999999999999,-23.25,-5.58243173999999));
#10260=CARTESIAN_POINT('Ctrl Pts',(47.25,-23.25,-5.58243173999999));
#10261=CARTESIAN_POINT('Ctrl Pts',(47.25,-24.6,-5.58243173999999));
#10262=CARTESIAN_POINT('Ctrl Pts',(47.45,-24.6,-5.58243173999999));
#10263=CARTESIAN_POINT('Ctrl Pts',(47.45,-26.15,-5.58243173999999));
#10264=CARTESIAN_POINT('Ctrl Pts',(45.8999999999999,-26.15,-5.58243173999999));
#10265=CARTESIAN_POINT('Ctrl Pts',(44.3499999999999,-26.15,-5.58243173999999));
#10266=CARTESIAN_POINT('Ctrl Pts',(44.3499999999999,-24.6,-5.58243173999999));
#10267=CARTESIAN_POINT('Ctrl Pts',(44.3499999999999,-23.05,-5.58243173999999));
#10268=CARTESIAN_POINT('Ctrl Pts',(45.8999999999999,-23.05,-5.58243173999999));
#10269=CARTESIAN_POINT('Ctrl Pts',(47.45,-23.05,-5.58243173999999));
#10270=CARTESIAN_POINT('Ctrl Pts',(47.45,-24.6,-5.58243173999999));
#10271=CARTESIAN_POINT('Ctrl Pts',(47.65,-24.6,-5.58243173999999));
#10272=CARTESIAN_POINT('Ctrl Pts',(47.65,-26.35,-5.58243173999999));
#10273=CARTESIAN_POINT('Ctrl Pts',(45.8999999999999,-26.35,-5.58243173999999));
#10274=CARTESIAN_POINT('Ctrl Pts',(44.1499999999999,-26.35,-5.58243173999999));
#10275=CARTESIAN_POINT('Ctrl Pts',(44.1499999999999,-24.6,-5.58243173999999));
#10276=CARTESIAN_POINT('Ctrl Pts',(44.1499999999999,-22.85,-5.58243173999999));
#10277=CARTESIAN_POINT('Ctrl Pts',(45.8999999999999,-22.85,-5.58243173999999));
#10278=CARTESIAN_POINT('Ctrl Pts',(47.65,-22.85,-5.58243173999999));
#10279=CARTESIAN_POINT('Ctrl Pts',(47.65,-24.6,-5.58243173999999));
#10280=CARTESIAN_POINT('Ctrl Pts',(47.65,-24.6,-5.78378308));
#10281=CARTESIAN_POINT('Ctrl Pts',(47.65,-26.35,-5.78378308));
#10282=CARTESIAN_POINT('Ctrl Pts',(45.8999999999999,-26.35,-5.78378308));
#10283=CARTESIAN_POINT('Ctrl Pts',(44.1499999999999,-26.35,-5.78378308));
#10284=CARTESIAN_POINT('Ctrl Pts',(44.1499999999999,-24.6,-5.78378308));
#10285=CARTESIAN_POINT('Ctrl Pts',(44.1499999999999,-22.85,-5.78378308));
#10286=CARTESIAN_POINT('Ctrl Pts',(45.8999999999999,-22.85,-5.78378308));
#10287=CARTESIAN_POINT('Ctrl Pts',(47.65,-22.85,-5.78378308));
#10288=CARTESIAN_POINT('Ctrl Pts',(47.65,-24.6,-5.78378308));
#10289=CARTESIAN_POINT('Ctrl Pts',(47.65,-24.6,-5.98513442));
#10290=CARTESIAN_POINT('Ctrl Pts',(47.65,-26.35,-5.98513442));
#10291=CARTESIAN_POINT('Ctrl Pts',(45.8999999999999,-26.35,-5.98513442));
#10292=CARTESIAN_POINT('Ctrl Pts',(44.1499999999999,-26.35,-5.98513442));
#10293=CARTESIAN_POINT('Ctrl Pts',(44.1499999999999,-24.6,-5.98513442));
#10294=CARTESIAN_POINT('Ctrl Pts',(44.1499999999999,-22.85,-5.98513442));
#10295=CARTESIAN_POINT('Ctrl Pts',(45.8999999999999,-22.85,-5.98513442));
#10296=CARTESIAN_POINT('Ctrl Pts',(47.65,-22.85,-5.98513442));
#10297=CARTESIAN_POINT('Ctrl Pts',(47.65,-24.6,-5.98513442));
#10298=CARTESIAN_POINT('Ctrl Pts',(47.45,-24.6,-5.98513442));
#10299=CARTESIAN_POINT('Ctrl Pts',(47.45,-26.15,-5.98513442));
#10300=CARTESIAN_POINT('Ctrl Pts',(45.8999999999999,-26.15,-5.98513442));
#10301=CARTESIAN_POINT('Ctrl Pts',(44.3499999999999,-26.15,-5.98513442));
#10302=CARTESIAN_POINT('Ctrl Pts',(44.3499999999999,-24.6,-5.98513442));
#10303=CARTESIAN_POINT('Ctrl Pts',(44.3499999999999,-23.05,-5.98513442));
#10304=CARTESIAN_POINT('Ctrl Pts',(45.8999999999999,-23.05,-5.98513442));
#10305=CARTESIAN_POINT('Ctrl Pts',(47.45,-23.05,-5.98513442));
#10306=CARTESIAN_POINT('Ctrl Pts',(47.45,-24.6,-5.98513442));
#10307=CARTESIAN_POINT('Ctrl Pts',(47.25,-24.6,-5.98513442));
#10308=CARTESIAN_POINT('Ctrl Pts',(47.25,-25.95,-5.98513442));
#10309=CARTESIAN_POINT('Ctrl Pts',(45.8999999999999,-25.95,-5.98513442));
#10310=CARTESIAN_POINT('Ctrl Pts',(44.5499999999999,-25.95,-5.98513442));
#10311=CARTESIAN_POINT('Ctrl Pts',(44.5499999999999,-24.6,-5.98513442));
#10312=CARTESIAN_POINT('Ctrl Pts',(44.5499999999999,-23.25,-5.98513442));
#10313=CARTESIAN_POINT('Ctrl Pts',(45.8999999999999,-23.25,-5.98513442));
#10314=CARTESIAN_POINT('Ctrl Pts',(47.25,-23.25,-5.98513442));
#10315=CARTESIAN_POINT('Ctrl Pts',(47.25,-24.6,-5.98513442));
#10316=CARTESIAN_POINT('Ctrl Pts',(47.25,-24.6,-5.78378308));
#10317=CARTESIAN_POINT('Ctrl Pts',(47.25,-25.95,-5.78378308));
#10318=CARTESIAN_POINT('Ctrl Pts',(45.8999999999999,-25.95,-5.78378308));
#10319=CARTESIAN_POINT('Ctrl Pts',(44.5499999999999,-25.95,-5.78378308));
#10320=CARTESIAN_POINT('Ctrl Pts',(44.5499999999999,-24.6,-5.78378308));
#10321=CARTESIAN_POINT('Ctrl Pts',(44.5499999999999,-23.25,-5.78378308));
#10322=CARTESIAN_POINT('Ctrl Pts',(45.8999999999999,-23.25,-5.78378308));
#10323=CARTESIAN_POINT('Ctrl Pts',(47.25,-23.25,-5.78378308));
#10324=CARTESIAN_POINT('Ctrl Pts',(47.25,-24.6,-5.78378308));
#10325=CARTESIAN_POINT('',(44.3499999999999,-24.6,-5.98513442));
#10326=CARTESIAN_POINT('',(44.1499999999999,-24.6,-5.78378308));
#10327=CARTESIAN_POINT('Origin',(44.3499999999999,-24.6,-5.78378308));
#10328=CARTESIAN_POINT('',(47.65,-24.6,-5.78378308));
#10329=CARTESIAN_POINT('Origin',(45.8999999999999,-24.6,-5.78378308));
#10330=CARTESIAN_POINT('',(47.45,-24.6,-5.98513442));
#10331=CARTESIAN_POINT('Origin',(47.45,-24.6,-5.78378308));
#10332=CARTESIAN_POINT('Origin',(45.8999999999999,-24.6,-5.98513442));
#10333=CARTESIAN_POINT('Ctrl Pts',(47.65,-31.,-5.78378308));
#10334=CARTESIAN_POINT('Ctrl Pts',(47.65,-31.,-5.98513442));
#10335=CARTESIAN_POINT('Ctrl Pts',(47.45,-31.,-5.98513442));
#10336=CARTESIAN_POINT('Ctrl Pts',(47.65,-24.6,-5.78378308));
#10337=CARTESIAN_POINT('Ctrl Pts',(47.65,-24.6,-5.98513442));
#10338=CARTESIAN_POINT('Ctrl Pts',(47.45,-24.6,-5.98513442));
#10339=CARTESIAN_POINT('',(47.65,-31.,-5.78378308));
#10340=CARTESIAN_POINT('',(47.45,-31.,-5.98513442));
#10341=CARTESIAN_POINT('Origin',(47.45,-31.,-5.78378308));
#10342=CARTESIAN_POINT('',(47.45,-24.6,-5.98513442));
#10343=CARTESIAN_POINT('',(47.65,-24.6,-5.78378308));
#10344=CARTESIAN_POINT('Ctrl Pts',(44.3499999999999,-31.,-5.98513442));
#10345=CARTESIAN_POINT('Ctrl Pts',(44.1499999999999,-31.,-5.98513442));
#10346=CARTESIAN_POINT('Ctrl Pts',(44.1499999999999,-31.,-5.78378308));
#10347=CARTESIAN_POINT('Ctrl Pts',(44.3499999999999,-24.6,-5.98513442));
#10348=CARTESIAN_POINT('Ctrl Pts',(44.1499999999999,-24.6,-5.98513442));
#10349=CARTESIAN_POINT('Ctrl Pts',(44.1499999999999,-24.6,-5.78378308));
#10350=CARTESIAN_POINT('',(44.3499999999999,-31.,-5.98513442));
#10351=CARTESIAN_POINT('',(44.1499999999999,-31.,-5.78378308));
#10352=CARTESIAN_POINT('Origin',(44.3499999999999,-31.,-5.78378308));
#10353=CARTESIAN_POINT('',(44.1499999999999,-24.6,-5.78378308));
#10354=CARTESIAN_POINT('',(44.3499999999999,-24.6,-5.98513442));
#10355=CARTESIAN_POINT('Ctrl Pts',(47.25,-31.,-5.78378308));
#10356=CARTESIAN_POINT('Ctrl Pts',(47.25,-32.35,-5.78378308));
#10357=CARTESIAN_POINT('Ctrl Pts',(45.8999999999999,-32.35,-5.78378308));
#10358=CARTESIAN_POINT('Ctrl Pts',(44.5499999999999,-32.35,-5.78378308));
#10359=CARTESIAN_POINT('Ctrl Pts',(44.5499999999999,-31.,-5.78378308));
#10360=CARTESIAN_POINT('Ctrl Pts',(44.5499999999999,-29.65,-5.78378308));
#10361=CARTESIAN_POINT('Ctrl Pts',(45.8999999999999,-29.65,-5.78378308));
#10362=CARTESIAN_POINT('Ctrl Pts',(47.25,-29.65,-5.78378308));
#10363=CARTESIAN_POINT('Ctrl Pts',(47.25,-31.,-5.78378308));
#10364=CARTESIAN_POINT('Ctrl Pts',(47.25,-31.,-5.58243173999999));
#10365=CARTESIAN_POINT('Ctrl Pts',(47.25,-32.35,-5.58243173999999));
#10366=CARTESIAN_POINT('Ctrl Pts',(45.8999999999999,-32.35,-5.58243173999999));
#10367=CARTESIAN_POINT('Ctrl Pts',(44.5499999999999,-32.35,-5.58243173999999));
#10368=CARTESIAN_POINT('Ctrl Pts',(44.5499999999999,-31.,-5.58243173999999));
#10369=CARTESIAN_POINT('Ctrl Pts',(44.5499999999999,-29.65,-5.58243173999999));
#10370=CARTESIAN_POINT('Ctrl Pts',(45.8999999999999,-29.65,-5.58243173999999));
#10371=CARTESIAN_POINT('Ctrl Pts',(47.25,-29.65,-5.58243173999999));
#10372=CARTESIAN_POINT('Ctrl Pts',(47.25,-31.,-5.58243173999999));
#10373=CARTESIAN_POINT('Ctrl Pts',(47.45,-31.,-5.58243173999999));
#10374=CARTESIAN_POINT('Ctrl Pts',(47.45,-32.55,-5.58243173999999));
#10375=CARTESIAN_POINT('Ctrl Pts',(45.8999999999999,-32.55,-5.58243173999999));
#10376=CARTESIAN_POINT('Ctrl Pts',(44.3499999999999,-32.55,-5.58243173999999));
#10377=CARTESIAN_POINT('Ctrl Pts',(44.3499999999999,-31.,-5.58243173999999));
#10378=CARTESIAN_POINT('Ctrl Pts',(44.3499999999999,-29.45,-5.58243173999999));
#10379=CARTESIAN_POINT('Ctrl Pts',(45.8999999999999,-29.45,-5.58243173999999));
#10380=CARTESIAN_POINT('Ctrl Pts',(47.45,-29.45,-5.58243173999999));
#10381=CARTESIAN_POINT('Ctrl Pts',(47.45,-31.,-5.58243173999999));
#10382=CARTESIAN_POINT('Ctrl Pts',(47.65,-31.,-5.58243173999999));
#10383=CARTESIAN_POINT('Ctrl Pts',(47.65,-32.75,-5.58243173999999));
#10384=CARTESIAN_POINT('Ctrl Pts',(45.8999999999999,-32.75,-5.58243173999999));
#10385=CARTESIAN_POINT('Ctrl Pts',(44.1499999999999,-32.75,-5.58243173999999));
#10386=CARTESIAN_POINT('Ctrl Pts',(44.1499999999999,-31.,-5.58243173999999));
#10387=CARTESIAN_POINT('Ctrl Pts',(44.1499999999999,-29.25,-5.58243173999999));
#10388=CARTESIAN_POINT('Ctrl Pts',(45.8999999999999,-29.25,-5.58243173999999));
#10389=CARTESIAN_POINT('Ctrl Pts',(47.65,-29.25,-5.58243173999999));
#10390=CARTESIAN_POINT('Ctrl Pts',(47.65,-31.,-5.58243173999999));
#10391=CARTESIAN_POINT('Ctrl Pts',(47.65,-31.,-5.78378308));
#10392=CARTESIAN_POINT('Ctrl Pts',(47.65,-32.75,-5.78378308));
#10393=CARTESIAN_POINT('Ctrl Pts',(45.8999999999999,-32.75,-5.78378308));
#10394=CARTESIAN_POINT('Ctrl Pts',(44.1499999999999,-32.75,-5.78378308));
#10395=CARTESIAN_POINT('Ctrl Pts',(44.1499999999999,-31.,-5.78378308));
#10396=CARTESIAN_POINT('Ctrl Pts',(44.1499999999999,-29.25,-5.78378308));
#10397=CARTESIAN_POINT('Ctrl Pts',(45.8999999999999,-29.25,-5.78378308));
#10398=CARTESIAN_POINT('Ctrl Pts',(47.65,-29.25,-5.78378308));
#10399=CARTESIAN_POINT('Ctrl Pts',(47.65,-31.,-5.78378308));
#10400=CARTESIAN_POINT('Ctrl Pts',(47.65,-31.,-5.98513442));
#10401=CARTESIAN_POINT('Ctrl Pts',(47.65,-32.75,-5.98513442));
#10402=CARTESIAN_POINT('Ctrl Pts',(45.8999999999999,-32.75,-5.98513442));
#10403=CARTESIAN_POINT('Ctrl Pts',(44.1499999999999,-32.75,-5.98513442));
#10404=CARTESIAN_POINT('Ctrl Pts',(44.1499999999999,-31.,-5.98513442));
#10405=CARTESIAN_POINT('Ctrl Pts',(44.1499999999999,-29.25,-5.98513442));
#10406=CARTESIAN_POINT('Ctrl Pts',(45.8999999999999,-29.25,-5.98513442));
#10407=CARTESIAN_POINT('Ctrl Pts',(47.65,-29.25,-5.98513442));
#10408=CARTESIAN_POINT('Ctrl Pts',(47.65,-31.,-5.98513442));
#10409=CARTESIAN_POINT('Ctrl Pts',(47.45,-31.,-5.98513442));
#10410=CARTESIAN_POINT('Ctrl Pts',(47.45,-32.55,-5.98513442));
#10411=CARTESIAN_POINT('Ctrl Pts',(45.8999999999999,-32.55,-5.98513442));
#10412=CARTESIAN_POINT('Ctrl Pts',(44.3499999999999,-32.55,-5.98513442));
#10413=CARTESIAN_POINT('Ctrl Pts',(44.3499999999999,-31.,-5.98513442));
#10414=CARTESIAN_POINT('Ctrl Pts',(44.3499999999999,-29.45,-5.98513442));
#10415=CARTESIAN_POINT('Ctrl Pts',(45.8999999999999,-29.45,-5.98513442));
#10416=CARTESIAN_POINT('Ctrl Pts',(47.45,-29.45,-5.98513442));
#10417=CARTESIAN_POINT('Ctrl Pts',(47.45,-31.,-5.98513442));
#10418=CARTESIAN_POINT('Ctrl Pts',(47.25,-31.,-5.98513442));
#10419=CARTESIAN_POINT('Ctrl Pts',(47.25,-32.35,-5.98513442));
#10420=CARTESIAN_POINT('Ctrl Pts',(45.8999999999999,-32.35,-5.98513442));
#10421=CARTESIAN_POINT('Ctrl Pts',(44.5499999999999,-32.35,-5.98513442));
#10422=CARTESIAN_POINT('Ctrl Pts',(44.5499999999999,-31.,-5.98513442));
#10423=CARTESIAN_POINT('Ctrl Pts',(44.5499999999999,-29.65,-5.98513442));
#10424=CARTESIAN_POINT('Ctrl Pts',(45.8999999999999,-29.65,-5.98513442));
#10425=CARTESIAN_POINT('Ctrl Pts',(47.25,-29.65,-5.98513442));
#10426=CARTESIAN_POINT('Ctrl Pts',(47.25,-31.,-5.98513442));
#10427=CARTESIAN_POINT('Ctrl Pts',(47.25,-31.,-5.78378308));
#10428=CARTESIAN_POINT('Ctrl Pts',(47.25,-32.35,-5.78378308));
#10429=CARTESIAN_POINT('Ctrl Pts',(45.8999999999999,-32.35,-5.78378308));
#10430=CARTESIAN_POINT('Ctrl Pts',(44.5499999999999,-32.35,-5.78378308));
#10431=CARTESIAN_POINT('Ctrl Pts',(44.5499999999999,-31.,-5.78378308));
#10432=CARTESIAN_POINT('Ctrl Pts',(44.5499999999999,-29.65,-5.78378308));
#10433=CARTESIAN_POINT('Ctrl Pts',(45.8999999999999,-29.65,-5.78378308));
#10434=CARTESIAN_POINT('Ctrl Pts',(47.25,-29.65,-5.78378308));
#10435=CARTESIAN_POINT('Ctrl Pts',(47.25,-31.,-5.78378308));
#10436=CARTESIAN_POINT('Origin',(45.8999999999999,-31.,-5.78378308));
#10437=CARTESIAN_POINT('Origin',(45.8999999999999,-31.,-5.98513442));
#10438=CARTESIAN_POINT('Ctrl Pts',(47.7499999999999,-31.,-2.26013463));
#10439=CARTESIAN_POINT('Ctrl Pts',(47.7499999999999,-32.85,-2.26013463));
#10440=CARTESIAN_POINT('Ctrl Pts',(45.8999999999999,-32.85,-2.26013463));
#10441=CARTESIAN_POINT('Ctrl Pts',(44.05,-32.85,-2.26013463));
#10442=CARTESIAN_POINT('Ctrl Pts',(44.05,-31.,-2.26013463));
#10443=CARTESIAN_POINT('Ctrl Pts',(44.05,-29.15,-2.26013463));
#10444=CARTESIAN_POINT('Ctrl Pts',(45.8999999999999,-29.15,-2.26013463));
#10445=CARTESIAN_POINT('Ctrl Pts',(47.7499999999999,-29.15,-2.26013463));
#10446=CARTESIAN_POINT('Ctrl Pts',(47.7499999999999,-31.,-2.26013463));
#10447=CARTESIAN_POINT('Ctrl Pts',(47.7499999999999,-31.,-2.05878328999999));
#10448=CARTESIAN_POINT('Ctrl Pts',(47.7499999999999,-32.85,-2.05878328999999));
#10449=CARTESIAN_POINT('Ctrl Pts',(45.8999999999999,-32.85,-2.05878328999999));
#10450=CARTESIAN_POINT('Ctrl Pts',(44.05,-32.85,-2.05878328999999));
#10451=CARTESIAN_POINT('Ctrl Pts',(44.05,-31.,-2.05878328999999));
#10452=CARTESIAN_POINT('Ctrl Pts',(44.05,-29.15,-2.05878328999999));
#10453=CARTESIAN_POINT('Ctrl Pts',(45.8999999999999,-29.15,-2.05878328999999));
#10454=CARTESIAN_POINT('Ctrl Pts',(47.7499999999999,-29.15,-2.05878328999999));
#10455=CARTESIAN_POINT('Ctrl Pts',(47.7499999999999,-31.,-2.05878328999999));
#10456=CARTESIAN_POINT('Ctrl Pts',(47.9499999999999,-31.,-2.05878328999999));
#10457=CARTESIAN_POINT('Ctrl Pts',(47.9499999999999,-33.05,-2.05878328999999));
#10458=CARTESIAN_POINT('Ctrl Pts',(45.8999999999999,-33.05,-2.05878328999999));
#10459=CARTESIAN_POINT('Ctrl Pts',(43.85,-33.05,-2.05878328999999));
#10460=CARTESIAN_POINT('Ctrl Pts',(43.85,-31.,-2.05878328999999));
#10461=CARTESIAN_POINT('Ctrl Pts',(43.85,-28.95,-2.05878328999999));
#10462=CARTESIAN_POINT('Ctrl Pts',(45.8999999999999,-28.95,-2.05878328999999));
#10463=CARTESIAN_POINT('Ctrl Pts',(47.9499999999999,-28.95,-2.05878328999999));
#10464=CARTESIAN_POINT('Ctrl Pts',(47.9499999999999,-31.,-2.05878328999999));
#10465=CARTESIAN_POINT('Ctrl Pts',(48.1499999999999,-31.,-2.05878328999999));
#10466=CARTESIAN_POINT('Ctrl Pts',(48.1499999999999,-33.25,-2.05878328999999));
#10467=CARTESIAN_POINT('Ctrl Pts',(45.8999999999999,-33.25,-2.05878328999999));
#10468=CARTESIAN_POINT('Ctrl Pts',(43.6499999999999,-33.25,-2.05878328999999));
#10469=CARTESIAN_POINT('Ctrl Pts',(43.6499999999999,-31.,-2.05878328999999));
#10470=CARTESIAN_POINT('Ctrl Pts',(43.6499999999999,-28.75,-2.05878328999999));
#10471=CARTESIAN_POINT('Ctrl Pts',(45.8999999999999,-28.75,-2.05878328999999));
#10472=CARTESIAN_POINT('Ctrl Pts',(48.1499999999999,-28.75,-2.05878328999999));
#10473=CARTESIAN_POINT('Ctrl Pts',(48.1499999999999,-31.,-2.05878328999999));
#10474=CARTESIAN_POINT('Ctrl Pts',(48.1499999999999,-31.,-2.26013463));
#10475=CARTESIAN_POINT('Ctrl Pts',(48.1499999999999,-33.25,-2.26013463));
#10476=CARTESIAN_POINT('Ctrl Pts',(45.8999999999999,-33.25,-2.26013463));
#10477=CARTESIAN_POINT('Ctrl Pts',(43.6499999999999,-33.25,-2.26013463));
#10478=CARTESIAN_POINT('Ctrl Pts',(43.6499999999999,-31.,-2.26013463));
#10479=CARTESIAN_POINT('Ctrl Pts',(43.6499999999999,-28.75,-2.26013463));
#10480=CARTESIAN_POINT('Ctrl Pts',(45.8999999999999,-28.75,-2.26013463));
#10481=CARTESIAN_POINT('Ctrl Pts',(48.1499999999999,-28.75,-2.26013463));
#10482=CARTESIAN_POINT('Ctrl Pts',(48.1499999999999,-31.,-2.26013463));
#10483=CARTESIAN_POINT('Ctrl Pts',(48.1499999999999,-31.,-2.46148597));
#10484=CARTESIAN_POINT('Ctrl Pts',(48.1499999999999,-33.25,-2.46148597));
#10485=CARTESIAN_POINT('Ctrl Pts',(45.8999999999999,-33.25,-2.46148597));
#10486=CARTESIAN_POINT('Ctrl Pts',(43.6499999999999,-33.25,-2.46148597));
#10487=CARTESIAN_POINT('Ctrl Pts',(43.6499999999999,-31.,-2.46148597));
#10488=CARTESIAN_POINT('Ctrl Pts',(43.6499999999999,-28.75,-2.46148597));
#10489=CARTESIAN_POINT('Ctrl Pts',(45.8999999999999,-28.75,-2.46148597));
#10490=CARTESIAN_POINT('Ctrl Pts',(48.1499999999999,-28.75,-2.46148597));
#10491=CARTESIAN_POINT('Ctrl Pts',(48.1499999999999,-31.,-2.46148597));
#10492=CARTESIAN_POINT('Ctrl Pts',(47.9499999999999,-31.,-2.46148597));
#10493=CARTESIAN_POINT('Ctrl Pts',(47.9499999999999,-33.05,-2.46148597));
#10494=CARTESIAN_POINT('Ctrl Pts',(45.8999999999999,-33.05,-2.46148597));
#10495=CARTESIAN_POINT('Ctrl Pts',(43.85,-33.05,-2.46148597));
#10496=CARTESIAN_POINT('Ctrl Pts',(43.85,-31.,-2.46148597));
#10497=CARTESIAN_POINT('Ctrl Pts',(43.85,-28.95,-2.46148597));
#10498=CARTESIAN_POINT('Ctrl Pts',(45.8999999999999,-28.95,-2.46148597));
#10499=CARTESIAN_POINT('Ctrl Pts',(47.9499999999999,-28.95,-2.46148597));
#10500=CARTESIAN_POINT('Ctrl Pts',(47.9499999999999,-31.,-2.46148597));
#10501=CARTESIAN_POINT('Ctrl Pts',(47.7499999999999,-31.,-2.46148597));
#10502=CARTESIAN_POINT('Ctrl Pts',(47.7499999999999,-32.85,-2.46148597));
#10503=CARTESIAN_POINT('Ctrl Pts',(45.8999999999999,-32.85,-2.46148597));
#10504=CARTESIAN_POINT('Ctrl Pts',(44.05,-32.85,-2.46148597));
#10505=CARTESIAN_POINT('Ctrl Pts',(44.05,-31.,-2.46148597));
#10506=CARTESIAN_POINT('Ctrl Pts',(44.05,-29.15,-2.46148597));
#10507=CARTESIAN_POINT('Ctrl Pts',(45.8999999999999,-29.15,-2.46148597));
#10508=CARTESIAN_POINT('Ctrl Pts',(47.7499999999999,-29.15,-2.46148597));
#10509=CARTESIAN_POINT('Ctrl Pts',(47.7499999999999,-31.,-2.46148597));
#10510=CARTESIAN_POINT('Ctrl Pts',(47.7499999999999,-31.,-2.26013463));
#10511=CARTESIAN_POINT('Ctrl Pts',(47.7499999999999,-32.85,-2.26013463));
#10512=CARTESIAN_POINT('Ctrl Pts',(45.8999999999999,-32.85,-2.26013463));
#10513=CARTESIAN_POINT('Ctrl Pts',(44.05,-32.85,-2.26013463));
#10514=CARTESIAN_POINT('Ctrl Pts',(44.05,-31.,-2.26013463));
#10515=CARTESIAN_POINT('Ctrl Pts',(44.05,-29.15,-2.26013463));
#10516=CARTESIAN_POINT('Ctrl Pts',(45.8999999999999,-29.15,-2.26013463));
#10517=CARTESIAN_POINT('Ctrl Pts',(47.7499999999999,-29.15,-2.26013463));
#10518=CARTESIAN_POINT('Ctrl Pts',(47.7499999999999,-31.,-2.26013463));
#10519=CARTESIAN_POINT('',(47.9499999999999,-31.,-2.46148597));
#10520=CARTESIAN_POINT('',(48.1499999999999,-31.,-2.26013463));
#10521=CARTESIAN_POINT('Origin',(47.9499999999999,-31.,-2.26013463));
#10522=CARTESIAN_POINT('',(43.6499999999999,-31.,-2.26013463));
#10523=CARTESIAN_POINT('Origin',(45.8999999999999,-31.,-2.26013463));
#10524=CARTESIAN_POINT('',(43.85,-31.,-2.46148597));
#10525=CARTESIAN_POINT('Origin',(43.85,-31.,-2.26013463));
#10526=CARTESIAN_POINT('Origin',(45.8999999999999,-31.,-2.46148597));
#10527=CARTESIAN_POINT('Ctrl Pts',(43.85,-31.,-2.46148597));
#10528=CARTESIAN_POINT('Ctrl Pts',(43.6499999999999,-31.,-2.46148597));
#10529=CARTESIAN_POINT('Ctrl Pts',(43.6499999999999,-31.,-2.26013463));
#10530=CARTESIAN_POINT('Ctrl Pts',(43.85,-24.6,-2.46148597));
#10531=CARTESIAN_POINT('Ctrl Pts',(43.6499999999999,-24.6,-2.46148597));
#10532=CARTESIAN_POINT('Ctrl Pts',(43.6499999999999,-24.6,-2.26013463));
#10533=CARTESIAN_POINT('',(43.6499999999999,-24.6,-2.26013463));
#10534=CARTESIAN_POINT('',(43.85,-24.6,-2.46148597));
#10535=CARTESIAN_POINT('Origin',(43.85,-24.6,-2.26013463));
#10536=CARTESIAN_POINT('',(43.85,-31.,-2.46148597));
#10537=CARTESIAN_POINT('',(43.6499999999999,-31.,-2.26013463));
#10538=CARTESIAN_POINT('Ctrl Pts',(48.1499999999999,-31.,-2.26013463));
#10539=CARTESIAN_POINT('Ctrl Pts',(48.1499999999999,-31.,-2.46148597));
#10540=CARTESIAN_POINT('Ctrl Pts',(47.9499999999999,-31.,-2.46148597));
#10541=CARTESIAN_POINT('Ctrl Pts',(48.1499999999999,-24.6,-2.26013463));
#10542=CARTESIAN_POINT('Ctrl Pts',(48.1499999999999,-24.6,-2.46148597));
#10543=CARTESIAN_POINT('Ctrl Pts',(47.9499999999999,-24.6,-2.46148597));
#10544=CARTESIAN_POINT('',(47.9499999999999,-24.6,-2.46148597));
#10545=CARTESIAN_POINT('',(48.1499999999999,-24.6,-2.26013463));
#10546=CARTESIAN_POINT('Origin',(47.9499999999999,-24.6,-2.26013463));
#10547=CARTESIAN_POINT('',(48.1499999999999,-31.,-2.26013463));
#10548=CARTESIAN_POINT('',(47.9499999999999,-31.,-2.46148597));
#10549=CARTESIAN_POINT('Ctrl Pts',(47.7499999999999,-24.6,-2.26013463));
#10550=CARTESIAN_POINT('Ctrl Pts',(47.7499999999999,-26.45,-2.26013463));
#10551=CARTESIAN_POINT('Ctrl Pts',(45.8999999999999,-26.45,-2.26013463));
#10552=CARTESIAN_POINT('Ctrl Pts',(44.05,-26.45,-2.26013463));
#10553=CARTESIAN_POINT('Ctrl Pts',(44.05,-24.6,-2.26013463));
#10554=CARTESIAN_POINT('Ctrl Pts',(44.05,-22.75,-2.26013463));
#10555=CARTESIAN_POINT('Ctrl Pts',(45.8999999999999,-22.75,-2.26013463));
#10556=CARTESIAN_POINT('Ctrl Pts',(47.7499999999999,-22.75,-2.26013463));
#10557=CARTESIAN_POINT('Ctrl Pts',(47.7499999999999,-24.6,-2.26013463));
#10558=CARTESIAN_POINT('Ctrl Pts',(47.7499999999999,-24.6,-2.05878328999999));
#10559=CARTESIAN_POINT('Ctrl Pts',(47.7499999999999,-26.45,-2.05878328999999));
#10560=CARTESIAN_POINT('Ctrl Pts',(45.8999999999999,-26.45,-2.05878328999999));
#10561=CARTESIAN_POINT('Ctrl Pts',(44.05,-26.45,-2.05878328999999));
#10562=CARTESIAN_POINT('Ctrl Pts',(44.05,-24.6,-2.05878328999999));
#10563=CARTESIAN_POINT('Ctrl Pts',(44.05,-22.75,-2.05878328999999));
#10564=CARTESIAN_POINT('Ctrl Pts',(45.8999999999999,-22.75,-2.05878328999999));
#10565=CARTESIAN_POINT('Ctrl Pts',(47.7499999999999,-22.75,-2.05878328999999));
#10566=CARTESIAN_POINT('Ctrl Pts',(47.7499999999999,-24.6,-2.05878328999999));
#10567=CARTESIAN_POINT('Ctrl Pts',(47.9499999999999,-24.6,-2.05878328999999));
#10568=CARTESIAN_POINT('Ctrl Pts',(47.9499999999999,-26.65,-2.05878328999999));
#10569=CARTESIAN_POINT('Ctrl Pts',(45.8999999999999,-26.65,-2.05878328999999));
#10570=CARTESIAN_POINT('Ctrl Pts',(43.85,-26.65,-2.05878328999999));
#10571=CARTESIAN_POINT('Ctrl Pts',(43.85,-24.6,-2.05878328999999));
#10572=CARTESIAN_POINT('Ctrl Pts',(43.85,-22.55,-2.05878328999999));
#10573=CARTESIAN_POINT('Ctrl Pts',(45.8999999999999,-22.55,-2.05878328999999));
#10574=CARTESIAN_POINT('Ctrl Pts',(47.9499999999999,-22.55,-2.05878328999999));
#10575=CARTESIAN_POINT('Ctrl Pts',(47.9499999999999,-24.6,-2.05878328999999));
#10576=CARTESIAN_POINT('Ctrl Pts',(48.1499999999999,-24.6,-2.05878328999999));
#10577=CARTESIAN_POINT('Ctrl Pts',(48.1499999999999,-26.85,-2.05878328999999));
#10578=CARTESIAN_POINT('Ctrl Pts',(45.8999999999999,-26.85,-2.05878328999999));
#10579=CARTESIAN_POINT('Ctrl Pts',(43.6499999999999,-26.85,-2.05878328999999));
#10580=CARTESIAN_POINT('Ctrl Pts',(43.6499999999999,-24.6,-2.05878328999999));
#10581=CARTESIAN_POINT('Ctrl Pts',(43.6499999999999,-22.35,-2.05878328999999));
#10582=CARTESIAN_POINT('Ctrl Pts',(45.8999999999999,-22.35,-2.05878328999999));
#10583=CARTESIAN_POINT('Ctrl Pts',(48.1499999999999,-22.35,-2.05878328999999));
#10584=CARTESIAN_POINT('Ctrl Pts',(48.1499999999999,-24.6,-2.05878328999999));
#10585=CARTESIAN_POINT('Ctrl Pts',(48.1499999999999,-24.6,-2.26013463));
#10586=CARTESIAN_POINT('Ctrl Pts',(48.1499999999999,-26.85,-2.26013463));
#10587=CARTESIAN_POINT('Ctrl Pts',(45.8999999999999,-26.85,-2.26013463));
#10588=CARTESIAN_POINT('Ctrl Pts',(43.6499999999999,-26.85,-2.26013463));
#10589=CARTESIAN_POINT('Ctrl Pts',(43.6499999999999,-24.6,-2.26013463));
#10590=CARTESIAN_POINT('Ctrl Pts',(43.6499999999999,-22.35,-2.26013463));
#10591=CARTESIAN_POINT('Ctrl Pts',(45.8999999999999,-22.35,-2.26013463));
#10592=CARTESIAN_POINT('Ctrl Pts',(48.1499999999999,-22.35,-2.26013463));
#10593=CARTESIAN_POINT('Ctrl Pts',(48.1499999999999,-24.6,-2.26013463));
#10594=CARTESIAN_POINT('Ctrl Pts',(48.1499999999999,-24.6,-2.46148597));
#10595=CARTESIAN_POINT('Ctrl Pts',(48.1499999999999,-26.85,-2.46148597));
#10596=CARTESIAN_POINT('Ctrl Pts',(45.8999999999999,-26.85,-2.46148597));
#10597=CARTESIAN_POINT('Ctrl Pts',(43.6499999999999,-26.85,-2.46148597));
#10598=CARTESIAN_POINT('Ctrl Pts',(43.6499999999999,-24.6,-2.46148597));
#10599=CARTESIAN_POINT('Ctrl Pts',(43.6499999999999,-22.35,-2.46148597));
#10600=CARTESIAN_POINT('Ctrl Pts',(45.8999999999999,-22.35,-2.46148597));
#10601=CARTESIAN_POINT('Ctrl Pts',(48.1499999999999,-22.35,-2.46148597));
#10602=CARTESIAN_POINT('Ctrl Pts',(48.1499999999999,-24.6,-2.46148597));
#10603=CARTESIAN_POINT('Ctrl Pts',(47.9499999999999,-24.6,-2.46148597));
#10604=CARTESIAN_POINT('Ctrl Pts',(47.9499999999999,-26.65,-2.46148597));
#10605=CARTESIAN_POINT('Ctrl Pts',(45.8999999999999,-26.65,-2.46148597));
#10606=CARTESIAN_POINT('Ctrl Pts',(43.85,-26.65,-2.46148597));
#10607=CARTESIAN_POINT('Ctrl Pts',(43.85,-24.6,-2.46148597));
#10608=CARTESIAN_POINT('Ctrl Pts',(43.85,-22.55,-2.46148597));
#10609=CARTESIAN_POINT('Ctrl Pts',(45.8999999999999,-22.55,-2.46148597));
#10610=CARTESIAN_POINT('Ctrl Pts',(47.9499999999999,-22.55,-2.46148597));
#10611=CARTESIAN_POINT('Ctrl Pts',(47.9499999999999,-24.6,-2.46148597));
#10612=CARTESIAN_POINT('Ctrl Pts',(47.7499999999999,-24.6,-2.46148597));
#10613=CARTESIAN_POINT('Ctrl Pts',(47.7499999999999,-26.45,-2.46148597));
#10614=CARTESIAN_POINT('Ctrl Pts',(45.8999999999999,-26.45,-2.46148597));
#10615=CARTESIAN_POINT('Ctrl Pts',(44.05,-26.45,-2.46148597));
#10616=CARTESIAN_POINT('Ctrl Pts',(44.05,-24.6,-2.46148597));
#10617=CARTESIAN_POINT('Ctrl Pts',(44.05,-22.75,-2.46148597));
#10618=CARTESIAN_POINT('Ctrl Pts',(45.8999999999999,-22.75,-2.46148597));
#10619=CARTESIAN_POINT('Ctrl Pts',(47.7499999999999,-22.75,-2.46148597));
#10620=CARTESIAN_POINT('Ctrl Pts',(47.7499999999999,-24.6,-2.46148597));
#10621=CARTESIAN_POINT('Ctrl Pts',(47.7499999999999,-24.6,-2.26013463));
#10622=CARTESIAN_POINT('Ctrl Pts',(47.7499999999999,-26.45,-2.26013463));
#10623=CARTESIAN_POINT('Ctrl Pts',(45.8999999999999,-26.45,-2.26013463));
#10624=CARTESIAN_POINT('Ctrl Pts',(44.05,-26.45,-2.26013463));
#10625=CARTESIAN_POINT('Ctrl Pts',(44.05,-24.6,-2.26013463));
#10626=CARTESIAN_POINT('Ctrl Pts',(44.05,-22.75,-2.26013463));
#10627=CARTESIAN_POINT('Ctrl Pts',(45.8999999999999,-22.75,-2.26013463));
#10628=CARTESIAN_POINT('Ctrl Pts',(47.7499999999999,-22.75,-2.26013463));
#10629=CARTESIAN_POINT('Ctrl Pts',(47.7499999999999,-24.6,-2.26013463));
#10630=CARTESIAN_POINT('Origin',(45.8999999999999,-24.6,-2.26013463));
#10631=CARTESIAN_POINT('Origin',(45.8999999999999,-24.6,-2.46148597));
#10632=CARTESIAN_POINT('Origin',(13.6,-29.6443115605965,-3.015202155));
#10633=CARTESIAN_POINT('',(14.4405710350936,-29.1026102268695,-3.015202155));
#10634=CARTESIAN_POINT('',(14.6,-29.6443115605965,-3.015202155));
#10635=CARTESIAN_POINT('Origin',(13.6,-29.6443115605965,-3.015202155));
#10636=CARTESIAN_POINT('',(14.4405710350936,-29.1026102268695,-1.75675628));
#10637=CARTESIAN_POINT('',(14.4405710350936,-29.1026102268695,-3.015202155));
#10638=CARTESIAN_POINT('',(14.6,-29.6443115605965,-1.75675628));
#10639=CARTESIAN_POINT('Origin',(13.6,-29.6443115605965,-1.75675628));
#10640=CARTESIAN_POINT('',(14.6,-29.6443115605965,-3.015202155));
#10641=CARTESIAN_POINT('Origin',(12.7,-24.5556884394036,-3.015202155));
#10642=CARTESIAN_POINT('',(11.7,-24.5556884394036,-3.015202155));
#10643=CARTESIAN_POINT('',(11.8594289649064,-25.0973897731306,-3.015202155));
#10644=CARTESIAN_POINT('Origin',(12.7,-24.5556884394036,-3.015202155));
#10645=CARTESIAN_POINT('',(11.7,-24.5556884394036,-1.75675628));
#10646=CARTESIAN_POINT('',(11.7,-24.5556884394036,-3.015202155));
#10647=CARTESIAN_POINT('',(11.8594289649064,-25.0973897731306,-1.75675628));
#10648=CARTESIAN_POINT('Origin',(12.7,-24.5556884394036,-1.75675628));
#10649=CARTESIAN_POINT('',(11.8594289649064,-25.0973897731306,-3.015202155));
#10650=CARTESIAN_POINT('Origin',(0.,0.,-4.626012875));
#10651=CARTESIAN_POINT('',(76.55,-2.60000000000002,-4.626012875));
#10652=CARTESIAN_POINT('',(76.55,-4.80000000000002,-4.626012875));
#10653=CARTESIAN_POINT('',(76.55,-2.60000000000002,-4.626012875));
#10654=CARTESIAN_POINT('',(78.05,-2.60000000000002,-4.626012875));
#10655=CARTESIAN_POINT('',(78.05,-2.60000000000002,-4.626012875));
#10656=CARTESIAN_POINT('',(78.05,-4.80000000000002,-4.626012875));
#10657=CARTESIAN_POINT('',(78.05,-2.60000000000002,-4.626012875));
#10658=CARTESIAN_POINT('',(78.05,-4.80000000000002,-4.626012875));
#10659=CARTESIAN_POINT('Origin',(78.05,0.,-4.626012875));
#10660=CARTESIAN_POINT('',(78.05,-2.60000000000002,-5.028715555));
#10661=CARTESIAN_POINT('',(78.05,-4.80000000000002,-5.028715555));
#10662=CARTESIAN_POINT('',(78.05,-2.60000000000002,-5.028715555));
#10663=CARTESIAN_POINT('',(78.05,-4.80000000000002,-4.626012875));
#10664=CARTESIAN_POINT('',(78.05,-2.60000000000002,-4.626012875));
#10665=CARTESIAN_POINT('Origin',(0.,-4.80000000000002,-4.626012875));
#10666=CARTESIAN_POINT('',(76.55,-4.80000000000002,-5.028715555));
#10667=CARTESIAN_POINT('',(78.05,-4.80000000000002,-5.028715555));
#10668=CARTESIAN_POINT('',(76.55,-4.80000000000002,-4.626012875));
#10669=CARTESIAN_POINT('Origin',(76.55,0.,-4.626012875));
#10670=CARTESIAN_POINT('',(76.55,-2.60000000000002,-5.028715555));
#10671=CARTESIAN_POINT('',(76.55,-2.60000000000002,-5.028715555));
#10672=CARTESIAN_POINT('',(76.55,-2.60000000000002,-4.626012875));
#10673=CARTESIAN_POINT('Origin',(0.,0.,-7.142904625));
#10674=CARTESIAN_POINT('',(78.05,-2.60000000000002,-7.142904625));
#10675=CARTESIAN_POINT('',(76.55,-2.60000000000002,-7.142904625));
#10676=CARTESIAN_POINT('',(78.05,-2.60000000000002,-7.142904625));
#10677=CARTESIAN_POINT('',(76.55,-1.10000000000002,-7.142904625));
#10678=CARTESIAN_POINT('',(76.55,-2.60000000000002,-7.142904625));
#10679=CARTESIAN_POINT('',(78.05,-1.10000000000002,-7.142904625));
#10680=CARTESIAN_POINT('',(78.05,-1.10000000000002,-7.142904625));
#10681=CARTESIAN_POINT('',(78.05,-2.60000000000002,-7.142904625));
#10682=CARTESIAN_POINT('Origin',(78.05,0.,-7.142904625));
#10683=CARTESIAN_POINT('',(78.05,-1.10000000000002,-5.028715555));
#10684=CARTESIAN_POINT('',(78.05,-2.60000000000002,-5.028715555));
#10685=CARTESIAN_POINT('',(78.05,-2.60000000000002,-7.142904625));
#10686=CARTESIAN_POINT('',(78.05,-1.10000000000002,-7.142904625));
#10687=CARTESIAN_POINT('Origin',(-3.18032637262414E-16,-1.1,-7.142904625));
#10688=CARTESIAN_POINT('',(76.55,-1.10000000000002,-5.028715555));
#10689=CARTESIAN_POINT('',(78.05,-1.10000000000002,-5.028715555));
#10690=CARTESIAN_POINT('',(76.55,-1.10000000000002,-7.142904625));
#10691=CARTESIAN_POINT('Origin',(76.55,0.,-7.142904625));
#10692=CARTESIAN_POINT('',(76.55,-2.60000000000002,-5.028715555));
#10693=CARTESIAN_POINT('',(76.55,-2.60000000000002,-7.142904625));
#10694=CARTESIAN_POINT('Origin',(0.,-2.60000000000002,-7.142904625));
#10695=CARTESIAN_POINT('Origin',(81.05,-0.950000000000019,-1.75675628000004));
#10696=CARTESIAN_POINT('',(79.65,-0.950000000000019,-3.16621566));
#10697=CARTESIAN_POINT('',(81.05,-0.950000000000019,-1.75675628));
#10698=CARTESIAN_POINT('',(81.05,-0.950000000000019,-1.75675628000002));
#10699=CARTESIAN_POINT('',(79.65,0.0499999999999806,-3.16621566));
#10700=CARTESIAN_POINT('',(79.65,0.0499999999999806,-3.16621566));
#10701=CARTESIAN_POINT('',(81.05,0.0499999999999806,-1.75675628));
#10702=CARTESIAN_POINT('',(79.65,0.0499999999999806,-3.16621566));
#10703=CARTESIAN_POINT('',(81.05,-0.950000000000019,-1.75675628));
#10704=CARTESIAN_POINT('Origin',(81.05,-3.45000000000002,-1.75675628000004));
#10705=CARTESIAN_POINT('',(79.65,-3.45000000000002,-3.16621566));
#10706=CARTESIAN_POINT('',(81.05,-3.45000000000002,-1.75675628));
#10707=CARTESIAN_POINT('',(81.05,-3.45000000000002,-1.75675628000002));
#10708=CARTESIAN_POINT('',(79.65,-2.45000000000002,-3.16621566));
#10709=CARTESIAN_POINT('',(79.65,-2.45000000000002,-3.16621566));
#10710=CARTESIAN_POINT('',(81.05,-2.45000000000002,-1.75675628));
#10711=CARTESIAN_POINT('',(79.65,-2.45000000000002,-3.16621566));
#10712=CARTESIAN_POINT('',(81.05,-3.45000000000002,-1.75675628));
#10713=CARTESIAN_POINT('Origin',(79.6499999999999,0.,-3.16621566));
#10714=CARTESIAN_POINT('',(81.05,-4.95000000000002,-1.75675628));
#10715=CARTESIAN_POINT('',(79.6499999999999,-4.95000000000002,-3.16621566));
#10716=CARTESIAN_POINT('',(79.6499999999999,-4.95000000000002,-3.16621566));
#10717=CARTESIAN_POINT('',(81.05,-5.95000000000002,-1.75675628));
#10718=CARTESIAN_POINT('',(81.05,-4.95000000000002,-1.75675628));
#10719=CARTESIAN_POINT('',(79.6499999999999,-5.95000000000002,-3.16621566));
#10720=CARTESIAN_POINT('',(81.05,-5.95000000000002,-1.75675627999999));
#10721=CARTESIAN_POINT('',(79.6499999999999,-4.95000000000002,-3.16621566));
#10722=CARTESIAN_POINT('Origin',(73.55,-4.95000000000002,-1.75675628000004));
#10723=CARTESIAN_POINT('',(74.9499999999999,-4.95000000000002,-3.16621566));
#10724=CARTESIAN_POINT('',(73.55,-4.95000000000002,-1.75675628));
#10725=CARTESIAN_POINT('',(74.9499999999999,-4.95000000000002,-3.16621566));
#10726=CARTESIAN_POINT('',(74.9499999999999,-5.95000000000002,-3.16621566));
#10727=CARTESIAN_POINT('',(74.9499999999999,-5.95000000000002,-3.16621566));
#10728=CARTESIAN_POINT('',(73.55,-5.95000000000002,-1.75675628));
#10729=CARTESIAN_POINT('',(73.5499999999999,-5.95000000000002,-1.75675628000002));
#10730=CARTESIAN_POINT('',(73.55,-4.95000000000002,-1.75675628));
#10731=CARTESIAN_POINT('Origin',(74.95,0.,-3.16621566));
#10732=CARTESIAN_POINT('',(73.55,-3.45000000000002,-1.75675628));
#10733=CARTESIAN_POINT('',(74.95,-3.45000000000002,-3.16621566));
#10734=CARTESIAN_POINT('',(73.55,-3.45000000000002,-1.75675627999999));
#10735=CARTESIAN_POINT('',(73.55,-2.45000000000002,-1.75675628));
#10736=CARTESIAN_POINT('',(73.55,-3.45000000000002,-1.75675628));
#10737=CARTESIAN_POINT('',(74.95,-2.45000000000002,-3.16621566));
#10738=CARTESIAN_POINT('',(74.95,-2.45000000000002,-3.16621566));
#10739=CARTESIAN_POINT('',(74.95,-3.45000000000002,-3.16621566));
#10740=CARTESIAN_POINT('Origin',(74.95,-1.04014019619569E-12,-3.16621566));
#10741=CARTESIAN_POINT('',(73.55,-0.950000000000019,-1.75675628));
#10742=CARTESIAN_POINT('',(74.95,-0.950000000000019,-3.16621566));
#10743=CARTESIAN_POINT('',(73.55,-0.950000000000019,-1.75675627999999));
#10744=CARTESIAN_POINT('',(73.55,0.0499999999999806,-1.75675628));
#10745=CARTESIAN_POINT('',(73.55,-0.950000000000019,-1.75675628));
#10746=CARTESIAN_POINT('',(74.95,0.0499999999999806,-3.16621566));
#10747=CARTESIAN_POINT('',(74.95,0.0499999999999806,-3.16621566));
#10748=CARTESIAN_POINT('',(74.95,-0.950000000000019,-3.16621566));
#10749=CARTESIAN_POINT('Origin',(0.,0.,-3.16621566));
#10750=CARTESIAN_POINT('',(75.55,-0.950000000000019,-3.16621566));
#10751=CARTESIAN_POINT('',(75.55,-0.950000000000019,-3.16621566));
#10752=CARTESIAN_POINT('',(75.55,0.0499999999999806,-3.16621566));
#10753=CARTESIAN_POINT('',(75.55,0.0499999999999806,-3.16621566));
#10754=CARTESIAN_POINT('',(75.55,-0.950000000000019,-3.16621566));
#10755=CARTESIAN_POINT('Origin',(81.05,0.0499999999999806,-3.16621566));
#10756=CARTESIAN_POINT('',(75.55,0.0499999999999806,-1.75675628));
#10757=CARTESIAN_POINT('',(75.55,0.0499999999999806,-1.75675628));
#10758=CARTESIAN_POINT('',(75.55,0.0499999999999806,-3.16621566));
#10759=CARTESIAN_POINT('Origin',(81.05,-0.950000000000019,-3.16621566));
#10760=CARTESIAN_POINT('',(75.55,-0.950000000000019,-1.75675628));
#10761=CARTESIAN_POINT('',(75.55,-0.950000000000019,-1.75675628));
#10762=CARTESIAN_POINT('',(75.55,-0.950000000000019,-3.16621566));
#10763=CARTESIAN_POINT('Origin',(81.05,-0.950000000000019,-3.16621566));
#10764=CARTESIAN_POINT('',(79.05,-0.950000000000019,-3.16621566));
#10765=CARTESIAN_POINT('',(79.65,-0.950000000000019,-3.16621566));
#10766=CARTESIAN_POINT('',(79.05,-0.950000000000019,-1.75675628));
#10767=CARTESIAN_POINT('',(81.05,-0.950000000000019,-1.75675628));
#10768=CARTESIAN_POINT('',(79.05,-0.950000000000019,-3.16621566));
#10769=CARTESIAN_POINT('Origin',(81.05,0.0499999999999806,-3.16621566));
#10770=CARTESIAN_POINT('',(79.05,0.0499999999999806,-1.75675628));
#10771=CARTESIAN_POINT('',(81.05,0.0499999999999806,-1.75675628));
#10772=CARTESIAN_POINT('',(79.05,0.0499999999999806,-3.16621566));
#10773=CARTESIAN_POINT('',(79.65,0.0499999999999806,-3.16621566));
#10774=CARTESIAN_POINT('',(79.05,0.0499999999999806,-3.16621566));
#10775=CARTESIAN_POINT('Origin',(0.,0.,-3.16621566));
#10776=CARTESIAN_POINT('',(79.05,-0.950000000000019,-3.16621566));
#10777=CARTESIAN_POINT('Origin',(0.,0.,-3.16621566));
#10778=CARTESIAN_POINT('',(75.55,-3.45000000000002,-3.16621566));
#10779=CARTESIAN_POINT('',(75.55,-3.45000000000002,-3.16621566));
#10780=CARTESIAN_POINT('',(75.55,-2.45000000000002,-3.16621566));
#10781=CARTESIAN_POINT('',(75.55,-2.45000000000002,-3.16621566));
#10782=CARTESIAN_POINT('',(75.55,-3.45000000000002,-3.16621566));
#10783=CARTESIAN_POINT('Origin',(81.05,-2.45000000000002,-3.16621566));
#10784=CARTESIAN_POINT('',(75.55,-2.45000000000002,-1.75675628));
#10785=CARTESIAN_POINT('',(75.55,-2.45000000000002,-1.75675628));
#10786=CARTESIAN_POINT('',(75.55,-2.45000000000002,-3.16621566));
#10787=CARTESIAN_POINT('Origin',(81.05,-3.45000000000002,-3.16621566));
#10788=CARTESIAN_POINT('',(75.55,-3.45000000000002,-1.75675628));
#10789=CARTESIAN_POINT('',(75.55,-3.45000000000002,-1.75675628));
#10790=CARTESIAN_POINT('',(75.55,-3.45000000000002,-3.16621566));
#10791=CARTESIAN_POINT('Origin',(81.05,-3.45000000000002,-3.16621566));
#10792=CARTESIAN_POINT('',(79.05,-3.45000000000002,-3.16621566));
#10793=CARTESIAN_POINT('',(79.65,-3.45000000000002,-3.16621566));
#10794=CARTESIAN_POINT('',(79.05,-3.45000000000002,-1.75675628));
#10795=CARTESIAN_POINT('',(81.05,-3.45000000000002,-1.75675628));
#10796=CARTESIAN_POINT('',(79.05,-3.45000000000002,-3.16621566));
#10797=CARTESIAN_POINT('Origin',(81.05,-2.45000000000002,-3.16621566));
#10798=CARTESIAN_POINT('',(79.05,-2.45000000000002,-1.75675628));
#10799=CARTESIAN_POINT('',(81.05,-2.45000000000002,-1.75675628));
#10800=CARTESIAN_POINT('',(79.05,-2.45000000000002,-3.16621566));
#10801=CARTESIAN_POINT('',(79.65,-2.45000000000002,-3.16621566));
#10802=CARTESIAN_POINT('',(79.05,-2.45000000000002,-3.16621566));
#10803=CARTESIAN_POINT('Origin',(0.,0.,-3.16621566));
#10804=CARTESIAN_POINT('',(79.05,-3.45000000000002,-3.16621566));
#10805=CARTESIAN_POINT('Origin',(0.,0.,-3.16621566));
#10806=CARTESIAN_POINT('',(75.55,-5.95000000000002,-3.16621566));
#10807=CARTESIAN_POINT('',(75.55,-5.95000000000002,-3.16621566));
#10808=CARTESIAN_POINT('',(75.55,-4.95000000000002,-3.16621566));
#10809=CARTESIAN_POINT('',(75.55,-4.95000000000002,-3.16621566));
#10810=CARTESIAN_POINT('',(75.55,-4.95000000000002,-3.16621566));
#10811=CARTESIAN_POINT('Origin',(81.05,-5.95000000000002,-3.16621566));
#10812=CARTESIAN_POINT('',(75.55,-5.95000000000002,-1.75675628));
#10813=CARTESIAN_POINT('',(75.55,-5.95000000000002,-1.75675628));
#10814=CARTESIAN_POINT('',(75.55,-5.95000000000002,-3.16621566));
#10815=CARTESIAN_POINT('Origin',(81.05,-4.95000000000002,-3.16621566));
#10816=CARTESIAN_POINT('',(75.55,-4.95000000000002,-1.75675628));
#10817=CARTESIAN_POINT('',(75.55,-4.95000000000002,-1.75675628));
#10818=CARTESIAN_POINT('',(75.55,-4.95000000000002,-3.16621566));
#10819=CARTESIAN_POINT('Origin',(81.05,-4.95000000000002,-3.16621566));
#10820=CARTESIAN_POINT('',(79.05,-4.95000000000002,-1.75675628));
#10821=CARTESIAN_POINT('',(81.05,-4.95000000000002,-1.75675628));
#10822=CARTESIAN_POINT('',(79.05,-4.95000000000002,-3.16621566));
#10823=CARTESIAN_POINT('',(79.6499999999999,-4.95000000000002,-3.16621566));
#10824=CARTESIAN_POINT('',(79.05,-4.95000000000002,-3.16621566));
#10825=CARTESIAN_POINT('Origin',(81.05,-5.95000000000002,-3.16621566));
#10826=CARTESIAN_POINT('',(79.05,-5.95000000000002,-3.16621566));
#10827=CARTESIAN_POINT('',(79.6499999999999,-5.95000000000002,-3.16621566));
#10828=CARTESIAN_POINT('',(79.05,-5.95000000000002,-1.75675628));
#10829=CARTESIAN_POINT('',(81.05,-5.95000000000002,-1.75675628));
#10830=CARTESIAN_POINT('',(79.05,-5.95000000000002,-3.16621566));
#10831=CARTESIAN_POINT('Origin',(0.,0.,-3.16621566));
#10832=CARTESIAN_POINT('',(79.05,-4.95000000000002,-3.16621566));
#10833=CARTESIAN_POINT('Origin',(75.55,1.54999999999998,-5.028715555));
#10834=CARTESIAN_POINT('',(75.55,1.54999999999998,-1.75675628));
#10835=CARTESIAN_POINT('',(79.05,1.54999999999998,-1.75675628));
#10836=CARTESIAN_POINT('',(75.55,1.54999999999998,-1.75675628));
#10837=CARTESIAN_POINT('',(79.05,1.54999999999998,-5.028715555));
#10838=CARTESIAN_POINT('',(79.05,1.54999999999998,-5.028715555));
#10839=CARTESIAN_POINT('',(75.55,1.54999999999998,-5.028715555));
#10840=CARTESIAN_POINT('',(75.55,1.54999999999998,-5.028715555));
#10841=CARTESIAN_POINT('',(75.55,1.54999999999998,-5.028715555));
#10842=CARTESIAN_POINT('Origin',(75.55,-7.45000000000002,-5.028715555));
#10843=CARTESIAN_POINT('',(75.55,-7.45000000000002,-1.75675628));
#10844=CARTESIAN_POINT('',(79.05,-7.45000000000002,-1.75675628));
#10845=CARTESIAN_POINT('',(75.55,-7.45000000000002,-1.75675628));
#10846=CARTESIAN_POINT('',(75.55,-7.45000000000002,-5.028715555));
#10847=CARTESIAN_POINT('',(75.55,-7.45000000000002,-5.028715555));
#10848=CARTESIAN_POINT('',(79.05,-7.45000000000002,-5.028715555));
#10849=CARTESIAN_POINT('',(75.55,-7.45000000000002,-5.028715555));
#10850=CARTESIAN_POINT('',(79.05,-7.45000000000002,-5.028715555));
#10851=CARTESIAN_POINT('Origin',(77.25,11.85,-2.46148597000001));
#10852=CARTESIAN_POINT('',(82.55,11.15,-1.75675628));
#10853=CARTESIAN_POINT('',(82.55,11.85,-2.46148597000001));
#10854=CARTESIAN_POINT('',(82.55,11.85,-2.46148597000001));
#10855=CARTESIAN_POINT('',(83.05,11.15,-1.75675628));
#10856=CARTESIAN_POINT('',(83.05,11.15,-1.75675628));
#10857=CARTESIAN_POINT('',(83.05,11.85,-2.46148597000001));
#10858=CARTESIAN_POINT('',(83.05,11.15,-1.75675628));
#10859=CARTESIAN_POINT('',(82.55,11.85,-2.46148597000001));
#10860=CARTESIAN_POINT('Origin',(77.25,4.04999999999999,-2.46148596999995));
#10861=CARTESIAN_POINT('',(83.05,4.74999999999996,-1.75675628));
#10862=CARTESIAN_POINT('',(83.05,4.04999999999998,-2.46148596999995));
#10863=CARTESIAN_POINT('',(83.05,4.04999999999998,-2.46148596999995));
#10864=CARTESIAN_POINT('',(82.55,4.74999999999996,-1.75675628));
#10865=CARTESIAN_POINT('',(82.55,4.74999999999996,-1.75675628));
#10866=CARTESIAN_POINT('',(82.55,4.04999999999998,-2.46148596999995));
#10867=CARTESIAN_POINT('',(82.55,4.74999999999996,-1.75675628));
#10868=CARTESIAN_POINT('',(83.05,4.04999999999998,-2.46148596999995));
#10869=CARTESIAN_POINT('Origin',(77.25,17.15,-2.46148597000001));
#10870=CARTESIAN_POINT('',(83.05,17.85,-1.75675628));
#10871=CARTESIAN_POINT('',(83.05,17.15,-2.46148597000001));
#10872=CARTESIAN_POINT('',(83.05,17.15,-2.46148597000001));
#10873=CARTESIAN_POINT('',(82.55,17.85,-1.75675628));
#10874=CARTESIAN_POINT('',(82.55,17.85,-1.75675628));
#10875=CARTESIAN_POINT('',(82.55,17.15,-2.46148597000001));
#10876=CARTESIAN_POINT('',(82.55,17.85,-1.75675628));
#10877=CARTESIAN_POINT('',(83.05,17.15,-2.46148597000001));
#10878=CARTESIAN_POINT('Origin',(77.25,24.95,-2.46148597000001));
#10879=CARTESIAN_POINT('',(82.55,24.25,-1.75675628));
#10880=CARTESIAN_POINT('',(82.55,24.95,-2.46148597000001));
#10881=CARTESIAN_POINT('',(82.55,24.95,-2.46148597));
#10882=CARTESIAN_POINT('',(83.05,24.25,-1.75675628));
#10883=CARTESIAN_POINT('',(83.05,24.25,-1.75675628));
#10884=CARTESIAN_POINT('',(83.05,24.95,-2.46148597000001));
#10885=CARTESIAN_POINT('',(83.05,24.25,-1.75675628));
#10886=CARTESIAN_POINT('',(82.55,24.95,-2.46148597000001));
#10887=CARTESIAN_POINT('Ctrl Pts',(79.1499999999999,11.35,-2.76351298));
#10888=CARTESIAN_POINT('Ctrl Pts',(79.1499999999999,11.35,-2.26013463));
#10889=CARTESIAN_POINT('Ctrl Pts',(79.1499999999999,10.85,-2.26013463));
#10890=CARTESIAN_POINT('Ctrl Pts',(83.05,11.35,-2.76351298));
#10891=CARTESIAN_POINT('Ctrl Pts',(83.05,11.35,-2.26013463));
#10892=CARTESIAN_POINT('Ctrl Pts',(83.05,10.85,-2.26013463));
#10893=CARTESIAN_POINT('',(79.1499999999999,11.35,-2.76351298));
#10894=CARTESIAN_POINT('',(79.1499999999999,10.85,-2.26013463));
#10895=CARTESIAN_POINT('Origin',(79.1499999999999,10.85,-2.76351298));
#10896=CARTESIAN_POINT('',(83.05,11.35,-2.76351298));
#10897=CARTESIAN_POINT('',(79.1499999999999,11.35,-2.76351298));
#10898=CARTESIAN_POINT('',(83.05,10.85,-2.26013463));
#10899=CARTESIAN_POINT('Origin',(83.05,10.85,-2.76351298));
#10900=CARTESIAN_POINT('',(79.1499999999999,10.85,-2.26013463));
#10901=CARTESIAN_POINT('Ctrl Pts',(79.1499999999999,24.45,-2.76351298));
#10902=CARTESIAN_POINT('Ctrl Pts',(79.1499999999999,24.45,-2.26013463));
#10903=CARTESIAN_POINT('Ctrl Pts',(79.1499999999999,23.95,-2.26013463));
#10904=CARTESIAN_POINT('Ctrl Pts',(83.05,24.45,-2.76351298));
#10905=CARTESIAN_POINT('Ctrl Pts',(83.05,24.45,-2.26013463));
#10906=CARTESIAN_POINT('Ctrl Pts',(83.05,23.95,-2.26013463));
#10907=CARTESIAN_POINT('',(79.1499999999999,24.45,-2.76351298));
#10908=CARTESIAN_POINT('',(79.1499999999999,23.95,-2.26013463));
#10909=CARTESIAN_POINT('Origin',(79.1499999999999,23.95,-2.76351298));
#10910=CARTESIAN_POINT('',(83.05,24.45,-2.76351298));
#10911=CARTESIAN_POINT('',(79.1499999999999,24.45,-2.76351298));
#10912=CARTESIAN_POINT('',(83.05,23.95,-2.26013463));
#10913=CARTESIAN_POINT('Origin',(83.05,23.95,-2.76351298));
#10914=CARTESIAN_POINT('',(79.1499999999999,23.95,-2.26013463));
#10915=CARTESIAN_POINT('Ctrl Pts',(79.1499999999999,5.04999999999999,-2.26013463));
#10916=CARTESIAN_POINT('Ctrl Pts',(79.1499999999999,4.54999999999999,-2.26013463));
#10917=CARTESIAN_POINT('Ctrl Pts',(79.1499999999999,4.54999999999999,-2.76351298));
#10918=CARTESIAN_POINT('Ctrl Pts',(83.05,5.04999999999999,-2.26013463));
#10919=CARTESIAN_POINT('Ctrl Pts',(83.05,4.54999999999999,-2.26013463));
#10920=CARTESIAN_POINT('Ctrl Pts',(83.05,4.54999999999999,-2.76351298));
#10921=CARTESIAN_POINT('',(79.1499999999999,5.04999999999999,-2.26013463));
#10922=CARTESIAN_POINT('',(79.1499999999999,4.54999999999998,-2.76351298));
#10923=CARTESIAN_POINT('Origin',(79.1499999999999,5.04999999999999,-2.76351298));
#10924=CARTESIAN_POINT('',(83.05,5.04999999999999,-2.26013463));
#10925=CARTESIAN_POINT('',(79.1499999999999,5.04999999999999,-2.26013463));
#10926=CARTESIAN_POINT('',(83.05,4.54999999999998,-2.76351298));
#10927=CARTESIAN_POINT('Origin',(83.05,5.04999999999999,-2.76351298));
#10928=CARTESIAN_POINT('',(79.1499999999999,4.54999999999998,-2.76351298));
#10929=CARTESIAN_POINT('Ctrl Pts',(79.1499999999999,18.15,-2.26013463));
#10930=CARTESIAN_POINT('Ctrl Pts',(79.1499999999999,17.65,-2.26013463));
#10931=CARTESIAN_POINT('Ctrl Pts',(79.1499999999999,17.65,-2.76351298));
#10932=CARTESIAN_POINT('Ctrl Pts',(83.05,18.15,-2.26013463));
#10933=CARTESIAN_POINT('Ctrl Pts',(83.05,17.65,-2.26013463));
#10934=CARTESIAN_POINT('Ctrl Pts',(83.05,17.65,-2.76351298));
#10935=CARTESIAN_POINT('',(79.1499999999999,18.15,-2.26013463));
#10936=CARTESIAN_POINT('',(79.1499999999999,17.65,-2.76351298));
#10937=CARTESIAN_POINT('Origin',(79.1499999999999,18.15,-2.76351298));
#10938=CARTESIAN_POINT('',(83.05,18.15,-2.26013463));
#10939=CARTESIAN_POINT('',(79.1499999999999,18.15,-2.26013463));
#10940=CARTESIAN_POINT('',(83.05,17.65,-2.76351298));
#10941=CARTESIAN_POINT('Origin',(83.05,18.15,-2.76351298));
#10942=CARTESIAN_POINT('',(79.1499999999999,17.65,-2.76351298));
#10943=CARTESIAN_POINT('Ctrl Pts',(77.25,4.04999999999999,-4.3743237));
#10944=CARTESIAN_POINT('Ctrl Pts',(77.25,4.04999999999999,-4.87770205));
#10945=CARTESIAN_POINT('Ctrl Pts',(77.25,4.54999999999999,-4.87770205));
#10946=CARTESIAN_POINT('Ctrl Pts',(83.05,4.04999999999998,-4.3743237));
#10947=CARTESIAN_POINT('Ctrl Pts',(83.05,4.04999999999998,-4.87770205));
#10948=CARTESIAN_POINT('Ctrl Pts',(83.05,4.54999999999998,-4.87770205));
#10949=CARTESIAN_POINT('',(83.05,4.04999999999998,-4.3743237));
#10950=CARTESIAN_POINT('',(83.05,4.54999999999998,-4.87770205));
#10951=CARTESIAN_POINT('Origin',(83.05,4.54999999999998,-4.3743237));
#10952=CARTESIAN_POINT('',(77.25,4.04999999999999,-4.3743237));
#10953=CARTESIAN_POINT('',(83.05,4.04999999999998,-4.3743237));
#10954=CARTESIAN_POINT('',(77.25,4.54999999999999,-4.87770205));
#10955=CARTESIAN_POINT('Origin',(77.25,4.54999999999999,-4.3743237));
#10956=CARTESIAN_POINT('',(83.05,4.54999999999998,-4.87770205));
#10957=CARTESIAN_POINT('Ctrl Pts',(77.25,11.35,-4.87770205));
#10958=CARTESIAN_POINT('Ctrl Pts',(77.25,11.85,-4.87770205));
#10959=CARTESIAN_POINT('Ctrl Pts',(77.25,11.85,-4.3743237));
#10960=CARTESIAN_POINT('Ctrl Pts',(83.05,11.35,-4.87770205));
#10961=CARTESIAN_POINT('Ctrl Pts',(83.05,11.85,-4.87770205));
#10962=CARTESIAN_POINT('Ctrl Pts',(83.05,11.85,-4.3743237));
#10963=CARTESIAN_POINT('',(77.25,11.85,-4.3743237));
#10964=CARTESIAN_POINT('',(77.25,11.35,-4.87770205));
#10965=CARTESIAN_POINT('Origin',(77.25,11.35,-4.3743237));
#10966=CARTESIAN_POINT('',(83.05,11.85,-4.3743237));
#10967=CARTESIAN_POINT('',(77.25,11.85,-4.3743237));
#10968=CARTESIAN_POINT('',(83.05,11.35,-4.87770205));
#10969=CARTESIAN_POINT('Origin',(83.05,11.35,-4.3743237));
#10970=CARTESIAN_POINT('',(77.25,11.35,-4.87770205));
#10971=CARTESIAN_POINT('Ctrl Pts',(77.25,17.15,-4.3743237));
#10972=CARTESIAN_POINT('Ctrl Pts',(77.25,17.15,-4.87770205));
#10973=CARTESIAN_POINT('Ctrl Pts',(77.25,17.65,-4.87770205));
#10974=CARTESIAN_POINT('Ctrl Pts',(83.05,17.15,-4.3743237));
#10975=CARTESIAN_POINT('Ctrl Pts',(83.05,17.15,-4.87770205));
#10976=CARTESIAN_POINT('Ctrl Pts',(83.05,17.65,-4.87770205));
#10977=CARTESIAN_POINT('',(83.05,17.15,-4.3743237));
#10978=CARTESIAN_POINT('',(83.05,17.65,-4.87770205));
#10979=CARTESIAN_POINT('Origin',(83.05,17.65,-4.3743237));
#10980=CARTESIAN_POINT('',(77.25,17.15,-4.3743237));
#10981=CARTESIAN_POINT('',(83.05,17.15,-4.3743237));
#10982=CARTESIAN_POINT('',(77.25,17.65,-4.87770205));
#10983=CARTESIAN_POINT('Origin',(77.25,17.65,-4.3743237));
#10984=CARTESIAN_POINT('',(83.05,17.65,-4.87770205));
#10985=CARTESIAN_POINT('Ctrl Pts',(77.25,24.45,-4.87770205));
#10986=CARTESIAN_POINT('Ctrl Pts',(77.25,24.95,-4.87770205));
#10987=CARTESIAN_POINT('Ctrl Pts',(77.25,24.95,-4.3743237));
#10988=CARTESIAN_POINT('Ctrl Pts',(83.05,24.45,-4.87770205));
#10989=CARTESIAN_POINT('Ctrl Pts',(83.05,24.95,-4.87770205));
#10990=CARTESIAN_POINT('Ctrl Pts',(83.05,24.95,-4.3743237));
#10991=CARTESIAN_POINT('',(77.25,24.95,-4.3743237));
#10992=CARTESIAN_POINT('',(77.25,24.45,-4.87770205));
#10993=CARTESIAN_POINT('Origin',(77.25,24.45,-4.3743237));
#10994=CARTESIAN_POINT('',(83.05,24.95,-4.3743237));
#10995=CARTESIAN_POINT('',(77.25,24.95,-4.3743237));
#10996=CARTESIAN_POINT('',(83.05,24.45,-4.87770205));
#10997=CARTESIAN_POINT('Origin',(83.05,24.45,-4.3743237));
#10998=CARTESIAN_POINT('',(77.25,24.45,-4.87770205));
#10999=CARTESIAN_POINT('Origin',(79.1499999999999,0.,-0.0452698899999993));
#11000=CARTESIAN_POINT('',(79.1499999999999,23.95,-2.26013463));
#11001=CARTESIAN_POINT('',(79.1499999999999,17.65,-4.3743237));
#11002=CARTESIAN_POINT('',(79.1499999999999,17.65,-2.76351298));
#11003=CARTESIAN_POINT('',(79.1499999999999,24.45,-4.3743237));
#11004=CARTESIAN_POINT('',(79.1499999999999,17.65,-4.3743237));
#11005=CARTESIAN_POINT('',(79.1499999999999,24.45,-4.3743237));
#11006=CARTESIAN_POINT('Origin',(79.1499999999999,24.45,-0.0452698899999993));
#11007=CARTESIAN_POINT('',(83.05,24.45,-4.3743237));
#11008=CARTESIAN_POINT('',(83.05,24.45,-4.3743237));
#11009=CARTESIAN_POINT('',(79.1499999999999,24.45,-4.3743237));
#11010=CARTESIAN_POINT('Origin',(79.1499999999999,0.,-2.26013463));
#11011=CARTESIAN_POINT('',(83.05,23.95,-2.26013463));
#11012=CARTESIAN_POINT('Origin',(79.1499999999999,17.65,-0.0452698899999993));
#11013=CARTESIAN_POINT('',(83.05,17.65,-4.3743237));
#11014=CARTESIAN_POINT('',(83.05,17.65,-2.76351298));
#11015=CARTESIAN_POINT('',(79.1499999999999,17.65,-4.3743237));
#11016=CARTESIAN_POINT('Origin',(79.1499999999999,0.,-4.3743237));
#11017=CARTESIAN_POINT('',(83.05,17.65,-4.3743237));
#11018=CARTESIAN_POINT('Origin',(79.1499999999999,0.,-0.0452698899999993));
#11019=CARTESIAN_POINT('',(79.1499999999999,10.85,-2.26013463));
#11020=CARTESIAN_POINT('',(79.1499999999999,4.54999999999998,-4.3743237));
#11021=CARTESIAN_POINT('',(79.1499999999999,4.54999999999998,-2.76351298));
#11022=CARTESIAN_POINT('',(79.1499999999999,11.35,-4.3743237));
#11023=CARTESIAN_POINT('',(79.1499999999999,4.54999999999998,-4.3743237));
#11024=CARTESIAN_POINT('',(79.1499999999999,11.35,-4.3743237));
#11025=CARTESIAN_POINT('Origin',(79.1499999999999,11.35,-0.0452698899999993));
#11026=CARTESIAN_POINT('',(83.05,11.35,-4.3743237));
#11027=CARTESIAN_POINT('',(83.05,11.35,-4.3743237));
#11028=CARTESIAN_POINT('',(79.1499999999999,11.35,-4.3743237));
#11029=CARTESIAN_POINT('Origin',(79.1499999999999,0.,-2.26013463));
#11030=CARTESIAN_POINT('',(83.05,10.85,-2.26013463));
#11031=CARTESIAN_POINT('Origin',(79.1499999999999,4.54999999999998,-0.0452698899999993));
#11032=CARTESIAN_POINT('',(83.05,4.54999999999998,-4.3743237));
#11033=CARTESIAN_POINT('',(83.05,4.54999999999998,-2.76351298));
#11034=CARTESIAN_POINT('',(79.1499999999999,4.54999999999998,-4.3743237));
#11035=CARTESIAN_POINT('Origin',(79.1499999999999,0.,-4.3743237));
#11036=CARTESIAN_POINT('',(83.05,4.54999999999998,-4.3743237));
#11037=CARTESIAN_POINT('Origin',(0.,0.,-1.75675628));
#11038=CARTESIAN_POINT('',(82.55,4.74999999999996,-1.75675628));
#11039=CARTESIAN_POINT('',(83.05,11.15,-1.75675628));
#11040=CARTESIAN_POINT('Origin',(0.,0.,-4.87770205));
#11041=CARTESIAN_POINT('',(77.25,4.54999999999999,-4.87770205));
#11042=CARTESIAN_POINT('',(83.05,11.35,-4.87770205));
#11043=CARTESIAN_POINT('Origin',(77.25,11.85,-4.87770205));
#11044=CARTESIAN_POINT('',(82.55,11.85,-1.75675628));
#11045=CARTESIAN_POINT('',(82.55,11.85,-1.75675628));
#11046=CARTESIAN_POINT('',(83.05,11.85,-4.3743237));
#11047=CARTESIAN_POINT('',(77.25,11.85,-1.75675628));
#11048=CARTESIAN_POINT('',(77.25,11.85,-4.3743237));
#11049=CARTESIAN_POINT('',(77.25,11.85,-1.75675628));
#11050=CARTESIAN_POINT('Origin',(77.25,4.04999999999999,-4.87770205));
#11051=CARTESIAN_POINT('',(77.25,4.04999999999999,-1.75675628));
#11052=CARTESIAN_POINT('',(77.25,4.04999999999999,-4.3743237));
#11053=CARTESIAN_POINT('',(77.25,4.04999999999999,-1.75675628));
#11054=CARTESIAN_POINT('Origin',(77.25,4.04999999999999,-4.87770205));
#11055=CARTESIAN_POINT('',(83.05,4.04999999999998,-4.3743237));
#11056=CARTESIAN_POINT('',(82.55,4.04999999999998,-1.75675628));
#11057=CARTESIAN_POINT('',(82.55,4.04999999999998,-2.46148596999995));
#11058=CARTESIAN_POINT('',(82.55,4.04999999999998,-1.75675628));
#11059=CARTESIAN_POINT('Origin',(83.05,4.04999999999998,-4.87770205));
#11060=CARTESIAN_POINT('Origin',(0.,0.,-1.75675628));
#11061=CARTESIAN_POINT('',(83.05,24.25,-1.75675628));
#11062=CARTESIAN_POINT('',(82.55,17.85,-1.75675628));
#11063=CARTESIAN_POINT('Origin',(0.,0.,-4.87770205));
#11064=CARTESIAN_POINT('',(77.25,17.65,-4.87770205));
#11065=CARTESIAN_POINT('',(83.05,24.45,-4.87770205));
#11066=CARTESIAN_POINT('Origin',(77.25,24.95,-4.87770205));
#11067=CARTESIAN_POINT('',(82.55,24.95,-1.75675628));
#11068=CARTESIAN_POINT('',(82.55,24.95,-1.75675628));
#11069=CARTESIAN_POINT('',(83.05,24.95,-4.3743237));
#11070=CARTESIAN_POINT('',(77.25,24.95,-1.75675628));
#11071=CARTESIAN_POINT('',(77.25,24.95,-4.3743237));
#11072=CARTESIAN_POINT('',(77.25,24.95,-1.75675628));
#11073=CARTESIAN_POINT('Origin',(77.25,17.15,-4.87770205));
#11074=CARTESIAN_POINT('',(77.25,17.15,-1.75675628));
#11075=CARTESIAN_POINT('',(77.25,17.15,-4.3743237));
#11076=CARTESIAN_POINT('',(77.25,17.15,-1.75675628));
#11077=CARTESIAN_POINT('Origin',(77.25,17.15,-4.87770205));
#11078=CARTESIAN_POINT('',(83.05,17.15,-4.3743237));
#11079=CARTESIAN_POINT('',(82.55,17.15,-1.75675628));
#11080=CARTESIAN_POINT('',(82.55,17.15,-2.46148597000001));
#11081=CARTESIAN_POINT('',(82.55,17.15,-1.75675628));
#11082=CARTESIAN_POINT('Origin',(83.05,17.15,-4.87770205));
#11083=CARTESIAN_POINT('Origin',(81.,9.47694385961496E-14,-0.0452698899999993));
#11084=CARTESIAN_POINT('',(81.,33.75,-3.87094535));
#11085=CARTESIAN_POINT('',(80.9999999999999,43.75,-3.87094535));
#11086=CARTESIAN_POINT('',(81.,33.75,-3.87094535));
#11087=CARTESIAN_POINT('',(81.,33.75,-4.87770205));
#11088=CARTESIAN_POINT('',(81.,33.75,-4.87770205));
#11089=CARTESIAN_POINT('',(80.9999999999999,43.75,-4.87770205));
#11090=CARTESIAN_POINT('',(81.,33.75,-4.87770205));
#11091=CARTESIAN_POINT('',(80.9999999999999,43.75,-4.87770205));
#11092=CARTESIAN_POINT('Origin',(80.9999999999999,43.75,-0.0452698899999993));
#11093=CARTESIAN_POINT('',(76.8,43.75,-3.87094535));
#11094=CARTESIAN_POINT('',(76.8,43.75,-4.87770205));
#11095=CARTESIAN_POINT('',(76.8,43.75,-3.87094535));
#11096=CARTESIAN_POINT('',(80.9999999999999,43.75,-3.87094535));
#11097=CARTESIAN_POINT('',(80.9999999999999,43.75,-4.87770205));
#11098=CARTESIAN_POINT('Origin',(81.,9.43531049619152E-14,-4.87770205));
#11099=CARTESIAN_POINT('',(76.8,33.75,-4.87770205));
#11100=CARTESIAN_POINT('',(76.8,43.75,-4.87770205));
#11101=CARTESIAN_POINT('',(81.,33.75,-4.87770205));
#11102=CARTESIAN_POINT('Origin',(81.,33.75,-0.0452698899999993));
#11103=CARTESIAN_POINT('',(76.8,33.75,-3.87094535));
#11104=CARTESIAN_POINT('',(81.,33.75,-3.87094535));
#11105=CARTESIAN_POINT('',(76.8,33.75,-3.87094535));
#11106=CARTESIAN_POINT('Origin',(81.,9.47694385961496E-14,-3.87094535));
#11107=CARTESIAN_POINT('',(76.8,43.75,-3.87094535));
#11108=CARTESIAN_POINT('Origin',(76.8,8.41466010478532E-14,-0.0452698899999993));
#11109=CARTESIAN_POINT('',(76.8,32.25,-7.69662081));
#11110=CARTESIAN_POINT('',(76.8,45.25,-7.69662081));
#11111=CARTESIAN_POINT('',(76.8,32.25,-7.69662081));
#11112=CARTESIAN_POINT('',(76.8,45.75,-7.19324246));
#11113=CARTESIAN_POINT('Origin',(76.8,45.25,-7.19324246));
#11114=CARTESIAN_POINT('',(76.8,45.75,-3.97877581957499));
#11115=CARTESIAN_POINT('',(76.8,45.75,-7.19324246));
#11116=CARTESIAN_POINT('',(76.8,44.0428932188134,-2.26013463));
#11117=CARTESIAN_POINT('',(76.8,45.75,-3.978775819575));
#11118=CARTESIAN_POINT('',(76.8,33.4571067811865,-2.26013463));
#11119=CARTESIAN_POINT('',(76.8,44.0428932188134,-2.26013463));
#11120=CARTESIAN_POINT('',(76.8,31.75,-3.97877581957494));
#11121=CARTESIAN_POINT('',(76.8,33.4571067811865,-2.26013462999999));
#11122=CARTESIAN_POINT('',(76.8,31.75,-7.19324246));
#11123=CARTESIAN_POINT('',(76.8,31.75,-3.97877581957494));
#11124=CARTESIAN_POINT('Origin',(76.8,32.25,-7.19324246));
#11125=CARTESIAN_POINT('Ctrl Pts',(76.8,45.25,-7.69662081));
#11126=CARTESIAN_POINT('Ctrl Pts',(76.8,45.75,-7.69662081));
#11127=CARTESIAN_POINT('Ctrl Pts',(76.8,45.75,-7.19324246));
#11128=CARTESIAN_POINT('Ctrl Pts',(83.5,45.25,-7.69662081));
#11129=CARTESIAN_POINT('Ctrl Pts',(83.5,45.75,-7.69662081));
#11130=CARTESIAN_POINT('Ctrl Pts',(83.5,45.75,-7.19324246));
#11131=CARTESIAN_POINT('',(83.5,45.25,-7.69662081));
#11132=CARTESIAN_POINT('',(83.4999999999999,45.75,-7.19324246));
#11133=CARTESIAN_POINT('Origin',(83.4999999999999,45.25,-7.19324246));
#11134=CARTESIAN_POINT('',(76.8,45.75,-7.19324246));
#11135=CARTESIAN_POINT('',(76.8,45.25,-7.69662081));
#11136=CARTESIAN_POINT('Origin',(76.8,45.75,-0.0452698899999993));
#11137=CARTESIAN_POINT('',(83.4999999999999,45.75,-3.97877581957499));
#11138=CARTESIAN_POINT('',(83.4999999999999,45.75,-7.19324246));
#11139=CARTESIAN_POINT('',(76.8,45.75,-3.97877581957499));
#11140=CARTESIAN_POINT('Origin',(76.8,20.9214466094068,21.0175366577125));
#11141=CARTESIAN_POINT('',(83.5,44.0428932188134,-2.26013463));
#11142=CARTESIAN_POINT('',(83.4999999999999,45.75,-3.978775819575));
#11143=CARTESIAN_POINT('',(76.8,44.0428932188134,-2.26013463));
#11144=CARTESIAN_POINT('Origin',(76.8,8.41466010478532E-14,-2.26013463));
#11145=CARTESIAN_POINT('',(83.5,33.4571067811865,-2.26013463));
#11146=CARTESIAN_POINT('',(83.5,44.0428932188134,-2.26013463));
#11147=CARTESIAN_POINT('',(76.8,33.4571067811865,-2.26013463));
#11148=CARTESIAN_POINT('Origin',(76.8,17.8285533905931,-17.9942854672874));
#11149=CARTESIAN_POINT('',(83.5,31.75,-3.97877581957494));
#11150=CARTESIAN_POINT('',(83.5,33.4571067811865,-2.26013462999999));
#11151=CARTESIAN_POINT('',(76.8,31.75,-3.97877581957494));
#11152=CARTESIAN_POINT('Origin',(76.8,31.75,-0.0452698899999993));
#11153=CARTESIAN_POINT('',(83.5,31.75,-7.19324246));
#11154=CARTESIAN_POINT('',(83.5,31.75,-3.97877581957494));
#11155=CARTESIAN_POINT('',(76.8,31.75,-7.19324246));
#11156=CARTESIAN_POINT('Ctrl Pts',(76.8,31.75,-7.19324246));
#11157=CARTESIAN_POINT('Ctrl Pts',(76.8,31.75,-7.69662081));
#11158=CARTESIAN_POINT('Ctrl Pts',(76.8,32.25,-7.69662081));
#11159=CARTESIAN_POINT('Ctrl Pts',(83.5,31.75,-7.19324246));
#11160=CARTESIAN_POINT('Ctrl Pts',(83.5,31.75,-7.69662081));
#11161=CARTESIAN_POINT('Ctrl Pts',(83.5,32.25,-7.69662081));
#11162=CARTESIAN_POINT('',(83.5,32.25,-7.69662081));
#11163=CARTESIAN_POINT('Origin',(83.5,32.25,-7.19324246));
#11164=CARTESIAN_POINT('',(76.8,32.25,-7.69662081));
#11165=CARTESIAN_POINT('Origin',(76.8,8.4653674063908E-14,-7.69662081));
#11166=CARTESIAN_POINT('',(83.5,32.25,-7.69662081));
#11167=CARTESIAN_POINT('Origin',(71.8,46.25,-3.77026968));
#11168=CARTESIAN_POINT('',(82.55,44.25,-1.75675628));
#11169=CARTESIAN_POINT('',(82.55,46.25,-3.77026968));
#11170=CARTESIAN_POINT('',(82.55,46.25,-3.77026968));
#11171=CARTESIAN_POINT('',(83.5,44.25,-1.75675628));
#11172=CARTESIAN_POINT('',(83.5,44.25,-1.75675628));
#11173=CARTESIAN_POINT('',(83.5,46.25,-3.77026968));
#11174=CARTESIAN_POINT('',(83.5,44.25,-1.75675628));
#11175=CARTESIAN_POINT('',(82.55,46.25,-3.77026968));
#11176=CARTESIAN_POINT('Origin',(71.8,31.25,-3.77026967999995));
#11177=CARTESIAN_POINT('',(83.5,33.25,-1.75675628));
#11178=CARTESIAN_POINT('',(83.5,31.25,-3.77026967999995));
#11179=CARTESIAN_POINT('',(83.5,31.25,-3.77026967999995));
#11180=CARTESIAN_POINT('',(82.55,33.25,-1.75675628));
#11181=CARTESIAN_POINT('',(82.55,33.25,-1.75675628));
#11182=CARTESIAN_POINT('',(82.55,31.25,-3.77026967999995));
#11183=CARTESIAN_POINT('',(82.55,33.25,-1.75675628));
#11184=CARTESIAN_POINT('',(83.5,31.25,-3.77026967999995));
#11185=CARTESIAN_POINT('Ctrl Pts',(71.8,31.25,-7.19324246));
#11186=CARTESIAN_POINT('Ctrl Pts',(71.8,31.25,-8.19999916));
#11187=CARTESIAN_POINT('Ctrl Pts',(71.8,32.25,-8.19999916));
#11188=CARTESIAN_POINT('Ctrl Pts',(83.5,31.25,-7.19324246));
#11189=CARTESIAN_POINT('Ctrl Pts',(83.5,31.25,-8.19999916));
#11190=CARTESIAN_POINT('Ctrl Pts',(83.5,32.25,-8.19999916));
#11191=CARTESIAN_POINT('',(83.5,31.25,-7.19324246));
#11192=CARTESIAN_POINT('',(83.5,32.25,-8.19999916));
#11193=CARTESIAN_POINT('Origin',(83.5,32.25,-7.19324246));
#11194=CARTESIAN_POINT('',(71.8,31.25,-7.19324246));
#11195=CARTESIAN_POINT('',(83.5,31.25,-7.19324246));
#11196=CARTESIAN_POINT('',(71.8,32.25,-8.19999916));
#11197=CARTESIAN_POINT('Origin',(71.8,32.25,-7.19324246));
#11198=CARTESIAN_POINT('',(83.5,32.25,-8.19999916));
#11199=CARTESIAN_POINT('Ctrl Pts',(71.8,45.25,-8.19999916));
#11200=CARTESIAN_POINT('Ctrl Pts',(71.8,46.25,-8.19999916));
#11201=CARTESIAN_POINT('Ctrl Pts',(71.8,46.25,-7.19324246));
#11202=CARTESIAN_POINT('Ctrl Pts',(83.5,45.25,-8.19999916));
#11203=CARTESIAN_POINT('Ctrl Pts',(83.5,46.25,-8.19999916));
#11204=CARTESIAN_POINT('Ctrl Pts',(83.5,46.25,-7.19324246));
#11205=CARTESIAN_POINT('',(71.8,46.25,-7.19324246));
#11206=CARTESIAN_POINT('',(71.8,45.25,-8.19999916));
#11207=CARTESIAN_POINT('Origin',(71.8,45.25,-7.19324246));
#11208=CARTESIAN_POINT('',(83.5,46.25,-7.19324246));
#11209=CARTESIAN_POINT('',(71.8,46.25,-7.19324246));
#11210=CARTESIAN_POINT('',(83.5,45.25,-8.19999916));
#11211=CARTESIAN_POINT('Origin',(83.5,45.25,-7.19324246));
#11212=CARTESIAN_POINT('',(71.8,45.25,-8.19999916));
#11213=CARTESIAN_POINT('Origin',(0.,0.,-1.75675628));
#11214=CARTESIAN_POINT('',(82.55,33.25,-1.75675628));
#11215=CARTESIAN_POINT('',(83.5,44.25,-1.75675628));
#11216=CARTESIAN_POINT('Origin',(0.,0.,-8.19999916));
#11217=CARTESIAN_POINT('',(71.8,32.25,-8.19999916));
#11218=CARTESIAN_POINT('',(83.5,45.25,-8.19999916));
#11219=CARTESIAN_POINT('Origin',(71.8,31.25,-8.19999916));
#11220=CARTESIAN_POINT('',(83.5,31.25,-7.19324246));
#11221=CARTESIAN_POINT('',(82.55,31.25,-1.75675628));
#11222=CARTESIAN_POINT('',(82.55,31.25,-3.77026967999995));
#11223=CARTESIAN_POINT('',(71.8,31.25,-1.75675628));
#11224=CARTESIAN_POINT('',(82.55,31.25,-1.75675628));
#11225=CARTESIAN_POINT('',(71.8,31.25,-7.19324246));
#11226=CARTESIAN_POINT('Origin',(83.5,31.25,-8.19999916));
#11227=CARTESIAN_POINT('',(83.5,46.25,-7.19324246));
#11228=CARTESIAN_POINT('Origin',(71.8,46.25,-8.19999916));
#11229=CARTESIAN_POINT('',(82.55,46.25,-1.75675628));
#11230=CARTESIAN_POINT('',(82.55,46.25,-1.75675628));
#11231=CARTESIAN_POINT('',(71.8,46.25,-1.75675628));
#11232=CARTESIAN_POINT('',(71.8,46.25,-7.19324246));
#11233=CARTESIAN_POINT('',(71.8,46.25,-1.75675628));
#11234=CARTESIAN_POINT('Origin',(71.8,31.25,-8.19999916));
#11235=CARTESIAN_POINT('',(71.8,31.25,-1.75675628));
#11236=CARTESIAN_POINT('Ctrl Pts',(55.9999999999999,8.04999999999998,-0.246621229999999));
#11237=CARTESIAN_POINT('Ctrl Pts',(55.9999999999999,8.04999999999998,-2.26013463));
#11238=CARTESIAN_POINT('Ctrl Pts',(55.9999999999999,10.05,-2.26013463));
#11239=CARTESIAN_POINT('Ctrl Pts',(59.5,8.04999999999998,-0.246621229999999));
#11240=CARTESIAN_POINT('Ctrl Pts',(59.5,8.04999999999998,-2.26013463));
#11241=CARTESIAN_POINT('Ctrl Pts',(59.5,10.05,-2.26013463));
#11242=CARTESIAN_POINT('',(59.5,8.04999999999998,-0.246621229999998));
#11243=CARTESIAN_POINT('',(59.5,10.05,-2.26013463));
#11244=CARTESIAN_POINT('Origin',(59.5,10.05,-0.246621229999999));
#11245=CARTESIAN_POINT('',(55.9999999999999,8.04999999999998,-0.246621229999998));
#11246=CARTESIAN_POINT('',(59.5,8.04999999999998,-0.246621229999998));
#11247=CARTESIAN_POINT('',(55.9999999999999,10.05,-2.26013463));
#11248=CARTESIAN_POINT('Origin',(55.9999999999999,10.05,-0.246621229999999));
#11249=CARTESIAN_POINT('',(59.5,10.05,-2.26013463));
#11250=CARTESIAN_POINT('Origin',(0.,0.,-2.26013463));
#11251=CARTESIAN_POINT('',(59.5,21.35,-2.26013463));
#11252=CARTESIAN_POINT('',(59.5,21.35,-2.26013463));
#11253=CARTESIAN_POINT('',(55.9999999999999,21.35,-2.26013463));
#11254=CARTESIAN_POINT('',(56.,21.35,-2.26013463));
#11255=CARTESIAN_POINT('',(55.9999999999999,21.35,-2.26013463));
#11256=CARTESIAN_POINT('Origin',(0.,8.04999999999998,13.6997959977301));
#11257=CARTESIAN_POINT('',(55.9999999999999,8.04999999999998,-0.145945559999999));
#11258=CARTESIAN_POINT('',(55.9999999999999,8.04999999999998,-0.145945559999999));
#11259=CARTESIAN_POINT('',(59.5,8.04999999999998,-0.145945559999999));
#11260=CARTESIAN_POINT('',(59.5,8.04999999999998,-0.145945559999999));
#11261=CARTESIAN_POINT('',(59.5,8.04999999999998,-0.145945559999999));
#11262=CARTESIAN_POINT('Origin',(55.9999999999999,-2.92163953848725E-14,
13.6997959977301));
#11263=CARTESIAN_POINT('',(55.9999999999999,9.44999999999998,-0.145945559999999));
#11264=CARTESIAN_POINT('',(55.9999999999999,9.44999999999998,-0.145945559999999));
#11265=CARTESIAN_POINT('',(55.9999999999999,9.44999999999998,-1.75675628));
#11266=CARTESIAN_POINT('',(55.9999999999999,9.44999999999998,-0.145945559999999));
#11267=CARTESIAN_POINT('',(56.,21.35,-1.75675628));
#11268=CARTESIAN_POINT('',(55.9999999999999,9.44999999999998,-1.75675628));
#11269=CARTESIAN_POINT('',(56.,21.35,-2.26013463));
#11270=CARTESIAN_POINT('Origin',(59.5,0.,13.6997959977301));
#11271=CARTESIAN_POINT('',(59.5,21.35,-1.75675628));
#11272=CARTESIAN_POINT('',(59.5,21.35,-2.26013463));
#11273=CARTESIAN_POINT('',(59.5,9.44999999999998,-1.75675628));
#11274=CARTESIAN_POINT('',(59.5,9.44999999999998,-1.75675628));
#11275=CARTESIAN_POINT('',(59.5,9.44999999999998,-0.145945559999999));
#11276=CARTESIAN_POINT('',(59.5,9.44999999999998,-0.145945559999999));
#11277=CARTESIAN_POINT('',(59.5,9.44999999999998,-0.145945559999999));
#11278=CARTESIAN_POINT('Origin',(0.,0.,-4.17297236));
#11279=CARTESIAN_POINT('',(54.05,21.35,-4.17297236));
#11280=CARTESIAN_POINT('',(61.45,21.35,-4.17297236));
#11281=CARTESIAN_POINT('',(54.05,21.35,-4.17297236));
#11282=CARTESIAN_POINT('',(54.05,26.85,-4.17297236));
#11283=CARTESIAN_POINT('',(54.05,21.35,-4.17297236));
#11284=CARTESIAN_POINT('',(61.45,26.85,-4.17297236));
#11285=CARTESIAN_POINT('',(54.05,26.85,-4.17297236));
#11286=CARTESIAN_POINT('',(61.45,21.35,-4.17297236));
#11287=CARTESIAN_POINT('Origin',(61.45,21.35,-4.17297236));
#11288=CARTESIAN_POINT('',(61.45,21.35,-1.75675628));
#11289=CARTESIAN_POINT('',(61.45,26.85,-1.75675628));
#11290=CARTESIAN_POINT('',(61.45,21.35,-1.75675628));
#11291=CARTESIAN_POINT('',(61.45,21.35,-4.17297236));
#11292=CARTESIAN_POINT('',(61.45,26.85,-4.17297236));
#11293=CARTESIAN_POINT('Origin',(54.05,26.85,-4.17297236));
#11294=CARTESIAN_POINT('',(54.05,26.85,-1.75675628));
#11295=CARTESIAN_POINT('',(54.05,26.85,-1.75675628));
#11296=CARTESIAN_POINT('',(54.05,26.85,-4.17297236));
#11297=CARTESIAN_POINT('Origin',(54.05,21.35,-4.17297236));
#11298=CARTESIAN_POINT('',(54.05,21.35,-1.75675628));
#11299=CARTESIAN_POINT('',(54.05,21.35,-1.75675628));
#11300=CARTESIAN_POINT('',(54.05,21.35,-4.17297236));
#11301=CARTESIAN_POINT('Origin',(54.05,21.35,-4.17297236));
#11302=CARTESIAN_POINT('',(54.05,21.35,-1.75675628));
#11303=CARTESIAN_POINT('',(59.5,21.35,-1.75675628));
#11304=CARTESIAN_POINT('Origin',(0.,0.,-0.145945559999999));
#11305=CARTESIAN_POINT('',(60.05,9.44999999999998,-0.145945559999999));
#11306=CARTESIAN_POINT('',(59.5,9.44999999999998,-0.145945559999999));
#11307=CARTESIAN_POINT('',(60.05,7.54999999999998,-0.145945559999999));
#11308=CARTESIAN_POINT('',(60.05,9.44999999999998,-0.145945559999999));
#11309=CARTESIAN_POINT('',(54.85,7.54999999999998,-0.145945559999999));
#11310=CARTESIAN_POINT('',(60.05,7.54999999999998,-0.145945559999999));
#11311=CARTESIAN_POINT('',(54.85,9.44999999999998,-0.145945559999999));
#11312=CARTESIAN_POINT('',(54.85,7.54999999999998,-0.145945559999999));
#11313=CARTESIAN_POINT('',(54.85,9.44999999999998,-0.145945559999999));
#11314=CARTESIAN_POINT('Origin',(60.05,7.54999999999998,-0.145945559999999));
#11315=CARTESIAN_POINT('',(60.05,7.54999999999998,-1.75675628));
#11316=CARTESIAN_POINT('',(54.85,7.54999999999998,-1.75675628));
#11317=CARTESIAN_POINT('',(60.05,7.54999999999998,-1.75675628));
#11318=CARTESIAN_POINT('',(54.85,7.54999999999998,-0.145945559999999));
#11319=CARTESIAN_POINT('',(60.05,7.54999999999998,-0.145945559999999));
#11320=CARTESIAN_POINT('Origin',(54.85,7.54999999999998,-0.145945559999999));
#11321=CARTESIAN_POINT('',(54.85,9.44999999999998,-1.75675628));
#11322=CARTESIAN_POINT('',(54.85,7.54999999999998,-1.75675628));
#11323=CARTESIAN_POINT('',(54.85,9.44999999999998,-0.145945559999999));
#11324=CARTESIAN_POINT('Origin',(60.05,9.44999999999998,-0.145945559999999));
#11325=CARTESIAN_POINT('',(60.05,9.44999999999998,-1.75675628));
#11326=CARTESIAN_POINT('',(59.5,9.44999999999998,-1.75675628));
#11327=CARTESIAN_POINT('',(60.05,9.44999999999998,-0.145945559999999));
#11328=CARTESIAN_POINT('Origin',(60.05,7.54999999999998,-0.145945559999999));
#11329=CARTESIAN_POINT('',(60.05,9.44999999999998,-1.75675628));
#11330=CARTESIAN_POINT('Origin',(0.,0.,-2.96486432));
#11331=CARTESIAN_POINT('',(66.7499999999999,40.15,-2.96486432));
#11332=CARTESIAN_POINT('',(66.7499999999999,37.35,-2.96486432));
#11333=CARTESIAN_POINT('',(66.7499999999999,40.15,-2.96486432));
#11334=CARTESIAN_POINT('',(60.35,37.35,-2.96486432));
#11335=CARTESIAN_POINT('',(66.7499999999999,37.35,-2.96486432));
#11336=CARTESIAN_POINT('',(60.35,40.15,-2.96486432));
#11337=CARTESIAN_POINT('',(60.35,37.35,-2.96486432));
#11338=CARTESIAN_POINT('',(60.35,40.15,-2.96486432));
#11339=CARTESIAN_POINT('Origin',(66.7499999999999,40.15,-2.96486432));
#11340=CARTESIAN_POINT('',(60.35,40.15,-1.75675628));
#11341=CARTESIAN_POINT('',(66.7499999999999,40.15,-1.75675628));
#11342=CARTESIAN_POINT('',(60.35,40.15,-1.75675628));
#11343=CARTESIAN_POINT('',(66.7499999999999,40.15,-2.96486432));
#11344=CARTESIAN_POINT('',(60.35,40.15,-2.96486432));
#11345=CARTESIAN_POINT('Origin',(60.35,37.35,-2.96486432));
#11346=CARTESIAN_POINT('',(60.35,37.35,-1.75675628));
#11347=CARTESIAN_POINT('',(60.35,37.35,-1.75675628));
#11348=CARTESIAN_POINT('',(60.35,37.35,-2.96486432));
#11349=CARTESIAN_POINT('Origin',(66.7499999999999,37.35,-2.96486432));
#11350=CARTESIAN_POINT('',(66.7499999999999,37.35,-1.75675628));
#11351=CARTESIAN_POINT('',(66.7499999999999,37.35,-1.75675628));
#11352=CARTESIAN_POINT('',(66.7499999999999,37.35,-2.96486432));
#11353=CARTESIAN_POINT('Origin',(66.7499999999999,37.35,-2.96486432));
#11354=CARTESIAN_POINT('',(66.7499999999999,40.15,-1.75675628));
#11355=CARTESIAN_POINT('Origin',(0.,0.,-2.96486432));
#11356=CARTESIAN_POINT('',(67.25,44.95,-2.96486432));
#11357=CARTESIAN_POINT('',(67.25,42.15,-2.96486432));
#11358=CARTESIAN_POINT('',(67.25,44.95,-2.96486432));
#11359=CARTESIAN_POINT('',(59.3499999999999,42.15,-2.96486432));
#11360=CARTESIAN_POINT('',(67.25,42.15,-2.96486432));
#11361=CARTESIAN_POINT('',(59.3499999999999,44.95,-2.96486432));
#11362=CARTESIAN_POINT('',(59.3499999999999,42.15,-2.96486432));
#11363=CARTESIAN_POINT('',(59.3499999999999,44.95,-2.96486432));
#11364=CARTESIAN_POINT('Origin',(67.25,44.95,-2.96486432));
#11365=CARTESIAN_POINT('',(59.3499999999999,44.95,-1.75675628));
#11366=CARTESIAN_POINT('',(67.25,44.95,-1.75675628));
#11367=CARTESIAN_POINT('',(59.3499999999999,44.95,-1.75675628));
#11368=CARTESIAN_POINT('',(67.25,44.95,-2.96486432));
#11369=CARTESIAN_POINT('',(59.3499999999999,44.95,-2.96486432));
#11370=CARTESIAN_POINT('Origin',(59.3499999999999,42.15,-2.96486432));
#11371=CARTESIAN_POINT('',(59.3499999999999,42.15,-1.75675628));
#11372=CARTESIAN_POINT('',(59.3499999999999,42.15,-1.75675628));
#11373=CARTESIAN_POINT('',(59.3499999999999,42.15,-2.96486432));
#11374=CARTESIAN_POINT('Origin',(67.25,42.15,-2.96486432));
#11375=CARTESIAN_POINT('',(67.25,42.15,-1.75675628));
#11376=CARTESIAN_POINT('',(67.25,42.15,-1.75675628));
#11377=CARTESIAN_POINT('',(67.25,42.15,-2.96486432));
#11378=CARTESIAN_POINT('Origin',(67.25,42.15,-2.96486432));
#11379=CARTESIAN_POINT('',(67.25,44.95,-1.75675628));
#11380=CARTESIAN_POINT('Origin',(0.,0.,-3.367567));
#11381=CARTESIAN_POINT('',(-10.95,-2.75000000000001,-3.367567));
#11382=CARTESIAN_POINT('',(-12.35,-2.75000000000001,-3.367567));
#11383=CARTESIAN_POINT('',(-10.95,-2.75000000000001,-3.367567));
#11384=CARTESIAN_POINT('',(-12.35,1.24999999999999,-3.367567));
#11385=CARTESIAN_POINT('',(-12.35,-2.75000000000001,-3.367567));
#11386=CARTESIAN_POINT('',(-10.95,1.24999999999999,-3.367567));
#11387=CARTESIAN_POINT('',(-10.95,1.24999999999999,-3.367567));
#11388=CARTESIAN_POINT('',(-10.95,-2.75000000000001,-3.367567));
#11389=CARTESIAN_POINT('Origin',(-10.95,0.,-3.367567));
#11390=CARTESIAN_POINT('',(-10.95,-0.050000000000014,-1.75675628));
#11391=CARTESIAN_POINT('',(-10.95,1.24999999999999,-1.75675628));
#11392=CARTESIAN_POINT('',(-10.95,-0.050000000000014,-1.75675628));
#11393=CARTESIAN_POINT('',(-10.95,-0.050000000000014,-2.56216164));
#11394=CARTESIAN_POINT('',(-10.95,-0.050000000000014,-2.56216164));
#11395=CARTESIAN_POINT('',(-10.95,-2.75000000000001,-2.56216164));
#11396=CARTESIAN_POINT('',(-10.95,-2.75000000000001,-2.56216164));
#11397=CARTESIAN_POINT('',(-10.95,-2.75000000000001,-3.367567));
#11398=CARTESIAN_POINT('',(-10.95,1.24999999999999,-3.367567));
#11399=CARTESIAN_POINT('Origin',(0.,1.24999999999999,-3.367567));
#11400=CARTESIAN_POINT('',(-12.35,1.24999999999999,-1.75675628));
#11401=CARTESIAN_POINT('',(-10.95,1.24999999999999,-1.75675628));
#11402=CARTESIAN_POINT('',(-12.35,1.24999999999999,-3.367567));
#11403=CARTESIAN_POINT('Origin',(-12.35,0.,-3.367567));
#11404=CARTESIAN_POINT('',(-12.35,-0.050000000000014,-2.56216164));
#11405=CARTESIAN_POINT('',(-12.35,-0.050000000000014,-1.75675628));
#11406=CARTESIAN_POINT('',(-12.35,-0.050000000000014,-2.56216164));
#11407=CARTESIAN_POINT('',(-12.35,-0.050000000000014,-1.75675628));
#11408=CARTESIAN_POINT('',(-12.35,-2.75000000000001,-2.56216164));
#11409=CARTESIAN_POINT('',(-12.35,-2.75000000000001,-3.367567));
#11410=CARTESIAN_POINT('',(-12.35,-2.75000000000001,-2.56216164));
#11411=CARTESIAN_POINT('Origin',(0.,0.,-2.56216164));
#11412=CARTESIAN_POINT('',(-16.75,-2.75000000000001,-2.56216164));
#11413=CARTESIAN_POINT('',(-12.35,-2.75000000000001,-2.56216164));
#11414=CARTESIAN_POINT('',(-16.75,-0.050000000000014,-2.56216164));
#11415=CARTESIAN_POINT('',(-16.75,-2.75000000000001,-2.56216164));
#11416=CARTESIAN_POINT('',(-12.35,-0.050000000000014,-2.56216164));
#11417=CARTESIAN_POINT('Origin',(0.,-0.050000000000014,-2.56216164));
#11418=CARTESIAN_POINT('',(-16.75,-0.050000000000014,-1.75675628));
#11419=CARTESIAN_POINT('',(-12.35,-0.050000000000014,-1.75675628));
#11420=CARTESIAN_POINT('',(-16.75,-0.050000000000014,-2.56216164));
#11421=CARTESIAN_POINT('Origin',(-16.75,0.,-2.56216164));
#11422=CARTESIAN_POINT('',(-16.75,-2.75000000000001,-1.75675628));
#11423=CARTESIAN_POINT('',(-16.75,-2.75000000000001,-1.75675628));
#11424=CARTESIAN_POINT('',(-16.75,-2.75000000000001,-2.56216164));
#11425=CARTESIAN_POINT('Origin',(0.,0.,-2.56216164));
#11426=CARTESIAN_POINT('',(-8.55000000000005,-2.75000000000001,-2.56216164));
#11427=CARTESIAN_POINT('',(-8.55000000000005,-2.75000000000001,-2.56216164));
#11428=CARTESIAN_POINT('',(-8.55000000000005,-0.050000000000014,-2.56216164));
#11429=CARTESIAN_POINT('',(-8.55000000000005,-0.050000000000014,-2.56216164));
#11430=CARTESIAN_POINT('',(-8.55000000000005,-2.75000000000001,-2.56216164));
#11431=CARTESIAN_POINT('Origin',(-8.55000000000005,0.,-2.56216164));
#11432=CARTESIAN_POINT('',(-8.55000000000005,-2.75000000000001,-1.75675628));
#11433=CARTESIAN_POINT('',(-8.55000000000005,-0.050000000000014,-1.75675628));
#11434=CARTESIAN_POINT('',(-8.55000000000005,-2.75000000000001,-1.75675628));
#11435=CARTESIAN_POINT('',(-8.55000000000005,-2.75000000000001,-2.56216164));
#11436=CARTESIAN_POINT('',(-8.55000000000005,-0.050000000000014,-2.56216164));
#11437=CARTESIAN_POINT('Origin',(0.,-0.050000000000014,-2.56216164));
#11438=CARTESIAN_POINT('',(-8.55000000000005,-0.050000000000014,-1.75675628));
#11439=CARTESIAN_POINT('Origin',(0.,-2.75000000000001,-2.56216164));
#11440=CARTESIAN_POINT('',(-8.55000000000005,-2.75000000000001,-1.75675628));
#11441=CARTESIAN_POINT('Origin',(0.,0.,-3.367567));
#11442=CARTESIAN_POINT('',(12.15,6.54999999999999,-3.367567));
#11443=CARTESIAN_POINT('',(12.15,4.04999999999999,-3.367567));
#11444=CARTESIAN_POINT('',(12.15,6.54999999999999,-3.367567));
#11445=CARTESIAN_POINT('',(11.15,4.04999999999999,-3.367567));
#11446=CARTESIAN_POINT('',(12.15,4.04999999999999,-3.367567));
#11447=CARTESIAN_POINT('',(11.15,6.54999999999999,-3.367567));
#11448=CARTESIAN_POINT('',(11.15,4.04999999999999,-3.367567));
#11449=CARTESIAN_POINT('',(11.15,6.54999999999999,-3.367567));
#11450=CARTESIAN_POINT('Origin',(12.15,6.54999999999999,-3.367567));
#11451=CARTESIAN_POINT('',(11.15,6.54999999999999,-1.75675628));
#11452=CARTESIAN_POINT('',(12.15,6.54999999999999,-1.75675628));
#11453=CARTESIAN_POINT('',(11.15,6.54999999999999,-1.75675628));
#11454=CARTESIAN_POINT('',(12.15,6.54999999999999,-3.367567));
#11455=CARTESIAN_POINT('',(11.15,6.54999999999999,-3.367567));
#11456=CARTESIAN_POINT('Origin',(11.15,4.04999999999999,-3.367567));
#11457=CARTESIAN_POINT('',(11.15,4.04999999999999,-1.75675628));
#11458=CARTESIAN_POINT('',(11.15,4.04999999999999,-1.75675628));
#11459=CARTESIAN_POINT('',(11.15,4.04999999999999,-3.367567));
#11460=CARTESIAN_POINT('Origin',(12.15,4.04999999999999,-3.367567));
#11461=CARTESIAN_POINT('',(12.15,4.04999999999999,-1.75675628));
#11462=CARTESIAN_POINT('',(12.15,4.04999999999999,-1.75675628));
#11463=CARTESIAN_POINT('',(12.15,4.04999999999999,-3.367567));
#11464=CARTESIAN_POINT('Origin',(12.15,4.04999999999999,-3.367567));
#11465=CARTESIAN_POINT('',(12.15,6.54999999999999,-1.75675628));
#11466=CARTESIAN_POINT('Origin',(0.,0.,-3.367567));
#11467=CARTESIAN_POINT('',(18.65,6.54999999999999,-3.367567));
#11468=CARTESIAN_POINT('',(18.65,4.04999999999999,-3.367567));
#11469=CARTESIAN_POINT('',(18.65,6.54999999999999,-3.367567));
#11470=CARTESIAN_POINT('',(17.65,4.04999999999999,-3.367567));
#11471=CARTESIAN_POINT('',(18.65,4.04999999999999,-3.367567));
#11472=CARTESIAN_POINT('',(17.65,6.54999999999999,-3.367567));
#11473=CARTESIAN_POINT('',(17.65,4.04999999999999,-3.367567));
#11474=CARTESIAN_POINT('',(17.65,6.54999999999999,-3.367567));
#11475=CARTESIAN_POINT('Origin',(18.65,6.54999999999999,-3.367567));
#11476=CARTESIAN_POINT('',(17.65,6.54999999999999,-1.75675628));
#11477=CARTESIAN_POINT('',(18.65,6.54999999999999,-1.75675628));
#11478=CARTESIAN_POINT('',(17.65,6.54999999999999,-1.75675628));
#11479=CARTESIAN_POINT('',(18.65,6.54999999999999,-3.367567));
#11480=CARTESIAN_POINT('',(17.65,6.54999999999999,-3.367567));
#11481=CARTESIAN_POINT('Origin',(17.65,4.04999999999999,-3.367567));
#11482=CARTESIAN_POINT('',(17.65,4.04999999999999,-1.75675628));
#11483=CARTESIAN_POINT('',(17.65,4.04999999999999,-1.75675628));
#11484=CARTESIAN_POINT('',(17.65,4.04999999999999,-3.367567));
#11485=CARTESIAN_POINT('Origin',(18.65,4.04999999999999,-3.367567));
#11486=CARTESIAN_POINT('',(18.65,4.04999999999999,-1.75675628));
#11487=CARTESIAN_POINT('',(18.65,4.04999999999999,-1.75675628));
#11488=CARTESIAN_POINT('',(18.65,4.04999999999999,-3.367567));
#11489=CARTESIAN_POINT('Origin',(18.65,4.04999999999999,-3.367567));
#11490=CARTESIAN_POINT('',(18.65,6.54999999999999,-1.75675628));
#11491=CARTESIAN_POINT('Origin',(0.,0.,-3.367567));
#11492=CARTESIAN_POINT('',(1.94999999999996,32.75,-3.367567));
#11493=CARTESIAN_POINT('',(1.94999999999996,30.25,-3.367567));
#11494=CARTESIAN_POINT('',(1.94999999999996,32.75,-3.367567));
#11495=CARTESIAN_POINT('',(-0.850000000000043,30.25,-3.367567));
#11496=CARTESIAN_POINT('',(1.94999999999996,30.25,-3.367567));
#11497=CARTESIAN_POINT('',(-0.850000000000043,32.75,-3.367567));
#11498=CARTESIAN_POINT('',(-0.850000000000043,30.25,-3.367567));
#11499=CARTESIAN_POINT('',(-0.850000000000043,32.75,-3.367567));
#11500=CARTESIAN_POINT('Origin',(1.94999999999996,32.75,-3.367567));
#11501=CARTESIAN_POINT('',(-0.850000000000043,32.75,-1.75675628));
#11502=CARTESIAN_POINT('',(1.94999999999996,32.75,-1.75675628));
#11503=CARTESIAN_POINT('',(-0.850000000000043,32.75,-1.75675628));
#11504=CARTESIAN_POINT('',(1.94999999999996,32.75,-3.367567));
#11505=CARTESIAN_POINT('',(-0.850000000000043,32.75,-3.367567));
#11506=CARTESIAN_POINT('Origin',(-0.850000000000043,30.25,-3.367567));
#11507=CARTESIAN_POINT('',(-0.850000000000043,30.25,-1.75675628));
#11508=CARTESIAN_POINT('',(-0.850000000000043,30.25,-1.75675628));
#11509=CARTESIAN_POINT('',(-0.850000000000043,30.25,-3.367567));
#11510=CARTESIAN_POINT('Origin',(1.94999999999996,30.25,-3.367567));
#11511=CARTESIAN_POINT('',(1.94999999999996,30.25,-1.75675628));
#11512=CARTESIAN_POINT('',(1.94999999999996,30.25,-1.75675628));
#11513=CARTESIAN_POINT('',(1.94999999999996,30.25,-3.367567));
#11514=CARTESIAN_POINT('Origin',(1.94999999999996,30.25,-3.367567));
#11515=CARTESIAN_POINT('',(1.94999999999996,32.75,-1.75675628));
#11516=CARTESIAN_POINT('Origin',(0.,0.,-3.367567));
#11517=CARTESIAN_POINT('',(14.25,32.75,-3.367567));
#11518=CARTESIAN_POINT('',(14.25,30.25,-3.367567));
#11519=CARTESIAN_POINT('',(14.25,32.75,-3.367567));
#11520=CARTESIAN_POINT('',(11.45,30.25,-3.367567));
#11521=CARTESIAN_POINT('',(14.25,30.25,-3.367567));
#11522=CARTESIAN_POINT('',(11.45,32.75,-3.367567));
#11523=CARTESIAN_POINT('',(11.45,30.25,-3.367567));
#11524=CARTESIAN_POINT('',(11.45,32.75,-3.367567));
#11525=CARTESIAN_POINT('Origin',(14.25,32.75,-3.367567));
#11526=CARTESIAN_POINT('',(11.45,32.75,-1.75675628));
#11527=CARTESIAN_POINT('',(14.25,32.75,-1.75675628));
#11528=CARTESIAN_POINT('',(11.45,32.75,-1.75675628));
#11529=CARTESIAN_POINT('',(14.25,32.75,-3.367567));
#11530=CARTESIAN_POINT('',(11.45,32.75,-3.367567));
#11531=CARTESIAN_POINT('Origin',(11.45,30.25,-3.367567));
#11532=CARTESIAN_POINT('',(11.45,30.25,-1.75675628));
#11533=CARTESIAN_POINT('',(11.45,30.25,-1.75675628));
#11534=CARTESIAN_POINT('',(11.45,30.25,-3.367567));
#11535=CARTESIAN_POINT('Origin',(14.25,30.25,-3.367567));
#11536=CARTESIAN_POINT('',(14.25,30.25,-1.75675628));
#11537=CARTESIAN_POINT('',(14.25,30.25,-1.75675628));
#11538=CARTESIAN_POINT('',(14.25,30.25,-3.367567));
#11539=CARTESIAN_POINT('Origin',(14.25,30.25,-3.367567));
#11540=CARTESIAN_POINT('',(14.25,32.75,-1.75675628));
#11541=CARTESIAN_POINT('Origin',(0.,0.,-3.367567));
#11542=CARTESIAN_POINT('',(16.55,-0.250000000000014,-3.367567));
#11543=CARTESIAN_POINT('',(16.55,-2.75000000000001,-3.367567));
#11544=CARTESIAN_POINT('',(16.55,-0.250000000000014,-3.367567));
#11545=CARTESIAN_POINT('',(5.54999999999995,-2.75000000000001,-3.367567));
#11546=CARTESIAN_POINT('',(16.55,-2.75000000000001,-3.367567));
#11547=CARTESIAN_POINT('',(5.54999999999995,-0.250000000000014,-3.367567));
#11548=CARTESIAN_POINT('',(5.54999999999995,-2.75000000000001,-3.367567));
#11549=CARTESIAN_POINT('',(5.54999999999995,-0.250000000000014,-3.367567));
#11550=CARTESIAN_POINT('Origin',(16.55,-0.250000000000014,-3.367567));
#11551=CARTESIAN_POINT('',(5.54999999999995,-0.250000000000014,-1.75675628));
#11552=CARTESIAN_POINT('',(16.55,-0.250000000000014,-1.75675628));
#11553=CARTESIAN_POINT('',(5.54999999999995,-0.250000000000014,-1.75675628));
#11554=CARTESIAN_POINT('',(16.55,-0.250000000000014,-3.367567));
#11555=CARTESIAN_POINT('',(5.54999999999995,-0.250000000000014,-3.367567));
#11556=CARTESIAN_POINT('Origin',(5.54999999999995,-2.75000000000001,-3.367567));
#11557=CARTESIAN_POINT('',(5.54999999999995,-2.75000000000001,-1.75675628));
#11558=CARTESIAN_POINT('',(5.54999999999995,-2.75000000000001,-1.75675628));
#11559=CARTESIAN_POINT('',(5.54999999999995,-2.75000000000001,-3.367567));
#11560=CARTESIAN_POINT('Origin',(16.55,-2.75000000000001,-3.367567));
#11561=CARTESIAN_POINT('',(16.55,-2.75000000000001,-1.75675628));
#11562=CARTESIAN_POINT('',(16.55,-2.75000000000001,-1.75675628));
#11563=CARTESIAN_POINT('',(16.55,-2.75000000000001,-3.367567));
#11564=CARTESIAN_POINT('Origin',(16.55,-2.75000000000001,-3.367567));
#11565=CARTESIAN_POINT('',(16.55,-0.250000000000014,-1.75675628));
#11566=CARTESIAN_POINT('Origin',(0.,0.,-3.367567));
#11567=CARTESIAN_POINT('',(30.35,19.65,-3.367567));
#11568=CARTESIAN_POINT('',(30.35,18.65,-3.367567));
#11569=CARTESIAN_POINT('',(30.35,19.65,-3.367567));
#11570=CARTESIAN_POINT('',(27.85,18.65,-3.367567));
#11571=CARTESIAN_POINT('',(30.35,18.65,-3.367567));
#11572=CARTESIAN_POINT('',(27.85,19.65,-3.367567));
#11573=CARTESIAN_POINT('',(27.85,18.65,-3.367567));
#11574=CARTESIAN_POINT('',(27.85,19.65,-3.367567));
#11575=CARTESIAN_POINT('Origin',(30.35,19.65,-3.367567));
#11576=CARTESIAN_POINT('',(27.85,19.65,-1.75675628));
#11577=CARTESIAN_POINT('',(30.35,19.65,-1.75675628));
#11578=CARTESIAN_POINT('',(27.85,19.65,-1.75675628));
#11579=CARTESIAN_POINT('',(30.35,19.65,-3.367567));
#11580=CARTESIAN_POINT('',(27.85,19.65,-3.367567));
#11581=CARTESIAN_POINT('Origin',(27.85,18.65,-3.367567));
#11582=CARTESIAN_POINT('',(27.85,18.65,-1.75675628));
#11583=CARTESIAN_POINT('',(27.85,18.65,-1.75675628));
#11584=CARTESIAN_POINT('',(27.85,18.65,-3.367567));
#11585=CARTESIAN_POINT('Origin',(30.35,18.65,-3.367567));
#11586=CARTESIAN_POINT('',(30.35,18.65,-1.75675628));
#11587=CARTESIAN_POINT('',(30.35,18.65,-1.75675628));
#11588=CARTESIAN_POINT('',(30.35,18.65,-3.367567));
#11589=CARTESIAN_POINT('Origin',(30.35,18.65,-3.367567));
#11590=CARTESIAN_POINT('',(30.35,19.65,-1.75675628));
#11591=CARTESIAN_POINT('Origin',(0.,0.,-3.367567));
#11592=CARTESIAN_POINT('',(30.35,14.65,-3.367567));
#11593=CARTESIAN_POINT('',(30.35,10.15,-3.367567));
#11594=CARTESIAN_POINT('',(30.35,14.65,-3.367567));
#11595=CARTESIAN_POINT('',(27.85,10.15,-3.367567));
#11596=CARTESIAN_POINT('',(30.35,10.15,-3.367567));
#11597=CARTESIAN_POINT('',(27.85,14.65,-3.367567));
#11598=CARTESIAN_POINT('',(27.85,10.15,-3.367567));
#11599=CARTESIAN_POINT('',(27.85,14.65,-3.367567));
#11600=CARTESIAN_POINT('Origin',(30.35,14.65,-3.367567));
#11601=CARTESIAN_POINT('',(27.85,14.65,-1.75675628));
#11602=CARTESIAN_POINT('',(30.35,14.65,-1.75675628));
#11603=CARTESIAN_POINT('',(27.85,14.65,-1.75675628));
#11604=CARTESIAN_POINT('',(30.35,14.65,-3.367567));
#11605=CARTESIAN_POINT('',(27.85,14.65,-3.367567));
#11606=CARTESIAN_POINT('Origin',(27.85,10.15,-3.367567));
#11607=CARTESIAN_POINT('',(27.85,10.15,-1.75675628));
#11608=CARTESIAN_POINT('',(27.85,10.15,-1.75675628));
#11609=CARTESIAN_POINT('',(27.85,10.15,-3.367567));
#11610=CARTESIAN_POINT('Origin',(30.35,10.15,-3.367567));
#11611=CARTESIAN_POINT('',(30.35,10.15,-1.75675628));
#11612=CARTESIAN_POINT('',(30.35,10.15,-1.75675628));
#11613=CARTESIAN_POINT('',(30.35,10.15,-3.367567));
#11614=CARTESIAN_POINT('Origin',(30.35,10.15,-3.367567));
#11615=CARTESIAN_POINT('',(30.35,14.65,-1.75675628));
#11616=CARTESIAN_POINT('Origin',(0.,0.,-3.367567));
#11617=CARTESIAN_POINT('',(30.35,4.94999999999999,-3.367567));
#11618=CARTESIAN_POINT('',(30.35,1.74999999999999,-3.367567));
#11619=CARTESIAN_POINT('',(30.35,4.94999999999999,-3.367567));
#11620=CARTESIAN_POINT('',(27.85,1.74999999999999,-3.367567));
#11621=CARTESIAN_POINT('',(30.35,1.74999999999999,-3.367567));
#11622=CARTESIAN_POINT('',(27.85,4.94999999999999,-3.367567));
#11623=CARTESIAN_POINT('',(27.85,1.74999999999999,-3.367567));
#11624=CARTESIAN_POINT('',(27.85,4.94999999999999,-3.367567));
#11625=CARTESIAN_POINT('Origin',(30.35,4.94999999999999,-3.367567));
#11626=CARTESIAN_POINT('',(27.85,4.94999999999999,-1.75675628));
#11627=CARTESIAN_POINT('',(30.35,4.94999999999999,-1.75675628));
#11628=CARTESIAN_POINT('',(27.85,4.94999999999999,-1.75675628));
#11629=CARTESIAN_POINT('',(30.35,4.94999999999999,-3.367567));
#11630=CARTESIAN_POINT('',(27.85,4.94999999999999,-3.367567));
#11631=CARTESIAN_POINT('Origin',(27.85,1.74999999999999,-3.367567));
#11632=CARTESIAN_POINT('',(27.85,1.74999999999999,-1.75675628));
#11633=CARTESIAN_POINT('',(27.85,1.74999999999999,-1.75675628));
#11634=CARTESIAN_POINT('',(27.85,1.74999999999999,-3.367567));
#11635=CARTESIAN_POINT('Origin',(30.35,1.74999999999999,-3.367567));
#11636=CARTESIAN_POINT('',(30.35,1.74999999999999,-1.75675628));
#11637=CARTESIAN_POINT('',(30.35,1.74999999999999,-1.75675628));
#11638=CARTESIAN_POINT('',(30.35,1.74999999999999,-3.367567));
#11639=CARTESIAN_POINT('Origin',(30.35,1.74999999999999,-3.367567));
#11640=CARTESIAN_POINT('',(30.35,4.94999999999999,-1.75675628));
#11641=CARTESIAN_POINT('Origin',(0.,0.,-3.367567));
#11642=CARTESIAN_POINT('',(30.35,-4.15000000000001,-3.367567));
#11643=CARTESIAN_POINT('',(30.3499999999999,-11.65,-3.367567));
#11644=CARTESIAN_POINT('',(30.35,-4.15000000000001,-3.367567));
#11645=CARTESIAN_POINT('',(27.85,-11.65,-3.367567));
#11646=CARTESIAN_POINT('',(30.3499999999999,-11.65,-3.367567));
#11647=CARTESIAN_POINT('',(27.85,-4.15000000000001,-3.367567));
#11648=CARTESIAN_POINT('',(27.85,-11.65,-3.367567));
#11649=CARTESIAN_POINT('',(27.85,-4.15000000000001,-3.367567));
#11650=CARTESIAN_POINT('Origin',(30.35,-4.15000000000001,-3.367567));
#11651=CARTESIAN_POINT('',(27.85,-4.15000000000001,-1.75675628));
#11652=CARTESIAN_POINT('',(30.35,-4.15000000000001,-1.75675628));
#11653=CARTESIAN_POINT('',(27.85,-4.15000000000001,-1.75675628));
#11654=CARTESIAN_POINT('',(30.35,-4.15000000000001,-3.367567));
#11655=CARTESIAN_POINT('',(27.85,-4.15000000000001,-3.367567));
#11656=CARTESIAN_POINT('Origin',(27.85,-11.65,-3.367567));
#11657=CARTESIAN_POINT('',(27.85,-11.65,-1.75675628));
#11658=CARTESIAN_POINT('',(27.85,-11.65,-1.75675628));
#11659=CARTESIAN_POINT('',(27.85,-11.65,-3.367567));
#11660=CARTESIAN_POINT('Origin',(30.3499999999999,-11.65,-3.367567));
#11661=CARTESIAN_POINT('',(30.3499999999999,-11.65,-1.75675628));
#11662=CARTESIAN_POINT('',(30.3499999999999,-11.65,-1.75675628));
#11663=CARTESIAN_POINT('',(30.3499999999999,-11.65,-3.367567));
#11664=CARTESIAN_POINT('Origin',(30.3499999999999,-11.65,-3.367567));
#11665=CARTESIAN_POINT('',(30.35,-4.15000000000001,-1.75675628));
#11666=CARTESIAN_POINT('Origin',(-2.50956662857976E-14,-10.8499999999999,
-2.56216164));
#11667=CARTESIAN_POINT('',(39.575,-11.65,-1.75675628));
#11668=CARTESIAN_POINT('',(39.575,-10.85,-2.56216164));
#11669=CARTESIAN_POINT('',(39.575,-11.65,-1.75675627999999));
#11670=CARTESIAN_POINT('',(38.825,-11.65,-1.75675628));
#11671=CARTESIAN_POINT('',(39.575,-11.65,-1.75675628));
#11672=CARTESIAN_POINT('',(38.825,-10.85,-2.56216164));
#11673=CARTESIAN_POINT('',(38.825,-10.85,-2.56216164));
#11674=CARTESIAN_POINT('',(39.575,-10.85,-2.56216164));
#11675=CARTESIAN_POINT('Origin',(36.575,-11.65,-1.75675628));
#11676=CARTESIAN_POINT('',(36.575,-10.85,-2.56216164));
#11677=CARTESIAN_POINT('',(36.575,-11.65,-1.75675628));
#11678=CARTESIAN_POINT('',(36.575,-10.85,-2.56216164));
#11679=CARTESIAN_POINT('',(37.325,-10.85,-2.56216164));
#11680=CARTESIAN_POINT('',(37.325,-10.85,-2.56216164));
#11681=CARTESIAN_POINT('',(37.325,-11.65,-1.75675628));
#11682=CARTESIAN_POINT('',(37.325,-11.65,-1.75675628));
#11683=CARTESIAN_POINT('',(36.575,-11.65,-1.75675628));
#11684=CARTESIAN_POINT('Origin',(2.69460379935066E-14,-11.6500000000001,
-1.75675628));
#11685=CARTESIAN_POINT('',(34.325,-10.85,-2.56216164));
#11686=CARTESIAN_POINT('',(34.325,-11.65,-1.75675628));
#11687=CARTESIAN_POINT('',(34.325,-11.65,-1.75675628));
#11688=CARTESIAN_POINT('',(35.075,-10.85,-2.56216164));
#11689=CARTESIAN_POINT('',(35.075,-10.85,-2.56216164));
#11690=CARTESIAN_POINT('',(35.075,-11.65,-1.75675628));
#11691=CARTESIAN_POINT('',(35.075,-10.85,-2.56216164));
#11692=CARTESIAN_POINT('',(34.325,-11.65,-1.75675628));
#11693=CARTESIAN_POINT('Origin',(38.4499999999999,-3.65000000000002,-1.75675628));
#11694=CARTESIAN_POINT('',(38.4499999999999,-4.45000000000002,-2.56216164));
#11695=CARTESIAN_POINT('',(38.4499999999999,-3.65000000000002,-1.75675628));
#11696=CARTESIAN_POINT('',(38.4499999999999,-4.45000000000002,-2.56216164));
#11697=CARTESIAN_POINT('',(35.4499999999999,-4.45000000000002,-2.56216164));
#11698=CARTESIAN_POINT('',(35.4499999999999,-4.45000000000002,-2.56216164));
#11699=CARTESIAN_POINT('',(35.4499999999999,-3.65000000000002,-1.75675628));
#11700=CARTESIAN_POINT('',(35.4499999999999,-3.65000000000002,-1.75675628));
#11701=CARTESIAN_POINT('',(38.4499999999999,-3.65000000000002,-1.75675628));
#11702=CARTESIAN_POINT('Origin',(0.,8.34999999999998,-1.75675628));
#11703=CARTESIAN_POINT('',(38.45,7.54999999999998,-2.56216164));
#11704=CARTESIAN_POINT('',(38.45,8.34999999999998,-1.75675628));
#11705=CARTESIAN_POINT('',(38.45,8.34999999999998,-1.75675628));
#11706=CARTESIAN_POINT('',(35.45,7.54999999999998,-2.56216164));
#11707=CARTESIAN_POINT('',(35.45,7.54999999999998,-2.56216164));
#11708=CARTESIAN_POINT('',(35.45,8.34999999999998,-1.75675628));
#11709=CARTESIAN_POINT('',(35.45,7.54999999999998,-2.56216164));
#11710=CARTESIAN_POINT('',(38.45,8.34999999999998,-1.75675628));
#11711=CARTESIAN_POINT('Origin',(0.,0.349999999999977,-1.75675628));
#11712=CARTESIAN_POINT('',(36.575,1.14999999999997,-2.56216164));
#11713=CARTESIAN_POINT('',(36.575,0.349999999999977,-1.75675628));
#11714=CARTESIAN_POINT('',(36.575,0.349999999999975,-1.75675628));
#11715=CARTESIAN_POINT('',(37.325,1.14999999999997,-2.56216164));
#11716=CARTESIAN_POINT('',(37.325,1.14999999999997,-2.56216164));
#11717=CARTESIAN_POINT('',(37.325,0.349999999999977,-1.75675628));
#11718=CARTESIAN_POINT('',(37.325,1.14999999999997,-2.56216164));
#11719=CARTESIAN_POINT('',(36.575,0.349999999999977,-1.75675628));
#11720=CARTESIAN_POINT('Origin',(-8.09537622122273E-16,0.349999999999898,
-1.75675628));
#11721=CARTESIAN_POINT('',(34.325,1.14999999999997,-2.56216164));
#11722=CARTESIAN_POINT('',(34.325,0.349999999999977,-1.75675628));
#11723=CARTESIAN_POINT('',(34.325,0.349999999999975,-1.75675628));
#11724=CARTESIAN_POINT('',(35.075,1.14999999999997,-2.56216164));
#11725=CARTESIAN_POINT('',(35.075,1.14999999999997,-2.56216164));
#11726=CARTESIAN_POINT('',(35.075,0.349999999999979,-1.75675628));
#11727=CARTESIAN_POINT('',(35.075,1.14999999999997,-2.56216164));
#11728=CARTESIAN_POINT('',(34.325,0.349999999999977,-1.75675628));
#11729=CARTESIAN_POINT('Origin',(2.65990932983131E-15,1.15000000000009,
-2.56216164));
#11730=CARTESIAN_POINT('',(39.575,0.349999999999977,-1.75675628));
#11731=CARTESIAN_POINT('',(39.575,1.15,-2.56216164));
#11732=CARTESIAN_POINT('',(39.575,0.349999999999988,-1.75675627999999));
#11733=CARTESIAN_POINT('',(38.825,0.349999999999979,-1.75675628));
#11734=CARTESIAN_POINT('',(39.575,0.349999999999977,-1.75675628));
#11735=CARTESIAN_POINT('',(38.825,1.15,-2.56216164));
#11736=CARTESIAN_POINT('',(38.825,1.15,-2.56216164));
#11737=CARTESIAN_POINT('',(39.575,1.15,-2.56216164));
#11738=CARTESIAN_POINT('Origin',(0.,0.,-2.56216164));
#11739=CARTESIAN_POINT('',(37.325,-9.55000000000002,-2.56216164));
#11740=CARTESIAN_POINT('',(37.325,-10.85,-2.56216164));
#11741=CARTESIAN_POINT('',(36.575,-9.55000000000002,-2.56216164));
#11742=CARTESIAN_POINT('',(36.575,-10.85,-2.56216164));
#11743=CARTESIAN_POINT('',(36.575,-9.55000000000002,-2.56216164));
#11744=CARTESIAN_POINT('Origin',(37.325,-11.65,-2.56216164));
#11745=CARTESIAN_POINT('',(37.325,-9.55000000000002,-1.75675628));
#11746=CARTESIAN_POINT('',(37.325,-11.65,-1.75675628));
#11747=CARTESIAN_POINT('',(37.325,-9.55000000000002,-2.56216164));
#11748=CARTESIAN_POINT('Origin',(36.575,-11.65,-2.56216164));
#11749=CARTESIAN_POINT('',(36.575,-9.55000000000002,-1.75675628));
#11750=CARTESIAN_POINT('',(36.575,-11.65,-1.75675628));
#11751=CARTESIAN_POINT('',(36.575,-9.55000000000002,-2.56216164));
#11752=CARTESIAN_POINT('Origin',(0.,0.,-2.56216164));
#11753=CARTESIAN_POINT('',(39.575,-9.55000000000002,-2.56216164));
#11754=CARTESIAN_POINT('',(39.575,-10.85,-2.56216164));
#11755=CARTESIAN_POINT('',(38.825,-9.55000000000002,-2.56216164));
#11756=CARTESIAN_POINT('',(38.825,-10.85,-2.56216164));
#11757=CARTESIAN_POINT('',(39.575,-9.55000000000002,-2.56216164));
#11758=CARTESIAN_POINT('Origin',(39.575,-11.65,-2.56216164));
#11759=CARTESIAN_POINT('',(39.575,-9.55000000000002,-1.75675628));
#11760=CARTESIAN_POINT('',(39.575,-11.65,-1.75675628));
#11761=CARTESIAN_POINT('',(39.575,-9.55000000000002,-2.56216164));
#11762=CARTESIAN_POINT('Origin',(38.825,-11.65,-2.56216164));
#11763=CARTESIAN_POINT('',(38.825,-9.55000000000002,-1.75675628));
#11764=CARTESIAN_POINT('',(38.825,-11.65,-1.75675628));
#11765=CARTESIAN_POINT('',(38.825,-9.55000000000002,-2.56216164));
#11766=CARTESIAN_POINT('Origin',(0.,0.,-2.56216164));
#11767=CARTESIAN_POINT('',(35.4499999999999,-6.15000000000002,-2.56216164));
#11768=CARTESIAN_POINT('',(35.4499999999999,-4.45000000000002,-2.56216164));
#11769=CARTESIAN_POINT('',(38.4499999999999,-6.15000000000002,-2.56216164));
#11770=CARTESIAN_POINT('',(38.4499999999999,-4.45000000000002,-2.56216164));
#11771=CARTESIAN_POINT('',(38.4499999999999,-6.15000000000002,-2.56216164));
#11772=CARTESIAN_POINT('Origin',(35.4499999999999,-3.65000000000002,-2.56216164));
#11773=CARTESIAN_POINT('',(35.4499999999999,-6.15000000000002,-1.75675628));
#11774=CARTESIAN_POINT('',(35.4499999999999,-3.65000000000002,-1.75675628));
#11775=CARTESIAN_POINT('',(35.4499999999999,-6.15000000000002,-2.56216164));
#11776=CARTESIAN_POINT('Origin',(38.4499999999999,-3.65000000000002,-2.56216164));
#11777=CARTESIAN_POINT('',(38.4499999999999,-6.15000000000002,-1.75675628));
#11778=CARTESIAN_POINT('',(38.4499999999999,-3.65000000000002,-1.75675628));
#11779=CARTESIAN_POINT('',(38.4499999999999,-6.15000000000002,-2.56216164));
#11780=CARTESIAN_POINT('Origin',(0.,0.,-2.56216164));
#11781=CARTESIAN_POINT('',(35.075,2.44999999999998,-2.56216164));
#11782=CARTESIAN_POINT('',(35.075,1.14999999999997,-2.56216164));
#11783=CARTESIAN_POINT('',(34.325,2.44999999999998,-2.56216164));
#11784=CARTESIAN_POINT('',(34.325,1.14999999999997,-2.56216164));
#11785=CARTESIAN_POINT('',(35.075,2.44999999999998,-2.56216164));
#11786=CARTESIAN_POINT('Origin',(35.075,0.,-2.56216164));
#11787=CARTESIAN_POINT('',(35.075,2.44999999999998,-1.75675628));
#11788=CARTESIAN_POINT('',(35.075,0.349999999999979,-1.75675628));
#11789=CARTESIAN_POINT('',(35.075,2.44999999999998,-2.56216164));
#11790=CARTESIAN_POINT('Origin',(34.325,0.,-2.56216164));
#11791=CARTESIAN_POINT('',(34.325,2.44999999999998,-1.75675628));
#11792=CARTESIAN_POINT('',(34.325,0.349999999999977,-1.75675628));
#11793=CARTESIAN_POINT('',(34.325,2.44999999999998,-2.56216164));
#11794=CARTESIAN_POINT('Origin',(0.,0.,-2.56216164));
#11795=CARTESIAN_POINT('',(37.325,2.44999999999998,-2.56216164));
#11796=CARTESIAN_POINT('',(37.325,1.14999999999997,-2.56216164));
#11797=CARTESIAN_POINT('',(36.575,2.44999999999998,-2.56216164));
#11798=CARTESIAN_POINT('',(36.575,1.14999999999997,-2.56216164));
#11799=CARTESIAN_POINT('',(37.325,2.44999999999998,-2.56216164));
#11800=CARTESIAN_POINT('Origin',(36.575,0.,-2.56216164));
#11801=CARTESIAN_POINT('',(36.575,2.44999999999998,-1.75675628));
#11802=CARTESIAN_POINT('',(36.575,0.349999999999977,-1.75675628));
#11803=CARTESIAN_POINT('',(36.575,2.44999999999998,-2.56216164));
#11804=CARTESIAN_POINT('Origin',(37.325,0.,-2.56216164));
#11805=CARTESIAN_POINT('',(37.325,2.44999999999998,-1.75675628));
#11806=CARTESIAN_POINT('',(37.325,0.349999999999977,-1.75675628));
#11807=CARTESIAN_POINT('',(37.325,2.44999999999998,-2.56216164));
#11808=CARTESIAN_POINT('Origin',(0.,0.,-2.56216164));
#11809=CARTESIAN_POINT('',(39.575,2.44999999999998,-2.56216164));
#11810=CARTESIAN_POINT('',(39.575,1.15,-2.56216164));
#11811=CARTESIAN_POINT('',(38.825,2.44999999999998,-2.56216164));
#11812=CARTESIAN_POINT('',(38.825,1.15,-2.56216164));
#11813=CARTESIAN_POINT('',(39.575,2.44999999999998,-2.56216164));
#11814=CARTESIAN_POINT('Origin',(39.575,0.,-2.56216164));
#11815=CARTESIAN_POINT('',(39.575,2.44999999999998,-1.75675628));
#11816=CARTESIAN_POINT('',(39.575,0.349999999999977,-1.75675628));
#11817=CARTESIAN_POINT('',(39.575,2.44999999999998,-2.56216164));
#11818=CARTESIAN_POINT('Origin',(38.825,0.,-2.56216164));
#11819=CARTESIAN_POINT('',(38.825,2.44999999999998,-1.75675628));
#11820=CARTESIAN_POINT('',(38.825,0.349999999999979,-1.75675628));
#11821=CARTESIAN_POINT('',(38.825,2.44999999999998,-2.56216164));
#11822=CARTESIAN_POINT('Origin',(0.,0.,-2.56216164));
#11823=CARTESIAN_POINT('',(35.45,5.84999999999998,-2.56216164));
#11824=CARTESIAN_POINT('',(35.45,7.54999999999998,-2.56216164));
#11825=CARTESIAN_POINT('',(38.45,5.84999999999998,-2.56216164));
#11826=CARTESIAN_POINT('',(38.45,7.54999999999998,-2.56216164));
#11827=CARTESIAN_POINT('',(38.45,5.84999999999998,-2.56216164));
#11828=CARTESIAN_POINT('Origin',(38.45,0.,-2.56216164));
#11829=CARTESIAN_POINT('',(38.45,5.84999999999998,-1.75675628));
#11830=CARTESIAN_POINT('',(38.45,8.34999999999998,-1.75675628));
#11831=CARTESIAN_POINT('',(38.45,5.84999999999998,-2.56216164));
#11832=CARTESIAN_POINT('Origin',(35.45,0.,-2.56216164));
#11833=CARTESIAN_POINT('',(35.45,5.84999999999998,-1.75675628));
#11834=CARTESIAN_POINT('',(35.45,8.34999999999998,-1.75675628));
#11835=CARTESIAN_POINT('',(35.45,5.84999999999998,-2.56216164));
#11836=CARTESIAN_POINT('Origin',(0.,0.,-2.56216164));
#11837=CARTESIAN_POINT('',(35.075,-9.55000000000002,-2.56216164));
#11838=CARTESIAN_POINT('',(35.075,-10.85,-2.56216164));
#11839=CARTESIAN_POINT('',(34.325,-9.55000000000002,-2.56216164));
#11840=CARTESIAN_POINT('',(34.325,-10.85,-2.56216164));
#11841=CARTESIAN_POINT('',(35.075,-9.55000000000002,-2.56216164));
#11842=CARTESIAN_POINT('Origin',(35.075,0.,-2.56216164));
#11843=CARTESIAN_POINT('',(35.075,-9.55000000000002,-1.75675628));
#11844=CARTESIAN_POINT('',(35.075,-11.65,-1.75675628));
#11845=CARTESIAN_POINT('',(35.075,-9.55000000000002,-2.56216164));
#11846=CARTESIAN_POINT('Origin',(34.325,0.,-2.56216164));
#11847=CARTESIAN_POINT('',(34.325,-9.55000000000002,-1.75675628));
#11848=CARTESIAN_POINT('',(34.325,-11.65,-1.75675628));
#11849=CARTESIAN_POINT('',(34.325,-9.55000000000002,-2.56216164));
#11850=CARTESIAN_POINT('Origin',(0.,0.,-3.66959401));
#11851=CARTESIAN_POINT('',(40.15,2.44999999999998,-3.66959401));
#11852=CARTESIAN_POINT('',(33.75,2.44999999999998,-3.66959401));
#11853=CARTESIAN_POINT('',(40.15,2.44999999999998,-3.66959401));
#11854=CARTESIAN_POINT('',(33.75,5.84999999999998,-3.66959401));
#11855=CARTESIAN_POINT('',(33.75,2.44999999999998,-3.66959401));
#11856=CARTESIAN_POINT('',(40.15,5.84999999999998,-3.66959401));
#11857=CARTESIAN_POINT('',(40.15,5.84999999999998,-3.66959401));
#11858=CARTESIAN_POINT('',(40.15,2.44999999999998,-3.66959401));
#11859=CARTESIAN_POINT('Origin',(40.15,0.,-3.66959401));
#11860=CARTESIAN_POINT('',(40.15,2.44999999999998,-1.75675628));
#11861=CARTESIAN_POINT('',(40.15,5.84999999999998,-1.75675628));
#11862=CARTESIAN_POINT('',(40.15,2.44999999999998,-1.75675628));
#11863=CARTESIAN_POINT('',(40.15,2.44999999999998,-3.66959401));
#11864=CARTESIAN_POINT('',(40.15,5.84999999999998,-3.66959401));
#11865=CARTESIAN_POINT('Origin',(0.,5.84999999999998,-3.66959401));
#11866=CARTESIAN_POINT('',(40.15,5.84999999999998,-1.75675628));
#11867=CARTESIAN_POINT('',(33.75,5.84999999999998,-1.75675628));
#11868=CARTESIAN_POINT('',(33.75,5.84999999999998,-3.66959401));
#11869=CARTESIAN_POINT('',(35.45,5.84999999999998,-1.75675628));
#11870=CARTESIAN_POINT('Origin',(33.75,0.,-3.66959401));
#11871=CARTESIAN_POINT('',(33.75,2.44999999999998,-1.75675628));
#11872=CARTESIAN_POINT('',(33.75,2.44999999999998,-1.75675628));
#11873=CARTESIAN_POINT('',(33.75,2.44999999999998,-3.66959401));
#11874=CARTESIAN_POINT('Origin',(0.,0.,-3.66959401));
#11875=CARTESIAN_POINT('',(40.15,-9.55000000000002,-3.66959401));
#11876=CARTESIAN_POINT('',(33.75,-9.55000000000002,-3.66959401));
#11877=CARTESIAN_POINT('',(40.15,-9.55000000000002,-3.66959401));
#11878=CARTESIAN_POINT('',(33.75,-6.15000000000002,-3.66959401));
#11879=CARTESIAN_POINT('',(33.75,-9.55000000000002,-3.66959401));
#11880=CARTESIAN_POINT('',(40.15,-6.15000000000002,-3.66959401));
#11881=CARTESIAN_POINT('',(40.15,-6.15000000000002,-3.66959401));
#11882=CARTESIAN_POINT('',(40.15,-9.55000000000002,-3.66959401));
#11883=CARTESIAN_POINT('Origin',(40.15,0.,-3.66959401));
#11884=CARTESIAN_POINT('',(40.15,-9.55000000000002,-1.75675628));
#11885=CARTESIAN_POINT('',(40.15,-6.15000000000002,-1.75675628));
#11886=CARTESIAN_POINT('',(40.15,-9.55000000000002,-1.75675628));
#11887=CARTESIAN_POINT('',(40.15,-9.55000000000002,-3.66959401));
#11888=CARTESIAN_POINT('',(40.15,-6.15000000000002,-3.66959401));
#11889=CARTESIAN_POINT('Origin',(33.75,0.,-3.66959401));
#11890=CARTESIAN_POINT('',(33.75,-9.55000000000002,-1.75675628));
#11891=CARTESIAN_POINT('',(33.75,-6.15000000000002,-1.75675628));
#11892=CARTESIAN_POINT('',(33.75,-9.55000000000002,-1.75675628));
#11893=CARTESIAN_POINT('',(33.75,-6.15000000000002,-3.66959401));
#11894=CARTESIAN_POINT('',(33.75,-9.55000000000002,-3.66959401));
#11895=CARTESIAN_POINT('Ctrl Pts',(-13.9,-33.85,-0.145945559999997));
#11896=CARTESIAN_POINT('Ctrl Pts',(-13.9,-33.7073215403183,-3.015202155));
#11897=CARTESIAN_POINT('Ctrl Pts',(-13.9,-30.8537523466843,-3.015202155));
#11898=CARTESIAN_POINT('Ctrl Pts',(14.6,-33.85,-0.145945559999997));
#11899=CARTESIAN_POINT('Ctrl Pts',(14.6,-33.7073215403183,-3.015202155));
#11900=CARTESIAN_POINT('Ctrl Pts',(14.6,-30.8537523466843,-3.015202155));
#11901=CARTESIAN_POINT('',(14.6,-33.85,-0.145945559999999));
#11902=CARTESIAN_POINT('',(14.6,-30.8537523466843,-3.015202155));
#11903=CARTESIAN_POINT('Origin',(14.6,-30.8537523466843,0.00506794500000087));
#11904=CARTESIAN_POINT('',(-13.9,-33.85,-0.145945559999999));
#11905=CARTESIAN_POINT('',(14.6,-33.85,-0.145945560000002));
#11906=CARTESIAN_POINT('',(-13.9,-30.8537523466843,-3.015202155));
#11907=CARTESIAN_POINT('Origin',(-13.9,-30.8537523466843,0.00506794500000087));
#11908=CARTESIAN_POINT('',(14.6,-30.8537523466843,-3.015202155));
#11909=CARTESIAN_POINT('Origin',(0.,0.,-3.015202155));
#11910=CARTESIAN_POINT('',(14.4405710350936,-29.1026102268695,-3.015202155));
#11911=CARTESIAN_POINT('',(14.6,-30.8537523466843,-3.015202155));
#11912=CARTESIAN_POINT('',(-13.9,-13.35,-3.015202155));
#11913=CARTESIAN_POINT('',(-13.9,-13.35,-3.015202155));
#11914=CARTESIAN_POINT('',(-13.9,-12.85,-3.015202155));
#11915=CARTESIAN_POINT('',(-13.9,-12.85,-3.015202155));
#11916=CARTESIAN_POINT('',(11.7,-12.85,-3.015202155));
#11917=CARTESIAN_POINT('',(11.7,-12.85,-3.015202155));
#11918=CARTESIAN_POINT('',(11.7,-13.35,-3.015202155));
#11919=CARTESIAN_POINT('',(11.7,-12.85,-3.015202155));
#11920=CARTESIAN_POINT('',(11.7,-13.35,-3.015202155));
#11921=CARTESIAN_POINT('Origin',(-13.9,1.14822172933703E-15,-3.015202155));
#11922=CARTESIAN_POINT('',(-13.9,-31.45,-0.145945559999999));
#11923=CARTESIAN_POINT('',(-13.9,-31.45,-0.145945560000002));
#11924=CARTESIAN_POINT('',(-13.9,-31.45,-1.75675628));
#11925=CARTESIAN_POINT('',(-13.9,-31.45,-1.75675628));
#11926=CARTESIAN_POINT('',(-13.9,-13.35,-1.75675628));
#11927=CARTESIAN_POINT('',(-13.9,-13.35,-1.75675628));
#11928=CARTESIAN_POINT('',(-13.9,-13.35,-3.015202155));
#11929=CARTESIAN_POINT('Origin',(11.7,-9.66488793758508E-16,-3.015202155));
#11930=CARTESIAN_POINT('',(11.7,-13.35,-1.75675628));
#11931=CARTESIAN_POINT('',(11.7,-13.35,-1.75675628));
#11932=CARTESIAN_POINT('',(11.7,-13.35,-3.015202155));
#11933=CARTESIAN_POINT('Origin',(14.6,0.,-3.015202155));
#11934=CARTESIAN_POINT('',(14.6,-31.45,-1.75675628));
#11935=CARTESIAN_POINT('',(14.6,-31.45,-1.75675628));
#11936=CARTESIAN_POINT('',(14.6,-31.45,-0.145945559999999));
#11937=CARTESIAN_POINT('',(14.6,-31.45,-0.145945559999999));
#11938=CARTESIAN_POINT('',(14.6,-33.85,-0.145945560000002));
#11939=CARTESIAN_POINT('Origin',(-3.04841242149335,-1.96453244940682,-3.015202155));
#11940=CARTESIAN_POINT('',(14.4405710350936,-29.1026102268695,-1.75675628));
#11941=CARTESIAN_POINT('Origin',(0.,-8.85000000000002,-2.26013463));
#11942=CARTESIAN_POINT('',(-13.9,-8.35000000000003,-1.75675628));
#11943=CARTESIAN_POINT('',(-13.9,-8.85000000000002,-2.26013463));
#11944=CARTESIAN_POINT('',(-13.9,-8.85000000000002,-2.26013463));
#11945=CARTESIAN_POINT('',(11.7,-8.35000000000003,-1.75675628));
#11946=CARTESIAN_POINT('',(11.7,-8.35000000000002,-1.75675628));
#11947=CARTESIAN_POINT('',(11.7,-8.85000000000002,-2.26013463));
#11948=CARTESIAN_POINT('',(11.7,-8.35000000000003,-1.75675628));
#11949=CARTESIAN_POINT('',(-13.9,-8.85000000000002,-2.26013463));
#11950=CARTESIAN_POINT('Origin',(0.,0.,-3.87094535));
#11951=CARTESIAN_POINT('',(-16.25,-13.35,-3.87094535));
#11952=CARTESIAN_POINT('',(-13.9,-13.35,-3.87094535));
#11953=CARTESIAN_POINT('',(-16.25,-13.35,-3.87094535));
#11954=CARTESIAN_POINT('',(-16.25,-8.35000000000003,-3.87094535));
#11955=CARTESIAN_POINT('',(-16.25,-13.35,-3.87094535));
#11956=CARTESIAN_POINT('',(-13.9,-8.35000000000003,-3.87094535));
#11957=CARTESIAN_POINT('',(-16.25,-8.35000000000003,-3.87094535));
#11958=CARTESIAN_POINT('',(-13.9,-13.35,-3.87094535));
#11959=CARTESIAN_POINT('Origin',(-13.9,-13.35,-3.87094535));
#11960=CARTESIAN_POINT('',(-13.9,-13.35,-3.87094535));
#11961=CARTESIAN_POINT('',(-13.9,-8.35000000000003,-3.87094535));
#11962=CARTESIAN_POINT('',(-13.9,-8.85000000000002,-3.77026968));
#11963=CARTESIAN_POINT('',(-13.9,-8.85000000000002,-3.77026968));
#11964=CARTESIAN_POINT('',(-13.9,-12.85,-3.77026968));
#11965=CARTESIAN_POINT('',(-13.9,-12.85,-3.77026968));
#11966=CARTESIAN_POINT('',(-13.9,-12.85,-3.77026968));
#11967=CARTESIAN_POINT('Origin',(-16.25,-8.35000000000003,-3.87094535));
#11968=CARTESIAN_POINT('',(-16.25,-8.35000000000003,-1.75675628));
#11969=CARTESIAN_POINT('',(-16.25,-8.35000000000003,-1.75675628));
#11970=CARTESIAN_POINT('',(-16.25,-8.35000000000003,-3.87094535));
#11971=CARTESIAN_POINT('Origin',(-16.25,-13.35,-3.87094535));
#11972=CARTESIAN_POINT('',(-16.25,-13.35,-1.75675628));
#11973=CARTESIAN_POINT('',(-16.25,-13.35,-1.75675628));
#11974=CARTESIAN_POINT('',(-16.25,-13.35,-3.87094535));
#11975=CARTESIAN_POINT('Origin',(-16.25,-13.35,-3.87094535));
#11976=CARTESIAN_POINT('',(-16.25,-13.35,-1.75675628));
#11977=CARTESIAN_POINT('Origin',(0.,0.,-3.87094535));
#11978=CARTESIAN_POINT('',(14.05,-13.35,-3.87094535));
#11979=CARTESIAN_POINT('',(11.7,-13.35,-3.87094535));
#11980=CARTESIAN_POINT('',(14.05,-13.35,-3.87094535));
#11981=CARTESIAN_POINT('',(11.7,-8.35000000000003,-3.87094535));
#11982=CARTESIAN_POINT('',(11.7,-13.35,-3.87094535));
#11983=CARTESIAN_POINT('',(14.05,-8.35000000000003,-3.87094535));
#11984=CARTESIAN_POINT('',(14.05,-8.35000000000003,-3.87094535));
#11985=CARTESIAN_POINT('',(14.05,-13.35,-3.87094535));
#11986=CARTESIAN_POINT('Origin',(14.05,-13.35,-3.87094535));
#11987=CARTESIAN_POINT('',(14.05,-13.35,-1.75675628));
#11988=CARTESIAN_POINT('',(14.05,-8.35000000000003,-1.75675628));
#11989=CARTESIAN_POINT('',(14.05,-13.35,-1.75675628));
#11990=CARTESIAN_POINT('',(14.05,-13.35,-3.87094535));
#11991=CARTESIAN_POINT('',(14.05,-8.35000000000003,-3.87094535));
#11992=CARTESIAN_POINT('Origin',(14.05,-8.35000000000003,-3.87094535));
#11993=CARTESIAN_POINT('',(14.05,-8.35000000000003,-1.75675628));
#11994=CARTESIAN_POINT('',(11.7,-8.35000000000003,-3.87094535));
#11995=CARTESIAN_POINT('Origin',(11.7,-13.35,-3.87094535));
#11996=CARTESIAN_POINT('',(11.7,-13.35,-3.87094535));
#11997=CARTESIAN_POINT('',(11.7,-12.85,-3.77026968));
#11998=CARTESIAN_POINT('',(11.7,-12.85,-3.77026968));
#11999=CARTESIAN_POINT('',(11.7,-8.85000000000002,-3.77026968));
#12000=CARTESIAN_POINT('',(11.7,-12.85,-3.77026968));
#12001=CARTESIAN_POINT('',(11.7,-8.85000000000002,-3.77026968));
#12002=CARTESIAN_POINT('Origin',(14.05,-13.35,-3.87094535));
#12003=CARTESIAN_POINT('',(14.05,-13.35,-1.75675628));
#12004=CARTESIAN_POINT('Origin',(0.,0.,-3.77026968));
#12005=CARTESIAN_POINT('',(-13.9,-12.85,-3.77026968));
#12006=CARTESIAN_POINT('',(-13.9,-8.85000000000002,-3.77026968));
#12007=CARTESIAN_POINT('Origin',(0.,-8.85000000000002,-3.77026968));
#12008=CARTESIAN_POINT('Origin',(0.,-12.85,-3.77026968));
#12009=CARTESIAN_POINT('Origin',(0.,0.,-0.145945559999999));
#12010=CARTESIAN_POINT('',(17.15,-31.45,-0.145945559999999));
#12011=CARTESIAN_POINT('',(14.6,-31.45,-0.145945559999999));
#12012=CARTESIAN_POINT('',(17.15,-36.45,-0.145945559999999));
#12013=CARTESIAN_POINT('',(17.15,-31.45,-0.145945559999999));
#12014=CARTESIAN_POINT('',(-20.55,-36.45,-0.145945559999999));
#12015=CARTESIAN_POINT('',(17.15,-36.45,-0.145945559999999));
#12016=CARTESIAN_POINT('',(-20.55,-31.45,-0.145945559999999));
#12017=CARTESIAN_POINT('',(-20.55,-36.45,-0.145945559999999));
#12018=CARTESIAN_POINT('',(-20.55,-31.45,-0.145945559999999));
#12019=CARTESIAN_POINT('Origin',(17.15,-36.45,-0.145945559999999));
#12020=CARTESIAN_POINT('',(17.15,-36.45,-1.75675628));
#12021=CARTESIAN_POINT('',(-20.55,-36.45,-1.75675628));
#12022=CARTESIAN_POINT('',(17.15,-36.45,-1.75675628));
#12023=CARTESIAN_POINT('',(-20.55,-36.45,-0.145945559999999));
#12024=CARTESIAN_POINT('',(17.15,-36.45,-0.145945559999999));
#12025=CARTESIAN_POINT('Origin',(-20.55,-36.45,-0.145945559999999));
#12026=CARTESIAN_POINT('',(-20.55,-31.45,-1.75675628));
#12027=CARTESIAN_POINT('',(-20.55,-36.45,-1.75675628));
#12028=CARTESIAN_POINT('',(-20.55,-31.45,-0.145945559999999));
#12029=CARTESIAN_POINT('Origin',(17.15,-31.45,-0.145945559999999));
#12030=CARTESIAN_POINT('',(-20.55,-31.45,-1.75675628));
#12031=CARTESIAN_POINT('Origin',(17.15,-36.45,-0.145945559999999));
#12032=CARTESIAN_POINT('',(17.15,-31.45,-1.75675628));
#12033=CARTESIAN_POINT('',(17.15,-31.45,-1.75675628));
#12034=CARTESIAN_POINT('',(17.15,-31.45,-0.145945559999999));
#12035=CARTESIAN_POINT('Origin',(0.,-33.45,-2.56216164));
#12036=CARTESIAN_POINT('',(34.9,-34.25,-1.75675628));
#12037=CARTESIAN_POINT('',(34.9,-33.45,-2.56216164));
#12038=CARTESIAN_POINT('',(34.9,-34.25,-1.75675628));
#12039=CARTESIAN_POINT('',(29.2,-34.25,-1.75675628));
#12040=CARTESIAN_POINT('',(34.9,-34.25,-1.75675628));
#12041=CARTESIAN_POINT('',(29.2,-33.45,-2.56216164));
#12042=CARTESIAN_POINT('',(29.2,-33.45,-2.56216164));
#12043=CARTESIAN_POINT('',(34.9,-33.45,-2.56216164));
#12044=CARTESIAN_POINT('Origin',(27.85,0.,-2.56216164));
#12045=CARTESIAN_POINT('',(27.05,-32.1,-1.75675628));
#12046=CARTESIAN_POINT('',(27.85,-32.1,-2.56216164));
#12047=CARTESIAN_POINT('',(27.05,-32.1,-1.75675627999999));
#12048=CARTESIAN_POINT('',(27.05,-26.4,-1.75675628));
#12049=CARTESIAN_POINT('',(27.05,-32.1,-1.75675628));
#12050=CARTESIAN_POINT('',(27.85,-26.4,-2.56216164));
#12051=CARTESIAN_POINT('',(27.85,-26.4,-2.56216164));
#12052=CARTESIAN_POINT('',(27.85,-32.1,-2.56216164));
#12053=CARTESIAN_POINT('Origin',(37.05,-32.1,-1.75675627999998));
#12054=CARTESIAN_POINT('',(36.2499999999999,-32.1,-2.56216164));
#12055=CARTESIAN_POINT('',(37.05,-32.1,-1.75675628));
#12056=CARTESIAN_POINT('',(37.0499999999999,-32.1,-1.75675627999999));
#12057=CARTESIAN_POINT('',(36.2499999999999,-26.4,-2.56216164));
#12058=CARTESIAN_POINT('',(36.2499999999999,-26.4,-2.56216164));
#12059=CARTESIAN_POINT('',(37.05,-26.4,-1.75675628));
#12060=CARTESIAN_POINT('',(36.2499999999999,-26.4,-2.56216164));
#12061=CARTESIAN_POINT('',(37.05,-32.1,-1.75675628));
#12062=CARTESIAN_POINT('Origin',(34.9,-24.25,-1.75675627999998));
#12063=CARTESIAN_POINT('',(34.9,-25.05,-2.56216164));
#12064=CARTESIAN_POINT('',(34.9,-24.25,-1.75675628));
#12065=CARTESIAN_POINT('',(34.9,-24.25,-1.75675627999999));
#12066=CARTESIAN_POINT('',(29.2,-25.05,-2.56216164));
#12067=CARTESIAN_POINT('',(29.2,-25.05,-2.56216164));
#12068=CARTESIAN_POINT('',(29.2,-24.25,-1.75675628));
#12069=CARTESIAN_POINT('',(29.2,-25.05,-2.56216164));
#12070=CARTESIAN_POINT('',(34.9,-24.25,-1.75675628));
#12071=CARTESIAN_POINT('Origin',(40.5,-35.15,-2.56216164));
#12072=CARTESIAN_POINT('',(40.5,-29.25,-2.56216164));
#12073=CARTESIAN_POINT('',(40.5,-24.85,-2.56216164));
#12074=CARTESIAN_POINT('',(40.5,-29.25,-2.56216164));
#12075=CARTESIAN_POINT('',(40.5,-29.25,-1.75675628));
#12076=CARTESIAN_POINT('',(40.5,-29.25,-2.56216164));
#12077=CARTESIAN_POINT('',(40.5,-24.85,-1.75675628));
#12078=CARTESIAN_POINT('',(40.5,-29.25,-1.75675628));
#12079=CARTESIAN_POINT('',(40.5,-24.85,-2.56216164));
#12080=CARTESIAN_POINT('Origin',(42.15,-24.85,-2.56216164));
#12081=CARTESIAN_POINT('',(42.15,-24.85,-1.75675628));
#12082=CARTESIAN_POINT('',(42.15,-24.85,-1.75675628));
#12083=CARTESIAN_POINT('',(42.15,-24.85,-2.56216164));
#12084=CARTESIAN_POINT('',(42.15,-24.85,-2.56216164));
#12085=CARTESIAN_POINT('',(42.15,-24.85,-2.56216164));
#12086=CARTESIAN_POINT('Origin',(42.15,-35.15,-2.56216164));
#12087=CARTESIAN_POINT('',(42.15,-35.15,-1.75675628));
#12088=CARTESIAN_POINT('',(42.15,-35.15,-1.75675628));
#12089=CARTESIAN_POINT('',(42.15,-35.15,-2.56216164));
#12090=CARTESIAN_POINT('',(42.15,-35.15,-2.56216164));
#12091=CARTESIAN_POINT('',(42.15,-35.15,-2.56216164));
#12092=CARTESIAN_POINT('Origin',(0.,0.,-2.56216164));
#12093=CARTESIAN_POINT('',(38.85,-29.25,-2.56216164));
#12094=CARTESIAN_POINT('',(40.5,-29.25,-2.56216164));
#12095=CARTESIAN_POINT('',(38.85,-35.15,-2.56216164));
#12096=CARTESIAN_POINT('',(42.15,-35.15,-2.56216164));
#12097=CARTESIAN_POINT('',(38.85,-35.15,-2.56216164));
#12098=CARTESIAN_POINT('Origin',(40.5,-29.25,-2.56216164));
#12099=CARTESIAN_POINT('',(38.85,-29.25,-1.75675628));
#12100=CARTESIAN_POINT('',(40.5,-29.25,-1.75675628));
#12101=CARTESIAN_POINT('',(38.85,-29.25,-2.56216164));
#12102=CARTESIAN_POINT('Origin',(38.85,-35.15,-2.56216164));
#12103=CARTESIAN_POINT('',(38.85,-35.15,-1.75675628));
#12104=CARTESIAN_POINT('',(38.85,-35.15,-1.75675628));
#12105=CARTESIAN_POINT('',(38.85,-35.15,-2.56216164));
#12106=CARTESIAN_POINT('Origin',(40.5,-35.15,-2.56216164));
#12107=CARTESIAN_POINT('',(42.15,-35.15,-1.75675628));
#12108=CARTESIAN_POINT('Origin',(0.,0.,-2.56216164));
#12109=CARTESIAN_POINT('',(24.15,-32.45,-2.56216164));
#12110=CARTESIAN_POINT('',(21.85,-32.45,-2.56216164));
#12111=CARTESIAN_POINT('',(24.15,-32.45,-2.56216164));
#12112=CARTESIAN_POINT('',(21.85,-24.65,-2.56216164));
#12113=CARTESIAN_POINT('',(21.85,-32.45,-2.56216164));
#12114=CARTESIAN_POINT('',(24.15,-24.65,-2.56216164));
#12115=CARTESIAN_POINT('',(24.15,-24.65,-2.56216164));
#12116=CARTESIAN_POINT('',(24.15,-32.45,-2.56216164));
#12117=CARTESIAN_POINT('Origin',(24.15,-32.45,-2.56216164));
#12118=CARTESIAN_POINT('',(24.15,-32.45,-1.75675628));
#12119=CARTESIAN_POINT('',(24.15,-24.65,-1.75675628));
#12120=CARTESIAN_POINT('',(24.15,-32.45,-1.75675628));
#12121=CARTESIAN_POINT('',(24.15,-32.45,-2.56216164));
#12122=CARTESIAN_POINT('',(24.15,-24.65,-2.56216164));
#12123=CARTESIAN_POINT('Origin',(24.15,-24.65,-2.56216164));
#12124=CARTESIAN_POINT('',(21.85,-24.65,-1.75675628));
#12125=CARTESIAN_POINT('',(24.15,-24.65,-1.75675628));
#12126=CARTESIAN_POINT('',(21.85,-24.65,-2.56216164));
#12127=CARTESIAN_POINT('Origin',(21.85,-32.45,-2.56216164));
#12128=CARTESIAN_POINT('',(21.85,-32.45,-1.75675628));
#12129=CARTESIAN_POINT('',(21.85,-32.45,-1.75675628));
#12130=CARTESIAN_POINT('',(21.85,-32.45,-2.56216164));
#12131=CARTESIAN_POINT('Origin',(24.15,-32.45,-2.56216164));
#12132=CARTESIAN_POINT('',(24.15,-32.45,-1.75675628));
#12133=CARTESIAN_POINT('Origin',(0.,0.,-2.56216164));
#12134=CARTESIAN_POINT('',(29.55,-37.45,-2.56216164));
#12135=CARTESIAN_POINT('',(29.55,-36.15,-2.56216164));
#12136=CARTESIAN_POINT('',(29.55,-37.45,-2.56216164));
#12137=CARTESIAN_POINT('',(27.55,-37.45,-2.56216164));
#12138=CARTESIAN_POINT('',(29.55,-37.45,-2.56216164));
#12139=CARTESIAN_POINT('',(27.55,-36.15,-2.56216164));
#12140=CARTESIAN_POINT('',(27.55,-37.45,-2.56216164));
#12141=CARTESIAN_POINT('',(29.55,-36.15,-2.56216164));
#12142=CARTESIAN_POINT('Origin',(29.55,-36.15,-2.56216164));
#12143=CARTESIAN_POINT('',(29.55,-36.15,-1.75675628));
#12144=CARTESIAN_POINT('',(27.55,-36.15,-1.75675628));
#12145=CARTESIAN_POINT('',(29.55,-36.15,-1.75675628));
#12146=CARTESIAN_POINT('',(29.55,-36.15,-2.56216164));
#12147=CARTESIAN_POINT('',(27.55,-36.15,-2.56216164));
#12148=CARTESIAN_POINT('Origin',(27.55,-37.45,-2.56216164));
#12149=CARTESIAN_POINT('',(27.55,-37.45,-1.75675628));
#12150=CARTESIAN_POINT('',(27.55,-37.45,-1.75675628));
#12151=CARTESIAN_POINT('',(27.55,-37.45,-2.56216164));
#12152=CARTESIAN_POINT('Origin',(29.55,-37.45,-2.56216164));
#12153=CARTESIAN_POINT('',(29.55,-37.45,-1.75675628));
#12154=CARTESIAN_POINT('',(29.55,-37.45,-1.75675628));
#12155=CARTESIAN_POINT('',(29.55,-37.45,-2.56216164));
#12156=CARTESIAN_POINT('Origin',(29.55,-37.45,-2.56216164));
#12157=CARTESIAN_POINT('',(29.55,-37.45,-1.75675628));
#12158=CARTESIAN_POINT('Origin',(0.,0.,-2.56216164));
#12159=CARTESIAN_POINT('',(34.05,-21.85,-2.56216164));
#12160=CARTESIAN_POINT('',(34.05,-19.35,-2.56216164));
#12161=CARTESIAN_POINT('',(34.05,-21.85,-2.56216164));
#12162=CARTESIAN_POINT('',(29.55,-21.85,-2.56216164));
#12163=CARTESIAN_POINT('',(34.05,-21.85,-2.56216164));
#12164=CARTESIAN_POINT('',(29.55,-19.35,-2.56216164));
#12165=CARTESIAN_POINT('',(29.55,-21.85,-2.56216164));
#12166=CARTESIAN_POINT('',(34.05,-19.35,-2.56216164));
#12167=CARTESIAN_POINT('Origin',(34.05,-19.35,-2.56216164));
#12168=CARTESIAN_POINT('',(34.05,-19.35,-1.75675628));
#12169=CARTESIAN_POINT('',(29.55,-19.35,-1.75675628));
#12170=CARTESIAN_POINT('',(34.05,-19.35,-1.75675628));
#12171=CARTESIAN_POINT('',(34.05,-19.35,-2.56216164));
#12172=CARTESIAN_POINT('',(29.55,-19.35,-2.56216164));
#12173=CARTESIAN_POINT('Origin',(29.55,-21.85,-2.56216164));
#12174=CARTESIAN_POINT('',(29.55,-21.85,-1.75675628));
#12175=CARTESIAN_POINT('',(29.55,-21.85,-1.75675628));
#12176=CARTESIAN_POINT('',(29.55,-21.85,-2.56216164));
#12177=CARTESIAN_POINT('Origin',(34.05,-21.85,-2.56216164));
#12178=CARTESIAN_POINT('',(34.05,-21.85,-1.75675628));
#12179=CARTESIAN_POINT('',(34.05,-21.85,-1.75675628));
#12180=CARTESIAN_POINT('',(34.05,-21.85,-2.56216164));
#12181=CARTESIAN_POINT('Origin',(34.05,-21.85,-2.56216164));
#12182=CARTESIAN_POINT('',(34.05,-21.85,-1.75675628));
#12183=CARTESIAN_POINT('Origin',(45.8999999999999,-24.6,-5.98513442));
#12184=CARTESIAN_POINT('Origin',(44.1499999999999,-24.6,-5.98513442));
#12185=CARTESIAN_POINT('',(44.1499999999999,-24.6,-2.46148597));
#12186=CARTESIAN_POINT('',(44.1499999999999,-24.6,-5.78378308));
#12187=CARTESIAN_POINT('',(44.1499999999999,-31.,-2.46148597));
#12188=CARTESIAN_POINT('',(44.1499999999999,-31.,-5.78378308));
#12189=CARTESIAN_POINT('',(44.1499999999999,-31.,-2.46148597));
#12190=CARTESIAN_POINT('Origin',(45.8999999999999,-31.,-5.98513442));
#12191=CARTESIAN_POINT('',(47.65,-31.,-2.46148597));
#12192=CARTESIAN_POINT('',(47.65,-31.,-5.78378308));
#12193=CARTESIAN_POINT('Origin',(45.8999999999999,-31.,-2.46148597));
#12194=CARTESIAN_POINT('Origin',(47.65,-24.6,-5.98513442));
#12195=CARTESIAN_POINT('',(47.65,-24.6,-2.46148597));
#12196=CARTESIAN_POINT('',(47.65,-24.6,-5.78378308));
#12197=CARTESIAN_POINT('',(47.65,-31.,-2.46148597));
#12198=CARTESIAN_POINT('Origin',(45.8999999999999,-24.6,-5.98513442));
#12199=CARTESIAN_POINT('Origin',(45.8999999999999,-24.6,-2.46148597));
#12200=CARTESIAN_POINT('Origin',(48.1499999999999,-31.,-2.46148597));
#12201=CARTESIAN_POINT('',(48.1499999999999,-31.,-1.75675628));
#12202=CARTESIAN_POINT('',(48.1499999999999,-31.,-2.26013463));
#12203=CARTESIAN_POINT('',(48.1499999999999,-24.6,-1.75675628));
#12204=CARTESIAN_POINT('',(48.1499999999999,-24.6,-2.26013463));
#12205=CARTESIAN_POINT('',(48.1499999999999,-31.,-1.75675628));
#12206=CARTESIAN_POINT('Origin',(45.8999999999999,-24.6,-2.46148597));
#12207=CARTESIAN_POINT('',(43.6499999999999,-24.6,-1.75675628));
#12208=CARTESIAN_POINT('',(43.6499999999999,-24.6,-2.26013463));
#12209=CARTESIAN_POINT('Origin',(45.8999999999999,-24.6,-1.75675628));
#12210=CARTESIAN_POINT('Origin',(43.6499999999999,-31.,-2.46148597));
#12211=CARTESIAN_POINT('',(43.6499999999999,-31.,-1.75675628));
#12212=CARTESIAN_POINT('',(43.6499999999999,-31.,-2.26013463));
#12213=CARTESIAN_POINT('',(43.6499999999999,-31.,-1.75675628));
#12214=CARTESIAN_POINT('Origin',(45.8999999999999,-31.,-2.46148597));
#12215=CARTESIAN_POINT('Origin',(45.8999999999999,-31.,-1.75675628));
#12216=CARTESIAN_POINT('Origin',(37.05,-26.4,-2.56216164));
#12217=CARTESIAN_POINT('',(35.45,-26.4,-1.75675628));
#12218=CARTESIAN_POINT('',(37.05,-26.4,-1.75675628));
#12219=CARTESIAN_POINT('',(35.45,-26.4,-2.56216164));
#12220=CARTESIAN_POINT('',(36.2499999999999,-26.4,-2.56216164));
#12221=CARTESIAN_POINT('',(35.45,-26.4,-2.56216164));
#12222=CARTESIAN_POINT('Origin',(37.05,-32.1,-2.56216164));
#12223=CARTESIAN_POINT('',(35.45,-32.1,-2.56216164));
#12224=CARTESIAN_POINT('',(36.2499999999999,-32.1,-2.56216164));
#12225=CARTESIAN_POINT('',(35.45,-32.1,-1.75675628));
#12226=CARTESIAN_POINT('',(37.05,-32.1,-1.75675628));
#12227=CARTESIAN_POINT('',(35.45,-32.1,-2.56216164));
#12228=CARTESIAN_POINT('Origin',(0.,0.,-2.56216164));
#12229=CARTESIAN_POINT('',(35.45,-32.1,-2.56216164));
#12230=CARTESIAN_POINT('Origin',(0.,0.,-2.56216164));
#12231=CARTESIAN_POINT('',(34.9,-32.65,-2.56216164));
#12232=CARTESIAN_POINT('',(34.9,-33.45,-2.56216164));
#12233=CARTESIAN_POINT('',(29.2,-32.65,-2.56216164));
#12234=CARTESIAN_POINT('',(29.2,-33.45,-2.56216164));
#12235=CARTESIAN_POINT('',(34.9,-32.65,-2.56216164));
#12236=CARTESIAN_POINT('Origin',(34.9,-34.25,-2.56216164));
#12237=CARTESIAN_POINT('',(34.9,-32.65,-1.75675628));
#12238=CARTESIAN_POINT('',(34.9,-34.25,-1.75675628));
#12239=CARTESIAN_POINT('',(34.9,-32.65,-1.75675628));
#12240=CARTESIAN_POINT('Origin',(29.2,-34.25,-2.56216164));
#12241=CARTESIAN_POINT('',(29.2,-32.65,-1.75675628));
#12242=CARTESIAN_POINT('',(29.2,-34.25,-1.75675628));
#12243=CARTESIAN_POINT('',(29.2,-32.65,-1.75675628));
#12244=CARTESIAN_POINT('Origin',(37.05,-32.1,-2.56216164));
#12245=CARTESIAN_POINT('',(28.65,-32.1,-1.75675628));
#12246=CARTESIAN_POINT('',(28.65,-32.1,-1.75675628));
#12247=CARTESIAN_POINT('',(28.65,-32.1,-2.56216164));
#12248=CARTESIAN_POINT('',(28.65,-32.1,-2.56216164));
#12249=CARTESIAN_POINT('',(28.65,-32.1,-2.56216164));
#12250=CARTESIAN_POINT('Origin',(37.05,-26.4,-2.56216164));
#12251=CARTESIAN_POINT('',(28.65,-26.4,-2.56216164));
#12252=CARTESIAN_POINT('',(28.65,-26.4,-2.56216164));
#12253=CARTESIAN_POINT('',(28.65,-26.4,-1.75675628));
#12254=CARTESIAN_POINT('',(28.65,-26.4,-1.75675628));
#12255=CARTESIAN_POINT('',(28.65,-26.4,-2.56216164));
#12256=CARTESIAN_POINT('Origin',(0.,0.,-2.56216164));
#12257=CARTESIAN_POINT('',(28.65,-32.1,-2.56216164));
#12258=CARTESIAN_POINT('Origin',(0.,0.,-2.56216164));
#12259=CARTESIAN_POINT('',(29.2,-25.85,-2.56216164));
#12260=CARTESIAN_POINT('',(29.2,-25.85,-2.56216164));
#12261=CARTESIAN_POINT('',(34.9,-25.85,-2.56216164));
#12262=CARTESIAN_POINT('',(34.9,-25.85,-2.56216164));
#12263=CARTESIAN_POINT('',(34.9,-25.85,-2.56216164));
#12264=CARTESIAN_POINT('Origin',(34.9,-34.25,-2.56216164));
#12265=CARTESIAN_POINT('',(34.9,-25.85,-1.75675628));
#12266=CARTESIAN_POINT('',(34.9,-25.85,-1.75675628));
#12267=CARTESIAN_POINT('',(34.9,-25.85,-1.75675628));
#12268=CARTESIAN_POINT('Origin',(29.2,-34.25,-2.56216164));
#12269=CARTESIAN_POINT('',(29.2,-25.85,-1.75675628));
#12270=CARTESIAN_POINT('',(29.2,-25.85,-1.75675628));
#12271=CARTESIAN_POINT('',(29.2,-25.85,-1.75675628));
#12272=CARTESIAN_POINT('Origin',(0.,0.,-3.26689133));
#12273=CARTESIAN_POINT('',(35.45,-32.65,-3.26689133));
#12274=CARTESIAN_POINT('',(35.45,-25.85,-3.26689133));
#12275=CARTESIAN_POINT('',(35.45,-32.65,-3.26689133));
#12276=CARTESIAN_POINT('',(28.65,-32.65,-3.26689133));
#12277=CARTESIAN_POINT('',(35.45,-32.65,-3.26689133));
#12278=CARTESIAN_POINT('',(28.65,-25.85,-3.26689133));
#12279=CARTESIAN_POINT('',(28.65,-32.65,-3.26689133));
#12280=CARTESIAN_POINT('',(35.45,-25.85,-3.26689133));
#12281=CARTESIAN_POINT('Origin',(35.45,-25.85,-3.26689133));
#12282=CARTESIAN_POINT('',(35.45,-25.85,-1.75675628));
#12283=CARTESIAN_POINT('',(35.45,-25.85,-1.75675628));
#12284=CARTESIAN_POINT('',(35.45,-25.85,-3.26689133));
#12285=CARTESIAN_POINT('',(28.65,-25.85,-1.75675628));
#12286=CARTESIAN_POINT('',(28.65,-25.85,-3.26689133));
#12287=CARTESIAN_POINT('',(29.2,-25.85,-1.75675628));
#12288=CARTESIAN_POINT('Origin',(35.45,-32.65,-3.26689133));
#12289=CARTESIAN_POINT('',(35.45,-32.65,-1.75675628));
#12290=CARTESIAN_POINT('',(35.45,-32.65,-1.75675628));
#12291=CARTESIAN_POINT('',(28.65,-32.65,-1.75675628));
#12292=CARTESIAN_POINT('',(29.2,-32.65,-1.75675628));
#12293=CARTESIAN_POINT('',(28.65,-32.65,-3.26689133));
#12294=CARTESIAN_POINT('',(35.45,-32.65,-3.26689133));
#12295=CARTESIAN_POINT('Origin',(0.,10.25,-2.56216164));
#12296=CARTESIAN_POINT('',(21.1,9.44999999999999,-1.75675628));
#12297=CARTESIAN_POINT('',(21.1,10.25,-2.56216164));
#12298=CARTESIAN_POINT('',(21.1,9.44999999999998,-1.75675628));
#12299=CARTESIAN_POINT('',(2.29999999999996,9.44999999999999,-1.75675628));
#12300=CARTESIAN_POINT('',(21.1,9.44999999999999,-1.75675628));
#12301=CARTESIAN_POINT('',(2.29999999999996,10.25,-2.56216164));
#12302=CARTESIAN_POINT('',(2.29999999999996,10.25,-2.56216164));
#12303=CARTESIAN_POINT('',(21.1,10.25,-2.56216164));
#12304=CARTESIAN_POINT('Origin',(0.649999999999953,0.,-2.56216164));
#12305=CARTESIAN_POINT('',(-0.150000000000042,11.95,-1.75675628));
#12306=CARTESIAN_POINT('',(0.649999999999953,11.95,-2.56216164));
#12307=CARTESIAN_POINT('',(-0.150000000000045,11.95,-1.75675628));
#12308=CARTESIAN_POINT('',(-0.150000000000042,24.75,-1.75675628));
#12309=CARTESIAN_POINT('',(-0.150000000000042,11.95,-1.75675628));
#12310=CARTESIAN_POINT('',(0.649999999999953,24.75,-2.56216164));
#12311=CARTESIAN_POINT('',(0.649999999999953,24.75,-2.56216164));
#12312=CARTESIAN_POINT('',(0.649999999999953,11.95,-2.56216164));
#12313=CARTESIAN_POINT('Origin',(23.55,11.95,-1.75675627999998));
#12314=CARTESIAN_POINT('',(22.7499999999999,11.95,-2.56216164));
#12315=CARTESIAN_POINT('',(23.55,11.95,-1.75675628));
#12316=CARTESIAN_POINT('',(23.55,11.95,-1.75675627999999));
#12317=CARTESIAN_POINT('',(22.7499999999999,24.75,-2.56216164));
#12318=CARTESIAN_POINT('',(22.7499999999999,24.75,-2.56216164));
#12319=CARTESIAN_POINT('',(23.55,24.75,-1.75675628));
#12320=CARTESIAN_POINT('',(22.7499999999999,24.75,-2.56216164));
#12321=CARTESIAN_POINT('',(23.55,11.95,-1.75675628));
#12322=CARTESIAN_POINT('Origin',(21.1,27.25,-1.75675627999998));
#12323=CARTESIAN_POINT('',(21.1,26.45,-2.56216164));
#12324=CARTESIAN_POINT('',(21.1,27.25,-1.75675628));
#12325=CARTESIAN_POINT('',(21.1,27.25,-1.75675627999999));
#12326=CARTESIAN_POINT('',(2.29999999999996,26.45,-2.56216164));
#12327=CARTESIAN_POINT('',(2.29999999999996,26.45,-2.56216164));
#12328=CARTESIAN_POINT('',(2.29999999999996,27.25,-1.75675628));
#12329=CARTESIAN_POINT('',(2.29999999999995,26.45,-2.56216164));
#12330=CARTESIAN_POINT('',(21.1,27.25,-1.75675628));
#12331=CARTESIAN_POINT('Origin',(0.,0.,-2.56216164));
#12332=CARTESIAN_POINT('',(21.1,11.45,-2.56216164));
#12333=CARTESIAN_POINT('',(21.1,10.25,-2.56216164));
#12334=CARTESIAN_POINT('',(2.29999999999996,11.45,-2.56216164));
#12335=CARTESIAN_POINT('',(2.29999999999996,10.25,-2.56216164));
#12336=CARTESIAN_POINT('',(21.1,11.45,-2.56216164));
#12337=CARTESIAN_POINT('Origin',(2.29999999999996,9.44999999999999,-2.56216164));
#12338=CARTESIAN_POINT('',(2.29999999999995,11.45,-1.75675628));
#12339=CARTESIAN_POINT('',(2.29999999999996,9.44999999999999,-1.75675628));
#12340=CARTESIAN_POINT('',(2.29999999999995,11.45,-1.75675628));
#12341=CARTESIAN_POINT('Origin',(21.1,9.44999999999999,-2.56216164));
#12342=CARTESIAN_POINT('',(21.1,11.45,-1.75675628));
#12343=CARTESIAN_POINT('',(21.1,9.44999999999999,-1.75675628));
#12344=CARTESIAN_POINT('',(21.1,11.45,-1.75675628));
#12345=CARTESIAN_POINT('Origin',(0.,24.75,-2.56216164));
#12346=CARTESIAN_POINT('',(1.74999999999996,24.75,-2.56216164));
#12347=CARTESIAN_POINT('',(1.74999999999996,24.75,-2.56216164));
#12348=CARTESIAN_POINT('',(1.74999999999996,24.75,-1.75675628));
#12349=CARTESIAN_POINT('',(1.74999999999996,24.75,-1.75675628));
#12350=CARTESIAN_POINT('',(1.74999999999996,24.75,-2.56216164));
#12351=CARTESIAN_POINT('Origin',(0.,11.95,-2.56216164));
#12352=CARTESIAN_POINT('',(1.74999999999996,11.95,-1.75675628));
#12353=CARTESIAN_POINT('',(1.74999999999996,11.95,-1.75675628));
#12354=CARTESIAN_POINT('',(1.74999999999996,11.95,-2.56216164));
#12355=CARTESIAN_POINT('',(1.74999999999996,11.95,-2.56216164));
#12356=CARTESIAN_POINT('',(1.74999999999996,11.95,-2.56216164));
#12357=CARTESIAN_POINT('Origin',(0.,0.,-2.56216164));
#12358=CARTESIAN_POINT('',(1.74999999999996,11.95,-2.56216164));
#12359=CARTESIAN_POINT('Origin',(0.,0.,-2.56216164));
#12360=CARTESIAN_POINT('',(2.29999999999995,25.25,-2.56216164));
#12361=CARTESIAN_POINT('',(2.29999999999996,25.25,-2.56216164));
#12362=CARTESIAN_POINT('',(21.1,25.25,-2.56216164));
#12363=CARTESIAN_POINT('',(21.1,25.25,-2.56216164));
#12364=CARTESIAN_POINT('',(21.1,25.25,-2.56216164));
#12365=CARTESIAN_POINT('Origin',(21.1,9.44999999999999,-2.56216164));
#12366=CARTESIAN_POINT('',(21.1,25.25,-1.75675628));
#12367=CARTESIAN_POINT('',(21.1,25.25,-1.75675628));
#12368=CARTESIAN_POINT('',(21.1,25.25,-1.75675628));
#12369=CARTESIAN_POINT('Origin',(2.29999999999996,9.44999999999999,-2.56216164));
#12370=CARTESIAN_POINT('',(2.29999999999996,25.25,-1.75675628));
#12371=CARTESIAN_POINT('',(2.29999999999996,25.25,-1.75675628));
#12372=CARTESIAN_POINT('',(2.29999999999995,25.25,-1.75675628));
#12373=CARTESIAN_POINT('Origin',(0.,0.,-2.56216164));
#12374=CARTESIAN_POINT('',(21.65,24.75,-2.56216164));
#12375=CARTESIAN_POINT('',(22.7499999999999,24.75,-2.56216164));
#12376=CARTESIAN_POINT('',(21.65,11.95,-2.56216164));
#12377=CARTESIAN_POINT('',(22.7499999999999,11.95,-2.56216164));
#12378=CARTESIAN_POINT('',(21.65,11.95,-2.56216164));
#12379=CARTESIAN_POINT('Origin',(23.55,11.95,-2.56216164));
#12380=CARTESIAN_POINT('',(21.65,11.95,-1.75675628));
#12381=CARTESIAN_POINT('',(23.55,11.95,-1.75675628));
#12382=CARTESIAN_POINT('',(21.65,11.95,-2.56216164));
#12383=CARTESIAN_POINT('Origin',(23.55,24.75,-2.56216164));
#12384=CARTESIAN_POINT('',(21.65,24.75,-1.75675628));
#12385=CARTESIAN_POINT('',(23.55,24.75,-1.75675628));
#12386=CARTESIAN_POINT('',(21.65,24.75,-2.56216164));
#12387=CARTESIAN_POINT('Origin',(0.,0.,-3.216553495));
#12388=CARTESIAN_POINT('',(21.65,11.45,-3.216553495));
#12389=CARTESIAN_POINT('',(1.74999999999996,11.45,-3.216553495));
#12390=CARTESIAN_POINT('',(21.65,11.45,-3.216553495));
#12391=CARTESIAN_POINT('',(1.74999999999996,25.25,-3.216553495));
#12392=CARTESIAN_POINT('',(1.74999999999996,11.45,-3.216553495));
#12393=CARTESIAN_POINT('',(21.65,25.25,-3.216553495));
#12394=CARTESIAN_POINT('',(21.65,25.25,-3.216553495));
#12395=CARTESIAN_POINT('',(21.65,11.45,-3.216553495));
#12396=CARTESIAN_POINT('Origin',(21.65,11.45,-3.216553495));
#12397=CARTESIAN_POINT('',(21.65,11.45,-1.75675628));
#12398=CARTESIAN_POINT('',(21.65,11.45,-1.75675628));
#12399=CARTESIAN_POINT('',(21.65,11.45,-3.216553495));
#12400=CARTESIAN_POINT('',(21.65,25.25,-1.75675628));
#12401=CARTESIAN_POINT('',(21.65,25.25,-3.216553495));
#12402=CARTESIAN_POINT('',(21.65,24.75,-1.75675628));
#12403=CARTESIAN_POINT('Origin',(21.65,25.25,-3.216553495));
#12404=CARTESIAN_POINT('',(21.65,25.25,-1.75675628));
#12405=CARTESIAN_POINT('',(1.74999999999996,25.25,-1.75675628));
#12406=CARTESIAN_POINT('',(1.74999999999996,25.25,-3.216553495));
#12407=CARTESIAN_POINT('',(2.29999999999995,25.25,-1.75675628));
#12408=CARTESIAN_POINT('Origin',(1.74999999999996,11.45,-3.216553495));
#12409=CARTESIAN_POINT('',(1.74999999999996,24.75,-1.75675628));
#12410=CARTESIAN_POINT('',(1.74999999999996,11.45,-1.75675628));
#12411=CARTESIAN_POINT('',(1.74999999999996,11.45,-3.216553495));
#12412=CARTESIAN_POINT('',(1.74999999999996,11.45,-1.75675628));
#12413=CARTESIAN_POINT('Origin',(21.65,11.45,-3.216553495));
#12414=CARTESIAN_POINT('',(21.65,11.45,-1.75675628));
#12415=CARTESIAN_POINT('',(2.29999999999995,11.45,-1.75675628));
#12416=CARTESIAN_POINT('Origin',(-5.64999999999998,25.75,-2.76351298));
#12417=CARTESIAN_POINT('',(-5.64999999999998,25.75,-1.75675628));
#12418=CARTESIAN_POINT('',(-9.74999999999998,25.75,-1.75675628));
#12419=CARTESIAN_POINT('',(-5.64999999999998,25.75,-1.75675628));
#12420=CARTESIAN_POINT('',(-9.74999999999998,25.75,-2.76351298));
#12421=CARTESIAN_POINT('',(-9.74999999999998,25.75,-2.76351298));
#12422=CARTESIAN_POINT('',(-5.64999999999998,25.75,-2.76351298));
#12423=CARTESIAN_POINT('',(-5.64999999999998,25.75,-2.76351298));
#12424=CARTESIAN_POINT('',(-5.64999999999998,25.75,-2.76351298));
#12425=CARTESIAN_POINT('Origin',(-9.74999999999998,30.05,-2.76351298));
#12426=CARTESIAN_POINT('',(-9.74999999999998,30.05,-1.75675628));
#12427=CARTESIAN_POINT('',(-9.74999999999998,30.05,-1.75675628));
#12428=CARTESIAN_POINT('',(-9.74999999999998,30.05,-2.76351298));
#12429=CARTESIAN_POINT('',(-9.74999999999998,30.05,-2.76351298));
#12430=CARTESIAN_POINT('',(-9.74999999999998,30.05,-2.76351298));
#12431=CARTESIAN_POINT('Origin',(0.,0.,-2.76351298));
#12432=CARTESIAN_POINT('',(-2.74999999999998,12.85,-2.76351298));
#12433=CARTESIAN_POINT('',(-5.64999999999998,12.85,-2.76351298));
#12434=CARTESIAN_POINT('',(-2.74999999999998,12.85,-2.76351298));
#12435=CARTESIAN_POINT('',(-5.64999999999998,12.85,-2.76351298));
#12436=CARTESIAN_POINT('',(-2.74999999999998,30.05,-2.76351298));
#12437=CARTESIAN_POINT('',(-2.74999999999998,30.05,-2.76351298));
#12438=CARTESIAN_POINT('',(-2.74999999999998,12.85,-2.76351298));
#12439=CARTESIAN_POINT('Origin',(-2.74999999999998,0.,-2.76351298));
#12440=CARTESIAN_POINT('',(-2.74999999999998,12.85,-1.75675628));
#12441=CARTESIAN_POINT('',(-2.74999999999998,30.05,-1.75675628));
#12442=CARTESIAN_POINT('',(-2.74999999999998,12.85,-1.75675628));
#12443=CARTESIAN_POINT('',(-2.74999999999998,12.85,-2.76351298));
#12444=CARTESIAN_POINT('',(-2.74999999999998,30.05,-2.76351298));
#12445=CARTESIAN_POINT('Origin',(0.,30.05,-2.76351298));
#12446=CARTESIAN_POINT('',(-2.74999999999998,30.05,-1.75675628));
#12447=CARTESIAN_POINT('Origin',(0.,12.85,-2.76351298));
#12448=CARTESIAN_POINT('',(-5.64999999999998,12.85,-1.75675628));
#12449=CARTESIAN_POINT('',(-2.74999999999998,12.85,-1.75675628));
#12450=CARTESIAN_POINT('',(-5.64999999999998,12.85,-2.76351298));
#12451=CARTESIAN_POINT('Origin',(-5.64999999999998,0.,-2.76351298));
#12452=CARTESIAN_POINT('',(-5.64999999999998,12.85,-1.75675628));
#12453=CARTESIAN_POINT('Origin',(0.,0.,-2.76351298));
#12454=CARTESIAN_POINT('',(-18.25,23.25,-2.76351298));
#12455=CARTESIAN_POINT('',(-13.85,23.25,-2.76351298));
#12456=CARTESIAN_POINT('',(-18.25,23.25,-2.76351298));
#12457=CARTESIAN_POINT('',(-13.85,12.25,-2.76351298));
#12458=CARTESIAN_POINT('',(-13.85,23.25,-2.76351298));
#12459=CARTESIAN_POINT('',(-18.25,12.25,-2.76351298));
#12460=CARTESIAN_POINT('',(-18.25,12.25,-2.76351298));
#12461=CARTESIAN_POINT('',(-18.25,23.25,-2.76351298));
#12462=CARTESIAN_POINT('Origin',(0.,12.25,-2.76351298));
#12463=CARTESIAN_POINT('',(-18.25,12.25,-1.75675628));
#12464=CARTESIAN_POINT('',(-13.85,12.25,-1.75675628));
#12465=CARTESIAN_POINT('',(-18.25,12.25,-1.75675628));
#12466=CARTESIAN_POINT('',(-18.25,12.25,-2.76351298));
#12467=CARTESIAN_POINT('',(-13.85,12.25,-2.76351298));
#12468=CARTESIAN_POINT('Origin',(-13.85,4.36834911677796E-15,-2.76351298));
#12469=CARTESIAN_POINT('',(-13.85,23.25,-1.75675628));
#12470=CARTESIAN_POINT('',(-13.85,23.25,-1.75675628));
#12471=CARTESIAN_POINT('',(-13.85,23.25,-2.76351298));
#12472=CARTESIAN_POINT('Origin',(0.,0.,-3.56891834));
#12473=CARTESIAN_POINT('',(-26.55,23.25,-3.56891834));
#12474=CARTESIAN_POINT('',(-18.25,23.25,-3.56891834));
#12475=CARTESIAN_POINT('',(-26.55,23.25,-3.56891834));
#12476=CARTESIAN_POINT('',(-18.25,6.84999999999999,-3.56891834));
#12477=CARTESIAN_POINT('',(-18.25,23.25,-3.56891834));
#12478=CARTESIAN_POINT('',(-26.55,6.84999999999999,-3.56891834));
#12479=CARTESIAN_POINT('',(-26.55,6.84999999999999,-3.56891834));
#12480=CARTESIAN_POINT('',(-26.55,23.25,-3.56891834));
#12481=CARTESIAN_POINT('Origin',(-26.55,0.,-3.56891834));
#12482=CARTESIAN_POINT('',(-26.55,23.25,-1.75675628));
#12483=CARTESIAN_POINT('',(-26.55,6.84999999999999,-1.75675628));
#12484=CARTESIAN_POINT('',(-26.55,23.25,-1.75675628));
#12485=CARTESIAN_POINT('',(-26.55,23.25,-3.56891834));
#12486=CARTESIAN_POINT('',(-26.55,6.84999999999999,-3.56891834));
#12487=CARTESIAN_POINT('Origin',(7.1583468737597E-16,6.84999999999999,-3.56891834));
#12488=CARTESIAN_POINT('',(-18.25,6.84999999999999,-1.75675628));
#12489=CARTESIAN_POINT('',(-26.55,6.84999999999999,-1.75675628));
#12490=CARTESIAN_POINT('',(-18.25,6.84999999999999,-3.56891834));
#12491=CARTESIAN_POINT('Origin',(-18.25,0.,-3.56891834));
#12492=CARTESIAN_POINT('',(-18.25,12.25,-1.75675628));
#12493=CARTESIAN_POINT('',(-18.25,23.25,-3.56891834));
#12494=CARTESIAN_POINT('Origin',(0.,23.25,-3.56891834));
#12495=CARTESIAN_POINT('',(-26.55,23.25,-1.75675628));
#12496=CARTESIAN_POINT('Origin',(0.,0.,-4.17297236));
#12497=CARTESIAN_POINT('',(-32.45,6.94999999999999,-4.17297236));
#12498=CARTESIAN_POINT('',(-66.45,6.94999999999999,-4.17297236));
#12499=CARTESIAN_POINT('',(-32.45,6.94999999999999,-4.17297236));
#12500=CARTESIAN_POINT('',(-66.45,29.35,-4.17297236));
#12501=CARTESIAN_POINT('',(-66.45,6.94999999999999,-4.17297236));
#12502=CARTESIAN_POINT('',(-32.45,29.35,-4.17297236));
#12503=CARTESIAN_POINT('',(-32.45,29.35,-4.17297236));
#12504=CARTESIAN_POINT('',(-32.45,6.94999999999999,-4.17297236));
#12505=CARTESIAN_POINT('Origin',(-32.45,0.,-4.17297236));
#12506=CARTESIAN_POINT('',(-32.45,6.94999999999999,-1.75675628));
#12507=CARTESIAN_POINT('',(-32.45,29.35,-1.75675628));
#12508=CARTESIAN_POINT('',(-32.45,6.94999999999999,-1.75675628));
#12509=CARTESIAN_POINT('',(-32.45,6.94999999999999,-4.17297236));
#12510=CARTESIAN_POINT('',(-32.45,29.35,-4.17297236));
#12511=CARTESIAN_POINT('Origin',(0.,29.35,-4.17297236));
#12512=CARTESIAN_POINT('',(-66.45,29.35,-1.75675628));
#12513=CARTESIAN_POINT('',(-32.45,29.35,-1.75675628));
#12514=CARTESIAN_POINT('',(-66.45,29.35,-4.17297236));
#12515=CARTESIAN_POINT('Origin',(-66.45,0.,-4.17297236));
#12516=CARTESIAN_POINT('',(-66.45,6.94999999999999,-1.75675628));
#12517=CARTESIAN_POINT('',(-66.45,6.94999999999999,-1.75675628));
#12518=CARTESIAN_POINT('',(-66.45,6.94999999999999,-4.17297236));
#12519=CARTESIAN_POINT('Origin',(0.,6.94999999999999,-4.17297236));
#12520=CARTESIAN_POINT('',(-32.45,6.94999999999999,-1.75675628));
#12521=CARTESIAN_POINT('Origin',(74.5500000000002,4.40250672796838E-13,
11.8536403169417));
#12522=CARTESIAN_POINT('',(74.5499999999999,50.95,-0.0452698899999993));
#12523=CARTESIAN_POINT('',(74.5499999999999,50.95,-1.75675628));
#12524=CARTESIAN_POINT('',(74.5499999999999,50.95,-0.0452698899999958));
#12525=CARTESIAN_POINT('',(74.5499999999999,55.6499999999999,-0.0452698899999993));
#12526=CARTESIAN_POINT('',(74.5499999999999,50.95,-0.0452698899999993));
#12527=CARTESIAN_POINT('',(74.5499999999999,55.6499999999999,-1.75675628));
#12528=CARTESIAN_POINT('',(74.5499999999999,55.6499999999999,-0.0452698899999958));
#12529=CARTESIAN_POINT('',(74.5499999999999,50.95,-1.75675628));
#12530=CARTESIAN_POINT('Origin',(78.55,55.65,11.8536403169417));
#12531=CARTESIAN_POINT('',(82.55,55.6499999999999,-0.0452698899999958));
#12532=CARTESIAN_POINT('Origin',(78.55,55.65,-0.0452698899999993));
#12533=CARTESIAN_POINT('',(82.55,55.6499999999999,-1.75675628));
#12534=CARTESIAN_POINT('',(82.55,55.6499999999999,-0.0452698899999923));
#12535=CARTESIAN_POINT('Origin',(78.55,55.65,-1.75675628));
#12536=CARTESIAN_POINT('Origin',(78.55,55.,11.8536403169417));
#12537=CARTESIAN_POINT('',(80.1,55.,-1.75675628));
#12538=CARTESIAN_POINT('Origin',(78.55,55.,-1.75675628));
#12539=CARTESIAN_POINT('',(80.1,55.,-0.0452698899999993));
#12540=CARTESIAN_POINT('',(80.1,55.,11.8536403169417));
#12541=CARTESIAN_POINT('Origin',(78.55,55.,-0.0452698899999993));
#12542=CARTESIAN_POINT('Origin',(-78.55,55.,11.8536403169417));
#12543=CARTESIAN_POINT('',(-77.,55.,-1.75675628));
#12544=CARTESIAN_POINT('Origin',(-78.55,55.,-1.75675628));
#12545=CARTESIAN_POINT('',(-77.,55.,-0.0452698899999993));
#12546=CARTESIAN_POINT('',(-77.,55.,11.8536403169417));
#12547=CARTESIAN_POINT('Origin',(-78.55,55.,-0.0452698899999993));
#12548=CARTESIAN_POINT('Origin',(-78.55,55.65,11.8536403169417));
#12549=CARTESIAN_POINT('',(-74.5499999999999,55.65,-0.0452698899999993));
#12550=CARTESIAN_POINT('',(-82.55,55.65,-0.0452698899999958));
#12551=CARTESIAN_POINT('Origin',(-78.55,55.65,-0.0452698899999993));
#12552=CARTESIAN_POINT('',(-74.5499999999999,55.65,-1.75675628));
#12553=CARTESIAN_POINT('',(-74.5499999999999,55.65,-0.0452698899999958));
#12554=CARTESIAN_POINT('',(-82.55,55.65,-1.75675628));
#12555=CARTESIAN_POINT('Origin',(-78.55,55.65,-1.75675628));
#12556=CARTESIAN_POINT('',(-82.55,55.65,-0.0452698899999923));
#12557=CARTESIAN_POINT('Origin',(-74.5500000000002,4.40250672796838E-13,
11.8536403169417));
#12558=CARTESIAN_POINT('',(-74.5499999999999,50.95,-0.0452698899999993));
#12559=CARTESIAN_POINT('',(-74.5499999999999,50.95,-0.0452698899999993));
#12560=CARTESIAN_POINT('',(-74.5499999999999,50.95,-1.75675628));
#12561=CARTESIAN_POINT('',(-74.5499999999999,50.95,-0.0452698899999958));
#12562=CARTESIAN_POINT('',(-74.5499999999999,50.95,-1.75675628));
#12563=CARTESIAN_POINT('Origin',(-74.5500000000002,-4.40250672796838E-13,
11.8536403169417));
#12564=CARTESIAN_POINT('',(-74.5499999999999,-55.95,-0.0452698899999993));
#12565=CARTESIAN_POINT('',(-74.5499999999999,-55.95,-1.75675628));
#12566=CARTESIAN_POINT('',(-74.5499999999999,-55.95,-0.0452698899999958));
#12567=CARTESIAN_POINT('',(-74.5499999999999,-60.65,-0.0452698899999993));
#12568=CARTESIAN_POINT('',(-74.5499999999999,-55.95,-0.0452698899999993));
#12569=CARTESIAN_POINT('',(-74.5499999999999,-60.65,-1.75675628));
#12570=CARTESIAN_POINT('',(-74.5499999999999,-60.65,-0.0452698899999958));
#12571=CARTESIAN_POINT('',(-74.5499999999999,-55.95,-1.75675628));
#12572=CARTESIAN_POINT('Origin',(-78.55,-60.65,11.8536403169417));
#12573=CARTESIAN_POINT('',(-82.55,-60.65,-0.0452698899999958));
#12574=CARTESIAN_POINT('Origin',(-78.55,-60.65,-0.0452698899999993));
#12575=CARTESIAN_POINT('',(-82.55,-60.65,-1.75675628));
#12576=CARTESIAN_POINT('',(-82.55,-60.65,-0.0452698899999923));
#12577=CARTESIAN_POINT('Origin',(-78.55,-60.65,-1.75675628));
#12578=CARTESIAN_POINT('Origin',(-78.55,-60.,11.8536403169417));
#12579=CARTESIAN_POINT('',(-77.,-60.,-1.75675628));
#12580=CARTESIAN_POINT('Origin',(-78.55,-60.,-1.75675628));
#12581=CARTESIAN_POINT('',(-77.,-60.,-0.0452698899999993));
#12582=CARTESIAN_POINT('',(-77.,-60.,11.8536403169417));
#12583=CARTESIAN_POINT('Origin',(-78.55,-60.,-0.0452698899999993));
#12584=CARTESIAN_POINT('Origin',(78.55,-60.,11.8536403169417));
#12585=CARTESIAN_POINT('',(80.1,-60.,-1.75675628));
#12586=CARTESIAN_POINT('Origin',(78.55,-60.,-1.75675628));
#12587=CARTESIAN_POINT('',(80.1,-60.,-0.0452698899999993));
#12588=CARTESIAN_POINT('',(80.1,-60.,11.8536403169417));
#12589=CARTESIAN_POINT('Origin',(78.55,-60.,-0.0452698899999993));
#12590=CARTESIAN_POINT('Origin',(78.55,-60.65,11.8536403169417));
#12591=CARTESIAN_POINT('',(74.5499999999998,-60.65,-0.0452698899999993));
#12592=CARTESIAN_POINT('',(82.55,-60.65,-0.0452698899999958));
#12593=CARTESIAN_POINT('Origin',(78.55,-60.65,-0.0452698899999993));
#12594=CARTESIAN_POINT('',(74.5499999999998,-60.65,-1.75675628));
#12595=CARTESIAN_POINT('',(74.5499999999998,-60.65,-0.0452698899999958));
#12596=CARTESIAN_POINT('',(82.55,-60.65,-1.75675628));
#12597=CARTESIAN_POINT('Origin',(78.55,-60.65,-1.75675628));
#12598=CARTESIAN_POINT('',(82.55,-60.65,-0.0452698899999923));
#12599=CARTESIAN_POINT('Origin',(74.5500000000006,-8.80501345593681E-13,
11.8536403169417));
#12600=CARTESIAN_POINT('',(74.5499999999999,-55.95,-0.0452698899999993));
#12601=CARTESIAN_POINT('',(74.5499999999999,-55.95,-0.0452698899999993));
#12602=CARTESIAN_POINT('',(74.5499999999999,-55.95,-1.75675628));
#12603=CARTESIAN_POINT('',(74.5499999999999,-55.95,-0.0452698899999958));
#12604=CARTESIAN_POINT('',(74.5499999999999,-55.95,-1.75675628));
#12605=CARTESIAN_POINT('Origin',(82.55,-55.95,-1.75675628));
#12606=CARTESIAN_POINT('',(82.55,-60.65,-0.0452698899999993));
#12607=CARTESIAN_POINT('',(82.55,-60.65,-1.75675628));
#12608=CARTESIAN_POINT('',(82.55,11.85,-1.75675628));
#12609=CARTESIAN_POINT('',(82.55,24.95,-1.75675628));
#12610=CARTESIAN_POINT('',(82.55,46.25,-1.75675628));
#12611=CARTESIAN_POINT('Origin',(-82.55,-55.95,-1.75675628));
#12612=CARTESIAN_POINT('',(-82.55,-60.65,-0.0452698899999993));
#12613=CARTESIAN_POINT('',(-82.55,-60.65,-1.75675628));
#12614=CARTESIAN_POINT('Origin',(-82.55,-55.95,-1.75675628));
#12615=CARTESIAN_POINT('',(-74.5499999999999,-55.95,-1.75675628));
#12616=CARTESIAN_POINT('',(-74.5499999999999,-55.95,-0.0452698899999993));
#12617=CARTESIAN_POINT('Origin',(-82.55,50.95,-1.75675628));
#12618=CARTESIAN_POINT('',(-74.5499999999999,50.95,-0.0452698899999993));
#12619=CARTESIAN_POINT('',(-74.5499999999999,50.95,-1.75675628));
#12620=CARTESIAN_POINT('Origin',(0.,0.,-0.0452698899999993));
#12621=CARTESIAN_POINT('Origin',(28.65,-32.65,-3.26689133));
#12622=CARTESIAN_POINT('',(28.65,-26.4,-1.75675628));
#12623=CARTESIAN_POINT('',(28.65,-32.65,-1.75675628));
#12624=CARTESIAN_POINT('Origin',(35.45,-32.65,-3.26689133));
#12625=CARTESIAN_POINT('',(35.45,-32.65,-1.75675628));
#12626=CARTESIAN_POINT('',(35.45,-26.4,-1.75675628));
#12627=CARTESIAN_POINT('Origin',(45.8999999999999,-31.,-2.46148597));
#12628=CARTESIAN_POINT('Origin',(17.15,-31.45,-0.145945559999999));
#12629=CARTESIAN_POINT('',(14.6,-31.45,-1.75675628));
#12630=CARTESIAN_POINT('Origin',(0.,2.44999999999998,-3.66959401));
#12631=CARTESIAN_POINT('',(34.325,2.44999999999998,-1.75675628));
#12632=CARTESIAN_POINT('',(40.15,2.44999999999998,-1.75675628));
#12633=CARTESIAN_POINT('',(38.825,2.44999999999998,-1.75675628));
#12634=CARTESIAN_POINT('',(36.575,2.44999999999998,-1.75675628));
#12635=CARTESIAN_POINT('Origin',(0.,-6.15000000000002,-3.66959401));
#12636=CARTESIAN_POINT('',(40.15,-6.15000000000002,-1.75675628));
#12637=CARTESIAN_POINT('',(35.4499999999999,-6.15000000000002,-1.75675628));
#12638=CARTESIAN_POINT('Origin',(0.,-9.55000000000002,-3.66959401));
#12639=CARTESIAN_POINT('',(36.575,-9.55000000000002,-1.75675628));
#12640=CARTESIAN_POINT('',(34.325,-9.55000000000002,-1.75675628));
#12641=CARTESIAN_POINT('',(40.15,-9.55000000000002,-1.75675628));
#12642=CARTESIAN_POINT('',(38.825,-9.55000000000002,-1.75675628));
#12643=CARTESIAN_POINT('Origin',(60.05,9.44999999999998,-0.145945559999999));
#12644=CARTESIAN_POINT('',(54.85,9.44999999999998,-1.75675628));
#12645=CARTESIAN_POINT('Origin',(79.05,-7.45000000000002,-5.028715555));
#12646=CARTESIAN_POINT('',(79.05,-2.45000000000002,-1.75675628));
#12647=CARTESIAN_POINT('',(79.05,-4.95000000000002,-1.75675628));
#12648=CARTESIAN_POINT('',(79.05,-7.45000000000002,-1.75675628));
#12649=CARTESIAN_POINT('',(79.05,-7.45000000000002,-5.028715555));
#12650=CARTESIAN_POINT('',(79.05,0.0499999999999806,-1.75675628));
#12651=CARTESIAN_POINT('Origin',(75.55,-7.45000000000002,-5.028715555));
#12652=CARTESIAN_POINT('',(75.55,0.0499999999999806,-1.75675628));
#12653=CARTESIAN_POINT('',(75.55,-7.45000000000002,-5.028715555));
#12654=CARTESIAN_POINT('',(75.55,-7.45000000000002,-1.75675628));
#12655=CARTESIAN_POINT('',(75.55,-4.95000000000002,-1.75675628));
#12656=CARTESIAN_POINT('',(75.55,-2.45000000000002,-1.75675628));
#12657=CARTESIAN_POINT('Origin',(0.,0.,-1.75675628));
#12658=CARTESIAN_POINT('Origin',(0.,0.,-5.028715555));
#12659=CARTESIAN_POINT('Origin',(0.474999999999968,-3.40000000000002,-0.0452698899999993));
#12660=CARTESIAN_POINT('',(75.3,-50.95,-0.0452698899999993));
#12661=CARTESIAN_POINT('',(82.,-50.95,-0.0452698899999993));
#12662=CARTESIAN_POINT('',(75.3,-50.95,-0.0452698899999993));
#12663=CARTESIAN_POINT('',(75.3,-53.7,-0.0452698899999993));
#12664=CARTESIAN_POINT('',(75.3,-53.7,-0.0452698899999993));
#12665=CARTESIAN_POINT('',(37.3,-53.7,-0.0452698899999993));
#12666=CARTESIAN_POINT('',(37.3,-53.7,-0.0452698899999993));
#12667=CARTESIAN_POINT('',(37.3,-50.95,-0.0452698899999993));
#12668=CARTESIAN_POINT('',(37.3,-50.95,-0.0452698899999993));
#12669=CARTESIAN_POINT('',(13.95,-50.95,-0.0452698899999993));
#12670=CARTESIAN_POINT('',(13.95,-50.95,-0.0452698899999993));
#12671=CARTESIAN_POINT('',(13.95,-51.85,-0.0452698899999993));
#12672=CARTESIAN_POINT('',(13.95,-51.85,-0.0452698899999993));
#12673=CARTESIAN_POINT('',(-14.55,-51.85,-0.0452698899999993));
#12674=CARTESIAN_POINT('',(-14.55,-51.85,-0.0452698899999993));
#12675=CARTESIAN_POINT('',(-14.55,-50.95,-0.0452698899999993));
#12676=CARTESIAN_POINT('',(-14.55,-50.95,-0.0452698899999993));
#12677=CARTESIAN_POINT('',(-82.,-50.95,-0.0452698899999993));
#12678=CARTESIAN_POINT('',(-82.,-50.95,-0.0452698899999993));
#12679=CARTESIAN_POINT('',(-82.,49.15,-0.0452698899999993));
#12680=CARTESIAN_POINT('',(-82.,-50.95,-0.0452698899999993));
#12681=CARTESIAN_POINT('',(82.,49.15,-0.0452698899999993));
#12682=CARTESIAN_POINT('',(-82.,49.15,-0.0452698899999993));
#12683=CARTESIAN_POINT('',(82.,-50.95,-0.0452698899999993));
#12684=CARTESIAN_POINT('Origin',(0.,-50.95,6.7));
#12685=CARTESIAN_POINT('',(-14.55,-50.95,4.28378392));
#12686=CARTESIAN_POINT('',(-14.55,-50.95,4.28378392));
#12687=CARTESIAN_POINT('',(13.95,-50.95,4.28378392));
#12688=CARTESIAN_POINT('',(13.95,-50.95,4.28378392));
#12689=CARTESIAN_POINT('',(13.95,-50.95,4.28378392));
#12690=CARTESIAN_POINT('',(37.3,-50.95,6.29729732));
#12691=CARTESIAN_POINT('',(37.3,-50.95,6.29729732));
#12692=CARTESIAN_POINT('',(75.3,-50.95,6.29729732));
#12693=CARTESIAN_POINT('',(75.3,-50.95,6.29729732));
#12694=CARTESIAN_POINT('',(75.3,-50.95,6.29729732));
#12695=CARTESIAN_POINT('',(82.,-50.95,6.7));
#12696=CARTESIAN_POINT('',(82.,-50.95,6.7));
#12697=CARTESIAN_POINT('',(-82.,-50.95,6.7));
#12698=CARTESIAN_POINT('',(-82.,-50.95,6.7));
#12699=CARTESIAN_POINT('',(-82.,-50.95,6.7));
#12700=CARTESIAN_POINT('Origin',(82.,-0.899999999999999,6.7));
#12701=CARTESIAN_POINT('',(82.,49.15,6.7));
#12702=CARTESIAN_POINT('',(82.,49.15,6.7));
#12703=CARTESIAN_POINT('',(82.,-50.95,6.7));
#12704=CARTESIAN_POINT('Origin',(0.,49.15,6.7));
#12705=CARTESIAN_POINT('',(-82.,49.15,6.7));
#12706=CARTESIAN_POINT('',(-82.,49.15,6.7));
#12707=CARTESIAN_POINT('',(-82.,49.15,6.7));
#12708=CARTESIAN_POINT('Origin',(-82.,-0.899999999999999,6.7));
#12709=CARTESIAN_POINT('',(-82.,-50.95,6.7));
#12710=CARTESIAN_POINT('Origin',(0.,-0.899999999999999,6.7));
#12711=CARTESIAN_POINT('',(-79.,46.15,6.7));
#12712=CARTESIAN_POINT('',(-79.,-42.95,6.7));
#12713=CARTESIAN_POINT('',(-79.,46.15,6.7));
#12714=CARTESIAN_POINT('',(75.5,46.15,6.7));
#12715=CARTESIAN_POINT('',(75.5,46.15,6.7));
#12716=CARTESIAN_POINT('',(75.5,-42.95,6.7));
#12717=CARTESIAN_POINT('',(75.5,-42.95,6.7));
#12718=CARTESIAN_POINT('',(-79.,-42.95,6.7));
#12719=CARTESIAN_POINT('Origin',(-79.,46.15,5.18986495));
#12720=CARTESIAN_POINT('',(-79.,-42.95,5.18986495));
#12721=CARTESIAN_POINT('',(-79.,-42.95,5.18986495));
#12722=CARTESIAN_POINT('',(-79.,46.15,5.18986495));
#12723=CARTESIAN_POINT('',(-79.,46.15,5.18986495));
#12724=CARTESIAN_POINT('',(-79.,46.15,5.18986495));
#12725=CARTESIAN_POINT('Origin',(75.5,46.15,5.18986495));
#12726=CARTESIAN_POINT('',(75.5,46.15,5.18986495));
#12727=CARTESIAN_POINT('',(75.5,46.15,5.18986495));
#12728=CARTESIAN_POINT('',(75.5,46.15,5.18986495));
#12729=CARTESIAN_POINT('Origin',(75.5,46.15,5.18986495));
#12730=CARTESIAN_POINT('',(75.5,-42.95,5.18986495));
#12731=CARTESIAN_POINT('',(75.5,-42.95,5.18986495));
#12732=CARTESIAN_POINT('',(75.5,-42.95,5.18986495));
#12733=CARTESIAN_POINT('Origin',(75.5,-42.95,5.18986495));
#12734=CARTESIAN_POINT('',(-79.,-42.95,5.18986495));
#12735=CARTESIAN_POINT('Origin',(0.,-0.899999999999999,5.18986495));
#12736=CARTESIAN_POINT('Origin',(75.3,-50.95,6.29729732));
#12737=CARTESIAN_POINT('',(75.3,-51.2,6.29729732));
#12738=CARTESIAN_POINT('',(75.3,-51.2,6.29729732));
#12739=CARTESIAN_POINT('',(75.3,-53.7,3.78040557));
#12740=CARTESIAN_POINT('Origin',(75.3,-51.2,3.78040557));
#12741=CARTESIAN_POINT('',(75.3,-53.7,3.78040557));
#12742=CARTESIAN_POINT('Origin',(37.3,-50.95,6.29729732));
#12743=CARTESIAN_POINT('',(37.3,-53.7,3.78040557));
#12744=CARTESIAN_POINT('',(37.3,-53.7,3.78040557));
#12745=CARTESIAN_POINT('',(37.3,-51.2,6.29729732));
#12746=CARTESIAN_POINT('Origin',(37.3,-51.2,3.78040557));
#12747=CARTESIAN_POINT('',(37.3,-50.95,6.29729732));
#12748=CARTESIAN_POINT('Origin',(75.3,-53.7,6.29729732));
#12749=CARTESIAN_POINT('',(37.3,-53.7,3.78040557));
#12750=CARTESIAN_POINT('Origin',(0.,-0.899999999999999,6.29729732));
#12751=CARTESIAN_POINT('',(37.3,-51.2,6.29729732));
#12752=CARTESIAN_POINT('Ctrl Pts',(37.3,-51.2,6.29729732));
#12753=CARTESIAN_POINT('Ctrl Pts',(37.3,-53.7,6.29729732000001));
#12754=CARTESIAN_POINT('Ctrl Pts',(37.3,-53.7,3.78040557));
#12755=CARTESIAN_POINT('Ctrl Pts',(75.3,-51.2,6.29729732));
#12756=CARTESIAN_POINT('Ctrl Pts',(75.3,-53.7,6.29729732000001));
#12757=CARTESIAN_POINT('Ctrl Pts',(75.3,-53.7,3.78040557));
#12758=CARTESIAN_POINT('Origin',(-14.55,-50.95,4.28378392));
#12759=CARTESIAN_POINT('',(-14.55,-51.85,2.12687964459821));
#12760=CARTESIAN_POINT('',(-14.55,-51.85,2.12687964459821));
#12761=CARTESIAN_POINT('Origin',(-14.55,-48.85,2.12687964459821));
#12762=CARTESIAN_POINT('Origin',(-14.55,-51.85,4.28378392));
#12763=CARTESIAN_POINT('',(13.95,-51.85,2.12687964459821));
#12764=CARTESIAN_POINT('',(13.95,-51.85,2.12687964459821));
#12765=CARTESIAN_POINT('',(13.95,-51.85,2.12687964459821));
#12766=CARTESIAN_POINT('Origin',(13.95,-50.95,4.28378392));
#12767=CARTESIAN_POINT('Origin',(13.95,-48.85,2.12687964459821));
#12768=CARTESIAN_POINT('Ctrl Pts',(-14.55,-50.95,4.28378392));
#12769=CARTESIAN_POINT('Ctrl Pts',(-14.55,-51.85,3.39564686542279));
#12770=CARTESIAN_POINT('Ctrl Pts',(-14.55,-51.85,2.12687964459821));
#12771=CARTESIAN_POINT('Ctrl Pts',(13.95,-50.95,4.28378392));
#12772=CARTESIAN_POINT('Ctrl Pts',(13.95,-51.85,3.39564686542279));
#12773=CARTESIAN_POINT('Ctrl Pts',(13.95,-51.85,2.12687964459821));
#12774=UNCERTAINTY_MEASURE_WITH_UNIT(LENGTH_MEASURE(0.01),#12778,
'DISTANCE_ACCURACY_VALUE',
'Maximum model space distance between geometric entities at asserted c
onnectivities');
#12775=UNCERTAINTY_MEASURE_WITH_UNIT(LENGTH_MEASURE(0.01),#12778,
'DISTANCE_ACCURACY_VALUE',
'Maximum model space distance between geometric entities at asserted c
onnectivities');
#12776=(
GEOMETRIC_REPRESENTATION_CONTEXT(3)
GLOBAL_UNCERTAINTY_ASSIGNED_CONTEXT((#12774))
GLOBAL_UNIT_ASSIGNED_CONTEXT((#12778,#12780,#12781))
REPRESENTATION_CONTEXT('','3D')
);
#12777=(
GEOMETRIC_REPRESENTATION_CONTEXT(3)
GLOBAL_UNCERTAINTY_ASSIGNED_CONTEXT((#12775))
GLOBAL_UNIT_ASSIGNED_CONTEXT((#12778,#12780,#12781))
REPRESENTATION_CONTEXT('','3D')
);
#12778=(
LENGTH_UNIT()
NAMED_UNIT(*)
SI_UNIT(.MILLI.,.METRE.)
);
#12779=(
LENGTH_UNIT()
NAMED_UNIT(*)
SI_UNIT($,.METRE.)
);
#12780=(
NAMED_UNIT(*)
PLANE_ANGLE_UNIT()
SI_UNIT($,.RADIAN.)
);
#12781=(
NAMED_UNIT(*)
SI_UNIT($,.STERADIAN.)
SOLID_ANGLE_UNIT()
);
#12782=SHAPE_DEFINITION_REPRESENTATION(#12783,#12784);
#12783=PRODUCT_DEFINITION_SHAPE('',$,#12786);
#12784=SHAPE_REPRESENTATION('',(#7912),#12776);
#12785=PRODUCT_DEFINITION_CONTEXT('part definition',#12790,'design');
#12786=PRODUCT_DEFINITION('lcd 7inch cap 1024 600','displej v3',#12787,
#12785);
#12787=PRODUCT_DEFINITION_FORMATION('',$,#12792);
#12788=PRODUCT_RELATED_PRODUCT_CATEGORY('displej v3','displej v3',(#12792));
#12789=APPLICATION_PROTOCOL_DEFINITION('international standard',
'automotive_design',2009,#12790);
#12790=APPLICATION_CONTEXT(
'Core Data for Automotive Mechanical Design Process');
#12791=PRODUCT_CONTEXT('part definition',#12790,'mechanical');
#12792=PRODUCT('lcd 7inch cap 1024 600','displej v3',$,(#12791));
#12793=PRESENTATION_STYLE_ASSIGNMENT((#12805));
#12794=PRESENTATION_STYLE_ASSIGNMENT((#12806));
#12795=PRESENTATION_STYLE_ASSIGNMENT((#12807));
#12796=PRESENTATION_STYLE_ASSIGNMENT((#12808));
#12797=PRESENTATION_STYLE_ASSIGNMENT((#12809));
#12798=PRESENTATION_STYLE_ASSIGNMENT((#12810));
#12799=PRESENTATION_STYLE_ASSIGNMENT((#12811));
#12800=PRESENTATION_STYLE_ASSIGNMENT((#12812));
#12801=PRESENTATION_STYLE_ASSIGNMENT((#12813));
#12802=PRESENTATION_STYLE_ASSIGNMENT((#12814));
#12803=PRESENTATION_STYLE_ASSIGNMENT((#12815));
#12804=PRESENTATION_STYLE_ASSIGNMENT((#12816));
#12805=SURFACE_STYLE_USAGE(.BOTH.,#12817);
#12806=SURFACE_STYLE_USAGE(.BOTH.,#12818);
#12807=SURFACE_STYLE_USAGE(.BOTH.,#12819);
#12808=SURFACE_STYLE_USAGE(.BOTH.,#12820);
#12809=SURFACE_STYLE_USAGE(.BOTH.,#12821);
#12810=SURFACE_STYLE_USAGE(.BOTH.,#12822);
#12811=SURFACE_STYLE_USAGE(.BOTH.,#12823);
#12812=SURFACE_STYLE_USAGE(.BOTH.,#12824);
#12813=SURFACE_STYLE_USAGE(.BOTH.,#12825);
#12814=SURFACE_STYLE_USAGE(.BOTH.,#12826);
#12815=SURFACE_STYLE_USAGE(.BOTH.,#12827);
#12816=SURFACE_STYLE_USAGE(.BOTH.,#12828);
#12817=SURFACE_SIDE_STYLE('',(#12829));
#12818=SURFACE_SIDE_STYLE('',(#12830));
#12819=SURFACE_SIDE_STYLE('',(#12831));
#12820=SURFACE_SIDE_STYLE('',(#12832));
#12821=SURFACE_SIDE_STYLE('',(#12833));
#12822=SURFACE_SIDE_STYLE('',(#12834));
#12823=SURFACE_SIDE_STYLE('',(#12835));
#12824=SURFACE_SIDE_STYLE('',(#12836));
#12825=SURFACE_SIDE_STYLE('',(#12837));
#12826=SURFACE_SIDE_STYLE('',(#12838));
#12827=SURFACE_SIDE_STYLE('',(#12839));
#12828=SURFACE_SIDE_STYLE('',(#12840));
#12829=SURFACE_STYLE_FILL_AREA(#12841);
#12830=SURFACE_STYLE_FILL_AREA(#12842);
#12831=SURFACE_STYLE_FILL_AREA(#12843);
#12832=SURFACE_STYLE_FILL_AREA(#12844);
#12833=SURFACE_STYLE_FILL_AREA(#12845);
#12834=SURFACE_STYLE_FILL_AREA(#12846);
#12835=SURFACE_STYLE_FILL_AREA(#12847);
#12836=SURFACE_STYLE_FILL_AREA(#12848);
#12837=SURFACE_STYLE_FILL_AREA(#12849);
#12838=SURFACE_STYLE_FILL_AREA(#12850);
#12839=SURFACE_STYLE_FILL_AREA(#12851);
#12840=SURFACE_STYLE_FILL_AREA(#12852);
#12841=FILL_AREA_STYLE('Steel - Satin',(#12853));
#12842=FILL_AREA_STYLE('Opaque(255,255,255)',(#12854));
#12843=FILL_AREA_STYLE('Opaque(175,155,135)',(#12855));
#12844=FILL_AREA_STYLE('Opaque(255,239,35)',(#12856));
#12845=FILL_AREA_STYLE('Opaque(18,18,18)',(#12857));
#12846=FILL_AREA_STYLE('Opaque(26,26,26)',(#12858));
#12847=FILL_AREA_STYLE('Opaque(178,178,178)',(#12859));
#12848=FILL_AREA_STYLE('Opaque(165,158,153)',(#12860));
#12849=FILL_AREA_STYLE('Opaque(76,76,76)',(#12861));
#12850=FILL_AREA_STYLE('Opaque(127,127,127)',(#12862));
#12851=FILL_AREA_STYLE('Opaque(150,145,134)',(#12863));
#12852=FILL_AREA_STYLE('Opaque(2,61,210)',(#12864));
#12853=FILL_AREA_STYLE_COLOUR('Steel - Satin',#12865);
#12854=FILL_AREA_STYLE_COLOUR('Opaque(255,255,255)',#12866);
#12855=FILL_AREA_STYLE_COLOUR('Opaque(175,155,135)',#12867);
#12856=FILL_AREA_STYLE_COLOUR('Opaque(255,239,35)',#12868);
#12857=FILL_AREA_STYLE_COLOUR('Opaque(18,18,18)',#12869);
#12858=FILL_AREA_STYLE_COLOUR('Opaque(26,26,26)',#12870);
#12859=FILL_AREA_STYLE_COLOUR('Opaque(178,178,178)',#12871);
#12860=FILL_AREA_STYLE_COLOUR('Opaque(165,158,153)',#12872);
#12861=FILL_AREA_STYLE_COLOUR('Opaque(76,76,76)',#12873);
#12862=FILL_AREA_STYLE_COLOUR('Opaque(127,127,127)',#12874);
#12863=FILL_AREA_STYLE_COLOUR('Opaque(150,145,134)',#12875);
#12864=FILL_AREA_STYLE_COLOUR('Opaque(2,61,210)',#12876);
#12865=COLOUR_RGB('Steel - Satin',0.627450980392157,0.627450980392157,0.627450980392157);
#12866=COLOUR_RGB('Opaque(255,255,255)',1.,1.,1.);
#12867=COLOUR_RGB('Opaque(175,155,135)',0.686274509803922,0.607843137254902,
0.529411764705882);
#12868=COLOUR_RGB('Opaque(255,239,35)',1.,0.937254901960784,0.137254901960784);
#12869=COLOUR_RGB('Opaque(18,18,18)',0.0705882352941176,0.0705882352941176,
0.0705882352941176);
#12870=COLOUR_RGB('Opaque(26,26,26)',0.101960784313725,0.101960784313725,
0.101960784313725);
#12871=COLOUR_RGB('Opaque(178,178,178)',0.698039215686274,0.698039215686274,
0.698039215686274);
#12872=COLOUR_RGB('Opaque(165,158,153)',0.647058823529412,0.619607843137255,
0.6);
#12873=COLOUR_RGB('Opaque(76,76,76)',0.298039215686275,0.298039215686275,
0.298039215686275);
#12874=COLOUR_RGB('Opaque(127,127,127)',0.498039215686275,0.498039215686275,
0.498039215686275);
#12875=COLOUR_RGB('Opaque(150,145,134)',0.588235294117647,0.572549019607843,
0.525490196078431);
#12876=COLOUR_RGB('Opaque(2,61,210)',0.00784313725490196,0.23921568627451,
0.823529411764706);
ENDSEC;
END-ISO-10303-21;
